Claim_ID,Policy_ID,Program_ID,Treaty_ID,Claim_Date,Claim_Status,Claim_Amount
CLM000001,POL03856,PRG013,TRT022,2026-01-26,Pending,70633.27
CLM000002,POL00962,PRG012,TRT058,2026-07-11,Closed,28176.29
CLM000003,POL02069,PRG003,TRT078,2026-05-05,Open,296867.06
CLM000004,POL04304,PRG007,TRT085,2026-06-18,Open,139952.58
CLM000005,POL06233,PRG002,TRT019,2026-04-07,Pending,279682.97
CLM000006,POL09006,PRG004,TRT028,2026-04-22,Closed,239226.7
CLM000007,POL08836,PRG011,TRT015,2026-02-16,Open,193092.07
CLM000008,POL09667,PRG007,TRT081,2026-08-16,Open,192531.4
CLM000009,POL04056,PRG019,TRT043,2026-05-04,Pending,207133.22
CLM000010,POL03157,PRG025,TRT095,2026-02-02,Pending,76589.43
CLM000011,POL08289,PRG010,TRT036,2026-01-18,Closed,7489.34
CLM000012,POL00534,PRG015,TRT013,2026-06-10,Closed,91852.48
CLM000013,POL05350,PRG023,TRT062,2026-06-01,Open,10782.77
CLM000014,POL02163,PRG009,TRT027,2026-06-22,Open,145808.14
CLM000015,POL06933,PRG023,TRT002,2026-03-01,Pending,192001.59
CLM000016,POL06071,PRG001,TRT090,2026-07-24,Pending,24978.86
CLM000017,POL01359,PRG018,TRT045,2026-01-26,Closed,73005.3
CLM000018,POL07951,PRG005,TRT038,2026-07-25,Open,208092.33
CLM000019,POL03756,PRG013,TRT045,2026-05-13,Open,78662.26
CLM000020,POL01623,PRG008,TRT098,2026-07-06,Open,197856.08
CLM000021,POL00101,PRG003,TRT017,2026-04-19,Open,135841.6
CLM000022,POL06046,PRG014,TRT091,2026-04-28,Open,193712.53
CLM000023,POL09757,PRG004,TRT041,2026-08-12,Open,33973.6
CLM000024,POL04623,PRG017,TRT013,2026-07-12,Pending,138250.97
CLM000025,POL05190,PRG022,TRT007,2026-06-13,Closed,261387.63
CLM000026,POL05935,PRG003,TRT055,2026-05-08,Pending,209472.49
CLM000027,POL03271,PRG004,TRT007,2026-03-26,Closed,279850.4
CLM000028,POL08216,PRG007,TRT078,2026-04-01,Open,46386.09
CLM000029,POL02857,PRG005,TRT008,2026-07-08,Closed,184833.2
CLM000030,POL08486,PRG008,TRT001,2026-04-20,Closed,279702.17
CLM000031,POL09513,PRG001,TRT061,2026-06-30,Open,176246.23
CLM000032,POL03289,PRG011,TRT053,2026-08-21,Pending,197249.91
CLM000033,POL07246,PRG014,TRT029,2026-04-20,Open,75316.78
CLM000034,POL05761,PRG016,TRT054,2026-04-24,Closed,239845.74
CLM000035,POL02724,PRG001,TRT023,2026-05-09,Open,109569.65
CLM000036,POL05063,PRG016,TRT062,2026-01-12,Closed,253767.78
CLM000037,POL07530,PRG025,TRT038,2026-07-12,Pending,243130.84
CLM000038,POL09036,PRG023,TRT020,2026-08-17,Pending,7030.85
CLM000039,POL02385,PRG007,TRT003,2026-07-13,Open,278818.69
CLM000040,POL02884,PRG001,TRT077,2026-07-14,Open,213237.59
CLM000041,POL08243,PRG019,TRT094,2026-01-31,Open,263516.51
CLM000042,POL01570,PRG022,TRT003,2026-06-03,Pending,98671.77
CLM000043,POL01919,PRG020,TRT069,2026-08-16,Closed,275407.02
CLM000044,POL02521,PRG021,TRT041,2026-07-12,Pending,209510.68
CLM000045,POL03543,PRG006,TRT076,2026-01-10,Open,55789.63
CLM000046,POL05501,PRG009,TRT075,2026-07-11,Closed,1113.8
CLM000047,POL05534,PRG002,TRT016,2026-01-16,Closed,2622.71
CLM000048,POL08616,PRG021,TRT094,2026-07-29,Closed,122814.07
CLM000049,POL02221,PRG009,TRT024,2026-06-05,Pending,76607.13
CLM000050,POL05435,PRG002,TRT027,2026-02-26,Closed,265448.96
CLM000051,POL04238,PRG002,TRT027,2026-04-17,Pending,12521.23
CLM000052,POL04678,PRG015,TRT027,2026-03-07,Open,285285.71
CLM000053,POL09460,PRG004,TRT026,2026-03-10,Closed,96708.22
CLM000054,POL00086,PRG025,TRT055,2026-04-12,Pending,192686.29
CLM000055,POL08330,PRG020,TRT035,2026-02-22,Open,243864.91
CLM000056,POL06224,PRG025,TRT027,2026-07-08,Closed,215835.23
CLM000057,POL00725,PRG016,TRT080,2026-07-25,Pending,243242.59
CLM000058,POL03362,PRG017,TRT054,2026-03-02,Open,15181.05
CLM000059,POL07374,PRG010,TRT098,2026-03-10,Open,36666.84
CLM000060,POL04341,PRG008,TRT081,2026-05-24,Pending,181949.46
CLM000061,POL07827,PRG013,TRT071,2026-07-24,Closed,99501.63
CLM000062,POL02605,PRG004,TRT008,2026-02-08,Open,62189.12
CLM000063,POL07591,PRG008,TRT028,2026-02-18,Closed,54693.77
CLM000064,POL05600,PRG023,TRT028,2026-03-31,Pending,204411.59
CLM000065,POL05436,PRG022,TRT028,2026-04-17,Pending,39168.7
CLM000066,POL01587,PRG015,TRT066,2026-08-05,Open,192852.67
CLM000067,POL07006,PRG008,TRT024,2026-07-25,Pending,31059.31
CLM000068,POL06669,PRG017,TRT011,2026-08-14,Pending,181782.64
CLM000069,POL08457,PRG022,TRT058,2026-05-29,Closed,42316.91
CLM000070,POL09972,PRG018,TRT014,2026-03-15,Open,32224.84
CLM000071,POL00138,PRG016,TRT063,2026-06-29,Closed,7511.5
CLM000072,POL03807,PRG004,TRT067,2026-04-05,Open,190752.31
CLM000073,POL09341,PRG024,TRT061,2026-04-15,Closed,130381.51
CLM000074,POL03757,PRG016,TRT045,2026-02-19,Pending,90290.62
CLM000075,POL00508,PRG019,TRT032,2026-01-26,Open,76032.8
CLM000076,POL08335,PRG001,TRT080,2026-08-16,Pending,149432.44
CLM000077,POL04014,PRG004,TRT004,2026-08-02,Pending,223069.39
CLM000078,POL08515,PRG002,TRT072,2026-04-13,Closed,242894.33
CLM000079,POL09295,PRG006,TRT035,2026-07-23,Closed,243099.12
CLM000080,POL05557,PRG018,TRT002,2026-01-23,Pending,93394.77
CLM000081,POL06600,PRG013,TRT071,2026-05-28,Closed,231118.11
CLM000082,POL00618,PRG019,TRT100,2026-06-27,Open,206112.96
CLM000083,POL07601,PRG014,TRT094,2026-07-30,Pending,76751.78
CLM000084,POL04611,PRG012,TRT069,2026-02-20,Open,18263.15
CLM000085,POL09830,PRG020,TRT007,2026-06-05,Open,259656.43
CLM000086,POL08342,PRG020,TRT077,2026-06-16,Open,27944.86
CLM000087,POL03653,PRG022,TRT022,2026-02-08,Pending,280308.97
CLM000088,POL09339,PRG002,TRT075,2026-01-11,Closed,298263.83
CLM000089,POL01486,PRG015,TRT048,2026-02-17,Closed,6437.98
CLM000090,POL06930,PRG016,TRT005,2026-02-15,Open,271717.75
CLM000091,POL04713,PRG022,TRT042,2026-06-12,Closed,269016.82
CLM000092,POL09171,PRG018,TRT071,2026-04-29,Pending,30497.34
CLM000093,POL03092,PRG013,TRT082,2026-01-09,Open,160043.0
CLM000094,POL01180,PRG023,TRT088,2026-08-06,Pending,182135.96
CLM000095,POL03228,PRG007,TRT088,2026-03-10,Pending,121539.35
CLM000096,POL09197,PRG014,TRT044,2026-08-04,Pending,40869.43
CLM000097,POL06766,PRG022,TRT032,2026-05-26,Pending,236710.27
CLM000098,POL00039,PRG017,TRT043,2026-08-12,Pending,186909.73
CLM000099,POL03892,PRG007,TRT073,2026-04-16,Pending,231761.85
CLM000100,POL06215,PRG025,TRT050,2026-08-17,Closed,205318.73
CLM000101,POL03044,PRG015,TRT075,2026-02-13,Pending,222259.33
CLM000102,POL07052,PRG019,TRT052,2026-01-07,Pending,299622.04
CLM000103,POL00344,PRG004,TRT029,2026-01-10,Open,255703.24
CLM000104,POL03224,PRG014,TRT064,2026-04-11,Open,192866.35
CLM000105,POL09342,PRG003,TRT077,2026-08-07,Open,100086.53
CLM000106,POL08937,PRG015,TRT083,2026-03-18,Pending,122920.59
CLM000107,POL06092,PRG014,TRT055,2026-05-13,Closed,247969.76
CLM000108,POL02863,PRG017,TRT016,2026-06-24,Pending,4165.25
CLM000109,POL05373,PRG015,TRT010,2026-02-17,Closed,203155.46
CLM000110,POL08826,PRG013,TRT023,2026-08-15,Pending,221431.09
CLM000111,POL04845,PRG010,TRT062,2026-01-02,Pending,89186.37
CLM000112,POL02453,PRG025,TRT023,2026-03-18,Open,200896.02
CLM000113,POL01571,PRG019,TRT030,2026-05-04,Pending,142097.48
CLM000114,POL08346,PRG004,TRT009,2026-08-18,Open,24051.0
CLM000115,POL02562,PRG009,TRT084,2026-05-01,Pending,268962.09
CLM000116,POL02710,PRG020,TRT002,2026-08-22,Pending,38146.51
CLM000117,POL06028,PRG010,TRT053,2026-02-22,Closed,245880.32
CLM000118,POL09864,PRG008,TRT087,2026-07-17,Open,292202.36
CLM000119,POL09604,PRG004,TRT016,2026-04-19,Closed,198780.53
CLM000120,POL07845,PRG001,TRT070,2026-02-04,Pending,101936.54
CLM000121,POL04598,PRG001,TRT019,2026-03-18,Pending,230933.44
CLM000122,POL05097,PRG010,TRT045,2026-07-23,Closed,131657.49
CLM000123,POL04175,PRG005,TRT011,2026-03-16,Open,119728.41
CLM000124,POL01768,PRG016,TRT100,2026-07-24,Closed,223757.77
CLM000125,POL08470,PRG002,TRT091,2026-08-15,Open,289736.5
CLM000126,POL02840,PRG023,TRT029,2026-06-08,Closed,227404.96
CLM000127,POL05364,PRG002,TRT094,2026-08-14,Open,133637.58
CLM000128,POL08539,PRG012,TRT035,2026-04-15,Open,186954.01
CLM000129,POL03056,PRG005,TRT098,2026-03-25,Open,70981.42
CLM000130,POL02712,PRG005,TRT075,2026-01-09,Open,60565.52
CLM000131,POL01360,PRG004,TRT066,2026-01-08,Open,106631.77
CLM000132,POL08814,PRG014,TRT027,2026-04-10,Open,73575.39
CLM000133,POL06798,PRG022,TRT015,2026-05-08,Pending,206810.1
CLM000134,POL08977,PRG023,TRT055,2026-05-31,Open,54662.61
CLM000135,POL05645,PRG020,TRT018,2026-08-17,Closed,253134.61
CLM000136,POL01688,PRG004,TRT025,2026-06-29,Pending,267000.62
CLM000137,POL09171,PRG018,TRT071,2026-06-21,Closed,229576.65
CLM000138,POL01815,PRG020,TRT035,2026-06-24,Pending,140682.76
CLM000139,POL01054,PRG017,TRT027,2026-03-14,Pending,202770.93
CLM000140,POL08987,PRG013,TRT082,2026-03-24,Open,241547.28
CLM000141,POL07835,PRG017,TRT009,2026-06-08,Closed,139512.08
CLM000142,POL07258,PRG025,TRT060,2026-06-16,Open,160012.39
CLM000143,POL03495,PRG012,TRT062,2026-05-30,Pending,165968.36
CLM000144,POL02085,PRG008,TRT080,2026-07-27,Open,180953.43
CLM000145,POL02860,PRG003,TRT075,2026-04-03,Open,29971.45
CLM000146,POL00675,PRG015,TRT033,2026-03-19,Pending,141305.56
CLM000147,POL01684,PRG020,TRT062,2026-04-13,Closed,120612.37
CLM000148,POL07334,PRG006,TRT092,2026-05-25,Open,112468.84
CLM000149,POL01946,PRG006,TRT006,2026-04-28,Closed,279935.12
CLM000150,POL03446,PRG021,TRT025,2026-05-23,Open,127974.34
CLM000151,POL01206,PRG017,TRT028,2026-02-05,Pending,52104.37
CLM000152,POL03961,PRG020,TRT065,2026-02-27,Open,283210.01
CLM000153,POL06409,PRG001,TRT041,2026-03-29,Closed,272433.0
CLM000154,POL00692,PRG008,TRT035,2026-04-13,Open,157696.93
CLM000155,POL02541,PRG011,TRT062,2026-03-04,Closed,192259.32
CLM000156,POL00464,PRG022,TRT021,2026-05-31,Pending,107404.3
CLM000157,POL09254,PRG018,TRT035,2026-04-16,Closed,272199.55
CLM000158,POL03742,PRG001,TRT040,2026-02-26,Closed,87658.58
CLM000159,POL04322,PRG019,TRT065,2026-07-16,Closed,222500.78
CLM000160,POL06535,PRG018,TRT090,2026-06-29,Pending,283577.13
CLM000161,POL03433,PRG005,TRT014,2026-02-26,Open,60692.26
CLM000162,POL00308,PRG004,TRT069,2026-08-16,Closed,107573.1
CLM000163,POL00424,PRG002,TRT052,2026-03-16,Pending,49379.82
CLM000164,POL06225,PRG023,TRT047,2026-03-19,Open,244721.13
CLM000165,POL09262,PRG014,TRT064,2026-08-29,Open,243003.94
CLM000166,POL05739,PRG010,TRT057,2026-04-15,Pending,177140.45
CLM000167,POL02814,PRG003,TRT054,2026-02-17,Pending,113261.18
CLM000168,POL08385,PRG007,TRT098,2026-08-15,Open,90241.82
CLM000169,POL06163,PRG006,TRT021,2026-03-01,Open,53392.55
CLM000170,POL02281,PRG016,TRT020,2026-01-22,Pending,2941.1
CLM000171,POL06681,PRG020,TRT035,2026-07-13,Pending,187770.46
CLM000172,POL08231,PRG001,TRT077,2026-08-13,Closed,172846.52
CLM000173,POL09139,PRG014,TRT026,2026-07-09,Closed,123291.55
CLM000174,POL09829,PRG013,TRT074,2026-07-14,Closed,163386.46
CLM000175,POL05454,PRG005,TRT001,2026-08-18,Open,187199.73
CLM000176,POL08840,PRG008,TRT034,2026-06-11,Closed,282321.49
CLM000177,POL02474,PRG016,TRT066,2026-06-14,Closed,13317.17
CLM000178,POL05616,PRG014,TRT059,2026-05-28,Closed,241797.93
CLM000179,POL08453,PRG012,TRT001,2026-05-03,Pending,206249.64
CLM000180,POL08712,PRG016,TRT055,2026-04-24,Pending,66788.09
CLM000181,POL01593,PRG024,TRT024,2026-06-14,Pending,35409.21
CLM000182,POL08296,PRG021,TRT054,2026-03-24,Pending,10197.15
CLM000183,POL07838,PRG003,TRT076,2026-07-26,Closed,12641.89
CLM000184,POL03748,PRG017,TRT027,2026-05-29,Open,177220.85
CLM000185,POL09907,PRG006,TRT074,2026-01-14,Open,98273.23
CLM000186,POL01232,PRG004,TRT032,2026-08-18,Pending,254378.13
CLM000187,POL03442,PRG024,TRT020,2026-02-11,Open,291044.75
CLM000188,POL02620,PRG017,TRT050,2026-03-18,Pending,199341.54
CLM000189,POL04647,PRG013,TRT045,2026-05-10,Pending,132363.59
CLM000190,POL05250,PRG008,TRT036,2026-08-26,Open,206994.83
CLM000191,POL03887,PRG013,TRT009,2026-04-01,Closed,170839.41
CLM000192,POL01212,PRG007,TRT035,2026-04-05,Pending,214745.91
CLM000193,POL06625,PRG003,TRT024,2026-07-11,Open,131482.17
CLM000194,POL06254,PRG023,TRT090,2026-02-03,Closed,45117.49
CLM000195,POL05716,PRG001,TRT074,2026-03-19,Open,78961.16
CLM000196,POL05424,PRG004,TRT010,2026-08-13,Pending,248447.84
CLM000197,POL05869,PRG011,TRT022,2026-07-03,Closed,45975.07
CLM000198,POL07150,PRG001,TRT094,2026-05-14,Closed,154580.66
CLM000199,POL07773,PRG020,TRT002,2026-04-23,Pending,91077.69
CLM000200,POL09202,PRG005,TRT003,2026-06-02,Open,226400.3
CLM000201,POL07515,PRG019,TRT083,2026-02-06,Pending,5301.03
CLM000202,POL09034,PRG018,TRT034,2026-05-22,Open,8320.35
CLM000203,POL08537,PRG007,TRT050,2026-03-10,Closed,276736.24
CLM000204,POL08824,PRG003,TRT072,2026-05-03,Pending,252569.09
CLM000205,POL06487,PRG001,TRT046,2026-05-05,Pending,66616.41
CLM000206,POL04690,PRG016,TRT090,2026-04-29,Pending,299602.85
CLM000207,POL01365,PRG003,TRT053,2026-05-19,Pending,237326.17
CLM000208,POL09062,PRG012,TRT072,2026-07-31,Open,61243.14
CLM000209,POL03750,PRG024,TRT061,2026-05-01,Open,30999.03
CLM000210,POL00484,PRG015,TRT013,2026-07-02,Pending,100749.9
CLM000211,POL03292,PRG008,TRT057,2026-06-23,Pending,57049.35
CLM000212,POL01803,PRG001,TRT005,2026-02-28,Open,240892.85
CLM000213,POL05945,PRG019,TRT048,2026-04-24,Closed,163454.65
CLM000214,POL00237,PRG011,TRT011,2026-01-26,Open,234235.37
CLM000215,POL01879,PRG006,TRT003,2026-05-29,Open,158404.05
CLM000216,POL07525,PRG013,TRT039,2026-07-05,Open,299040.59
CLM000217,POL06386,PRG022,TRT022,2026-05-30,Open,273585.06
CLM000218,POL06573,PRG017,TRT052,2026-01-31,Pending,10144.33
CLM000219,POL00252,PRG022,TRT092,2026-06-02,Closed,158784.65
CLM000220,POL00979,PRG008,TRT080,2026-05-15,Pending,296923.38
CLM000221,POL02662,PRG012,TRT076,2026-06-18,Closed,45879.08
CLM000222,POL07456,PRG013,TRT084,2026-03-25,Open,220393.59
CLM000223,POL05154,PRG014,TRT047,2026-06-20,Open,200747.6
CLM000224,POL09080,PRG025,TRT091,2026-02-25,Open,230739.41
CLM000225,POL06469,PRG007,TRT030,2026-07-28,Open,257902.47
CLM000226,POL00630,PRG004,TRT086,2026-06-01,Closed,87451.59
CLM000227,POL06270,PRG013,TRT064,2026-07-27,Closed,165045.42
CLM000228,POL05431,PRG025,TRT025,2026-05-04,Pending,13240.16
CLM000229,POL08467,PRG004,TRT024,2026-02-25,Pending,131501.34
CLM000230,POL05974,PRG002,TRT031,2026-08-22,Closed,254502.57
CLM000231,POL00953,PRG009,TRT032,2026-02-15,Open,30981.45
CLM000232,POL09226,PRG017,TRT003,2026-07-09,Open,276311.94
CLM000233,POL02093,PRG006,TRT100,2026-05-13,Pending,29492.3
CLM000234,POL07270,PRG021,TRT014,2026-06-07,Pending,69766.49
CLM000235,POL01600,PRG003,TRT055,2026-01-04,Pending,256300.89
CLM000236,POL02086,PRG024,TRT060,2026-05-25,Pending,134288.81
CLM000237,POL07997,PRG006,TRT085,2026-08-29,Closed,241518.74
CLM000238,POL08521,PRG013,TRT002,2026-07-01,Closed,3097.16
CLM000239,POL05065,PRG010,TRT063,2026-06-11,Pending,247554.67
CLM000240,POL09627,PRG012,TRT079,2026-08-22,Open,104641.57
CLM000241,POL04766,PRG002,TRT099,2026-08-02,Closed,176639.33
CLM000242,POL08807,PRG022,TRT070,2026-06-17,Pending,131463.08
CLM000243,POL09708,PRG003,TRT089,2026-01-24,Open,57194.93
CLM000244,POL01839,PRG022,TRT095,2026-07-11,Open,125795.98
CLM000245,POL07226,PRG016,TRT068,2026-01-07,Open,20341.01
CLM000246,POL00181,PRG002,TRT029,2026-07-16,Pending,183820.03
CLM000247,POL07405,PRG002,TRT084,2026-05-01,Closed,267064.92
CLM000248,POL00051,PRG018,TRT090,2026-07-24,Pending,147344.37
CLM000249,POL09543,PRG022,TRT023,2026-05-24,Closed,114860.75
CLM000250,POL05114,PRG004,TRT028,2026-03-22,Closed,149663.51
CLM000251,POL00583,PRG004,TRT027,2026-06-06,Pending,135254.71
CLM000252,POL04594,PRG011,TRT090,2026-03-19,Closed,121604.02
CLM000253,POL01514,PRG011,TRT083,2026-04-24,Open,86323.93
CLM000254,POL05411,PRG011,TRT067,2026-03-17,Pending,281790.52
CLM000255,POL05236,PRG015,TRT076,2026-07-29,Closed,131902.0
CLM000256,POL02215,PRG001,TRT015,2026-06-22,Open,56542.47
CLM000257,POL06112,PRG011,TRT040,2026-08-21,Pending,24313.64
CLM000258,POL03215,PRG018,TRT061,2026-05-27,Open,208399.22
CLM000259,POL07571,PRG011,TRT074,2026-08-10,Closed,122699.23
CLM000260,POL01808,PRG014,TRT092,2026-01-11,Open,144628.22
CLM000261,POL05737,PRG022,TRT083,2026-01-08,Open,46651.35
CLM000262,POL00660,PRG014,TRT047,2026-05-13,Pending,103678.26
CLM000263,POL03256,PRG015,TRT098,2026-04-02,Pending,11352.08
CLM000264,POL04587,PRG021,TRT099,2026-06-19,Closed,233875.97
CLM000265,POL06594,PRG016,TRT093,2026-02-11,Closed,171294.64
CLM000266,POL04322,PRG019,TRT065,2026-03-09,Open,131263.89
CLM000267,POL08346,PRG004,TRT009,2026-06-17,Open,245951.77
CLM000268,POL02512,PRG016,TRT045,2026-07-27,Closed,121339.05
CLM000269,POL08716,PRG023,TRT088,2026-05-09,Pending,80178.25
CLM000270,POL09746,PRG006,TRT059,2026-05-16,Closed,230891.79
CLM000271,POL00815,PRG024,TRT033,2026-08-23,Closed,223170.2
CLM000272,POL02970,PRG012,TRT053,2026-07-24,Open,227579.9
CLM000273,POL03853,PRG007,TRT086,2026-06-21,Open,37188.58
CLM000274,POL02217,PRG006,TRT068,2026-03-16,Pending,12254.5
CLM000275,POL06501,PRG022,TRT048,2026-06-15,Pending,12760.22
CLM000276,POL08734,PRG016,TRT055,2026-04-02,Closed,267503.73
CLM000277,POL05413,PRG009,TRT046,2026-04-01,Open,195907.39
CLM000278,POL06946,PRG007,TRT032,2026-02-09,Open,191346.19
CLM000279,POL00886,PRG015,TRT059,2026-06-06,Closed,269236.64
CLM000280,POL07008,PRG004,TRT032,2026-01-31,Open,120964.97
CLM000281,POL04815,PRG008,TRT100,2026-04-13,Closed,234081.76
CLM000282,POL00242,PRG008,TRT096,2026-08-16,Closed,199874.19
CLM000283,POL07461,PRG019,TRT051,2026-07-15,Pending,87810.49
CLM000284,POL06704,PRG010,TRT029,2026-07-06,Pending,274755.25
CLM000285,POL01596,PRG019,TRT077,2026-01-16,Pending,172057.93
CLM000286,POL04262,PRG005,TRT083,2026-06-08,Closed,84673.57
CLM000287,POL08602,PRG021,TRT002,2026-03-09,Closed,144355.66
CLM000288,POL05815,PRG005,TRT095,2026-06-25,Pending,268024.91
CLM000289,POL00655,PRG020,TRT065,2026-04-14,Closed,203266.88
CLM000290,POL00229,PRG017,TRT079,2026-03-31,Pending,153599.9
CLM000291,POL00912,PRG020,TRT088,2026-05-03,Closed,167439.43
CLM000292,POL00937,PRG023,TRT071,2026-02-22,Pending,64508.25
CLM000293,POL04599,PRG002,TRT063,2026-06-29,Open,82913.71
CLM000294,POL03088,PRG005,TRT080,2026-01-27,Closed,13526.04
CLM000295,POL04886,PRG014,TRT035,2026-08-07,Open,213232.12
CLM000296,POL01119,PRG011,TRT086,2026-04-20,Pending,100744.89
CLM000297,POL09021,PRG007,TRT048,2026-03-09,Open,124005.2
CLM000298,POL06441,PRG001,TRT093,2026-03-18,Closed,212883.31
CLM000299,POL05966,PRG018,TRT018,2026-07-13,Open,246902.38
CLM000300,POL04088,PRG009,TRT098,2026-03-30,Closed,200650.25
CLM000301,POL09825,PRG010,TRT052,2026-03-07,Pending,102950.68
CLM000302,POL00717,PRG003,TRT014,2026-08-06,Open,182587.01
CLM000303,POL01935,PRG016,TRT001,2026-03-06,Pending,64367.15
CLM000304,POL04064,PRG023,TRT011,2026-03-23,Pending,35237.31
CLM000305,POL07349,PRG017,TRT014,2026-01-11,Pending,258828.18
CLM000306,POL06207,PRG012,TRT024,2026-05-12,Closed,229887.5
CLM000307,POL04259,PRG012,TRT060,2026-01-11,Open,263798.2
CLM000308,POL09695,PRG014,TRT092,2026-08-17,Pending,20147.13
CLM000309,POL08152,PRG009,TRT041,2026-04-08,Open,231951.43
CLM000310,POL02668,PRG009,TRT076,2026-07-10,Pending,179793.03
CLM000311,POL08468,PRG021,TRT065,2026-01-21,Pending,193722.85
CLM000312,POL08007,PRG008,TRT003,2026-05-21,Open,245796.9
CLM000313,POL04528,PRG022,TRT032,2026-02-23,Pending,39437.75
CLM000314,POL03404,PRG012,TRT069,2026-05-21,Pending,188287.53
CLM000315,POL00579,PRG005,TRT054,2026-04-12,Closed,134452.78
CLM000316,POL00664,PRG022,TRT090,2026-02-20,Open,76911.07
CLM000317,POL01103,PRG006,TRT089,2026-01-09,Closed,200069.15
CLM000318,POL00222,PRG006,TRT052,2026-04-30,Pending,195907.42
CLM000319,POL07177,PRG021,TRT001,2026-04-07,Open,89356.29
CLM000320,POL00431,PRG003,TRT073,2026-05-23,Pending,31930.46
CLM000321,POL04930,PRG022,TRT012,2026-07-15,Closed,269291.89
CLM000322,POL05535,PRG019,TRT086,2026-06-18,Pending,142637.34
CLM000323,POL07622,PRG020,TRT087,2026-07-09,Closed,184037.95
CLM000324,POL04518,PRG008,TRT025,2026-07-11,Closed,161782.94
CLM000325,POL07723,PRG001,TRT075,2026-06-16,Pending,170050.35
CLM000326,POL07837,PRG023,TRT034,2026-04-07,Open,60206.01
CLM000327,POL06612,PRG021,TRT027,2026-03-12,Closed,155747.38
CLM000328,POL05949,PRG013,TRT099,2026-03-03,Open,269984.1
CLM000329,POL07293,PRG022,TRT011,2026-04-30,Pending,24090.63
CLM000330,POL08178,PRG016,TRT044,2026-05-26,Closed,141964.94
CLM000331,POL07722,PRG010,TRT004,2026-04-26,Closed,171154.4
CLM000332,POL00718,PRG003,TRT079,2026-08-06,Open,93069.82
CLM000333,POL06295,PRG014,TRT079,2026-04-14,Closed,287127.43
CLM000334,POL05506,PRG019,TRT013,2026-04-27,Closed,296308.8
CLM000335,POL01487,PRG010,TRT050,2026-03-31,Open,241073.48
CLM000336,POL07153,PRG012,TRT072,2026-07-20,Pending,95350.76
CLM000337,POL06117,PRG002,TRT042,2026-03-10,Closed,202384.63
CLM000338,POL02523,PRG018,TRT100,2026-07-28,Closed,133590.37
CLM000339,POL08315,PRG003,TRT029,2026-04-01,Pending,150751.98
CLM000340,POL03343,PRG002,TRT008,2026-07-01,Open,37365.63
CLM000341,POL02999,PRG002,TRT074,2026-02-15,Pending,246410.87
CLM000342,POL08351,PRG013,TRT075,2026-01-27,Open,140525.04
CLM000343,POL04106,PRG005,TRT062,2026-08-12,Pending,162285.6
CLM000344,POL06826,PRG019,TRT040,2026-07-28,Closed,166129.21
CLM000345,POL04763,PRG022,TRT081,2026-03-08,Closed,210008.84
CLM000346,POL06247,PRG001,TRT090,2026-01-19,Open,189705.34
CLM000347,POL09731,PRG023,TRT062,2026-06-08,Pending,293089.15
CLM000348,POL03487,PRG022,TRT010,2026-05-13,Open,90060.55
CLM000349,POL05614,PRG010,TRT088,2026-01-09,Pending,227381.84
CLM000350,POL09447,PRG024,TRT043,2026-01-04,Open,233442.38
CLM000351,POL08084,PRG008,TRT073,2026-08-24,Open,69734.85
CLM000352,POL05515,PRG008,TRT067,2026-01-08,Pending,133464.54
CLM000353,POL09408,PRG010,TRT022,2026-05-23,Closed,250921.89
CLM000354,POL03035,PRG024,TRT060,2026-08-03,Pending,173939.08
CLM000355,POL06231,PRG006,TRT063,2026-08-16,Open,256287.49
CLM000356,POL02044,PRG021,TRT053,2026-05-27,Closed,65531.67
CLM000357,POL09359,PRG013,TRT052,2026-08-13,Open,191477.37
CLM000358,POL06462,PRG012,TRT009,2026-07-04,Open,218686.92
CLM000359,POL01901,PRG020,TRT014,2026-01-02,Closed,62223.06
CLM000360,POL04170,PRG022,TRT023,2026-03-12,Open,23589.6
CLM000361,POL09889,PRG001,TRT037,2026-06-04,Closed,30874.86
CLM000362,POL08706,PRG001,TRT007,2026-06-15,Closed,210705.28
CLM000363,POL05798,PRG019,TRT044,2026-05-20,Closed,185283.83
CLM000364,POL06506,PRG001,TRT021,2026-08-21,Pending,267350.19
CLM000365,POL09535,PRG017,TRT042,2026-06-17,Pending,211327.23
CLM000366,POL08037,PRG010,TRT042,2026-03-22,Closed,43778.63
CLM000367,POL00337,PRG018,TRT100,2026-07-24,Open,106765.39
CLM000368,POL07382,PRG019,TRT038,2026-02-15,Closed,246727.43
CLM000369,POL07555,PRG005,TRT003,2026-02-10,Pending,144934.73
CLM000370,POL00543,PRG015,TRT004,2026-03-19,Pending,25086.28
CLM000371,POL03299,PRG001,TRT099,2026-03-01,Pending,157954.69
CLM000372,POL06882,PRG019,TRT018,2026-07-15,Closed,44175.48
CLM000373,POL01653,PRG006,TRT075,2026-02-02,Pending,237133.08
CLM000374,POL07934,PRG008,TRT076,2026-03-10,Pending,105335.71
CLM000375,POL01520,PRG018,TRT095,2026-04-21,Open,107530.85
CLM000376,POL06493,PRG014,TRT055,2026-03-29,Pending,49403.24
CLM000377,POL08284,PRG015,TRT038,2026-05-20,Closed,140863.98
CLM000378,POL07051,PRG021,TRT090,2026-07-19,Pending,85926.4
CLM000379,POL02162,PRG019,TRT056,2026-01-26,Closed,140749.81
CLM000380,POL06892,PRG023,TRT065,2026-05-22,Pending,256344.67
CLM000381,POL06799,PRG021,TRT046,2026-05-14,Closed,22523.08
CLM000382,POL05720,PRG018,TRT024,2026-05-06,Closed,173699.1
CLM000383,POL07849,PRG014,TRT085,2026-03-27,Open,78591.66
CLM000384,POL06257,PRG024,TRT060,2026-03-15,Pending,97745.37
CLM000385,POL03443,PRG020,TRT018,2026-08-27,Open,32235.3
CLM000386,POL00720,PRG021,TRT041,2026-03-22,Open,180556.29
CLM000387,POL07046,PRG010,TRT030,2026-04-06,Closed,131318.94
CLM000388,POL03631,PRG004,TRT045,2026-01-11,Pending,39519.7
CLM000389,POL01255,PRG022,TRT022,2026-04-02,Open,165932.15
CLM000390,POL03476,PRG024,TRT002,2026-06-15,Open,33943.65
CLM000391,POL07347,PRG005,TRT074,2026-03-29,Pending,177930.93
CLM000392,POL08474,PRG017,TRT066,2026-05-25,Closed,98618.09
CLM000393,POL01246,PRG025,TRT075,2026-08-08,Open,40305.09
CLM000394,POL03109,PRG017,TRT012,2026-02-03,Closed,62460.06
CLM000395,POL00573,PRG024,TRT082,2026-03-20,Closed,194081.45
CLM000396,POL00555,PRG010,TRT099,2026-02-07,Closed,240984.48
CLM000397,POL01438,PRG024,TRT031,2026-03-23,Pending,188381.66
CLM000398,POL09988,PRG017,TRT041,2026-03-25,Open,124270.63
CLM000399,POL04176,PRG018,TRT097,2026-01-01,Pending,191806.55
CLM000400,POL05799,PRG007,TRT072,2026-06-30,Open,110471.06
CLM000401,POL08880,PRG006,TRT058,2026-01-13,Pending,158142.17
CLM000402,POL01720,PRG002,TRT028,2026-03-10,Closed,20080.91
CLM000403,POL05366,PRG002,TRT002,2026-04-06,Closed,87665.26
CLM000404,POL09705,PRG005,TRT064,2026-01-19,Pending,92454.06
CLM000405,POL06727,PRG009,TRT025,2026-07-10,Open,242782.28
CLM000406,POL09077,PRG005,TRT006,2026-04-24,Pending,259840.37
CLM000407,POL09531,PRG012,TRT042,2026-07-04,Open,93740.71
CLM000408,POL07515,PRG019,TRT083,2026-05-25,Closed,269866.06
CLM000409,POL00387,PRG015,TRT022,2026-03-03,Closed,299693.22
CLM000410,POL07508,PRG007,TRT090,2026-06-03,Pending,77217.6
CLM000411,POL05437,PRG015,TRT079,2026-01-01,Pending,185740.01
CLM000412,POL08909,PRG021,TRT061,2026-02-26,Pending,277041.7
CLM000413,POL02250,PRG022,TRT074,2026-03-25,Pending,230147.88
CLM000414,POL09040,PRG008,TRT032,2026-03-01,Pending,98036.51
CLM000415,POL06893,PRG002,TRT002,2026-05-29,Closed,15753.63
CLM000416,POL01056,PRG003,TRT096,2026-06-25,Pending,75405.49
CLM000417,POL01042,PRG025,TRT056,2026-02-23,Closed,15687.47
CLM000418,POL03751,PRG017,TRT075,2026-03-24,Pending,199017.41
CLM000419,POL02777,PRG023,TRT088,2026-02-25,Open,140140.29
CLM000420,POL01850,PRG002,TRT082,2026-07-26,Open,73766.38
CLM000421,POL00124,PRG025,TRT094,2026-02-03,Closed,77173.93
CLM000422,POL00460,PRG008,TRT080,2026-08-06,Open,168876.62
CLM000423,POL02602,PRG016,TRT092,2026-04-24,Pending,199649.0
CLM000424,POL04123,PRG024,TRT087,2026-03-13,Closed,232420.13
CLM000425,POL07570,PRG002,TRT060,2026-06-25,Closed,267679.58
CLM000426,POL04111,PRG009,TRT005,2026-01-18,Pending,127443.77
CLM000427,POL00694,PRG016,TRT040,2026-08-02,Closed,29942.05
CLM000428,POL00357,PRG006,TRT070,2026-07-22,Pending,99606.37
CLM000429,POL09807,PRG015,TRT084,2026-08-18,Closed,171418.94
CLM000430,POL09811,PRG014,TRT049,2026-05-11,Closed,54253.41
CLM000431,POL05977,PRG019,TRT073,2026-07-24,Pending,115593.81
CLM000432,POL06611,PRG012,TRT065,2026-02-27,Pending,72256.74
CLM000433,POL09831,PRG022,TRT081,2026-06-27,Open,190075.03
CLM000434,POL06551,PRG025,TRT091,2026-01-24,Pending,202441.1
CLM000435,POL07423,PRG020,TRT051,2026-01-03,Open,16056.99
CLM000436,POL08969,PRG014,TRT002,2026-07-13,Pending,289228.39
CLM000437,POL01080,PRG011,TRT030,2026-05-22,Closed,204773.11
CLM000438,POL02107,PRG009,TRT024,2026-01-06,Pending,249477.91
CLM000439,POL09112,PRG001,TRT044,2026-04-07,Closed,57806.54
CLM000440,POL00300,PRG022,TRT071,2026-07-10,Open,238486.0
CLM000441,POL05982,PRG003,TRT083,2026-02-16,Closed,196192.3
CLM000442,POL00804,PRG010,TRT006,2026-08-27,Pending,185737.91
CLM000443,POL05564,PRG010,TRT014,2026-04-01,Pending,51504.92
CLM000444,POL02155,PRG020,TRT015,2026-05-23,Pending,213688.3
CLM000445,POL07367,PRG011,TRT036,2026-01-05,Pending,246554.88
CLM000446,POL06055,PRG011,TRT068,2026-01-17,Pending,71196.73
CLM000447,POL00912,PRG020,TRT088,2026-05-09,Closed,197956.07
CLM000448,POL03884,PRG013,TRT055,2026-08-25,Closed,46155.78
CLM000449,POL05120,PRG005,TRT001,2026-08-01,Open,233255.41
CLM000450,POL07000,PRG016,TRT042,2026-03-10,Closed,238634.47
CLM000451,POL04660,PRG015,TRT083,2026-03-10,Closed,234423.88
CLM000452,POL09537,PRG020,TRT040,2026-07-11,Pending,275234.46
CLM000453,POL03123,PRG024,TRT080,2026-03-15,Pending,188666.69
CLM000454,POL09475,PRG001,TRT014,2026-01-12,Open,185132.63
CLM000455,POL07352,PRG011,TRT033,2026-08-28,Open,109300.2
CLM000456,POL05671,PRG007,TRT054,2026-08-06,Closed,235470.17
CLM000457,POL03031,PRG025,TRT081,2026-03-22,Closed,126023.42
CLM000458,POL07082,PRG022,TRT005,2026-07-18,Open,250597.29
CLM000459,POL03491,PRG019,TRT086,2026-05-23,Open,69171.99
CLM000460,POL07669,PRG018,TRT086,2026-03-22,Pending,9275.0
CLM000461,POL08618,PRG018,TRT039,2026-06-14,Pending,6511.91
CLM000462,POL00616,PRG017,TRT058,2026-03-01,Open,164377.99
CLM000463,POL02506,PRG021,TRT083,2026-03-24,Pending,217639.86
CLM000464,POL03651,PRG011,TRT025,2026-04-30,Pending,217161.05
CLM000465,POL05697,PRG022,TRT080,2026-07-08,Closed,177902.94
CLM000466,POL09778,PRG011,TRT012,2026-01-21,Closed,20366.95
CLM000467,POL08108,PRG009,TRT078,2026-04-28,Open,271619.5
CLM000468,POL02617,PRG012,TRT028,2026-08-16,Open,62364.06
CLM000469,POL09670,PRG020,TRT080,2026-07-31,Pending,260282.15
CLM000470,POL07281,PRG021,TRT044,2026-03-04,Open,119641.95
CLM000471,POL05603,PRG010,TRT022,2026-08-07,Closed,204659.69
CLM000472,POL03028,PRG021,TRT066,2026-05-05,Closed,147680.17
CLM000473,POL01289,PRG017,TRT009,2026-02-02,Open,152166.87
CLM000474,POL00794,PRG007,TRT057,2026-05-14,Pending,237932.71
CLM000475,POL04167,PRG004,TRT061,2026-01-07,Pending,78438.38
CLM000476,POL05122,PRG007,TRT083,2026-04-09,Open,101095.05
CLM000477,POL01948,PRG015,TRT013,2026-06-16,Open,18416.59
CLM000478,POL09892,PRG017,TRT075,2026-06-01,Pending,152589.22
CLM000479,POL02806,PRG022,TRT096,2026-07-31,Open,28897.75
CLM000480,POL05782,PRG004,TRT051,2026-08-10,Open,89999.49
CLM000481,POL08280,PRG019,TRT060,2026-08-16,Closed,69402.34
CLM000482,POL01345,PRG003,TRT055,2026-05-23,Open,28734.37
CLM000483,POL06769,PRG009,TRT036,2026-04-22,Pending,124850.74
CLM000484,POL06494,PRG014,TRT063,2026-07-20,Pending,60871.99
CLM000485,POL08698,PRG022,TRT031,2026-07-30,Pending,203089.77
CLM000486,POL04508,PRG024,TRT040,2026-07-14,Open,1171.23
CLM000487,POL01150,PRG007,TRT095,2026-08-12,Closed,94893.19
CLM000488,POL04953,PRG017,TRT048,2026-07-04,Closed,125565.98
CLM000489,POL08323,PRG006,TRT057,2026-05-13,Closed,66282.71
CLM000490,POL05536,PRG022,TRT051,2026-04-15,Pending,5082.81
CLM000491,POL01837,PRG020,TRT021,2026-03-08,Open,238348.63
CLM000492,POL05449,PRG002,TRT046,2026-07-22,Open,293110.67
CLM000493,POL02202,PRG016,TRT057,2026-02-27,Pending,34246.2
CLM000494,POL02500,PRG002,TRT072,2026-06-06,Open,89689.74
CLM000495,POL00955,PRG020,TRT053,2026-05-03,Closed,270505.17
CLM000496,POL05208,PRG013,TRT080,2026-03-25,Closed,111719.38
CLM000497,POL04142,PRG018,TRT085,2026-04-17,Pending,84341.3
CLM000498,POL03188,PRG014,TRT012,2026-05-14,Open,298115.53
CLM000499,POL08016,PRG018,TRT088,2026-08-06,Closed,153090.42
CLM000500,POL05582,PRG024,TRT054,2026-02-16,Pending,104397.58
CLM000501,POL02929,PRG015,TRT042,2026-08-15,Pending,64038.91
CLM000502,POL09377,PRG013,TRT100,2026-03-03,Closed,149434.88
CLM000503,POL07172,PRG016,TRT005,2026-06-05,Closed,79820.7
CLM000504,POL08555,PRG019,TRT024,2026-04-06,Closed,37262.57
CLM000505,POL08564,PRG012,TRT047,2026-02-07,Pending,165718.02
CLM000506,POL08292,PRG015,TRT033,2026-01-17,Closed,37402.35
CLM000507,POL02064,PRG023,TRT014,2026-06-20,Open,214086.07
CLM000508,POL04958,PRG005,TRT011,2026-03-18,Pending,261190.27
CLM000509,POL05662,PRG017,TRT070,2026-01-26,Closed,104711.06
CLM000510,POL01870,PRG002,TRT045,2026-04-12,Pending,167676.63
CLM000511,POL06869,PRG020,TRT057,2026-08-23,Open,221963.22
CLM000512,POL04699,PRG012,TRT071,2026-06-08,Closed,288933.83
CLM000513,POL04311,PRG012,TRT064,2026-04-16,Closed,116484.23
CLM000514,POL08930,PRG009,TRT064,2026-08-04,Pending,44264.76
CLM000515,POL08307,PRG022,TRT073,2026-03-02,Open,253839.73
CLM000516,POL09938,PRG013,TRT066,2026-03-05,Open,231055.32
CLM000517,POL01300,PRG015,TRT023,2026-07-31,Open,225358.73
CLM000518,POL04725,PRG016,TRT033,2026-03-26,Open,77279.93
CLM000519,POL05411,PRG011,TRT067,2026-06-03,Pending,165185.53
CLM000520,POL05072,PRG017,TRT033,2026-07-28,Open,19838.71
CLM000521,POL00444,PRG004,TRT048,2026-06-26,Pending,32483.59
CLM000522,POL03010,PRG006,TRT030,2026-06-05,Open,290553.21
CLM000523,POL09044,PRG003,TRT089,2026-03-29,Pending,14906.7
CLM000524,POL08270,PRG010,TRT030,2026-03-14,Closed,184011.4
CLM000525,POL00728,PRG007,TRT066,2026-05-05,Closed,78035.71
CLM000526,POL03090,PRG024,TRT063,2026-05-24,Closed,254958.76
CLM000527,POL04413,PRG007,TRT098,2026-01-12,Closed,216015.0
CLM000528,POL01223,PRG019,TRT041,2026-04-07,Closed,31385.0
CLM000529,POL06766,PRG022,TRT032,2026-06-13,Open,125842.93
CLM000530,POL08465,PRG001,TRT016,2026-07-11,Pending,232297.42
CLM000531,POL09669,PRG002,TRT021,2026-01-25,Open,49188.31
CLM000532,POL01029,PRG012,TRT089,2026-05-17,Pending,249011.75
CLM000533,POL07093,PRG003,TRT100,2026-01-21,Closed,227644.02
CLM000534,POL04714,PRG005,TRT048,2026-01-25,Open,4922.3
CLM000535,POL06921,PRG021,TRT028,2026-07-11,Pending,116157.2
CLM000536,POL00210,PRG022,TRT012,2026-03-21,Open,143440.58
CLM000537,POL04011,PRG008,TRT067,2026-01-27,Open,213370.09
CLM000538,POL02187,PRG003,TRT078,2026-04-11,Open,122922.71
CLM000539,POL07040,PRG025,TRT090,2026-08-02,Pending,188449.76
CLM000540,POL03718,PRG016,TRT073,2026-04-18,Closed,56725.79
CLM000541,POL03583,PRG013,TRT007,2026-06-02,Closed,257791.22
CLM000542,POL04766,PRG002,TRT099,2026-02-18,Closed,3150.84
CLM000543,POL05760,PRG013,TRT021,2026-06-23,Pending,191828.25
CLM000544,POL02729,PRG022,TRT055,2026-01-19,Pending,196157.01
CLM000545,POL06546,PRG011,TRT052,2026-07-07,Open,267954.81
CLM000546,POL05928,PRG014,TRT060,2026-02-23,Open,155372.28
CLM000547,POL01934,PRG016,TRT076,2026-01-17,Pending,94119.67
CLM000548,POL08199,PRG014,TRT022,2026-04-14,Pending,198092.88
CLM000549,POL05961,PRG018,TRT038,2026-01-16,Open,132180.56
CLM000550,POL05266,PRG005,TRT042,2026-03-13,Open,152617.56
CLM000551,POL03783,PRG001,TRT082,2026-07-12,Open,152228.09
CLM000552,POL03087,PRG004,TRT059,2026-08-09,Open,132610.67
CLM000553,POL00345,PRG010,TRT069,2026-07-02,Open,205784.48
CLM000554,POL01914,PRG003,TRT021,2026-05-12,Closed,236081.79
CLM000555,POL06706,PRG015,TRT021,2026-02-12,Closed,1280.29
CLM000556,POL08040,PRG008,TRT045,2026-03-19,Closed,155678.81
CLM000557,POL09030,PRG024,TRT047,2026-07-24,Open,217580.79
CLM000558,POL06989,PRG002,TRT007,2026-08-23,Closed,161878.83
CLM000559,POL01658,PRG007,TRT044,2026-01-23,Pending,21768.74
CLM000560,POL04925,PRG020,TRT037,2026-02-06,Pending,106648.82
CLM000561,POL08663,PRG025,TRT066,2026-07-06,Pending,47051.27
CLM000562,POL09387,PRG006,TRT091,2026-05-12,Open,192707.95
CLM000563,POL02152,PRG005,TRT074,2026-07-17,Closed,8613.52
CLM000564,POL07064,PRG022,TRT008,2026-08-26,Closed,82687.63
CLM000565,POL08274,PRG022,TRT087,2026-06-05,Open,78027.2
CLM000566,POL06309,PRG001,TRT048,2026-01-09,Open,295919.57
CLM000567,POL09655,PRG001,TRT055,2026-04-06,Pending,233727.07
CLM000568,POL08693,PRG025,TRT043,2026-07-08,Closed,30100.04
CLM000569,POL04594,PRG011,TRT090,2026-02-17,Pending,189040.49
CLM000570,POL09011,PRG004,TRT077,2026-03-17,Closed,278559.89
CLM000571,POL03975,PRG003,TRT081,2026-03-09,Closed,170394.44
CLM000572,POL03053,PRG022,TRT045,2026-05-17,Closed,124934.24
CLM000573,POL06689,PRG019,TRT070,2026-06-01,Pending,115893.63
CLM000574,POL07379,PRG011,TRT010,2026-06-29,Closed,177181.97
CLM000575,POL05539,PRG007,TRT098,2026-07-15,Open,279049.04
CLM000576,POL08671,PRG002,TRT098,2026-03-09,Pending,152753.12
CLM000577,POL02501,PRG014,TRT054,2026-02-09,Closed,37355.28
CLM000578,POL06501,PRG022,TRT048,2026-05-08,Pending,121168.3
CLM000579,POL02694,PRG013,TRT067,2026-04-05,Pending,91373.29
CLM000580,POL00174,PRG005,TRT074,2026-08-14,Closed,50793.42
CLM000581,POL03160,PRG005,TRT079,2026-03-25,Closed,132966.65
CLM000582,POL03004,PRG005,TRT049,2026-01-18,Closed,167394.18
CLM000583,POL01783,PRG001,TRT026,2026-03-25,Open,209158.18
CLM000584,POL01087,PRG010,TRT092,2026-01-24,Pending,267274.06
CLM000585,POL03906,PRG005,TRT081,2026-08-16,Pending,39529.65
CLM000586,POL03692,PRG025,TRT079,2026-05-05,Pending,231841.71
CLM000587,POL06431,PRG012,TRT041,2026-06-17,Pending,167465.64
CLM000588,POL05473,PRG012,TRT048,2026-03-04,Open,36113.06
CLM000589,POL01802,PRG007,TRT046,2026-02-06,Closed,6377.1
CLM000590,POL02788,PRG017,TRT039,2026-03-07,Pending,155393.0
CLM000591,POL03895,PRG004,TRT010,2026-05-05,Pending,204509.05
CLM000592,POL08562,PRG003,TRT032,2026-01-28,Pending,298045.14
CLM000593,POL07797,PRG014,TRT056,2026-02-19,Closed,63530.98
CLM000594,POL02480,PRG017,TRT087,2026-03-24,Pending,146611.58
CLM000595,POL01725,PRG016,TRT093,2026-01-28,Open,231422.14
CLM000596,POL08332,PRG017,TRT086,2026-08-14,Pending,257041.56
CLM000597,POL03577,PRG016,TRT059,2026-03-07,Open,114504.59
CLM000598,POL06304,PRG019,TRT054,2026-01-08,Closed,122905.47
CLM000599,POL03109,PRG017,TRT012,2026-07-08,Pending,141439.0
CLM000600,POL02611,PRG013,TRT028,2026-01-21,Closed,204332.4
CLM000601,POL01444,PRG022,TRT079,2026-05-11,Closed,16604.61
CLM000602,POL00277,PRG011,TRT095,2026-06-09,Closed,151363.99
CLM000603,POL06396,PRG021,TRT042,2026-01-01,Closed,155465.17
CLM000604,POL07527,PRG005,TRT092,2026-06-25,Closed,171127.81
CLM000605,POL01295,PRG022,TRT071,2026-05-17,Closed,210136.42
CLM000606,POL05465,PRG012,TRT057,2026-04-03,Pending,74598.44
CLM000607,POL01511,PRG003,TRT068,2026-02-22,Pending,72248.56
CLM000608,POL00485,PRG015,TRT078,2026-01-28,Open,212238.19
CLM000609,POL04612,PRG016,TRT086,2026-04-07,Open,4338.04
CLM000610,POL01587,PRG015,TRT066,2026-07-15,Closed,11484.13
CLM000611,POL01107,PRG011,TRT048,2026-07-08,Open,41065.78
CLM000612,POL01629,PRG014,TRT020,2026-06-23,Open,258108.61
CLM000613,POL03008,PRG003,TRT068,2026-07-20,Pending,25486.31
CLM000614,POL03507,PRG011,TRT100,2026-03-30,Closed,104600.77
CLM000615,POL01939,PRG011,TRT054,2026-07-28,Open,210421.98
CLM000616,POL09429,PRG007,TRT003,2026-02-11,Closed,120975.33
CLM000617,POL02031,PRG003,TRT079,2026-07-14,Open,183659.84
CLM000618,POL06311,PRG019,TRT093,2026-05-24,Closed,48550.33
CLM000619,POL03435,PRG004,TRT058,2026-02-05,Open,58108.45
CLM000620,POL07425,PRG007,TRT024,2026-07-23,Open,93858.06
CLM000621,POL02816,PRG014,TRT003,2026-07-16,Open,186446.87
CLM000622,POL03939,PRG024,TRT011,2026-08-20,Open,287273.78
CLM000623,POL07460,PRG003,TRT030,2026-02-01,Open,212515.53
CLM000624,POL08503,PRG005,TRT056,2026-06-18,Pending,282489.14
CLM000625,POL09695,PRG014,TRT092,2026-08-29,Closed,248118.93
CLM000626,POL00801,PRG010,TRT082,2026-05-21,Open,10579.5
CLM000627,POL01141,PRG021,TRT035,2026-01-24,Open,124353.46
CLM000628,POL06476,PRG010,TRT064,2026-05-17,Pending,146331.76
CLM000629,POL05637,PRG007,TRT022,2026-05-24,Open,106660.07
CLM000630,POL02250,PRG022,TRT074,2026-06-21,Open,187050.3
CLM000631,POL05791,PRG019,TRT055,2026-04-01,Open,149508.26
CLM000632,POL01804,PRG020,TRT074,2026-01-06,Closed,149853.95
CLM000633,POL07897,PRG002,TRT039,2026-01-23,Closed,249712.56
CLM000634,POL04936,PRG006,TRT064,2026-08-20,Closed,113622.81
CLM000635,POL06637,PRG019,TRT027,2026-01-27,Open,75310.82
CLM000636,POL07013,PRG007,TRT086,2026-05-17,Open,254927.88
CLM000637,POL03435,PRG004,TRT058,2026-05-26,Open,195247.51
CLM000638,POL04215,PRG006,TRT019,2026-02-13,Open,34514.7
CLM000639,POL00607,PRG014,TRT037,2026-08-15,Closed,230454.06
CLM000640,POL09968,PRG019,TRT010,2026-07-23,Pending,109276.7
CLM000641,POL06231,PRG006,TRT063,2026-08-01,Closed,57222.1
CLM000642,POL04849,PRG005,TRT013,2026-06-07,Closed,107055.58
CLM000643,POL04919,PRG003,TRT093,2026-08-18,Pending,107890.51
CLM000644,POL00500,PRG023,TRT069,2026-06-07,Open,281071.21
CLM000645,POL07267,PRG009,TRT013,2026-01-12,Closed,227999.07
CLM000646,POL06390,PRG007,TRT027,2026-01-30,Closed,258250.4
CLM000647,POL09600,PRG022,TRT096,2026-03-02,Pending,149553.63
CLM000648,POL05618,PRG001,TRT053,2026-02-13,Pending,237818.15
CLM000649,POL00213,PRG024,TRT013,2026-05-29,Closed,252922.17
CLM000650,POL08207,PRG001,TRT039,2026-06-04,Pending,261574.56
CLM000651,POL08303,PRG010,TRT047,2026-06-16,Pending,234837.89
CLM000652,POL07230,PRG004,TRT028,2026-01-18,Closed,68747.46
CLM000653,POL04155,PRG012,TRT053,2026-04-20,Closed,238972.09
CLM000654,POL05024,PRG007,TRT075,2026-04-28,Open,91670.61
CLM000655,POL09915,PRG003,TRT084,2026-01-08,Closed,247456.97
CLM000656,POL00089,PRG005,TRT030,2026-04-09,Pending,298474.06
CLM000657,POL00232,PRG021,TRT029,2026-02-14,Open,179222.88
CLM000658,POL06658,PRG003,TRT076,2026-02-27,Closed,111638.21
CLM000659,POL09921,PRG017,TRT078,2026-08-03,Pending,192942.79
CLM000660,POL07908,PRG010,TRT065,2026-08-23,Open,143407.38
CLM000661,POL06665,PRG002,TRT089,2026-06-21,Pending,79485.28
CLM000662,POL00911,PRG023,TRT028,2026-07-30,Closed,105025.28
CLM000663,POL04224,PRG007,TRT015,2026-08-05,Pending,91308.49
CLM000664,POL08930,PRG009,TRT064,2026-06-07,Closed,243068.07
CLM000665,POL00228,PRG009,TRT071,2026-04-24,Pending,287954.12
CLM000666,POL04947,PRG023,TRT070,2026-06-08,Open,121427.01
CLM000667,POL06168,PRG020,TRT058,2026-04-26,Pending,297371.07
CLM000668,POL00150,PRG014,TRT011,2026-01-02,Closed,87787.28
CLM000669,POL07296,PRG021,TRT026,2026-06-28,Open,219188.6
CLM000670,POL07068,PRG009,TRT077,2026-08-01,Closed,188048.2
CLM000671,POL07384,PRG011,TRT040,2026-03-20,Closed,188030.47
CLM000672,POL08093,PRG014,TRT081,2026-01-18,Closed,109536.12
CLM000673,POL03288,PRG013,TRT054,2026-01-06,Open,23806.51
CLM000674,POL06153,PRG004,TRT041,2026-05-31,Open,100819.56
CLM000675,POL04982,PRG005,TRT068,2026-03-19,Closed,10112.16
CLM000676,POL06086,PRG021,TRT053,2026-07-29,Open,202459.99
CLM000677,POL08369,PRG012,TRT033,2026-02-19,Closed,107980.31
CLM000678,POL04642,PRG008,TRT076,2026-08-19,Pending,91043.74
CLM000679,POL05354,PRG022,TRT079,2026-02-22,Pending,45245.74
CLM000680,POL01719,PRG001,TRT039,2026-02-13,Closed,130079.09
CLM000681,POL06981,PRG012,TRT074,2026-01-01,Closed,46449.65
CLM000682,POL04027,PRG012,TRT097,2026-04-23,Pending,150080.38
CLM000683,POL07363,PRG004,TRT005,2026-03-07,Open,11283.67
CLM000684,POL01834,PRG021,TRT077,2026-02-04,Pending,29993.58
CLM000685,POL08483,PRG017,TRT052,2026-05-14,Closed,205804.12
CLM000686,POL08950,PRG022,TRT014,2026-01-30,Pending,60975.05
CLM000687,POL05913,PRG011,TRT008,2026-07-21,Open,207952.04
CLM000688,POL09337,PRG012,TRT005,2026-04-16,Open,187517.71
CLM000689,POL02062,PRG003,TRT025,2026-07-05,Closed,156203.95
CLM000690,POL05423,PRG004,TRT071,2026-01-16,Closed,156496.7
CLM000691,POL06605,PRG015,TRT099,2026-08-18,Closed,286316.99
CLM000692,POL02106,PRG019,TRT071,2026-05-26,Open,217030.95
CLM000693,POL08078,PRG020,TRT058,2026-06-01,Closed,3763.36
CLM000694,POL08042,PRG002,TRT061,2026-01-13,Closed,101981.24
CLM000695,POL09067,PRG004,TRT007,2026-05-08,Pending,83038.4
CLM000696,POL03831,PRG014,TRT050,2026-05-08,Pending,57313.83
CLM000697,POL04751,PRG001,TRT006,2026-01-22,Pending,30242.45
CLM000698,POL08302,PRG021,TRT096,2026-08-06,Pending,191070.96
CLM000699,POL07627,PRG014,TRT039,2026-03-11,Pending,197860.98
CLM000700,POL06530,PRG009,TRT058,2026-07-06,Closed,115473.21
CLM000701,POL04405,PRG023,TRT009,2026-03-18,Pending,51952.92
CLM000702,POL06733,PRG018,TRT070,2026-06-16,Open,83875.48
CLM000703,POL00937,PRG023,TRT071,2026-02-05,Pending,80378.44
CLM000704,POL04824,PRG010,TRT002,2026-06-12,Closed,87870.41
CLM000705,POL00148,PRG015,TRT001,2026-05-10,Open,252958.56
CLM000706,POL07974,PRG010,TRT073,2026-03-24,Open,259812.2
CLM000707,POL08211,PRG015,TRT046,2026-04-25,Open,239992.72
CLM000708,POL04408,PRG015,TRT002,2026-01-24,Open,80871.1
CLM000709,POL00697,PRG021,TRT052,2026-01-16,Closed,75053.25
CLM000710,POL00952,PRG004,TRT041,2026-03-17,Pending,169514.74
CLM000711,POL09215,PRG016,TRT065,2026-08-11,Open,133896.28
CLM000712,POL02372,PRG025,TRT073,2026-06-09,Closed,72303.12
CLM000713,POL04753,PRG023,TRT011,2026-06-23,Closed,90436.78
CLM000714,POL08236,PRG021,TRT030,2026-06-08,Closed,135304.95
CLM000715,POL01894,PRG003,TRT057,2026-07-27,Open,180551.14
CLM000716,POL08736,PRG019,TRT063,2026-05-10,Pending,41992.93
CLM000717,POL09229,PRG002,TRT082,2026-06-29,Closed,295120.08
CLM000718,POL07038,PRG020,TRT071,2026-03-25,Pending,271531.82
CLM000719,POL09169,PRG012,TRT038,2026-05-02,Closed,141179.26
CLM000720,POL05637,PRG007,TRT022,2026-08-21,Pending,61054.64
CLM000721,POL04753,PRG023,TRT011,2026-01-27,Pending,220041.53
CLM000722,POL05019,PRG023,TRT010,2026-08-09,Pending,221737.89
CLM000723,POL09149,PRG025,TRT007,2026-06-29,Open,138298.56
CLM000724,POL09734,PRG023,TRT082,2026-08-23,Open,149551.35
CLM000725,POL02652,PRG006,TRT034,2026-04-23,Closed,256666.79
CLM000726,POL03808,PRG019,TRT073,2026-05-18,Pending,201168.5
CLM000727,POL06663,PRG024,TRT093,2026-04-03,Open,161832.93
CLM000728,POL01359,PRG018,TRT045,2026-07-04,Pending,250134.3
CLM000729,POL08325,PRG021,TRT055,2026-02-15,Closed,81411.93
CLM000730,POL03369,PRG001,TRT071,2026-02-18,Open,128867.16
CLM000731,POL01737,PRG005,TRT031,2026-02-06,Closed,212383.72
CLM000732,POL01599,PRG003,TRT030,2026-06-27,Open,272967.14
CLM000733,POL06193,PRG017,TRT046,2026-04-22,Closed,236574.07
CLM000734,POL08122,PRG002,TRT098,2026-02-15,Open,254339.11
CLM000735,POL06460,PRG023,TRT071,2026-05-14,Open,111797.41
CLM000736,POL05531,PRG004,TRT041,2026-06-03,Closed,101672.69
CLM000737,POL04026,PRG015,TRT084,2026-06-24,Pending,152575.06
CLM000738,POL07746,PRG013,TRT075,2026-08-11,Open,225428.59
CLM000739,POL06753,PRG024,TRT039,2026-04-16,Closed,204227.45
CLM000740,POL08963,PRG019,TRT066,2026-01-05,Pending,95384.21
CLM000741,POL00611,PRG001,TRT034,2026-05-11,Pending,65272.26
CLM000742,POL08015,PRG004,TRT091,2026-02-04,Closed,266008.17
CLM000743,POL07627,PRG014,TRT039,2026-08-12,Open,48900.61
CLM000744,POL09144,PRG024,TRT057,2026-01-24,Open,276961.54
CLM000745,POL08507,PRG019,TRT071,2026-08-19,Open,88859.14
CLM000746,POL08888,PRG011,TRT020,2026-01-03,Pending,133949.26
CLM000747,POL00774,PRG024,TRT073,2026-07-25,Open,31443.35
CLM000748,POL00164,PRG003,TRT026,2026-02-27,Open,162676.03
CLM000749,POL08166,PRG006,TRT053,2026-06-16,Pending,185995.65
CLM000750,POL02169,PRG023,TRT088,2026-02-12,Pending,134924.48
CLM000751,POL02950,PRG010,TRT089,2026-06-08,Closed,225847.76
CLM000752,POL01099,PRG009,TRT074,2026-06-28,Open,85632.13
CLM000753,POL07264,PRG013,TRT082,2026-07-14,Pending,260589.96
CLM000754,POL08498,PRG013,TRT004,2026-02-23,Closed,200704.43
CLM000755,POL06967,PRG025,TRT004,2026-06-29,Pending,46802.78
CLM000756,POL02146,PRG016,TRT022,2026-01-05,Open,108820.89
CLM000757,POL02303,PRG020,TRT052,2026-03-26,Pending,18610.94
CLM000758,POL09864,PRG008,TRT087,2026-03-19,Open,284485.1
CLM000759,POL03414,PRG004,TRT015,2026-08-08,Closed,28335.32
CLM000760,POL07943,PRG002,TRT035,2026-04-13,Pending,9514.78
CLM000761,POL06015,PRG023,TRT039,2026-04-27,Open,131022.06
CLM000762,POL02377,PRG002,TRT035,2026-01-20,Pending,298361.39
CLM000763,POL07311,PRG024,TRT096,2026-08-02,Open,101818.92
CLM000764,POL08526,PRG011,TRT007,2026-07-27,Open,274775.52
CLM000765,POL07879,PRG016,TRT090,2026-03-16,Pending,137399.36
CLM000766,POL02644,PRG019,TRT038,2026-05-19,Pending,94376.68
CLM000767,POL05151,PRG004,TRT008,2026-02-03,Closed,59246.18
CLM000768,POL03942,PRG006,TRT024,2026-05-14,Pending,108078.48
CLM000769,POL05632,PRG010,TRT031,2026-06-29,Open,165787.61
CLM000770,POL01873,PRG013,TRT005,2026-01-04,Open,31512.78
CLM000771,POL08313,PRG007,TRT012,2026-01-22,Closed,242614.75
CLM000772,POL04313,PRG013,TRT028,2026-07-15,Open,126477.56
CLM000773,POL07055,PRG020,TRT093,2026-01-17,Open,221783.43
CLM000774,POL06169,PRG019,TRT038,2026-06-26,Closed,287382.47
CLM000775,POL09083,PRG017,TRT099,2026-08-26,Pending,258815.02
CLM000776,POL09842,PRG011,TRT030,2026-05-20,Pending,104465.48
CLM000777,POL05682,PRG007,TRT009,2026-05-19,Open,169091.91
CLM000778,POL04127,PRG012,TRT040,2026-06-10,Open,15387.97
CLM000779,POL00971,PRG005,TRT017,2026-08-22,Pending,9961.24
CLM000780,POL08230,PRG009,TRT025,2026-01-21,Closed,244180.39
CLM000781,POL02534,PRG004,TRT073,2026-01-12,Pending,239284.16
CLM000782,POL08954,PRG017,TRT066,2026-08-19,Open,160608.92
CLM000783,POL02408,PRG013,TRT010,2026-08-01,Pending,266029.46
CLM000784,POL00628,PRG001,TRT024,2026-06-20,Closed,56042.93
CLM000785,POL00278,PRG004,TRT033,2026-02-01,Open,166734.67
CLM000786,POL00497,PRG018,TRT026,2026-03-23,Pending,92527.04
CLM000787,POL04018,PRG004,TRT055,2026-07-11,Closed,123518.13
CLM000788,POL03536,PRG011,TRT042,2026-08-14,Open,193982.44
CLM000789,POL08606,PRG019,TRT011,2026-06-04,Open,197311.19
CLM000790,POL06996,PRG024,TRT037,2026-08-07,Pending,295723.45
CLM000791,POL08034,PRG004,TRT006,2026-02-18,Pending,294560.92
CLM000792,POL01437,PRG019,TRT083,2026-02-12,Pending,7985.84
CLM000793,POL05817,PRG005,TRT073,2026-08-15,Open,222480.47
CLM000794,POL07707,PRG012,TRT090,2026-04-12,Pending,193272.87
CLM000795,POL07874,PRG019,TRT049,2026-06-15,Open,149208.0
CLM000796,POL08720,PRG004,TRT069,2026-06-02,Closed,130076.72
CLM000797,POL03825,PRG007,TRT057,2026-01-26,Pending,27070.12
CLM000798,POL02703,PRG003,TRT036,2026-03-30,Closed,258200.35
CLM000799,POL00156,PRG004,TRT005,2026-03-23,Open,168194.14
CLM000800,POL02261,PRG006,TRT056,2026-04-19,Closed,264209.04
CLM000801,POL05157,PRG008,TRT017,2026-06-12,Open,54858.85
CLM000802,POL04421,PRG008,TRT034,2026-05-05,Closed,141337.96
CLM000803,POL07218,PRG009,TRT080,2026-08-08,Closed,272186.85
CLM000804,POL09869,PRG020,TRT025,2026-08-26,Closed,247008.32
CLM000805,POL09381,PRG019,TRT086,2026-03-11,Open,188608.16
CLM000806,POL00825,PRG002,TRT020,2026-04-24,Open,90967.91
CLM000807,POL07715,PRG022,TRT031,2026-06-23,Closed,7503.9
CLM000808,POL06060,PRG022,TRT043,2026-01-26,Pending,265109.38
CLM000809,POL05811,PRG012,TRT094,2026-08-13,Pending,183334.29
CLM000810,POL05709,PRG016,TRT093,2026-01-05,Closed,201850.69
CLM000811,POL04502,PRG023,TRT013,2026-08-07,Open,187088.37
CLM000812,POL03627,PRG015,TRT015,2026-05-10,Pending,75882.11
CLM000813,POL03635,PRG018,TRT033,2026-02-26,Closed,204990.22
CLM000814,POL01128,PRG001,TRT058,2026-08-26,Pending,275616.69
CLM000815,POL01736,PRG024,TRT092,2026-01-12,Pending,82311.62
CLM000816,POL03370,PRG016,TRT081,2026-03-01,Closed,251940.45
CLM000817,POL04700,PRG022,TRT056,2026-03-28,Pending,124628.36
CLM000818,POL07734,PRG015,TRT023,2026-08-29,Closed,252064.94
CLM000819,POL06693,PRG020,TRT094,2026-04-03,Pending,128307.46
CLM000820,POL07862,PRG007,TRT072,2026-07-03,Pending,166953.81
CLM000821,POL06278,PRG003,TRT023,2026-03-28,Open,44701.94
CLM000822,POL07221,PRG001,TRT077,2026-06-05,Open,179678.9
CLM000823,POL05962,PRG001,TRT058,2026-08-25,Closed,275303.28
CLM000824,POL03951,PRG025,TRT013,2026-07-04,Closed,108748.92
CLM000825,POL01851,PRG016,TRT035,2026-01-14,Pending,80783.84
CLM000826,POL05923,PRG002,TRT030,2026-01-28,Pending,200871.39
CLM000827,POL00960,PRG005,TRT084,2026-04-21,Pending,38225.4
CLM000828,POL05153,PRG022,TRT068,2026-02-04,Pending,68255.9
CLM000829,POL07894,PRG010,TRT082,2026-08-25,Pending,80553.08
CLM000830,POL05523,PRG018,TRT038,2026-08-15,Closed,135485.6
CLM000831,POL08994,PRG014,TRT066,2026-04-04,Pending,281418.45
CLM000832,POL09193,PRG016,TRT015,2026-05-31,Closed,25051.28
CLM000833,POL04352,PRG006,TRT092,2026-08-06,Closed,47411.56
CLM000834,POL08214,PRG003,TRT075,2026-04-17,Closed,136773.98
CLM000835,POL06808,PRG023,TRT044,2026-05-13,Closed,262361.93
CLM000836,POL07994,PRG002,TRT017,2026-06-02,Closed,175617.1
CLM000837,POL04668,PRG019,TRT017,2026-06-28,Pending,22344.15
CLM000838,POL05581,PRG019,TRT082,2026-03-20,Closed,211705.3
CLM000839,POL07328,PRG002,TRT078,2026-05-08,Closed,60493.93
CLM000840,POL09200,PRG009,TRT030,2026-06-17,Open,126868.92
CLM000841,POL09634,PRG001,TRT077,2026-02-23,Open,286796.06
CLM000842,POL05540,PRG018,TRT001,2026-07-15,Closed,190622.84
CLM000843,POL04573,PRG011,TRT003,2026-02-03,Pending,188763.59
CLM000844,POL04914,PRG004,TRT088,2026-06-01,Closed,225534.66
CLM000845,POL07305,PRG011,TRT025,2026-06-25,Open,177841.85
CLM000846,POL02888,PRG021,TRT005,2026-06-14,Open,209673.88
CLM000847,POL01597,PRG007,TRT027,2026-03-25,Open,281561.51
CLM000848,POL06574,PRG020,TRT063,2026-04-01,Pending,290732.9
CLM000849,POL09602,PRG023,TRT014,2026-02-12,Open,120494.07
CLM000850,POL05222,PRG018,TRT089,2026-04-11,Open,195212.53
CLM000851,POL03951,PRG025,TRT013,2026-04-25,Open,287261.46
CLM000852,POL09974,PRG002,TRT088,2026-06-12,Pending,214524.33
CLM000853,POL04424,PRG002,TRT041,2026-03-28,Closed,29337.6
CLM000854,POL04021,PRG024,TRT020,2026-02-26,Closed,261058.48
CLM000855,POL03516,PRG002,TRT011,2026-06-03,Closed,19270.73
CLM000856,POL02011,PRG022,TRT033,2026-07-16,Closed,211944.2
CLM000857,POL06127,PRG013,TRT098,2026-01-16,Open,39132.81
CLM000858,POL08189,PRG013,TRT054,2026-03-16,Open,232087.44
CLM000859,POL07093,PRG003,TRT100,2026-04-08,Closed,296137.87
CLM000860,POL06540,PRG012,TRT045,2026-04-26,Pending,90661.71
CLM000861,POL08119,PRG001,TRT071,2026-01-18,Open,122156.64
CLM000862,POL02669,PRG025,TRT040,2026-02-09,Closed,283445.03
CLM000863,POL01457,PRG022,TRT066,2026-04-29,Closed,296362.53
CLM000864,POL05265,PRG013,TRT068,2026-08-22,Pending,129464.11
CLM000865,POL04334,PRG009,TRT088,2026-04-26,Pending,248010.06
CLM000866,POL03315,PRG014,TRT058,2026-06-25,Pending,169045.35
CLM000867,POL05136,PRG008,TRT086,2026-08-09,Pending,66727.13
CLM000868,POL06901,PRG022,TRT058,2026-01-31,Open,196694.92
CLM000869,POL03716,PRG013,TRT017,2026-06-19,Pending,51558.4
CLM000870,POL04470,PRG021,TRT056,2026-04-08,Closed,111268.32
CLM000871,POL00996,PRG015,TRT086,2026-01-01,Pending,131651.83
CLM000872,POL06665,PRG002,TRT089,2026-05-15,Open,23538.39
CLM000873,POL06605,PRG015,TRT099,2026-05-22,Pending,78791.02
CLM000874,POL04540,PRG018,TRT090,2026-07-28,Open,124742.68
CLM000875,POL09745,PRG006,TRT071,2026-01-30,Pending,216363.62
CLM000876,POL03307,PRG001,TRT095,2026-07-19,Closed,61959.03
CLM000877,POL01597,PRG007,TRT027,2026-03-25,Closed,14875.29
CLM000878,POL05133,PRG005,TRT014,2026-08-17,Open,256361.03
CLM000879,POL00827,PRG022,TRT047,2026-08-15,Closed,51564.99
CLM000880,POL03231,PRG021,TRT006,2026-02-28,Open,149983.84
CLM000881,POL06015,PRG023,TRT039,2026-07-13,Pending,28301.37
CLM000882,POL09869,PRG020,TRT025,2026-07-01,Pending,291674.74
CLM000883,POL08668,PRG002,TRT096,2026-08-25,Open,287065.72
CLM000884,POL03663,PRG014,TRT011,2026-07-28,Pending,161550.29
CLM000885,POL01532,PRG002,TRT026,2026-06-03,Open,156559.45
CLM000886,POL06120,PRG010,TRT041,2026-05-29,Closed,92055.71
CLM000887,POL03504,PRG006,TRT035,2026-05-12,Open,83119.41
CLM000888,POL04135,PRG001,TRT049,2026-04-04,Closed,196734.67
CLM000889,POL00312,PRG008,TRT072,2026-02-20,Pending,242822.79
CLM000890,POL04905,PRG021,TRT078,2026-06-13,Pending,232529.45
CLM000891,POL08779,PRG016,TRT066,2026-01-31,Pending,51763.16
CLM000892,POL09925,PRG016,TRT025,2026-07-03,Open,133370.18
CLM000893,POL02691,PRG005,TRT001,2026-07-04,Closed,122851.43
CLM000894,POL05297,PRG017,TRT075,2026-06-02,Pending,65588.76
CLM000895,POL05171,PRG006,TRT087,2026-04-03,Open,123126.71
CLM000896,POL07935,PRG004,TRT029,2026-03-22,Pending,262099.11
CLM000897,POL00182,PRG024,TRT010,2026-06-01,Closed,197821.55
CLM000898,POL02628,PRG008,TRT059,2026-05-11,Open,12502.3
CLM000899,POL01944,PRG014,TRT069,2026-01-20,Open,171104.75
CLM000900,POL08236,PRG021,TRT030,2026-08-17,Closed,143067.28
CLM000901,POL06207,PRG012,TRT024,2026-07-16,Closed,94373.85
CLM000902,POL02009,PRG021,TRT026,2026-06-29,Pending,48900.24
CLM000903,POL08873,PRG017,TRT037,2026-06-10,Pending,276127.75
CLM000904,POL01120,PRG021,TRT019,2026-02-18,Open,205254.32
CLM000905,POL04266,PRG002,TRT069,2026-06-01,Pending,129127.89
CLM000906,POL00298,PRG015,TRT039,2026-08-19,Pending,45129.33
CLM000907,POL03184,PRG007,TRT061,2026-01-27,Open,13635.77
CLM000908,POL00760,PRG014,TRT069,2026-05-12,Open,201808.42
CLM000909,POL06742,PRG016,TRT072,2026-04-07,Pending,246399.17
CLM000910,POL00367,PRG019,TRT051,2026-01-16,Pending,178094.08
CLM000911,POL02036,PRG021,TRT084,2026-01-17,Closed,250243.48
CLM000912,POL00690,PRG019,TRT002,2026-03-23,Pending,205293.03
CLM000913,POL05196,PRG008,TRT039,2026-02-08,Open,63632.74
CLM000914,POL02146,PRG016,TRT022,2026-06-26,Pending,10356.19
CLM000915,POL01181,PRG001,TRT048,2026-07-28,Open,15766.21
CLM000916,POL06518,PRG015,TRT096,2026-01-25,Open,203971.39
CLM000917,POL00671,PRG003,TRT053,2026-04-03,Open,201668.4
CLM000918,POL04123,PRG024,TRT087,2026-06-24,Pending,151767.41
CLM000919,POL04373,PRG014,TRT015,2026-03-18,Pending,180603.62
CLM000920,POL02654,PRG023,TRT054,2026-02-20,Open,178137.97
CLM000921,POL03398,PRG003,TRT080,2026-08-18,Open,291692.75
CLM000922,POL00082,PRG022,TRT024,2026-04-15,Open,147925.53
CLM000923,POL01739,PRG022,TRT009,2026-06-21,Open,238331.18
CLM000924,POL02252,PRG023,TRT055,2026-03-15,Pending,121311.09
CLM000925,POL03131,PRG021,TRT016,2026-01-14,Open,64392.08
CLM000926,POL02211,PRG025,TRT039,2026-06-15,Open,144114.05
CLM000927,POL09098,PRG017,TRT037,2026-05-07,Open,121170.61
CLM000928,POL09556,PRG005,TRT003,2026-08-20,Pending,183973.51
CLM000929,POL06199,PRG018,TRT033,2026-06-29,Open,260825.62
CLM000930,POL08639,PRG021,TRT052,2026-01-05,Pending,58332.26
CLM000931,POL00212,PRG024,TRT040,2026-01-22,Pending,68897.45
CLM000932,POL09590,PRG002,TRT096,2026-04-11,Open,41690.45
CLM000933,POL09655,PRG001,TRT055,2026-04-17,Pending,26700.2
CLM000934,POL01798,PRG001,TRT043,2026-03-03,Closed,108352.96
CLM000935,POL05602,PRG024,TRT023,2026-01-24,Pending,119991.89
CLM000936,POL02367,PRG010,TRT093,2026-04-05,Pending,5602.3
CLM000937,POL07216,PRG010,TRT006,2026-01-04,Closed,162325.22
CLM000938,POL00765,PRG011,TRT004,2026-01-12,Pending,89898.83
CLM000939,POL04724,PRG007,TRT039,2026-07-03,Closed,226432.02
CLM000940,POL08070,PRG025,TRT085,2026-02-18,Pending,88270.85
CLM000941,POL06861,PRG008,TRT053,2026-04-18,Open,30084.78
CLM000942,POL05223,PRG006,TRT005,2026-08-09,Open,30588.26
CLM000943,POL06479,PRG001,TRT028,2026-07-24,Pending,140860.82
CLM000944,POL04970,PRG007,TRT009,2026-01-27,Closed,283217.07
CLM000945,POL03241,PRG016,TRT063,2026-04-24,Pending,181877.36
CLM000946,POL07845,PRG001,TRT070,2026-03-05,Closed,168291.73
CLM000947,POL09007,PRG004,TRT012,2026-01-24,Closed,232354.53
CLM000948,POL08729,PRG003,TRT009,2026-08-23,Pending,228025.35
CLM000949,POL09530,PRG022,TRT066,2026-07-27,Open,235597.4
CLM000950,POL07845,PRG001,TRT070,2026-04-06,Closed,66521.27
CLM000951,POL08911,PRG023,TRT076,2026-03-15,Closed,69690.68
CLM000952,POL05087,PRG008,TRT059,2026-01-08,Pending,186696.56
CLM000953,POL01323,PRG003,TRT024,2026-05-10,Pending,228275.54
CLM000954,POL06659,PRG009,TRT009,2026-01-05,Open,263238.89
CLM000955,POL06894,PRG014,TRT094,2026-02-19,Closed,269819.75
CLM000956,POL09483,PRG008,TRT084,2026-07-16,Open,101592.11
CLM000957,POL02181,PRG022,TRT083,2026-07-02,Closed,138354.96
CLM000958,POL00764,PRG018,TRT056,2026-07-28,Pending,106720.05
CLM000959,POL06264,PRG023,TRT074,2026-06-11,Closed,172342.99
CLM000960,POL02821,PRG021,TRT092,2026-08-25,Closed,164887.55
CLM000961,POL01061,PRG006,TRT015,2026-07-25,Pending,150592.62
CLM000962,POL01239,PRG005,TRT049,2026-07-03,Closed,260172.68
CLM000963,POL03862,PRG024,TRT024,2026-04-08,Closed,281197.95
CLM000964,POL09360,PRG013,TRT098,2026-04-01,Open,231170.21
CLM000965,POL03179,PRG004,TRT085,2026-08-10,Open,240952.16
CLM000966,POL09594,PRG019,TRT037,2026-01-10,Closed,42090.72
CLM000967,POL00367,PRG019,TRT051,2026-05-17,Closed,243502.58
CLM000968,POL00679,PRG006,TRT092,2026-03-18,Pending,142316.1
CLM000969,POL04652,PRG011,TRT017,2026-05-05,Pending,26627.73
CLM000970,POL08497,PRG013,TRT045,2026-05-14,Open,89909.38
CLM000971,POL05689,PRG016,TRT049,2026-07-22,Open,69948.03
CLM000972,POL03185,PRG019,TRT003,2026-08-20,Pending,55374.51
CLM000973,POL07339,PRG024,TRT051,2026-01-02,Pending,91159.0
CLM000974,POL04384,PRG006,TRT086,2026-03-11,Open,165020.26
CLM000975,POL00034,PRG007,TRT024,2026-07-07,Pending,140220.02
CLM000976,POL01052,PRG024,TRT011,2026-08-25,Closed,203188.63
CLM000977,POL05054,PRG004,TRT011,2026-06-03,Pending,265237.46
CLM000978,POL09775,PRG021,TRT097,2026-08-12,Closed,215884.71
CLM000979,POL08549,PRG022,TRT041,2026-06-22,Open,172288.11
CLM000980,POL00927,PRG006,TRT037,2026-05-31,Closed,112035.14
CLM000981,POL00688,PRG012,TRT080,2026-07-28,Closed,235948.25
CLM000982,POL08143,PRG008,TRT011,2026-07-17,Open,226580.35
CLM000983,POL02991,PRG023,TRT055,2026-01-25,Open,210746.78
CLM000984,POL03892,PRG007,TRT073,2026-05-27,Pending,133962.32
CLM000985,POL01284,PRG020,TRT006,2026-03-07,Pending,277999.99
CLM000986,POL05168,PRG022,TRT021,2026-02-18,Closed,107570.11
CLM000987,POL00245,PRG001,TRT087,2026-01-27,Closed,127443.18
CLM000988,POL08154,PRG016,TRT092,2026-01-09,Closed,105148.08
CLM000989,POL07306,PRG025,TRT020,2026-03-18,Pending,6628.73
CLM000990,POL03752,PRG022,TRT034,2026-04-25,Open,91828.67
CLM000991,POL02354,PRG002,TRT024,2026-06-13,Open,82742.89
CLM000992,POL08753,PRG014,TRT019,2026-04-24,Open,227163.74
CLM000993,POL03138,PRG023,TRT008,2026-03-30,Open,193871.13
CLM000994,POL01024,PRG006,TRT086,2026-04-25,Open,127112.65
CLM000995,POL00462,PRG014,TRT059,2026-01-22,Pending,174605.39
CLM000996,POL09817,PRG016,TRT004,2026-05-10,Pending,215752.61
CLM000997,POL02021,PRG013,TRT085,2026-07-08,Open,250817.37
CLM000998,POL03478,PRG021,TRT093,2026-08-11,Pending,232382.75
CLM000999,POL01966,PRG011,TRT031,2026-02-26,Closed,6706.04
CLM001000,POL05291,PRG003,TRT048,2026-03-29,Open,221719.12
CLM001001,POL08949,PRG011,TRT073,2026-03-09,Open,203200.04
CLM001002,POL01232,PRG004,TRT032,2026-08-12,Closed,145156.72
CLM001003,POL09722,PRG002,TRT004,2026-05-16,Pending,288796.85
CLM001004,POL09142,PRG008,TRT096,2026-06-08,Pending,152853.04
CLM001005,POL09240,PRG006,TRT060,2026-05-25,Closed,257367.72
CLM001006,POL08158,PRG007,TRT100,2026-03-08,Pending,14928.81
CLM001007,POL04222,PRG016,TRT072,2026-05-10,Pending,276469.29
CLM001008,POL02235,PRG014,TRT057,2026-07-07,Closed,137294.9
CLM001009,POL00530,PRG010,TRT057,2026-02-17,Closed,56872.04
CLM001010,POL04891,PRG015,TRT061,2026-02-04,Open,210903.63
CLM001011,POL02731,PRG004,TRT018,2026-03-07,Pending,114999.81
CLM001012,POL03981,PRG013,TRT013,2026-03-13,Closed,193088.42
CLM001013,POL08702,PRG022,TRT016,2026-06-21,Pending,173273.76
CLM001014,POL01718,PRG005,TRT063,2026-04-19,Open,141215.3
CLM001015,POL01163,PRG007,TRT044,2026-05-12,Open,105839.0
CLM001016,POL00725,PRG016,TRT080,2026-06-19,Open,216072.85
CLM001017,POL09070,PRG022,TRT094,2026-07-04,Open,202202.47
CLM001018,POL01955,PRG018,TRT061,2026-08-14,Open,118000.44
CLM001019,POL05408,PRG019,TRT061,2026-07-26,Closed,264832.21
CLM001020,POL06153,PRG004,TRT041,2026-07-27,Open,236419.74
CLM001021,POL06225,PRG023,TRT047,2026-08-18,Pending,59170.85
CLM001022,POL01855,PRG013,TRT098,2026-08-26,Closed,245684.79
CLM001023,POL00382,PRG004,TRT036,2026-03-14,Open,25023.1
CLM001024,POL01763,PRG005,TRT010,2026-05-15,Pending,150243.33
CLM001025,POL05683,PRG016,TRT096,2026-07-14,Open,2745.66
CLM001026,POL08951,PRG022,TRT009,2026-05-04,Pending,114358.97
CLM001027,POL01438,PRG024,TRT031,2026-01-20,Open,83450.62
CLM001028,POL08484,PRG019,TRT022,2026-07-16,Open,80911.84
CLM001029,POL08771,PRG006,TRT076,2026-04-08,Pending,61531.16
CLM001030,POL02719,PRG020,TRT060,2026-04-04,Pending,91059.43
CLM001031,POL06418,PRG003,TRT100,2026-01-25,Pending,294840.21
CLM001032,POL00585,PRG008,TRT002,2026-06-10,Closed,78530.5
CLM001033,POL02438,PRG016,TRT048,2026-07-11,Open,97663.35
CLM001034,POL06253,PRG023,TRT062,2026-06-25,Closed,269184.02
CLM001035,POL04720,PRG019,TRT031,2026-04-17,Pending,287642.83
CLM001036,POL04488,PRG022,TRT006,2026-05-14,Open,172685.06
CLM001037,POL02698,PRG003,TRT058,2026-06-03,Pending,152799.71
CLM001038,POL04980,PRG011,TRT015,2026-06-22,Pending,116752.52
CLM001039,POL00702,PRG024,TRT069,2026-01-13,Closed,47959.64
CLM001040,POL01060,PRG008,TRT063,2026-06-19,Closed,217473.35
CLM001041,POL07847,PRG025,TRT005,2026-07-02,Pending,69388.43
CLM001042,POL00445,PRG004,TRT085,2026-08-13,Open,52786.34
CLM001043,POL01873,PRG013,TRT005,2026-02-02,Closed,127880.88
CLM001044,POL07738,PRG012,TRT072,2026-03-13,Open,27315.02
CLM001045,POL05032,PRG016,TRT021,2026-08-24,Closed,159525.03
CLM001046,POL00811,PRG011,TRT031,2026-04-19,Pending,290710.95
CLM001047,POL03345,PRG002,TRT084,2026-03-20,Closed,257408.0
CLM001048,POL05776,PRG010,TRT063,2026-03-27,Open,57103.05
CLM001049,POL07592,PRG015,TRT010,2026-03-27,Closed,75600.01
CLM001050,POL01248,PRG008,TRT023,2026-03-18,Pending,270808.34
CLM001051,POL06838,PRG009,TRT021,2026-05-16,Pending,114324.95
CLM001052,POL02803,PRG006,TRT011,2026-05-25,Pending,68704.49
CLM001053,POL05424,PRG004,TRT010,2026-08-02,Closed,36396.76
CLM001054,POL04793,PRG020,TRT045,2026-07-13,Closed,178898.64
CLM001055,POL04293,PRG005,TRT062,2026-01-26,Closed,26330.26
CLM001056,POL05505,PRG024,TRT012,2026-07-13,Closed,15586.89
CLM001057,POL08280,PRG019,TRT060,2026-05-20,Open,107968.71
CLM001058,POL09679,PRG001,TRT013,2026-06-01,Closed,53733.84
CLM001059,POL07279,PRG019,TRT097,2026-03-20,Pending,135933.44
CLM001060,POL07904,PRG017,TRT004,2026-03-12,Open,92487.63
CLM001061,POL03545,PRG007,TRT064,2026-08-19,Closed,125252.95
CLM001062,POL03211,PRG012,TRT040,2026-08-08,Open,250151.82
CLM001063,POL02508,PRG001,TRT007,2026-04-07,Pending,92035.41
CLM001064,POL00260,PRG019,TRT027,2026-05-26,Pending,220119.23
CLM001065,POL07511,PRG007,TRT051,2026-01-08,Pending,105603.39
CLM001066,POL06854,PRG018,TRT017,2026-05-21,Closed,149006.63
CLM001067,POL00596,PRG010,TRT057,2026-06-14,Closed,17874.48
CLM001068,POL06551,PRG025,TRT091,2026-07-15,Pending,270496.88
CLM001069,POL05842,PRG011,TRT073,2026-01-14,Pending,203149.3
CLM001070,POL04985,PRG003,TRT029,2026-04-27,Open,107208.66
CLM001071,POL02711,PRG016,TRT018,2026-05-30,Closed,123009.19
CLM001072,POL06970,PRG015,TRT064,2026-06-12,Pending,249939.77
CLM001073,POL02941,PRG008,TRT052,2026-07-15,Pending,193906.15
CLM001074,POL04646,PRG019,TRT012,2026-07-08,Open,298506.46
CLM001075,POL00671,PRG003,TRT053,2026-08-02,Pending,39368.36
CLM001076,POL04390,PRG015,TRT096,2026-07-20,Closed,104194.33
CLM001077,POL03845,PRG007,TRT034,2026-05-05,Closed,262027.81
CLM001078,POL04369,PRG012,TRT060,2026-02-09,Closed,188534.1
CLM001079,POL08267,PRG006,TRT100,2026-05-11,Open,223907.64
CLM001080,POL05140,PRG025,TRT093,2026-02-12,Pending,191153.35
CLM001081,POL06643,PRG002,TRT061,2026-05-09,Pending,117974.98
CLM001082,POL08607,PRG021,TRT052,2026-01-03,Closed,5509.3
CLM001083,POL08228,PRG002,TRT092,2026-04-23,Closed,163735.14
CLM001084,POL03826,PRG014,TRT050,2026-08-23,Open,299001.67
CLM001085,POL07684,PRG023,TRT035,2026-08-26,Closed,68749.88
CLM001086,POL05200,PRG025,TRT011,2026-04-06,Pending,8454.68
CLM001087,POL06852,PRG001,TRT070,2026-04-11,Closed,171352.1
CLM001088,POL07367,PRG011,TRT036,2026-01-06,Open,249518.41
CLM001089,POL00119,PRG021,TRT075,2026-06-04,Closed,88812.39
CLM001090,POL00542,PRG015,TRT060,2026-04-28,Closed,269343.5
CLM001091,POL03455,PRG013,TRT051,2026-08-03,Closed,71924.67
CLM001092,POL09125,PRG019,TRT080,2026-07-19,Pending,23063.53
CLM001093,POL07699,PRG001,TRT033,2026-06-29,Closed,179527.99
CLM001094,POL04281,PRG009,TRT085,2026-08-04,Closed,185140.39
CLM001095,POL08920,PRG013,TRT021,2026-07-06,Pending,63250.17
CLM001096,POL02068,PRG006,TRT025,2026-01-26,Open,84126.28
CLM001097,POL08037,PRG010,TRT042,2026-05-23,Open,178841.72
CLM001098,POL00150,PRG014,TRT011,2026-03-16,Pending,116855.29
CLM001099,POL00772,PRG006,TRT017,2026-03-12,Open,144840.29
CLM001100,POL02211,PRG025,TRT039,2026-02-01,Pending,110212.15
CLM001101,POL03991,PRG019,TRT031,2026-05-12,Pending,53078.87
CLM001102,POL03148,PRG024,TRT075,2026-02-18,Open,20033.39
CLM001103,POL05566,PRG014,TRT043,2026-08-10,Pending,51468.09
CLM001104,POL07358,PRG004,TRT064,2026-03-29,Open,111319.32
CLM001105,POL00141,PRG023,TRT085,2026-01-19,Pending,266475.27
CLM001106,POL08055,PRG014,TRT072,2026-08-17,Open,290004.34
CLM001107,POL03476,PRG024,TRT002,2026-04-18,Open,206287.11
CLM001108,POL08337,PRG020,TRT063,2026-02-17,Closed,20496.8
CLM001109,POL05430,PRG020,TRT070,2026-05-08,Pending,127837.81
CLM001110,POL03075,PRG018,TRT060,2026-03-27,Closed,164248.5
CLM001111,POL05129,PRG009,TRT084,2026-08-24,Open,14332.75
CLM001112,POL06968,PRG012,TRT006,2026-01-22,Open,201475.2
CLM001113,POL04606,PRG016,TRT011,2026-04-03,Open,253717.94
CLM001114,POL04250,PRG003,TRT020,2026-02-24,Open,259720.06
CLM001115,POL03238,PRG024,TRT093,2026-03-24,Pending,49031.22
CLM001116,POL02487,PRG025,TRT005,2026-07-25,Closed,135880.8
CLM001117,POL02103,PRG008,TRT100,2026-03-17,Open,253906.79
CLM001118,POL05088,PRG004,TRT087,2026-02-21,Pending,233200.27
CLM001119,POL01691,PRG003,TRT036,2026-02-22,Pending,144512.17
CLM001120,POL07364,PRG016,TRT069,2026-05-28,Closed,263315.46
CLM001121,POL00602,PRG003,TRT071,2026-06-01,Open,16631.53
CLM001122,POL01411,PRG004,TRT040,2026-04-22,Pending,38663.53
CLM001123,POL08143,PRG008,TRT011,2026-01-08,Open,159595.59
CLM001124,POL03381,PRG013,TRT044,2026-07-09,Pending,95131.84
CLM001125,POL02753,PRG016,TRT094,2026-03-12,Closed,246312.17
CLM001126,POL02930,PRG007,TRT086,2026-03-13,Closed,249198.94
CLM001127,POL01944,PRG014,TRT069,2026-04-08,Open,101744.97
CLM001128,POL02453,PRG025,TRT023,2026-04-08,Closed,230650.15
CLM001129,POL01401,PRG009,TRT011,2026-08-14,Closed,166179.99
CLM001130,POL00579,PRG005,TRT054,2026-02-17,Closed,188750.55
CLM001131,POL07778,PRG008,TRT050,2026-08-22,Closed,22326.87
CLM001132,POL00759,PRG010,TRT055,2026-06-09,Open,182898.81
CLM001133,POL09944,PRG014,TRT037,2026-01-23,Closed,103918.79
CLM001134,POL07800,PRG018,TRT025,2026-04-21,Pending,267409.25
CLM001135,POL01083,PRG004,TRT089,2026-01-08,Pending,200876.69
CLM001136,POL08045,PRG004,TRT083,2026-03-03,Closed,8025.74
CLM001137,POL03960,PRG006,TRT085,2026-05-01,Open,122607.74
CLM001138,POL05070,PRG005,TRT007,2026-01-24,Open,279883.52
CLM001139,POL08590,PRG002,TRT094,2026-05-03,Closed,297486.74
CLM001140,POL07950,PRG011,TRT024,2026-08-22,Closed,74570.3
CLM001141,POL04753,PRG023,TRT011,2026-08-23,Closed,287936.39
CLM001142,POL05976,PRG007,TRT043,2026-02-21,Pending,77245.32
CLM001143,POL00497,PRG018,TRT026,2026-05-15,Open,106352.09
CLM001144,POL01014,PRG003,TRT080,2026-02-12,Pending,151221.42
CLM001145,POL08641,PRG015,TRT014,2026-08-10,Closed,59221.01
CLM001146,POL08547,PRG025,TRT034,2026-06-25,Closed,183393.51
CLM001147,POL02695,PRG024,TRT028,2026-03-08,Pending,92480.59
CLM001148,POL07170,PRG016,TRT074,2026-02-27,Open,62491.91
CLM001149,POL05260,PRG021,TRT029,2026-01-25,Open,75487.13
CLM001150,POL05349,PRG018,TRT027,2026-02-08,Pending,216375.94
CLM001151,POL02065,PRG021,TRT037,2026-07-06,Pending,1118.89
CLM001152,POL06227,PRG011,TRT099,2026-04-05,Pending,36605.97
CLM001153,POL03653,PRG022,TRT022,2026-08-28,Pending,229351.62
CLM001154,POL01683,PRG023,TRT067,2026-01-17,Open,206962.26
CLM001155,POL02442,PRG005,TRT014,2026-03-21,Closed,178521.17
CLM001156,POL05579,PRG015,TRT078,2026-07-23,Pending,78343.43
CLM001157,POL05422,PRG020,TRT053,2026-05-24,Closed,16584.51
CLM001158,POL08603,PRG012,TRT097,2026-06-01,Pending,47213.3
CLM001159,POL04872,PRG002,TRT024,2026-07-30,Pending,272168.59
CLM001160,POL02824,PRG018,TRT022,2026-08-02,Open,179730.93
CLM001161,POL05256,PRG014,TRT022,2026-07-05,Pending,204936.98
CLM001162,POL07314,PRG012,TRT051,2026-08-11,Open,149045.06
CLM001163,POL09508,PRG006,TRT003,2026-04-20,Closed,251369.04
CLM001164,POL02964,PRG015,TRT098,2026-01-13,Pending,247264.46
CLM001165,POL06899,PRG018,TRT034,2026-06-25,Closed,251488.08
CLM001166,POL02695,PRG024,TRT028,2026-04-02,Pending,218976.94
CLM001167,POL05779,PRG007,TRT054,2026-06-25,Closed,218243.65
CLM001168,POL07168,PRG016,TRT044,2026-04-24,Open,257690.9
CLM001169,POL03975,PRG003,TRT081,2026-08-05,Pending,98189.3
CLM001170,POL03733,PRG024,TRT072,2026-01-30,Pending,100734.43
CLM001171,POL07787,PRG007,TRT074,2026-02-28,Open,91366.16
CLM001172,POL02837,PRG007,TRT081,2026-04-04,Open,56864.95
CLM001173,POL04956,PRG025,TRT070,2026-01-23,Closed,275591.37
CLM001174,POL08722,PRG007,TRT056,2026-05-02,Pending,208811.45
CLM001175,POL05322,PRG025,TRT006,2026-03-10,Closed,167458.1
CLM001176,POL00399,PRG016,TRT080,2026-07-12,Pending,177946.15
CLM001177,POL02968,PRG004,TRT028,2026-02-27,Pending,5620.47
CLM001178,POL08230,PRG009,TRT025,2026-06-08,Closed,150643.48
CLM001179,POL02971,PRG019,TRT088,2026-05-04,Open,90286.72
CLM001180,POL05359,PRG019,TRT089,2026-03-31,Pending,202277.82
CLM001181,POL04728,PRG011,TRT023,2026-04-05,Pending,148100.98
CLM001182,POL00561,PRG007,TRT057,2026-07-14,Closed,237144.67
CLM001183,POL02389,PRG004,TRT065,2026-01-10,Open,224460.07
CLM001184,POL07010,PRG003,TRT020,2026-08-17,Pending,284171.24
CLM001185,POL03242,PRG003,TRT056,2026-01-31,Closed,256562.29
CLM001186,POL00816,PRG004,TRT008,2026-06-10,Pending,64335.98
CLM001187,POL03762,PRG021,TRT020,2026-08-16,Closed,46912.04
CLM001188,POL09546,PRG016,TRT008,2026-02-15,Open,200114.67
CLM001189,POL03936,PRG005,TRT070,2026-07-22,Pending,44487.84
CLM001190,POL04223,PRG003,TRT068,2026-02-05,Open,193356.63
CLM001191,POL08507,PRG019,TRT071,2026-04-03,Pending,5690.04
CLM001192,POL08538,PRG010,TRT028,2026-03-30,Pending,73877.83
CLM001193,POL05705,PRG011,TRT006,2026-08-08,Pending,137141.07
CLM001194,POL03436,PRG014,TRT084,2026-01-01,Closed,289118.98
CLM001195,POL04634,PRG015,TRT050,2026-08-01,Pending,131751.41
CLM001196,POL08633,PRG021,TRT072,2026-05-15,Open,126390.46
CLM001197,POL09318,PRG005,TRT084,2026-08-26,Closed,96738.52
CLM001198,POL03839,PRG023,TRT022,2026-07-27,Closed,151907.32
CLM001199,POL09273,PRG009,TRT066,2026-01-29,Open,261643.28
CLM001200,POL00825,PRG002,TRT020,2026-01-30,Closed,118599.88
CLM001201,POL04106,PRG005,TRT062,2026-07-18,Open,161291.6
CLM001202,POL05803,PRG019,TRT054,2026-05-22,Closed,155209.79
CLM001203,POL02357,PRG023,TRT059,2026-05-01,Closed,269215.43
CLM001204,POL04892,PRG018,TRT048,2026-01-29,Open,158384.76
CLM001205,POL05964,PRG010,TRT088,2026-01-13,Closed,33042.36
CLM001206,POL04366,PRG023,TRT018,2026-02-15,Closed,114828.68
CLM001207,POL00028,PRG020,TRT038,2026-02-27,Pending,260986.73
CLM001208,POL00900,PRG025,TRT015,2026-08-09,Open,255669.59
CLM001209,POL06075,PRG014,TRT069,2026-04-07,Pending,272169.56
CLM001210,POL02538,PRG025,TRT010,2026-02-26,Open,188021.49
CLM001211,POL09746,PRG006,TRT059,2026-03-13,Open,100523.34
CLM001212,POL06471,PRG008,TRT066,2026-07-22,Closed,2158.93
CLM001213,POL00361,PRG019,TRT032,2026-02-14,Pending,265586.03
CLM001214,POL00056,PRG024,TRT081,2026-02-26,Closed,230605.99
CLM001215,POL02012,PRG016,TRT028,2026-01-20,Open,44886.97
CLM001216,POL06264,PRG023,TRT074,2026-02-11,Open,28180.84
CLM001217,POL00668,PRG006,TRT084,2026-04-13,Open,48847.88
CLM001218,POL02399,PRG020,TRT053,2026-05-11,Pending,67998.73
CLM001219,POL02613,PRG021,TRT099,2026-01-09,Pending,170803.1
CLM001220,POL04439,PRG019,TRT016,2026-05-08,Open,31189.68
CLM001221,POL04513,PRG009,TRT072,2026-01-05,Open,43565.57
CLM001222,POL07719,PRG021,TRT035,2026-04-08,Closed,155403.61
CLM001223,POL03053,PRG022,TRT045,2026-06-10,Closed,242684.5
CLM001224,POL07994,PRG002,TRT017,2026-06-10,Open,20211.71
CLM001225,POL03899,PRG008,TRT003,2026-06-18,Open,298501.03
CLM001226,POL07979,PRG007,TRT067,2026-04-19,Closed,258813.03
CLM001227,POL07679,PRG014,TRT023,2026-06-10,Closed,135577.43
CLM001228,POL02793,PRG007,TRT018,2026-02-13,Open,80052.57
CLM001229,POL07739,PRG005,TRT046,2026-03-30,Pending,120186.07
CLM001230,POL03068,PRG021,TRT083,2026-04-30,Pending,223346.06
CLM001231,POL00674,PRG015,TRT011,2026-08-15,Closed,264913.58
CLM001232,POL04066,PRG001,TRT053,2026-05-31,Open,151795.11
CLM001233,POL07568,PRG024,TRT079,2026-03-11,Open,92273.4
CLM001234,POL04395,PRG019,TRT001,2026-05-24,Closed,244349.79
CLM001235,POL08369,PRG012,TRT033,2026-04-12,Open,17909.61
CLM001236,POL01108,PRG018,TRT063,2026-06-22,Open,113845.27
CLM001237,POL01327,PRG021,TRT079,2026-02-02,Pending,181859.59
CLM001238,POL07679,PRG014,TRT023,2026-03-01,Closed,187763.26
CLM001239,POL08455,PRG010,TRT070,2026-04-24,Pending,43640.95
CLM001240,POL01062,PRG002,TRT057,2026-06-22,Open,114289.1
CLM001241,POL09472,PRG020,TRT039,2026-02-20,Closed,216786.29
CLM001242,POL01742,PRG020,TRT039,2026-01-20,Open,290737.54
CLM001243,POL05695,PRG002,TRT016,2026-05-26,Pending,57375.74
CLM001244,POL06448,PRG025,TRT096,2026-08-05,Closed,79150.25
CLM001245,POL06790,PRG016,TRT015,2026-07-09,Closed,297515.26
CLM001246,POL03404,PRG012,TRT069,2026-03-14,Open,19089.74
CLM001247,POL01915,PRG016,TRT010,2026-02-04,Open,280808.3
CLM001248,POL01425,PRG013,TRT100,2026-07-30,Open,69769.72
CLM001249,POL01556,PRG013,TRT097,2026-05-16,Pending,1290.63
CLM001250,POL02577,PRG023,TRT041,2026-03-13,Pending,263378.13
CLM001251,POL00197,PRG024,TRT039,2026-01-11,Open,243119.55
CLM001252,POL01087,PRG010,TRT092,2026-05-08,Pending,63742.53
CLM001253,POL00659,PRG021,TRT051,2026-07-03,Pending,199472.99
CLM001254,POL01189,PRG019,TRT017,2026-05-15,Closed,298996.06
CLM001255,POL07940,PRG013,TRT091,2026-02-13,Closed,113648.03
CLM001256,POL02072,PRG011,TRT048,2026-02-06,Closed,257196.29
CLM001257,POL07242,PRG011,TRT009,2026-05-19,Closed,162099.63
CLM001258,POL00557,PRG011,TRT057,2026-05-10,Open,196775.73
CLM001259,POL01970,PRG003,TRT012,2026-06-13,Closed,275855.38
CLM001260,POL07019,PRG012,TRT031,2026-05-26,Pending,97184.94
CLM001261,POL01610,PRG001,TRT068,2026-08-21,Open,149624.1
CLM001262,POL04865,PRG001,TRT013,2026-02-16,Pending,63784.22
CLM001263,POL08671,PRG002,TRT098,2026-03-20,Pending,116884.1
CLM001264,POL03519,PRG001,TRT052,2026-07-27,Open,286369.04
CLM001265,POL05726,PRG024,TRT065,2026-02-25,Open,122247.41
CLM001266,POL03729,PRG001,TRT042,2026-06-14,Closed,141651.88
CLM001267,POL07998,PRG013,TRT043,2026-02-11,Pending,25242.49
CLM001268,POL03065,PRG002,TRT024,2026-07-15,Open,89587.89
CLM001269,POL05128,PRG003,TRT004,2026-08-07,Closed,163556.4
CLM001270,POL07223,PRG011,TRT077,2026-07-04,Pending,73345.89
CLM001271,POL00126,PRG022,TRT061,2026-05-02,Closed,246747.64
CLM001272,POL00804,PRG010,TRT006,2026-05-12,Open,198709.95
CLM001273,POL04617,PRG003,TRT040,2026-05-24,Pending,65733.9
CLM001274,POL05804,PRG014,TRT059,2026-06-05,Open,130898.67
CLM001275,POL06289,PRG019,TRT021,2026-07-01,Closed,52272.82
CLM001276,POL05080,PRG018,TRT050,2026-06-09,Pending,13704.61
CLM001277,POL00998,PRG024,TRT074,2026-02-25,Pending,129821.28
CLM001278,POL00643,PRG005,TRT051,2026-08-26,Closed,193852.16
CLM001279,POL04758,PRG024,TRT098,2026-07-27,Pending,70572.7
CLM001280,POL00512,PRG004,TRT020,2026-05-08,Closed,156543.92
CLM001281,POL03485,PRG018,TRT049,2026-07-04,Closed,271700.55
CLM001282,POL07370,PRG001,TRT080,2026-02-21,Open,14682.32
CLM001283,POL08983,PRG015,TRT010,2026-06-28,Open,196519.73
CLM001284,POL00479,PRG017,TRT052,2026-04-30,Pending,154221.17
CLM001285,POL06686,PRG011,TRT085,2026-05-11,Open,206295.67
CLM001286,POL00561,PRG007,TRT057,2026-08-04,Pending,81058.05
CLM001287,POL06202,PRG019,TRT041,2026-06-04,Pending,60015.89
CLM001288,POL01840,PRG012,TRT064,2026-07-11,Open,195851.56
CLM001289,POL00819,PRG007,TRT028,2026-06-14,Open,135120.16
CLM001290,POL01993,PRG001,TRT049,2026-06-17,Open,232217.45
CLM001291,POL00580,PRG011,TRT004,2026-06-21,Closed,270407.73
CLM001292,POL00951,PRG009,TRT044,2026-04-23,Pending,269344.87
CLM001293,POL05693,PRG004,TRT067,2026-04-09,Open,274520.7
CLM001294,POL03520,PRG001,TRT080,2026-07-15,Open,110099.75
CLM001295,POL08525,PRG001,TRT052,2026-03-29,Closed,15994.06
CLM001296,POL09349,PRG006,TRT070,2026-06-06,Open,45078.26
CLM001297,POL07101,PRG025,TRT016,2026-03-16,Open,127529.76
CLM001298,POL05774,PRG018,TRT088,2026-08-11,Closed,150363.2
CLM001299,POL07271,PRG024,TRT068,2026-07-10,Open,109966.61
CLM001300,POL00128,PRG018,TRT086,2026-01-09,Open,198458.92
CLM001301,POL03187,PRG005,TRT077,2026-02-23,Pending,88222.87
CLM001302,POL02007,PRG015,TRT059,2026-08-24,Open,57095.54
CLM001303,POL03370,PRG016,TRT081,2026-01-11,Closed,123960.88
CLM001304,POL02063,PRG004,TRT038,2026-04-04,Open,233689.18
CLM001305,POL07161,PRG006,TRT026,2026-04-23,Closed,5834.67
CLM001306,POL01120,PRG021,TRT019,2026-04-01,Closed,200613.24
CLM001307,POL05660,PRG007,TRT028,2026-03-05,Pending,19289.58
CLM001308,POL06613,PRG023,TRT058,2026-04-05,Open,79059.96
CLM001309,POL03982,PRG007,TRT009,2026-01-26,Pending,295229.0
CLM001310,POL02905,PRG021,TRT062,2026-07-25,Pending,132744.7
CLM001311,POL00204,PRG006,TRT075,2026-05-20,Open,212778.61
CLM001312,POL09494,PRG025,TRT020,2026-06-04,Pending,264820.29
CLM001313,POL07696,PRG017,TRT060,2026-08-02,Pending,4707.67
CLM001314,POL08726,PRG002,TRT053,2026-06-29,Open,169879.84
CLM001315,POL00786,PRG017,TRT092,2026-04-08,Closed,118043.23
CLM001316,POL07020,PRG007,TRT011,2026-07-25,Closed,96512.62
CLM001317,POL00591,PRG013,TRT028,2026-01-15,Open,25707.29
CLM001318,POL08924,PRG003,TRT068,2026-06-09,Pending,245794.8
CLM001319,POL04711,PRG014,TRT035,2026-05-27,Pending,98307.94
CLM001320,POL09098,PRG017,TRT037,2026-06-25,Pending,240304.71
CLM001321,POL02196,PRG003,TRT004,2026-07-21,Closed,190431.38
CLM001322,POL06507,PRG009,TRT080,2026-06-06,Pending,39889.59
CLM001323,POL00784,PRG003,TRT055,2026-07-09,Open,125555.11
CLM001324,POL03776,PRG003,TRT035,2026-01-27,Open,114751.75
CLM001325,POL06202,PRG019,TRT041,2026-07-29,Pending,55927.55
CLM001326,POL05899,PRG020,TRT074,2026-01-31,Pending,119288.72
CLM001327,POL06167,PRG018,TRT021,2026-07-16,Open,104918.89
CLM001328,POL04879,PRG024,TRT023,2026-05-05,Closed,60392.75
CLM001329,POL09305,PRG020,TRT067,2026-01-13,Pending,139310.0
CLM001330,POL07888,PRG021,TRT073,2026-08-21,Pending,31410.53
CLM001331,POL02158,PRG003,TRT099,2026-08-14,Closed,26608.55
CLM001332,POL08375,PRG013,TRT071,2026-01-05,Open,281127.09
CLM001333,POL07761,PRG016,TRT081,2026-03-30,Pending,259711.08
CLM001334,POL00547,PRG004,TRT004,2026-02-26,Pending,232059.88
CLM001335,POL06107,PRG017,TRT004,2026-02-10,Closed,117059.67
CLM001336,POL01844,PRG006,TRT017,2026-01-19,Closed,126016.59
CLM001337,POL06917,PRG004,TRT034,2026-08-17,Pending,286244.65
CLM001338,POL08816,PRG017,TRT069,2026-02-17,Open,239103.01
CLM001339,POL07852,PRG020,TRT022,2026-03-30,Closed,134138.49
CLM001340,POL00126,PRG022,TRT061,2026-02-12,Open,120546.9
CLM001341,POL06962,PRG003,TRT015,2026-02-18,Closed,56380.87
CLM001342,POL07833,PRG018,TRT043,2026-07-30,Closed,255304.95
CLM001343,POL02345,PRG020,TRT072,2026-06-10,Pending,51052.38
CLM001344,POL01871,PRG008,TRT026,2026-03-26,Closed,274587.46
CLM001345,POL07014,PRG012,TRT071,2026-03-17,Open,184359.65
CLM001346,POL00457,PRG012,TRT003,2026-06-15,Open,7772.95
CLM001347,POL06391,PRG014,TRT045,2026-04-15,Pending,216977.97
CLM001348,POL08714,PRG022,TRT073,2026-01-04,Pending,114672.71
CLM001349,POL03992,PRG012,TRT060,2026-08-17,Pending,140487.52
CLM001350,POL03458,PRG025,TRT026,2026-03-08,Pending,90612.09
CLM001351,POL08588,PRG004,TRT016,2026-04-29,Open,78009.16
CLM001352,POL05956,PRG015,TRT050,2026-04-15,Pending,225254.96
CLM001353,POL05099,PRG024,TRT028,2026-05-04,Closed,222159.77
CLM001354,POL08882,PRG012,TRT056,2026-02-11,Pending,34246.65
CLM001355,POL09032,PRG009,TRT100,2026-07-19,Closed,239014.65
CLM001356,POL02970,PRG012,TRT053,2026-06-10,Closed,201556.47
CLM001357,POL03863,PRG013,TRT065,2026-05-26,Pending,2403.41
CLM001358,POL09558,PRG013,TRT061,2026-05-16,Open,166476.52
CLM001359,POL07960,PRG019,TRT090,2026-01-06,Open,162615.66
CLM001360,POL02908,PRG013,TRT050,2026-08-05,Closed,88818.77
CLM001361,POL01772,PRG012,TRT042,2026-02-03,Closed,231942.18
CLM001362,POL02252,PRG023,TRT055,2026-04-11,Open,221009.0
CLM001363,POL09341,PRG024,TRT061,2026-04-20,Closed,14379.52
CLM001364,POL02753,PRG016,TRT094,2026-01-15,Open,253810.88
CLM001365,POL05051,PRG015,TRT023,2026-05-29,Closed,264363.78
CLM001366,POL08302,PRG021,TRT096,2026-08-08,Open,79631.8
CLM001367,POL08226,PRG024,TRT074,2026-05-07,Open,190143.69
CLM001368,POL01894,PRG003,TRT057,2026-03-07,Open,228812.47
CLM001369,POL05280,PRG020,TRT074,2026-07-11,Closed,24226.53
CLM001370,POL09534,PRG005,TRT079,2026-06-26,Pending,280678.86
CLM001371,POL03091,PRG002,TRT041,2026-04-06,Closed,138322.83
CLM001372,POL07044,PRG023,TRT090,2026-06-27,Closed,264182.47
CLM001373,POL00520,PRG003,TRT072,2026-01-21,Closed,285571.96
CLM001374,POL04340,PRG013,TRT085,2026-02-02,Closed,179516.38
CLM001375,POL08063,PRG016,TRT027,2026-03-08,Open,166679.39
CLM001376,POL06489,PRG024,TRT065,2026-03-27,Closed,176080.8
CLM001377,POL02913,PRG008,TRT066,2026-06-15,Closed,90672.7
CLM001378,POL08936,PRG015,TRT084,2026-04-04,Pending,163233.78
CLM001379,POL01323,PRG003,TRT024,2026-04-14,Pending,42851.82
CLM001380,POL08553,PRG002,TRT040,2026-06-06,Pending,218289.66
CLM001381,POL04958,PRG005,TRT011,2026-08-24,Pending,118351.52
CLM001382,POL00735,PRG015,TRT052,2026-04-25,Closed,257978.97
CLM001383,POL03071,PRG024,TRT054,2026-03-04,Pending,117318.44
CLM001384,POL01700,PRG012,TRT011,2026-03-19,Closed,7078.01
CLM001385,POL09669,PRG002,TRT021,2026-06-23,Closed,182796.28
CLM001386,POL09864,PRG008,TRT087,2026-07-17,Pending,245538.74
CLM001387,POL08869,PRG018,TRT017,2026-05-21,Pending,250928.79
CLM001388,POL06980,PRG022,TRT048,2026-08-06,Closed,148267.38
CLM001389,POL08886,PRG015,TRT079,2026-02-16,Pending,139853.06
CLM001390,POL02005,PRG019,TRT021,2026-06-11,Pending,164278.56
CLM001391,POL06855,PRG020,TRT032,2026-06-30,Pending,223896.91
CLM001392,POL09812,PRG014,TRT056,2026-08-01,Open,123594.43
CLM001393,POL07787,PRG007,TRT074,2026-01-08,Open,126659.82
CLM001394,POL01079,PRG014,TRT033,2026-07-04,Open,286996.17
CLM001395,POL03476,PRG024,TRT002,2026-01-02,Closed,274804.26
CLM001396,POL05679,PRG014,TRT039,2026-08-23,Closed,90169.93
CLM001397,POL08031,PRG015,TRT047,2026-03-22,Open,45741.51
CLM001398,POL03877,PRG012,TRT073,2026-03-19,Closed,228946.08
CLM001399,POL00503,PRG001,TRT016,2026-07-09,Closed,58272.48
CLM001400,POL06354,PRG004,TRT026,2026-06-24,Pending,3107.3
CLM001401,POL04622,PRG013,TRT093,2026-03-13,Pending,23836.91
CLM001402,POL06084,PRG017,TRT094,2026-08-25,Open,8629.4
CLM001403,POL02424,PRG001,TRT080,2026-03-07,Open,65703.22
CLM001404,POL05263,PRG013,TRT096,2026-07-31,Open,108553.45
CLM001405,POL07914,PRG016,TRT096,2026-08-11,Pending,37337.77
CLM001406,POL06050,PRG023,TRT025,2026-02-16,Open,74418.0
CLM001407,POL07660,PRG002,TRT004,2026-06-17,Closed,86312.6
CLM001408,POL02349,PRG023,TRT058,2026-01-17,Open,15705.57
CLM001409,POL06530,PRG009,TRT058,2026-03-07,Closed,172172.67
CLM001410,POL09485,PRG008,TRT022,2026-05-25,Open,94870.77
CLM001411,POL09569,PRG022,TRT047,2026-05-13,Closed,99720.59
CLM001412,POL02602,PRG016,TRT092,2026-05-23,Pending,141949.02
CLM001413,POL00397,PRG021,TRT079,2026-04-23,Pending,208731.97
CLM001414,POL09638,PRG024,TRT087,2026-07-04,Closed,272940.32
CLM001415,POL07081,PRG011,TRT031,2026-07-12,Open,143960.22
CLM001416,POL05090,PRG024,TRT029,2026-03-09,Pending,275165.2
CLM001417,POL06146,PRG012,TRT064,2026-01-04,Pending,153239.62
CLM001418,POL05654,PRG020,TRT099,2026-01-16,Pending,163472.86
CLM001419,POL05986,PRG004,TRT003,2026-03-02,Pending,21622.15
CLM001420,POL02445,PRG015,TRT082,2026-05-21,Pending,165741.71
CLM001421,POL05320,PRG012,TRT016,2026-08-02,Open,286258.49
CLM001422,POL02090,PRG012,TRT035,2026-03-09,Open,2013.2
CLM001423,POL04344,PRG011,TRT090,2026-04-15,Open,58006.28
CLM001424,POL03191,PRG009,TRT006,2026-01-01,Open,270944.14
CLM001425,POL00990,PRG002,TRT003,2026-03-15,Pending,127564.14
CLM001426,POL00982,PRG019,TRT014,2026-01-23,Open,273114.98
CLM001427,POL00270,PRG017,TRT030,2026-01-13,Open,29485.07
CLM001428,POL04659,PRG019,TRT053,2026-01-09,Pending,213777.7
CLM001429,POL03399,PRG014,TRT007,2026-04-25,Pending,158491.31
CLM001430,POL07794,PRG015,TRT026,2026-05-06,Open,69672.01
CLM001431,POL00806,PRG008,TRT009,2026-02-05,Closed,28801.98
CLM001432,POL03452,PRG019,TRT062,2026-06-16,Pending,292256.1
CLM001433,POL05207,PRG022,TRT026,2026-04-09,Open,83983.33
CLM001434,POL00349,PRG024,TRT046,2026-07-31,Open,198913.2
CLM001435,POL02308,PRG017,TRT088,2026-06-27,Pending,100239.42
CLM001436,POL03319,PRG019,TRT067,2026-07-15,Pending,182965.32
CLM001437,POL01447,PRG024,TRT016,2026-05-03,Pending,16555.0
CLM001438,POL01876,PRG013,TRT092,2026-05-07,Pending,266465.01
CLM001439,POL04801,PRG001,TRT091,2026-05-31,Pending,52225.23
CLM001440,POL05634,PRG014,TRT092,2026-03-06,Open,272394.76
CLM001441,POL05611,PRG019,TRT076,2026-05-17,Pending,213492.53
CLM001442,POL09815,PRG012,TRT082,2026-06-04,Pending,97019.24
CLM001443,POL08731,PRG021,TRT026,2026-06-25,Closed,216062.06
CLM001444,POL00293,PRG009,TRT089,2026-06-19,Open,172944.35
CLM001445,POL03834,PRG020,TRT042,2026-01-20,Open,168168.28
CLM001446,POL03054,PRG014,TRT053,2026-04-23,Open,261889.85
CLM001447,POL05452,PRG005,TRT020,2026-03-26,Pending,3823.2
CLM001448,POL06024,PRG007,TRT041,2026-01-28,Pending,127387.19
CLM001449,POL07146,PRG006,TRT003,2026-05-15,Open,11437.9
CLM001450,POL09084,PRG020,TRT008,2026-08-02,Closed,258359.92
CLM001451,POL02883,PRG025,TRT053,2026-06-30,Closed,217629.83
CLM001452,POL01575,PRG019,TRT038,2026-01-08,Open,208456.42
CLM001453,POL04445,PRG012,TRT003,2026-08-22,Open,138616.18
CLM001454,POL02294,PRG002,TRT050,2026-08-13,Open,215938.15
CLM001455,POL08038,PRG003,TRT098,2026-05-25,Open,57899.14
CLM001456,POL08125,PRG017,TRT034,2026-04-13,Open,114977.17
CLM001457,POL00591,PRG013,TRT028,2026-07-04,Closed,173278.96
CLM001458,POL05133,PRG005,TRT014,2026-02-20,Pending,78321.38
CLM001459,POL04366,PRG023,TRT018,2026-05-19,Pending,14053.1
CLM001460,POL04770,PRG025,TRT067,2026-02-20,Pending,144645.65
CLM001461,POL09845,PRG007,TRT025,2026-07-31,Open,289728.68
CLM001462,POL07260,PRG022,TRT045,2026-07-04,Closed,263235.57
CLM001463,POL06725,PRG014,TRT068,2026-03-26,Open,196402.29
CLM001464,POL07530,PRG025,TRT038,2026-05-12,Pending,241423.96
CLM001465,POL03489,PRG009,TRT092,2026-08-20,Closed,243287.35
CLM001466,POL00447,PRG014,TRT008,2026-02-18,Closed,144684.33
CLM001467,POL09867,PRG011,TRT063,2026-04-07,Closed,189295.03
CLM001468,POL03845,PRG007,TRT034,2026-02-21,Closed,85292.18
CLM001469,POL08571,PRG014,TRT061,2026-05-30,Open,191495.59
CLM001470,POL03913,PRG022,TRT069,2026-08-10,Closed,280143.01
CLM001471,POL05893,PRG012,TRT025,2026-08-27,Closed,278343.21
CLM001472,POL08405,PRG014,TRT014,2026-06-25,Open,48313.46
CLM001473,POL03958,PRG011,TRT085,2026-06-27,Pending,78184.98
CLM001474,POL01444,PRG022,TRT079,2026-01-01,Closed,232413.84
CLM001475,POL04747,PRG025,TRT007,2026-01-12,Open,212122.16
CLM001476,POL06550,PRG016,TRT096,2026-03-14,Pending,193829.44
CLM001477,POL04642,PRG008,TRT076,2026-05-16,Pending,110925.28
CLM001478,POL05302,PRG002,TRT050,2026-06-07,Pending,126454.17
CLM001479,POL02009,PRG021,TRT026,2026-03-19,Closed,275079.95
CLM001480,POL04510,PRG013,TRT076,2026-01-30,Pending,125349.77
CLM001481,POL07009,PRG005,TRT034,2026-06-18,Pending,270877.74
CLM001482,POL02046,PRG022,TRT043,2026-02-24,Closed,90231.9
CLM001483,POL08019,PRG016,TRT095,2026-04-25,Open,18615.52
CLM001484,POL05080,PRG018,TRT050,2026-03-28,Pending,59658.13
CLM001485,POL09161,PRG025,TRT016,2026-02-23,Pending,159754.01
CLM001486,POL05470,PRG016,TRT055,2026-02-01,Pending,242524.46
CLM001487,POL04789,PRG020,TRT058,2026-03-06,Closed,237835.75
CLM001488,POL08425,PRG013,TRT029,2026-02-02,Open,160561.12
CLM001489,POL02177,PRG005,TRT084,2026-07-29,Closed,268956.05
CLM001490,POL02989,PRG013,TRT037,2026-06-30,Closed,83989.8
CLM001491,POL08537,PRG007,TRT050,2026-07-06,Open,48606.88
CLM001492,POL06276,PRG013,TRT044,2026-04-13,Open,248755.36
CLM001493,POL00630,PRG004,TRT086,2026-05-16,Closed,126319.2
CLM001494,POL09033,PRG007,TRT018,2026-05-14,Open,299488.45
CLM001495,POL02875,PRG019,TRT015,2026-01-07,Closed,73227.9
CLM001496,POL06311,PRG019,TRT093,2026-01-19,Pending,264152.89
CLM001497,POL03823,PRG021,TRT002,2026-05-23,Pending,190408.83
CLM001498,POL05913,PRG011,TRT008,2026-08-16,Pending,255742.62
CLM001499,POL05776,PRG010,TRT063,2026-04-02,Pending,133257.57
CLM001500,POL05126,PRG008,TRT066,2026-07-04,Closed,94901.71
CLM001501,POL05709,PRG016,TRT093,2026-07-18,Open,223084.15
CLM001502,POL04312,PRG014,TRT057,2026-02-03,Closed,286941.78
CLM001503,POL07069,PRG023,TRT072,2026-04-21,Open,139198.63
CLM001504,POL04799,PRG023,TRT087,2026-06-02,Pending,150196.78
CLM001505,POL01310,PRG020,TRT028,2026-07-22,Open,244588.34
CLM001506,POL00767,PRG011,TRT023,2026-05-15,Pending,222542.78
CLM001507,POL09464,PRG001,TRT094,2026-05-12,Pending,156630.53
CLM001508,POL03820,PRG013,TRT074,2026-01-10,Pending,146869.87
CLM001509,POL07363,PRG004,TRT005,2026-05-08,Open,8691.03
CLM001510,POL03504,PRG006,TRT035,2026-06-12,Open,187122.98
CLM001511,POL09895,PRG014,TRT032,2026-01-28,Pending,240720.97
CLM001512,POL06106,PRG006,TRT008,2026-08-22,Open,237340.6
CLM001513,POL05755,PRG022,TRT052,2026-04-05,Closed,165437.97
CLM001514,POL02778,PRG007,TRT079,2026-05-27,Open,134644.42
CLM001515,POL08723,PRG004,TRT012,2026-07-16,Pending,132551.99
CLM001516,POL04770,PRG025,TRT067,2026-08-24,Closed,108276.25
CLM001517,POL01849,PRG001,TRT033,2026-05-20,Open,141645.97
CLM001518,POL08776,PRG005,TRT045,2026-06-23,Pending,20485.84
CLM001519,POL01782,PRG025,TRT028,2026-04-16,Closed,47711.35
CLM001520,POL06906,PRG010,TRT099,2026-06-23,Open,155012.8
CLM001521,POL09724,PRG023,TRT094,2026-03-05,Pending,232289.81
CLM001522,POL04420,PRG025,TRT041,2026-04-08,Pending,255274.7
CLM001523,POL03367,PRG006,TRT090,2026-05-27,Closed,207658.52
CLM001524,POL06913,PRG003,TRT098,2026-01-31,Closed,221582.91
CLM001525,POL09122,PRG007,TRT100,2026-08-18,Pending,185785.14
CLM001526,POL03031,PRG025,TRT081,2026-06-07,Pending,36245.3
CLM001527,POL05250,PRG008,TRT036,2026-01-11,Pending,147061.14
CLM001528,POL01305,PRG008,TRT038,2026-07-29,Pending,219007.8
CLM001529,POL07709,PRG007,TRT073,2026-01-16,Pending,133896.25
CLM001530,POL00047,PRG015,TRT029,2026-07-09,Closed,193306.05
CLM001531,POL04279,PRG006,TRT028,2026-07-30,Open,88120.41
CLM001532,POL04297,PRG016,TRT072,2026-06-21,Closed,202175.16
CLM001533,POL07401,PRG009,TRT069,2026-06-05,Closed,12663.33
CLM001534,POL01373,PRG006,TRT036,2026-04-27,Open,106234.84
CLM001535,POL05014,PRG006,TRT035,2026-01-09,Pending,187025.74
CLM001536,POL01450,PRG018,TRT003,2026-05-02,Pending,85690.41
CLM001537,POL00859,PRG005,TRT023,2026-04-19,Closed,205441.33
CLM001538,POL06198,PRG003,TRT071,2026-08-08,Pending,149523.64
CLM001539,POL06491,PRG011,TRT034,2026-04-05,Pending,63168.71
CLM001540,POL01396,PRG004,TRT082,2026-03-24,Closed,75744.72
CLM001541,POL05340,PRG017,TRT010,2026-01-26,Pending,190630.77
CLM001542,POL01551,PRG006,TRT014,2026-04-17,Open,260828.26
CLM001543,POL08107,PRG018,TRT021,2026-02-23,Open,2295.89
CLM001544,POL07385,PRG014,TRT081,2026-01-14,Closed,293159.92
CLM001545,POL02384,PRG017,TRT075,2026-07-07,Pending,218695.96
CLM001546,POL00884,PRG014,TRT076,2026-04-04,Closed,48758.12
CLM001547,POL04199,PRG011,TRT081,2026-05-16,Closed,59031.53
CLM001548,POL09600,PRG022,TRT096,2026-01-23,Pending,80408.59
CLM001549,POL09922,PRG015,TRT063,2026-08-16,Open,281418.12
CLM001550,POL09411,PRG025,TRT036,2026-02-03,Closed,280869.8
CLM001551,POL08692,PRG005,TRT018,2026-07-24,Open,52378.51
CLM001552,POL04013,PRG008,TRT058,2026-07-03,Open,100508.97
CLM001553,POL07862,PRG007,TRT072,2026-05-28,Open,33499.69
CLM001554,POL08523,PRG018,TRT033,2026-08-08,Open,72733.22
CLM001555,POL00572,PRG016,TRT037,2026-04-10,Open,81708.92
CLM001556,POL02008,PRG014,TRT050,2026-01-28,Closed,7289.38
CLM001557,POL06206,PRG025,TRT092,2026-08-13,Open,189329.92
CLM001558,POL04065,PRG011,TRT073,2026-03-28,Pending,67925.2
CLM001559,POL09446,PRG010,TRT021,2026-07-10,Open,22408.78
CLM001560,POL04154,PRG024,TRT003,2026-03-18,Closed,168197.97
CLM001561,POL00249,PRG007,TRT071,2026-02-11,Closed,5531.97
CLM001562,POL00734,PRG006,TRT040,2026-08-01,Pending,246410.29
CLM001563,POL09498,PRG023,TRT030,2026-03-29,Open,118576.82
CLM001564,POL01534,PRG020,TRT047,2026-06-09,Closed,138150.15
CLM001565,POL06688,PRG025,TRT014,2026-03-03,Closed,104892.05
CLM001566,POL09695,PRG014,TRT092,2026-07-27,Closed,157957.44
CLM001567,POL06280,PRG021,TRT035,2026-05-13,Open,118386.31
CLM001568,POL03875,PRG009,TRT074,2026-05-12,Pending,213553.06
CLM001569,POL03909,PRG021,TRT047,2026-08-13,Closed,124614.66
CLM001570,POL02408,PRG013,TRT010,2026-08-11,Open,299122.38
CLM001571,POL06300,PRG002,TRT069,2026-02-28,Closed,195350.44
CLM001572,POL00212,PRG024,TRT040,2026-06-26,Closed,58144.2
CLM001573,POL03817,PRG017,TRT095,2026-01-03,Pending,248743.13
CLM001574,POL01014,PRG003,TRT080,2026-04-20,Open,203286.68
CLM001575,POL06591,PRG019,TRT002,2026-04-06,Pending,70599.14
CLM001576,POL04495,PRG010,TRT067,2026-05-13,Closed,190285.21
CLM001577,POL06677,PRG018,TRT019,2026-06-29,Pending,299396.29
CLM001578,POL09579,PRG013,TRT048,2026-05-07,Pending,229702.01
CLM001579,POL03646,PRG019,TRT018,2026-03-24,Open,215034.57
CLM001580,POL04955,PRG009,TRT049,2026-05-14,Open,127476.52
CLM001581,POL05839,PRG012,TRT059,2026-02-12,Open,69522.46
CLM001582,POL06860,PRG011,TRT100,2026-04-25,Pending,74140.54
CLM001583,POL07526,PRG001,TRT027,2026-05-21,Open,38894.34
CLM001584,POL08193,PRG004,TRT083,2026-05-29,Pending,41973.09
CLM001585,POL06835,PRG020,TRT040,2026-03-26,Pending,17037.54
CLM001586,POL00302,PRG007,TRT060,2026-08-22,Pending,232795.06
CLM001587,POL03855,PRG009,TRT089,2026-03-23,Open,139699.58
CLM001588,POL03509,PRG015,TRT098,2026-01-12,Pending,278175.55
CLM001589,POL08955,PRG024,TRT010,2026-05-10,Open,53797.4
CLM001590,POL03519,PRG001,TRT052,2026-08-22,Pending,14249.62
CLM001591,POL07291,PRG019,TRT016,2026-05-25,Open,193045.32
CLM001592,POL05263,PRG013,TRT096,2026-03-30,Closed,156946.26
CLM001593,POL05012,PRG013,TRT045,2026-05-28,Open,214667.03
CLM001594,POL09523,PRG004,TRT030,2026-04-28,Closed,52315.6
CLM001595,POL05575,PRG025,TRT064,2026-02-14,Pending,53086.14
CLM001596,POL09176,PRG007,TRT014,2026-07-06,Closed,275580.5
CLM001597,POL04618,PRG009,TRT030,2026-08-14,Closed,83449.3
CLM001598,POL09159,PRG007,TRT071,2026-05-29,Closed,80388.72
CLM001599,POL04303,PRG004,TRT089,2026-08-01,Open,49333.16
CLM001600,POL02498,PRG015,TRT073,2026-02-28,Pending,175374.13
CLM001601,POL00571,PRG020,TRT035,2026-07-27,Open,279982.95
CLM001602,POL09485,PRG008,TRT022,2026-06-08,Closed,136792.24
CLM001603,POL02798,PRG003,TRT080,2026-04-19,Pending,109383.57
CLM001604,POL01514,PRG011,TRT083,2026-04-09,Closed,151129.07
CLM001605,POL06794,PRG014,TRT002,2026-04-08,Open,133343.29
CLM001606,POL02130,PRG005,TRT064,2026-08-12,Pending,269817.65
CLM001607,POL06223,PRG014,TRT019,2026-06-04,Open,48002.18
CLM001608,POL06392,PRG020,TRT023,2026-03-28,Pending,295230.83
CLM001609,POL02163,PRG009,TRT027,2026-06-12,Pending,134395.27
CLM001610,POL00306,PRG002,TRT064,2026-03-31,Closed,59430.33
CLM001611,POL08961,PRG011,TRT057,2026-01-11,Pending,239922.71
CLM001612,POL09508,PRG006,TRT003,2026-01-23,Closed,298707.07
CLM001613,POL08634,PRG013,TRT011,2026-01-29,Open,153964.26
CLM001614,POL05166,PRG017,TRT066,2026-06-16,Pending,185167.11
CLM001615,POL04053,PRG006,TRT067,2026-06-18,Pending,115008.33
CLM001616,POL06461,PRG007,TRT036,2026-01-12,Open,30235.35
CLM001617,POL09453,PRG018,TRT015,2026-05-30,Pending,203755.65
CLM001618,POL01077,PRG009,TRT051,2026-07-21,Closed,61674.49
CLM001619,POL03754,PRG011,TRT037,2026-05-12,Pending,298725.14
CLM001620,POL06066,PRG015,TRT070,2026-07-10,Pending,169721.23
CLM001621,POL00030,PRG001,TRT070,2026-04-14,Closed,239397.22
CLM001622,POL07315,PRG006,TRT023,2026-06-23,Closed,124861.07
CLM001623,POL04743,PRG007,TRT072,2026-03-10,Open,16280.89
CLM001624,POL03913,PRG022,TRT069,2026-03-03,Pending,195477.28
CLM001625,POL01560,PRG013,TRT082,2026-02-10,Open,53627.92
CLM001626,POL03237,PRG015,TRT055,2026-03-01,Pending,213820.6
CLM001627,POL03502,PRG020,TRT052,2026-06-05,Open,77864.67
CLM001628,POL07364,PRG016,TRT069,2026-03-29,Closed,261379.62
CLM001629,POL00173,PRG009,TRT058,2026-03-03,Open,20701.29
CLM001630,POL07626,PRG008,TRT041,2026-05-01,Open,147085.06
CLM001631,POL06342,PRG007,TRT066,2026-03-13,Pending,139265.63
CLM001632,POL03193,PRG010,TRT088,2026-08-13,Pending,263514.5
CLM001633,POL01889,PRG002,TRT009,2026-04-22,Closed,198828.7
CLM001634,POL04771,PRG003,TRT070,2026-02-14,Closed,277179.05
CLM001635,POL02142,PRG008,TRT035,2026-08-11,Open,163962.16
CLM001636,POL03260,PRG001,TRT041,2026-08-01,Open,278068.59
CLM001637,POL09651,PRG012,TRT024,2026-08-23,Open,116886.17
CLM001638,POL07644,PRG009,TRT022,2026-02-19,Closed,204282.29
CLM001639,POL05844,PRG011,TRT032,2026-02-19,Open,201711.56
CLM001640,POL02926,PRG013,TRT028,2026-06-16,Pending,67390.2
CLM001641,POL07480,PRG006,TRT055,2026-05-25,Open,49393.51
CLM001642,POL04098,PRG023,TRT060,2026-05-31,Open,129336.07
CLM001643,POL08351,PRG013,TRT075,2026-06-13,Open,23329.77
CLM001644,POL08385,PRG007,TRT098,2026-04-11,Open,195897.95
CLM001645,POL07533,PRG016,TRT032,2026-06-28,Pending,34390.85
CLM001646,POL05140,PRG025,TRT093,2026-02-08,Open,102657.33
CLM001647,POL01118,PRG006,TRT028,2026-01-14,Closed,162746.54
CLM001648,POL06400,PRG020,TRT077,2026-08-11,Open,174396.57
CLM001649,POL00417,PRG004,TRT046,2026-02-18,Pending,30381.14
CLM001650,POL04936,PRG006,TRT064,2026-02-27,Open,226573.37
CLM001651,POL09483,PRG008,TRT084,2026-03-12,Pending,285794.23
CLM001652,POL08594,PRG021,TRT015,2026-02-15,Closed,31040.38
CLM001653,POL04162,PRG018,TRT069,2026-06-27,Open,107373.27
CLM001654,POL06254,PRG023,TRT090,2026-08-15,Closed,96920.43
CLM001655,POL02720,PRG011,TRT057,2026-01-01,Pending,194329.62
CLM001656,POL00142,PRG018,TRT087,2026-03-20,Open,122211.93
CLM001657,POL02412,PRG020,TRT075,2026-01-20,Pending,128930.34
CLM001658,POL01473,PRG023,TRT027,2026-08-18,Closed,295243.39
CLM001659,POL00003,PRG004,TRT011,2026-03-31,Closed,245951.91
CLM001660,POL00573,PRG024,TRT082,2026-03-30,Pending,99812.87
CLM001661,POL09674,PRG007,TRT020,2026-04-13,Closed,229667.23
CLM001662,POL03488,PRG018,TRT054,2026-03-01,Pending,260127.42
CLM001663,POL05284,PRG015,TRT025,2026-02-19,Open,49072.54
CLM001664,POL05835,PRG014,TRT017,2026-05-20,Open,174672.61
CLM001665,POL05472,PRG002,TRT055,2026-02-19,Open,97664.15
CLM001666,POL00117,PRG014,TRT026,2026-06-10,Closed,206753.37
CLM001667,POL06226,PRG016,TRT068,2026-05-10,Pending,66231.61
CLM001668,POL02412,PRG020,TRT075,2026-05-16,Open,266030.09
CLM001669,POL07207,PRG014,TRT097,2026-05-08,Closed,156025.82
CLM001670,POL09743,PRG005,TRT059,2026-05-21,Closed,296745.23
CLM001671,POL02198,PRG001,TRT009,2026-07-25,Open,275877.19
CLM001672,POL03646,PRG019,TRT018,2026-06-12,Closed,7857.42
CLM001673,POL08959,PRG007,TRT051,2026-07-09,Closed,190711.5
CLM001674,POL02429,PRG001,TRT038,2026-06-16,Closed,119159.6
CLM001675,POL03711,PRG019,TRT004,2026-04-10,Pending,156433.6
CLM001676,POL02587,PRG007,TRT069,2026-07-07,Open,50798.58
CLM001677,POL05597,PRG013,TRT010,2026-08-23,Open,63632.99
CLM001678,POL08254,PRG005,TRT077,2026-03-20,Closed,235324.8
CLM001679,POL06486,PRG016,TRT093,2026-06-14,Closed,249609.07
CLM001680,POL08333,PRG002,TRT004,2026-08-06,Open,114584.42
CLM001681,POL04503,PRG015,TRT093,2026-02-20,Open,32389.95
CLM001682,POL02151,PRG006,TRT073,2026-08-06,Pending,255491.18
CLM001683,POL04182,PRG003,TRT096,2026-02-13,Open,23300.77
CLM001684,POL00387,PRG015,TRT022,2026-08-07,Closed,45717.81
CLM001685,POL09857,PRG008,TRT066,2026-01-09,Open,141871.31
CLM001686,POL08076,PRG022,TRT097,2026-06-02,Pending,280820.71
CLM001687,POL03380,PRG023,TRT046,2026-04-28,Closed,260022.63
CLM001688,POL06139,PRG011,TRT018,2026-01-31,Open,221334.87
CLM001689,POL09489,PRG010,TRT061,2026-02-17,Pending,220232.41
CLM001690,POL02813,PRG011,TRT011,2026-05-11,Closed,1805.48
CLM001691,POL01244,PRG010,TRT060,2026-05-06,Closed,204811.86
CLM001692,POL06020,PRG019,TRT091,2026-01-06,Pending,229937.23
CLM001693,POL01798,PRG001,TRT043,2026-08-13,Pending,172149.36
CLM001694,POL09161,PRG025,TRT016,2026-05-31,Open,130434.96
CLM001695,POL00073,PRG006,TRT088,2026-04-30,Open,188028.9
CLM001696,POL02303,PRG020,TRT052,2026-03-28,Open,259131.52
CLM001697,POL01273,PRG017,TRT065,2026-01-28,Pending,189357.77
CLM001698,POL02905,PRG021,TRT062,2026-03-12,Closed,28357.63
CLM001699,POL00187,PRG006,TRT015,2026-07-06,Open,184329.96
CLM001700,POL07285,PRG018,TRT098,2026-02-25,Closed,121891.08
CLM001701,POL06455,PRG005,TRT044,2026-05-31,Closed,29428.21
CLM001702,POL01707,PRG011,TRT072,2026-04-30,Pending,120406.74
CLM001703,POL09752,PRG019,TRT039,2026-05-14,Open,219528.77
CLM001704,POL08194,PRG002,TRT016,2026-07-21,Closed,175530.25
CLM001705,POL03494,PRG020,TRT030,2026-05-16,Closed,216866.62
CLM001706,POL01172,PRG008,TRT007,2026-01-05,Pending,163809.61
CLM001707,POL01988,PRG009,TRT001,2026-02-01,Closed,285099.44
CLM001708,POL05184,PRG010,TRT073,2026-07-30,Closed,22907.52
CLM001709,POL00423,PRG006,TRT099,2026-06-04,Pending,286521.97
CLM001710,POL00159,PRG001,TRT082,2026-01-09,Pending,24694.07
CLM001711,POL04269,PRG023,TRT011,2026-07-10,Closed,266169.88
CLM001712,POL05036,PRG004,TRT070,2026-02-24,Pending,219963.45
CLM001713,POL07438,PRG013,TRT042,2026-07-04,Closed,238112.1
CLM001714,POL08266,PRG021,TRT025,2026-02-04,Pending,144134.0
CLM001715,POL08986,PRG018,TRT032,2026-05-09,Closed,214368.43
CLM001716,POL02110,PRG009,TRT082,2026-01-01,Open,105191.66
CLM001717,POL03601,PRG019,TRT074,2026-08-20,Pending,57880.28
CLM001718,POL09481,PRG024,TRT087,2026-07-29,Open,10695.44
CLM001719,POL04709,PRG017,TRT040,2026-05-26,Closed,150284.28
CLM001720,POL02887,PRG008,TRT096,2026-04-13,Open,100955.22
CLM001721,POL01095,PRG009,TRT086,2026-06-21,Pending,71800.59
CLM001722,POL04164,PRG011,TRT078,2026-01-05,Closed,157821.75
CLM001723,POL09218,PRG018,TRT024,2026-08-08,Open,6040.47
CLM001724,POL03518,PRG009,TRT091,2026-03-27,Closed,118523.73
CLM001725,POL08581,PRG021,TRT034,2026-01-08,Open,43090.36
CLM001726,POL00291,PRG022,TRT046,2026-05-04,Open,40665.18
CLM001727,POL05381,PRG012,TRT022,2026-03-22,Closed,73664.49
CLM001728,POL05099,PRG024,TRT028,2026-01-31,Closed,12731.76
CLM001729,POL08304,PRG020,TRT058,2026-06-01,Closed,192976.52
CLM001730,POL06441,PRG001,TRT093,2026-03-19,Open,21269.65
CLM001731,POL02976,PRG023,TRT021,2026-03-25,Open,80885.56
CLM001732,POL08501,PRG004,TRT035,2026-01-27,Pending,167747.56
CLM001733,POL03462,PRG017,TRT090,2026-03-21,Pending,145373.61
CLM001734,POL05672,PRG014,TRT049,2026-08-25,Closed,180650.96
CLM001735,POL07521,PRG015,TRT041,2026-03-07,Open,60944.42
CLM001736,POL00114,PRG024,TRT041,2026-01-07,Open,298104.93
CLM001737,POL03102,PRG015,TRT068,2026-02-18,Open,219653.42
CLM001738,POL05662,PRG017,TRT070,2026-07-01,Open,80835.44
CLM001739,POL08049,PRG012,TRT092,2026-06-25,Open,226150.04
CLM001740,POL02422,PRG014,TRT044,2026-03-18,Closed,76276.52
CLM001741,POL05789,PRG006,TRT082,2026-02-25,Closed,72040.91
CLM001742,POL04256,PRG016,TRT076,2026-03-30,Pending,195610.82
CLM001743,POL00228,PRG009,TRT071,2026-01-31,Open,246776.68
CLM001744,POL06319,PRG017,TRT065,2026-08-04,Closed,176247.9
CLM001745,POL06131,PRG013,TRT001,2026-08-15,Pending,51242.14
CLM001746,POL03933,PRG017,TRT037,2026-05-26,Open,278564.7
CLM001747,POL01352,PRG015,TRT063,2026-03-29,Open,83438.77
CLM001748,POL08987,PRG013,TRT082,2026-03-04,Open,132314.08
CLM001749,POL09592,PRG016,TRT059,2026-04-08,Open,131563.95
CLM001750,POL07263,PRG005,TRT076,2026-07-15,Closed,267227.66
CLM001751,POL09298,PRG003,TRT015,2026-05-12,Closed,2568.08
CLM001752,POL09538,PRG019,TRT093,2026-08-17,Pending,217136.0
CLM001753,POL09937,PRG015,TRT094,2026-05-19,Closed,143795.91
CLM001754,POL09406,PRG012,TRT061,2026-06-01,Pending,220918.96
CLM001755,POL02399,PRG020,TRT053,2026-03-03,Open,82158.33
CLM001756,POL03342,PRG020,TRT080,2026-06-06,Pending,294896.73
CLM001757,POL05072,PRG017,TRT033,2026-06-22,Open,260361.83
CLM001758,POL09353,PRG005,TRT013,2026-08-06,Open,241032.5
CLM001759,POL07205,PRG004,TRT064,2026-03-25,Open,135403.67
CLM001760,POL05456,PRG004,TRT074,2026-04-23,Closed,277206.3
CLM001761,POL06740,PRG016,TRT020,2026-05-14,Pending,226329.95
CLM001762,POL06403,PRG023,TRT018,2026-05-11,Closed,148677.51
CLM001763,POL06347,PRG011,TRT006,2026-05-05,Open,104003.56
CLM001764,POL02896,PRG019,TRT054,2026-04-02,Open,1658.34
CLM001765,POL00460,PRG008,TRT080,2026-05-16,Closed,51689.98
CLM001766,POL04781,PRG022,TRT005,2026-08-03,Pending,296381.11
CLM001767,POL03867,PRG002,TRT076,2026-08-25,Closed,150101.39
CLM001768,POL06200,PRG017,TRT044,2026-02-09,Pending,66693.46
CLM001769,POL07989,PRG002,TRT021,2026-05-25,Pending,241286.01
CLM001770,POL06141,PRG014,TRT054,2026-06-01,Pending,75069.18
CLM001771,POL05588,PRG004,TRT096,2026-05-27,Open,6951.52
CLM001772,POL02983,PRG018,TRT079,2026-04-25,Open,147378.82
CLM001773,POL00011,PRG022,TRT046,2026-06-13,Open,246842.74
CLM001774,POL02953,PRG016,TRT067,2026-05-17,Open,195298.24
CLM001775,POL00048,PRG011,TRT018,2026-07-12,Pending,277009.08
CLM001776,POL02133,PRG002,TRT030,2026-04-26,Closed,140373.38
CLM001777,POL05093,PRG013,TRT096,2026-01-18,Pending,260168.15
CLM001778,POL02898,PRG021,TRT016,2026-03-12,Pending,272080.14
CLM001779,POL01378,PRG009,TRT068,2026-03-05,Open,175021.12
CLM001780,POL04419,PRG023,TRT062,2026-03-07,Closed,122417.75
CLM001781,POL01701,PRG001,TRT062,2026-05-25,Open,181016.07
CLM001782,POL09241,PRG012,TRT040,2026-01-14,Closed,230493.97
CLM001783,POL07761,PRG016,TRT081,2026-05-03,Open,163105.33
CLM001784,POL03529,PRG018,TRT022,2026-03-31,Pending,246530.27
CLM001785,POL08900,PRG011,TRT001,2026-05-10,Closed,123419.56
CLM001786,POL02352,PRG019,TRT073,2026-03-12,Open,56447.26
CLM001787,POL00504,PRG005,TRT072,2026-07-31,Closed,90895.86
CLM001788,POL05642,PRG013,TRT010,2026-03-21,Closed,208466.87
CLM001789,POL07457,PRG007,TRT088,2026-05-29,Pending,30881.37
CLM001790,POL08536,PRG025,TRT039,2026-01-11,Closed,229598.47
CLM001791,POL02237,PRG008,TRT093,2026-08-23,Pending,258833.16
CLM001792,POL09325,PRG010,TRT067,2026-02-23,Closed,149420.14
CLM001793,POL00647,PRG006,TRT049,2026-07-11,Open,150138.34
CLM001794,POL02134,PRG017,TRT029,2026-05-24,Open,116773.13
CLM001795,POL09833,PRG011,TRT033,2026-05-06,Pending,166668.46
CLM001796,POL02394,PRG025,TRT056,2026-07-24,Open,138112.9
CLM001797,POL07636,PRG015,TRT069,2026-03-12,Pending,192005.43
CLM001798,POL02180,PRG017,TRT016,2026-08-11,Open,212575.69
CLM001799,POL01115,PRG024,TRT085,2026-02-12,Pending,33294.86
CLM001800,POL03702,PRG019,TRT013,2026-07-08,Closed,221067.86
CLM001801,POL09520,PRG025,TRT020,2026-03-29,Closed,206027.69
CLM001802,POL03892,PRG007,TRT073,2026-08-22,Open,258754.09
CLM001803,POL02097,PRG008,TRT079,2026-06-30,Open,112168.76
CLM001804,POL04145,PRG013,TRT031,2026-07-31,Open,86894.54
CLM001805,POL05884,PRG017,TRT050,2026-04-12,Pending,199176.39
CLM001806,POL01688,PRG004,TRT025,2026-02-04,Open,270531.85
CLM001807,POL04280,PRG005,TRT025,2026-03-01,Open,255580.08
CLM001808,POL00863,PRG024,TRT100,2026-08-22,Pending,260784.11
CLM001809,POL06444,PRG013,TRT087,2026-01-28,Pending,18038.8
CLM001810,POL00564,PRG006,TRT035,2026-07-23,Closed,62211.04
CLM001811,POL05622,PRG021,TRT013,2026-06-08,Open,116070.34
CLM001812,POL00886,PRG015,TRT059,2026-03-06,Closed,277734.32
CLM001813,POL08882,PRG012,TRT056,2026-07-02,Open,194310.71
CLM001814,POL04841,PRG004,TRT008,2026-07-27,Closed,139809.73
CLM001815,POL04473,PRG007,TRT079,2026-06-10,Open,166736.75
CLM001816,POL08413,PRG012,TRT026,2026-01-17,Open,234619.94
CLM001817,POL02890,PRG019,TRT001,2026-08-12,Closed,242225.49
CLM001818,POL09846,PRG024,TRT075,2026-01-25,Closed,152102.42
CLM001819,POL00916,PRG009,TRT058,2026-01-12,Closed,4849.12
CLM001820,POL00123,PRG014,TRT020,2026-06-04,Pending,299134.33
CLM001821,POL07423,PRG020,TRT051,2026-07-07,Pending,248021.27
CLM001822,POL02200,PRG023,TRT066,2026-07-10,Open,128797.5
CLM001823,POL05399,PRG021,TRT048,2026-05-02,Open,263240.93
CLM001824,POL05595,PRG002,TRT068,2026-03-25,Pending,182884.46
CLM001825,POL03602,PRG017,TRT037,2026-02-13,Closed,165387.47
CLM001826,POL03607,PRG016,TRT020,2026-03-26,Closed,230232.49
CLM001827,POL04559,PRG019,TRT063,2026-05-08,Open,28393.01
CLM001828,POL02153,PRG007,TRT058,2026-04-13,Closed,166890.87
CLM001829,POL06637,PRG019,TRT027,2026-05-11,Closed,25660.81
CLM001830,POL01149,PRG004,TRT075,2026-05-03,Pending,144139.33
CLM001831,POL02291,PRG014,TRT020,2026-02-19,Pending,218014.99
CLM001832,POL02271,PRG016,TRT032,2026-06-06,Pending,235255.79
CLM001833,POL00653,PRG003,TRT079,2026-02-01,Open,7158.12
CLM001834,POL09592,PRG016,TRT059,2026-04-29,Open,32717.99
CLM001835,POL08327,PRG005,TRT056,2026-05-10,Closed,97214.69
CLM001836,POL04802,PRG012,TRT001,2026-02-21,Closed,115880.82
CLM001837,POL09387,PRG006,TRT091,2026-05-29,Pending,126863.87
CLM001838,POL01052,PRG024,TRT011,2026-02-25,Open,97273.9
CLM001839,POL06056,PRG009,TRT073,2026-05-18,Open,159826.68
CLM001840,POL07392,PRG015,TRT085,2026-08-04,Pending,36211.99
CLM001841,POL07888,PRG021,TRT073,2026-06-21,Open,272683.11
CLM001842,POL06268,PRG021,TRT066,2026-01-30,Pending,1987.71
CLM001843,POL01769,PRG005,TRT079,2026-08-11,Open,187198.73
CLM001844,POL08880,PRG006,TRT058,2026-06-05,Open,297419.13
CLM001845,POL05853,PRG016,TRT074,2026-03-15,Pending,250426.05
CLM001846,POL02392,PRG010,TRT038,2026-06-16,Closed,100228.16
CLM001847,POL03984,PRG012,TRT055,2026-04-15,Pending,30384.89
CLM001848,POL02012,PRG016,TRT028,2026-05-19,Closed,39309.85
CLM001849,POL08777,PRG002,TRT059,2026-02-28,Open,293095.9
CLM001850,POL03937,PRG018,TRT048,2026-02-01,Pending,238982.64
CLM001851,POL03074,PRG021,TRT071,2026-06-17,Pending,152816.52
CLM001852,POL05711,PRG019,TRT055,2026-08-26,Pending,119480.79
CLM001853,POL04328,PRG014,TRT085,2026-05-01,Pending,181762.43
CLM001854,POL02084,PRG005,TRT078,2026-07-03,Closed,286904.18
CLM001855,POL02540,PRG008,TRT019,2026-08-02,Closed,267444.94
CLM001856,POL07071,PRG003,TRT037,2026-04-15,Pending,219244.7
CLM001857,POL09132,PRG011,TRT082,2026-04-04,Open,18261.62
CLM001858,POL05519,PRG024,TRT037,2026-01-06,Pending,135219.71
CLM001859,POL08211,PRG015,TRT046,2026-05-27,Open,168329.41
CLM001860,POL09072,PRG007,TRT047,2026-02-07,Closed,190612.88
CLM001861,POL05344,PRG014,TRT066,2026-03-26,Open,176945.37
CLM001862,POL01181,PRG001,TRT048,2026-07-24,Pending,257193.74
CLM001863,POL08660,PRG014,TRT039,2026-07-14,Closed,268512.11
CLM001864,POL08710,PRG008,TRT052,2026-03-01,Open,246757.97
CLM001865,POL04050,PRG014,TRT018,2026-07-06,Open,12400.16
CLM001866,POL03452,PRG019,TRT062,2026-07-31,Closed,180842.52
CLM001867,POL05403,PRG011,TRT042,2026-03-08,Closed,243995.65
CLM001868,POL02636,PRG004,TRT024,2026-04-12,Pending,123201.75
CLM001869,POL08689,PRG020,TRT069,2026-08-23,Pending,51531.56
CLM001870,POL01987,PRG001,TRT043,2026-03-15,Closed,285870.72
CLM001871,POL01557,PRG021,TRT046,2026-01-23,Pending,37448.8
CLM001872,POL04631,PRG003,TRT034,2026-06-20,Pending,171274.5
CLM001873,POL03124,PRG020,TRT072,2026-01-06,Pending,153656.4
CLM001874,POL09813,PRG015,TRT094,2026-01-10,Closed,46306.16
CLM001875,POL06955,PRG010,TRT066,2026-02-15,Closed,183291.64
CLM001876,POL05892,PRG016,TRT065,2026-06-29,Open,186131.47
CLM001877,POL08001,PRG007,TRT023,2026-04-23,Pending,172631.77
CLM001878,POL03472,PRG019,TRT043,2026-02-11,Open,207882.32
CLM001879,POL03944,PRG022,TRT082,2026-03-07,Closed,206948.74
CLM001880,POL00053,PRG012,TRT057,2026-01-16,Pending,208661.17
CLM001881,POL02690,PRG017,TRT017,2026-06-14,Closed,4916.32
CLM001882,POL08246,PRG012,TRT098,2026-05-29,Closed,32615.59
CLM001883,POL00175,PRG018,TRT042,2026-05-30,Pending,74607.28
CLM001884,POL00571,PRG020,TRT035,2026-05-11,Pending,36523.56
CLM001885,POL06797,PRG007,TRT066,2026-01-07,Pending,42913.8
CLM001886,POL08730,PRG005,TRT002,2026-07-12,Closed,134836.99
CLM001887,POL04113,PRG024,TRT037,2026-05-21,Pending,166483.29
CLM001888,POL02873,PRG010,TRT032,2026-07-03,Closed,289780.19
CLM001889,POL05730,PRG003,TRT070,2026-08-20,Open,111419.81
CLM001890,POL04344,PRG011,TRT090,2026-08-11,Closed,232218.7
CLM001891,POL07615,PRG016,TRT088,2026-01-31,Pending,131386.04
CLM001892,POL08578,PRG014,TRT060,2026-05-23,Closed,157682.32
CLM001893,POL06806,PRG003,TRT024,2026-02-23,Open,195266.92
CLM001894,POL02336,PRG018,TRT074,2026-05-06,Open,38718.93
CLM001895,POL03876,PRG020,TRT069,2026-01-03,Pending,3801.8
CLM001896,POL02984,PRG019,TRT086,2026-06-07,Pending,86507.64
CLM001897,POL09115,PRG013,TRT042,2026-01-08,Open,295696.65
CLM001898,POL03801,PRG018,TRT094,2026-01-06,Open,174366.99
CLM001899,POL06357,PRG006,TRT073,2026-06-21,Pending,292233.69
CLM001900,POL08166,PRG006,TRT053,2026-01-03,Pending,91763.1
CLM001901,POL04588,PRG001,TRT040,2026-07-17,Closed,136783.77
CLM001902,POL01663,PRG019,TRT042,2026-04-29,Closed,194076.74
CLM001903,POL09761,PRG019,TRT041,2026-02-07,Open,152449.99
CLM001904,POL02669,PRG025,TRT040,2026-07-08,Pending,37745.03
CLM001905,POL04293,PRG005,TRT062,2026-02-14,Pending,143786.69
CLM001906,POL05950,PRG006,TRT089,2026-08-04,Pending,152315.72
CLM001907,POL03869,PRG017,TRT048,2026-02-28,Pending,42913.04
CLM001908,POL09246,PRG007,TRT078,2026-06-27,Closed,22936.74
CLM001909,POL04176,PRG018,TRT097,2026-04-01,Open,169885.8
CLM001910,POL00009,PRG008,TRT018,2026-02-21,Pending,123666.15
CLM001911,POL08527,PRG020,TRT011,2026-02-08,Open,130243.13
CLM001912,POL01729,PRG009,TRT053,2026-08-24,Pending,105786.81
CLM001913,POL06281,PRG018,TRT016,2026-03-11,Pending,65077.97
CLM001914,POL04206,PRG023,TRT058,2026-08-18,Closed,182941.1
CLM001915,POL02781,PRG011,TRT030,2026-04-12,Open,232181.79
CLM001916,POL08755,PRG005,TRT056,2026-07-13,Closed,89792.98
CLM001917,POL01414,PRG001,TRT088,2026-04-06,Open,246396.38
CLM001918,POL05619,PRG015,TRT096,2026-06-20,Pending,221700.11
CLM001919,POL02441,PRG004,TRT002,2026-08-16,Open,201092.72
CLM001920,POL09041,PRG004,TRT028,2026-01-23,Pending,74464.42
CLM001921,POL02892,PRG005,TRT025,2026-03-04,Closed,119828.37
CLM001922,POL02095,PRG011,TRT094,2026-08-23,Pending,122053.72
CLM001923,POL07677,PRG015,TRT084,2026-05-31,Pending,97202.69
CLM001924,POL03483,PRG015,TRT053,2026-04-30,Open,230234.27
CLM001925,POL01531,PRG024,TRT014,2026-05-20,Open,41339.65
CLM001926,POL05943,PRG007,TRT038,2026-01-26,Pending,132372.57
CLM001927,POL09638,PRG024,TRT087,2026-08-13,Closed,251230.37
CLM001928,POL00111,PRG011,TRT015,2026-03-03,Pending,143267.24
CLM001929,POL05370,PRG014,TRT068,2026-01-09,Pending,227661.92
CLM001930,POL02459,PRG001,TRT082,2026-07-04,Open,162580.16
CLM001931,POL01072,PRG023,TRT069,2026-05-08,Closed,130879.95
CLM001932,POL01457,PRG022,TRT066,2026-07-19,Pending,298055.41
CLM001933,POL01024,PRG006,TRT086,2026-04-27,Closed,145430.39
CLM001934,POL06140,PRG012,TRT100,2026-08-28,Closed,291101.5
CLM001935,POL05563,PRG022,TRT097,2026-03-16,Pending,256025.01
CLM001936,POL09801,PRG013,TRT037,2026-02-09,Open,159838.94
CLM001937,POL07021,PRG004,TRT005,2026-08-23,Closed,84543.25
CLM001938,POL05342,PRG023,TRT041,2026-02-22,Open,202622.6
CLM001939,POL01178,PRG013,TRT042,2026-01-17,Pending,80820.17
CLM001940,POL00105,PRG023,TRT071,2026-07-11,Open,22991.84
CLM001941,POL00899,PRG016,TRT033,2026-02-04,Pending,53487.61
CLM001942,POL00287,PRG016,TRT070,2026-07-01,Open,244550.91
CLM001943,POL04035,PRG014,TRT021,2026-02-17,Pending,152772.45
CLM001944,POL01924,PRG005,TRT006,2026-03-30,Open,1032.08
CLM001945,POL02527,PRG001,TRT079,2026-01-10,Closed,71514.54
CLM001946,POL01581,PRG021,TRT062,2026-08-15,Open,46904.19
CLM001947,POL04091,PRG007,TRT056,2026-05-30,Open,104783.43
CLM001948,POL07822,PRG010,TRT038,2026-05-27,Closed,212336.49
CLM001949,POL03884,PRG013,TRT055,2026-05-03,Closed,280817.6
CLM001950,POL01046,PRG023,TRT026,2026-05-24,Closed,86854.58
CLM001951,POL04539,PRG008,TRT099,2026-03-04,Open,70260.92
CLM001952,POL09538,PRG019,TRT093,2026-07-25,Open,25695.26
CLM001953,POL09488,PRG012,TRT061,2026-04-13,Pending,253949.82
CLM001954,POL04978,PRG024,TRT090,2026-02-21,Pending,216213.11
CLM001955,POL09735,PRG013,TRT073,2026-06-02,Open,284912.52
CLM001956,POL00101,PRG003,TRT017,2026-07-13,Pending,225156.55
CLM001957,POL04797,PRG013,TRT018,2026-05-21,Pending,154619.75
CLM001958,POL01495,PRG014,TRT040,2026-07-24,Closed,9609.37
CLM001959,POL04299,PRG013,TRT081,2026-07-22,Pending,117071.21
CLM001960,POL00002,PRG025,TRT050,2026-03-20,Pending,120926.66
CLM001961,POL02155,PRG020,TRT015,2026-08-24,Closed,64791.22
CLM001962,POL05815,PRG005,TRT095,2026-08-11,Open,172831.26
CLM001963,POL02833,PRG003,TRT100,2026-01-13,Pending,239852.4
CLM001964,POL07142,PRG005,TRT088,2026-01-24,Open,199415.23
CLM001965,POL04938,PRG014,TRT031,2026-04-27,Pending,91568.94
CLM001966,POL03314,PRG023,TRT004,2026-07-31,Closed,210224.46
CLM001967,POL05932,PRG022,TRT013,2026-08-21,Open,201193.4
CLM001968,POL00873,PRG016,TRT033,2026-04-10,Open,233273.41
CLM001969,POL04366,PRG023,TRT018,2026-02-17,Closed,29600.08
CLM001970,POL00010,PRG008,TRT018,2026-06-16,Pending,255852.57
CLM001971,POL07910,PRG017,TRT034,2026-01-03,Closed,272968.18
CLM001972,POL00731,PRG006,TRT041,2026-08-27,Closed,114827.54
CLM001973,POL08515,PRG002,TRT072,2026-08-07,Pending,268150.99
CLM001974,POL07483,PRG021,TRT047,2026-01-17,Closed,146504.52
CLM001975,POL01853,PRG009,TRT071,2026-02-23,Closed,230058.46
CLM001976,POL09453,PRG018,TRT015,2026-02-06,Open,42327.53
CLM001977,POL05634,PRG014,TRT092,2026-04-10,Pending,283217.0
CLM001978,POL07342,PRG020,TRT089,2026-02-02,Closed,98519.16
CLM001979,POL05455,PRG021,TRT035,2026-05-21,Open,48470.45
CLM001980,POL08267,PRG006,TRT100,2026-04-15,Pending,212999.65
CLM001981,POL07546,PRG021,TRT085,2026-03-28,Pending,142059.96
CLM001982,POL05261,PRG002,TRT006,2026-07-03,Open,64686.91
CLM001983,POL00416,PRG007,TRT028,2026-01-25,Closed,96564.0
CLM001984,POL06880,PRG013,TRT067,2026-01-20,Open,95532.83
CLM001985,POL04918,PRG018,TRT073,2026-02-12,Closed,83018.55
CLM001986,POL05778,PRG019,TRT085,2026-08-10,Closed,35202.42
CLM001987,POL06999,PRG020,TRT047,2026-08-08,Closed,31597.07
CLM001988,POL03607,PRG016,TRT020,2026-02-07,Open,56810.5
CLM001989,POL07183,PRG022,TRT026,2026-06-26,Open,133633.78
CLM001990,POL03364,PRG016,TRT039,2026-01-05,Pending,208339.56
CLM001991,POL01877,PRG011,TRT035,2026-08-25,Pending,115924.98
CLM001992,POL09729,PRG009,TRT054,2026-02-13,Open,206548.13
CLM001993,POL07455,PRG022,TRT084,2026-02-12,Pending,79372.81
CLM001994,POL05356,PRG019,TRT021,2026-03-13,Closed,185688.94
CLM001995,POL08936,PRG015,TRT084,2026-04-17,Open,228460.06
CLM001996,POL08425,PRG013,TRT029,2026-07-03,Closed,200241.92
CLM001997,POL06738,PRG011,TRT062,2026-05-31,Open,141601.44
CLM001998,POL07212,PRG013,TRT096,2026-01-19,Open,296894.82
CLM001999,POL05341,PRG003,TRT084,2026-07-11,Closed,53062.08
CLM002000,POL02948,PRG005,TRT014,2026-04-07,Closed,217543.0
CLM002001,POL06390,PRG007,TRT027,2026-08-15,Open,83484.78
CLM002002,POL05232,PRG016,TRT004,2026-04-02,Pending,157275.08
CLM002003,POL08032,PRG012,TRT005,2026-06-08,Open,145186.52
CLM002004,POL02952,PRG009,TRT061,2026-02-15,Closed,16723.61
CLM002005,POL03529,PRG018,TRT022,2026-07-09,Closed,279537.93
CLM002006,POL01420,PRG024,TRT057,2026-06-06,Open,206680.95
CLM002007,POL05584,PRG018,TRT058,2026-08-02,Open,136720.41
CLM002008,POL07684,PRG023,TRT035,2026-07-24,Open,62150.75
CLM002009,POL05757,PRG015,TRT006,2026-03-25,Open,38752.74
CLM002010,POL06314,PRG013,TRT037,2026-03-10,Open,20457.08
CLM002011,POL02329,PRG002,TRT033,2026-08-09,Open,125083.77
CLM002012,POL08791,PRG013,TRT082,2026-01-28,Pending,129522.24
CLM002013,POL02286,PRG019,TRT099,2026-05-19,Closed,170687.39
CLM002014,POL03086,PRG008,TRT046,2026-01-26,Pending,10243.27
CLM002015,POL06752,PRG024,TRT002,2026-06-20,Closed,243125.46
CLM002016,POL02411,PRG003,TRT006,2026-06-23,Closed,88969.16
CLM002017,POL07554,PRG019,TRT035,2026-04-01,Pending,38834.46
CLM002018,POL03774,PRG011,TRT057,2026-02-04,Pending,235547.23
CLM002019,POL05525,PRG010,TRT006,2026-03-19,Closed,21430.84
CLM002020,POL03085,PRG011,TRT047,2026-01-03,Closed,79444.76
CLM002021,POL01741,PRG001,TRT082,2026-02-26,Pending,146172.43
CLM002022,POL07804,PRG023,TRT004,2026-05-06,Closed,189818.15
CLM002023,POL09127,PRG012,TRT088,2026-07-08,Closed,230228.06
CLM002024,POL09746,PRG006,TRT059,2026-03-26,Pending,260209.77
CLM002025,POL06883,PRG014,TRT072,2026-04-27,Closed,44992.51
CLM002026,POL03685,PRG010,TRT036,2026-07-25,Open,296992.3
CLM002027,POL01399,PRG001,TRT092,2026-08-01,Open,150337.48
CLM002028,POL06692,PRG017,TRT096,2026-05-07,Closed,233510.87
CLM002029,POL09233,PRG009,TRT023,2026-04-04,Pending,190402.18
CLM002030,POL07358,PRG004,TRT064,2026-05-16,Pending,55682.05
CLM002031,POL09516,PRG013,TRT043,2026-01-27,Open,135990.12
CLM002032,POL09418,PRG025,TRT031,2026-05-10,Open,174043.28
CLM002033,POL08358,PRG018,TRT049,2026-08-09,Closed,218792.74
CLM002034,POL07079,PRG009,TRT006,2026-04-03,Open,143396.51
CLM002035,POL00064,PRG007,TRT082,2026-03-26,Pending,35813.18
CLM002036,POL07588,PRG012,TRT041,2026-01-18,Pending,203543.52
CLM002037,POL06425,PRG012,TRT003,2026-02-14,Closed,43554.65
CLM002038,POL01718,PRG005,TRT063,2026-06-16,Closed,176371.1
CLM002039,POL04481,PRG023,TRT020,2026-04-05,Pending,93631.43
CLM002040,POL05871,PRG015,TRT058,2026-03-14,Open,111368.81
CLM002041,POL09437,PRG015,TRT072,2026-07-11,Pending,267656.08
CLM002042,POL06847,PRG008,TRT055,2026-08-08,Pending,60816.1
CLM002043,POL09617,PRG018,TRT034,2026-07-28,Pending,204586.16
CLM002044,POL09397,PRG004,TRT043,2026-03-07,Pending,198563.55
CLM002045,POL07751,PRG023,TRT002,2026-03-24,Pending,94285.47
CLM002046,POL01745,PRG022,TRT008,2026-06-25,Closed,36047.89
CLM002047,POL07676,PRG007,TRT031,2026-06-21,Pending,93511.94
CLM002048,POL02514,PRG015,TRT097,2026-03-18,Closed,289469.53
CLM002049,POL02383,PRG025,TRT013,2026-04-26,Pending,273544.24
CLM002050,POL05804,PRG014,TRT059,2026-02-22,Pending,159910.77
CLM002051,POL08319,PRG013,TRT072,2026-01-02,Pending,114403.88
CLM002052,POL01429,PRG008,TRT090,2026-04-03,Pending,180637.64
CLM002053,POL03772,PRG017,TRT099,2026-06-04,Pending,142833.13
CLM002054,POL02231,PRG004,TRT007,2026-01-20,Pending,76411.91
CLM002055,POL07208,PRG005,TRT031,2026-01-06,Open,289563.24
CLM002056,POL07344,PRG004,TRT039,2026-03-26,Pending,55495.63
CLM002057,POL02659,PRG021,TRT080,2026-01-28,Open,167118.53
CLM002058,POL07696,PRG017,TRT060,2026-08-19,Closed,99556.52
CLM002059,POL08142,PRG019,TRT088,2026-08-06,Closed,112220.78
CLM002060,POL03291,PRG018,TRT022,2026-07-06,Closed,279008.83
CLM002061,POL02567,PRG013,TRT016,2026-05-17,Closed,200046.03
CLM002062,POL07034,PRG009,TRT054,2026-07-29,Open,46513.9
CLM002063,POL06993,PRG019,TRT016,2026-01-01,Closed,210417.12
CLM002064,POL09750,PRG021,TRT091,2026-01-06,Closed,57162.21
CLM002065,POL03474,PRG018,TRT058,2026-06-02,Open,286082.51
CLM002066,POL07482,PRG003,TRT022,2026-08-01,Pending,294410.83
CLM002067,POL06632,PRG018,TRT058,2026-04-18,Closed,82704.23
CLM002068,POL07416,PRG004,TRT058,2026-03-30,Open,158897.82
CLM002069,POL05039,PRG010,TRT051,2026-02-12,Closed,207994.49
CLM002070,POL07853,PRG023,TRT095,2026-04-27,Open,125690.76
CLM002071,POL05209,PRG004,TRT049,2026-08-29,Pending,151434.41
CLM002072,POL09874,PRG010,TRT008,2026-01-23,Open,197544.13
CLM002073,POL03921,PRG002,TRT047,2026-04-12,Open,199278.35
CLM002074,POL06711,PRG002,TRT057,2026-05-21,Closed,291815.37
CLM002075,POL04453,PRG016,TRT092,2026-08-29,Open,250295.01
CLM002076,POL02875,PRG019,TRT015,2026-07-24,Closed,126323.88
CLM002077,POL00065,PRG025,TRT060,2026-03-19,Open,15635.77
CLM002078,POL03860,PRG002,TRT022,2026-04-12,Open,191209.65
CLM002079,POL08678,PRG001,TRT039,2026-07-27,Open,97890.53
CLM002080,POL00375,PRG017,TRT040,2026-08-26,Closed,75039.99
CLM002081,POL06491,PRG011,TRT034,2026-05-18,Pending,225618.48
CLM002082,POL07522,PRG023,TRT070,2026-04-13,Closed,206853.99
CLM002083,POL01286,PRG014,TRT020,2026-04-12,Closed,152576.93
CLM002084,POL01852,PRG019,TRT096,2026-02-15,Open,264479.22
CLM002085,POL01071,PRG018,TRT072,2026-08-07,Open,57702.73
CLM002086,POL05045,PRG002,TRT067,2026-08-19,Closed,179435.38
CLM002087,POL05160,PRG002,TRT072,2026-07-12,Open,23382.97
CLM002088,POL08381,PRG019,TRT096,2026-03-03,Closed,76662.7
CLM002089,POL06152,PRG004,TRT024,2026-08-11,Pending,73139.71
CLM002090,POL09837,PRG014,TRT033,2026-02-07,Pending,89555.47
CLM002091,POL08346,PRG004,TRT009,2026-03-21,Open,260369.33
CLM002092,POL01900,PRG008,TRT065,2026-05-23,Open,170908.03
CLM002093,POL03216,PRG014,TRT039,2026-01-13,Open,79226.48
CLM002094,POL09892,PRG017,TRT075,2026-07-02,Pending,35462.21
CLM002095,POL04064,PRG023,TRT011,2026-06-14,Open,291565.04
CLM002096,POL00318,PRG002,TRT047,2026-03-06,Closed,25879.7
CLM002097,POL03538,PRG020,TRT029,2026-05-29,Closed,147432.8
CLM002098,POL08665,PRG001,TRT057,2026-08-24,Open,116084.05
CLM002099,POL08953,PRG006,TRT080,2026-03-27,Closed,15042.14
CLM002100,POL06009,PRG004,TRT097,2026-03-05,Open,249442.62
CLM002101,POL03315,PRG014,TRT058,2026-08-05,Pending,96577.83
CLM002102,POL06393,PRG021,TRT091,2026-04-28,Closed,95612.89
CLM002103,POL06324,PRG024,TRT051,2026-02-07,Pending,169955.4
CLM002104,POL02520,PRG019,TRT025,2026-01-13,Pending,179925.0
CLM002105,POL04753,PRG023,TRT011,2026-08-02,Pending,266863.99
CLM002106,POL08629,PRG003,TRT050,2026-02-02,Pending,245168.72
CLM002107,POL05647,PRG006,TRT035,2026-06-14,Pending,205952.72
CLM002108,POL06574,PRG020,TRT063,2026-06-05,Pending,292235.24
CLM002109,POL09154,PRG024,TRT073,2026-06-17,Pending,286146.66
CLM002110,POL01978,PRG021,TRT008,2026-01-22,Pending,290937.65
CLM002111,POL09881,PRG016,TRT026,2026-03-27,Open,159759.14
CLM002112,POL07023,PRG012,TRT046,2026-08-15,Pending,100340.97
CLM002113,POL03497,PRG001,TRT008,2026-04-16,Closed,273774.9
CLM002114,POL03132,PRG001,TRT089,2026-05-30,Pending,95177.76
CLM002115,POL04781,PRG022,TRT005,2026-07-17,Closed,118212.85
CLM002116,POL01855,PRG013,TRT098,2026-03-28,Pending,214718.94
CLM002117,POL09241,PRG012,TRT040,2026-06-25,Closed,1011.31
CLM002118,POL06787,PRG011,TRT035,2026-02-07,Open,230250.81
CLM002119,POL02266,PRG013,TRT078,2026-04-23,Pending,90617.89
CLM002120,POL06188,PRG016,TRT041,2026-06-13,Closed,215331.82
CLM002121,POL06835,PRG020,TRT040,2026-01-03,Open,16151.58
CLM002122,POL07512,PRG015,TRT072,2026-05-16,Open,162284.53
CLM002123,POL09619,PRG023,TRT059,2026-05-05,Open,281036.78
CLM002124,POL07690,PRG020,TRT060,2026-05-04,Pending,208326.85
CLM002125,POL07399,PRG018,TRT067,2026-03-15,Open,276397.21
CLM002126,POL02050,PRG017,TRT004,2026-02-19,Open,60333.49
CLM002127,POL00067,PRG009,TRT094,2026-07-12,Open,122132.26
CLM002128,POL06336,PRG013,TRT072,2026-03-22,Open,263337.03
CLM002129,POL00850,PRG013,TRT067,2026-04-06,Open,230118.31
CLM002130,POL01764,PRG001,TRT074,2026-01-12,Closed,31100.43
CLM002131,POL01622,PRG021,TRT100,2026-03-16,Open,205108.85
CLM002132,POL02821,PRG021,TRT092,2026-03-11,Closed,291699.71
CLM002133,POL06111,PRG015,TRT012,2026-07-26,Pending,193556.28
CLM002134,POL07513,PRG018,TRT077,2026-07-10,Open,284883.1
CLM002135,POL02167,PRG016,TRT060,2026-01-02,Open,136342.13
CLM002136,POL08032,PRG012,TRT005,2026-03-20,Closed,164102.68
CLM002137,POL02543,PRG022,TRT053,2026-01-07,Closed,194362.83
CLM002138,POL01405,PRG004,TRT092,2026-07-16,Pending,178104.77
CLM002139,POL07412,PRG024,TRT039,2026-02-17,Open,289120.97
CLM002140,POL03973,PRG005,TRT007,2026-04-19,Open,204738.83
CLM002141,POL09654,PRG009,TRT036,2026-05-03,Open,3886.47
CLM002142,POL08999,PRG016,TRT071,2026-07-16,Closed,117919.65
CLM002143,POL00265,PRG009,TRT067,2026-05-14,Pending,114382.2
CLM002144,POL01544,PRG008,TRT081,2026-05-14,Closed,226107.97
CLM002145,POL00786,PRG017,TRT092,2026-08-02,Closed,132406.84
CLM002146,POL09073,PRG021,TRT035,2026-07-04,Open,274305.39
CLM002147,POL07354,PRG002,TRT029,2026-07-24,Closed,15176.83
CLM002148,POL05104,PRG007,TRT082,2026-07-28,Open,20015.48
CLM002149,POL05572,PRG019,TRT008,2026-01-06,Pending,44750.42
CLM002150,POL09581,PRG016,TRT011,2026-04-13,Open,257253.41
CLM002151,POL00203,PRG010,TRT075,2026-07-18,Closed,278529.46
CLM002152,POL03879,PRG019,TRT022,2026-06-29,Pending,9699.42
CLM002153,POL08477,PRG020,TRT014,2026-05-08,Closed,98403.29
CLM002154,POL03614,PRG013,TRT036,2026-01-10,Closed,181614.21
CLM002155,POL03864,PRG015,TRT022,2026-05-05,Open,266050.57
CLM002156,POL04973,PRG011,TRT084,2026-01-16,Pending,89864.76
CLM002157,POL03685,PRG010,TRT036,2026-04-22,Closed,117274.43
CLM002158,POL00758,PRG002,TRT042,2026-05-30,Closed,175228.92
CLM002159,POL07987,PRG022,TRT020,2026-01-26,Pending,221224.48
CLM002160,POL07923,PRG016,TRT094,2026-02-23,Closed,22257.74
CLM002161,POL06234,PRG016,TRT044,2026-05-20,Pending,130916.52
CLM002162,POL06009,PRG004,TRT097,2026-02-21,Closed,139968.69
CLM002163,POL00541,PRG007,TRT015,2026-01-11,Closed,91165.81
CLM002164,POL00292,PRG007,TRT087,2026-04-18,Closed,187313.44
CLM002165,POL04125,PRG016,TRT058,2026-05-24,Pending,164776.76
CLM002166,POL03961,PRG020,TRT065,2026-05-09,Open,90553.71
CLM002167,POL07466,PRG022,TRT092,2026-05-16,Closed,10377.19
CLM002168,POL04378,PRG012,TRT093,2026-05-07,Open,105149.35
CLM002169,POL04962,PRG018,TRT023,2026-07-12,Pending,132535.21
CLM002170,POL03847,PRG007,TRT060,2026-06-14,Pending,214373.8
CLM002171,POL04336,PRG012,TRT066,2026-06-14,Pending,199370.08
CLM002172,POL02689,PRG003,TRT074,2026-07-31,Open,84776.16
CLM002173,POL06575,PRG002,TRT058,2026-04-21,Closed,163847.57
CLM002174,POL00490,PRG020,TRT006,2026-08-06,Open,6085.26
CLM002175,POL04216,PRG007,TRT094,2026-07-11,Closed,166387.6
CLM002176,POL02734,PRG010,TRT017,2026-01-29,Closed,65787.42
CLM002177,POL02387,PRG007,TRT091,2026-07-16,Pending,146031.63
CLM002178,POL05719,PRG001,TRT089,2026-05-27,Closed,103099.34
CLM002179,POL05112,PRG015,TRT016,2026-05-25,Closed,159558.73
CLM002180,POL05695,PRG002,TRT016,2026-04-09,Open,43087.2
CLM002181,POL04123,PRG024,TRT087,2026-06-24,Pending,2661.21
CLM002182,POL02625,PRG024,TRT061,2026-01-06,Pending,149556.8
CLM002183,POL06797,PRG007,TRT066,2026-07-14,Pending,175556.48
CLM002184,POL03049,PRG003,TRT056,2026-07-11,Open,240350.0
CLM002185,POL02110,PRG009,TRT082,2026-05-27,Closed,244486.82
CLM002186,POL08590,PRG002,TRT094,2026-01-06,Pending,205695.49
CLM002187,POL04682,PRG006,TRT039,2026-08-25,Pending,202361.52
CLM002188,POL03510,PRG008,TRT074,2026-04-07,Open,94966.52
CLM002189,POL03859,PRG009,TRT033,2026-01-10,Closed,44484.44
CLM002190,POL00794,PRG007,TRT057,2026-07-06,Closed,51121.71
CLM002191,POL07181,PRG020,TRT039,2026-02-26,Closed,193845.45
CLM002192,POL07345,PRG010,TRT015,2026-02-02,Closed,228880.02
CLM002193,POL06433,PRG007,TRT012,2026-08-04,Pending,291980.26
CLM002194,POL05619,PRG015,TRT096,2026-06-28,Open,223487.68
CLM002195,POL08326,PRG025,TRT072,2026-03-10,Closed,39340.02
CLM002196,POL09583,PRG005,TRT001,2026-03-03,Open,274481.94
CLM002197,POL04249,PRG001,TRT001,2026-03-12,Closed,265787.54
CLM002198,POL09788,PRG005,TRT013,2026-05-04,Closed,39188.05
CLM002199,POL05206,PRG008,TRT004,2026-07-18,Open,171687.32
CLM002200,POL06193,PRG017,TRT046,2026-01-09,Closed,41953.64
CLM002201,POL08461,PRG019,TRT019,2026-08-27,Open,296118.06
CLM002202,POL06569,PRG011,TRT085,2026-08-11,Closed,264290.53
CLM002203,POL08893,PRG013,TRT095,2026-04-17,Closed,75829.69
CLM002204,POL09924,PRG004,TRT092,2026-06-06,Open,162744.77
CLM002205,POL00707,PRG005,TRT020,2026-05-27,Closed,177993.94
CLM002206,POL00455,PRG022,TRT017,2026-04-30,Open,269518.75
CLM002207,POL02970,PRG012,TRT053,2026-08-29,Pending,266061.0
CLM002208,POL07706,PRG004,TRT071,2026-02-07,Closed,100588.37
CLM002209,POL04783,PRG025,TRT100,2026-01-15,Open,132749.54
CLM002210,POL00980,PRG024,TRT071,2026-08-15,Closed,236012.69
CLM002211,POL05631,PRG023,TRT090,2026-04-24,Pending,17190.57
CLM002212,POL01730,PRG016,TRT053,2026-02-12,Closed,165974.96
CLM002213,POL01026,PRG007,TRT014,2026-04-06,Closed,249530.59
CLM002214,POL00123,PRG014,TRT020,2026-04-03,Pending,193978.8
CLM002215,POL03478,PRG021,TRT093,2026-02-11,Pending,147867.08
CLM002216,POL08169,PRG010,TRT067,2026-05-13,Pending,184986.11
CLM002217,POL03150,PRG006,TRT039,2026-04-18,Closed,233066.75
CLM002218,POL09606,PRG015,TRT021,2026-07-29,Closed,160110.76
CLM002219,POL00811,PRG011,TRT031,2026-01-12,Open,120099.73
CLM002220,POL06757,PRG020,TRT074,2026-04-09,Closed,13960.55
CLM002221,POL05207,PRG022,TRT026,2026-08-16,Pending,260326.83
CLM002222,POL06445,PRG004,TRT096,2026-04-02,Open,191463.12
CLM002223,POL04096,PRG019,TRT092,2026-05-17,Pending,291486.96
CLM002224,POL05861,PRG005,TRT053,2026-01-05,Open,131674.92
CLM002225,POL07821,PRG016,TRT081,2026-08-07,Pending,27331.2
CLM002226,POL01101,PRG009,TRT093,2026-01-14,Open,218074.24
CLM002227,POL04569,PRG001,TRT081,2026-01-05,Open,201870.02
CLM002228,POL05062,PRG018,TRT094,2026-03-03,Open,46693.8
CLM002229,POL05267,PRG018,TRT081,2026-04-07,Pending,112357.61
CLM002230,POL06079,PRG009,TRT055,2026-06-10,Closed,124638.34
CLM002231,POL02104,PRG003,TRT091,2026-02-06,Closed,152460.97
CLM002232,POL01261,PRG001,TRT097,2026-05-11,Closed,7246.94
CLM002233,POL08380,PRG019,TRT068,2026-07-14,Closed,289649.36
CLM002234,POL03947,PRG004,TRT051,2026-01-16,Pending,219584.97
CLM002235,POL00921,PRG022,TRT034,2026-03-07,Pending,7331.41
CLM002236,POL05508,PRG007,TRT051,2026-08-05,Pending,234878.69
CLM002237,POL06971,PRG021,TRT084,2026-07-15,Open,215907.47
CLM002238,POL06414,PRG009,TRT046,2026-03-19,Closed,169449.11
CLM002239,POL01244,PRG010,TRT060,2026-04-15,Pending,211150.82
CLM002240,POL08823,PRG004,TRT035,2026-05-09,Closed,280169.82
CLM002241,POL09909,PRG005,TRT062,2026-07-06,Open,287282.91
CLM002242,POL04434,PRG001,TRT094,2026-01-07,Closed,289674.68
CLM002243,POL02657,PRG024,TRT090,2026-06-09,Open,154469.77
CLM002244,POL07978,PRG006,TRT086,2026-03-28,Closed,294697.96
CLM002245,POL01827,PRG005,TRT076,2026-04-04,Open,212852.16
CLM002246,POL06966,PRG011,TRT004,2026-04-15,Closed,17411.08
CLM002247,POL00064,PRG007,TRT082,2026-08-01,Open,80390.34
CLM002248,POL02045,PRG008,TRT044,2026-06-21,Open,247693.43
CLM002249,POL02973,PRG014,TRT085,2026-06-19,Open,106854.23
CLM002250,POL02115,PRG003,TRT036,2026-07-29,Pending,220114.23
CLM002251,POL03959,PRG014,TRT065,2026-07-26,Pending,194079.01
CLM002252,POL00543,PRG015,TRT004,2026-01-27,Pending,224307.69
CLM002253,POL00788,PRG011,TRT005,2026-07-05,Closed,115910.44
CLM002254,POL06306,PRG013,TRT040,2026-06-29,Pending,184272.27
CLM002255,POL01956,PRG004,TRT020,2026-07-11,Pending,253707.75
CLM002256,POL03083,PRG004,TRT029,2026-08-22,Open,229862.08
CLM002257,POL08797,PRG017,TRT006,2026-02-05,Pending,264695.24
CLM002258,POL07662,PRG003,TRT091,2026-06-12,Pending,222177.3
CLM002259,POL03880,PRG008,TRT043,2026-06-23,Pending,75666.31
CLM002260,POL07218,PRG009,TRT080,2026-01-10,Open,4220.09
CLM002261,POL01179,PRG010,TRT013,2026-01-18,Pending,176021.59
CLM002262,POL06819,PRG023,TRT082,2026-01-23,Open,183528.34
CLM002263,POL00020,PRG022,TRT032,2026-03-09,Closed,87969.17
CLM002264,POL06193,PRG017,TRT046,2026-02-10,Closed,46167.28
CLM002265,POL06042,PRG011,TRT045,2026-07-31,Pending,246711.57
CLM002266,POL03077,PRG015,TRT012,2026-01-24,Closed,210040.1
CLM002267,POL03006,PRG011,TRT073,2026-08-22,Pending,291847.1
CLM002268,POL04451,PRG009,TRT071,2026-04-12,Closed,239852.81
CLM002269,POL06552,PRG013,TRT080,2026-04-09,Pending,190064.09
CLM002270,POL00935,PRG002,TRT057,2026-07-17,Pending,264434.16
CLM002271,POL02957,PRG023,TRT011,2026-01-07,Closed,145754.94
CLM002272,POL09558,PRG013,TRT061,2026-04-01,Closed,282532.29
CLM002273,POL08409,PRG009,TRT087,2026-02-15,Closed,65418.13
CLM002274,POL00955,PRG020,TRT053,2026-06-09,Closed,125963.96
CLM002275,POL03753,PRG025,TRT029,2026-07-07,Closed,224954.44
CLM002276,POL08288,PRG014,TRT009,2026-04-03,Closed,92742.24
CLM002277,POL09892,PRG017,TRT075,2026-03-13,Pending,1271.13
CLM002278,POL08261,PRG002,TRT020,2026-06-19,Pending,21552.69
CLM002279,POL04134,PRG022,TRT093,2026-05-30,Closed,110525.86
CLM002280,POL00480,PRG006,TRT092,2026-03-28,Pending,122786.83
CLM002281,POL06047,PRG023,TRT019,2026-01-27,Open,225805.14
CLM002282,POL01257,PRG018,TRT056,2026-06-10,Closed,247279.3
CLM002283,POL09233,PRG009,TRT023,2026-06-03,Open,31672.84
CLM002284,POL00750,PRG002,TRT038,2026-06-30,Closed,194944.03
CLM002285,POL01746,PRG021,TRT058,2026-04-14,Open,71995.31
CLM002286,POL06207,PRG012,TRT024,2026-07-27,Closed,253388.63
CLM002287,POL01758,PRG021,TRT024,2026-05-30,Closed,263136.96
CLM002288,POL02449,PRG014,TRT058,2026-02-07,Pending,72235.15
CLM002289,POL06131,PRG013,TRT001,2026-08-29,Closed,185032.95
CLM002290,POL06259,PRG002,TRT043,2026-05-23,Pending,122549.45
CLM002291,POL04469,PRG024,TRT020,2026-08-27,Closed,221001.43
CLM002292,POL09936,PRG015,TRT066,2026-02-02,Closed,145154.4
CLM002293,POL09454,PRG016,TRT010,2026-03-02,Open,199507.33
CLM002294,POL05068,PRG014,TRT008,2026-07-18,Open,124446.2
CLM002295,POL04772,PRG003,TRT070,2026-08-07,Pending,87461.3
CLM002296,POL04452,PRG012,TRT028,2026-01-15,Closed,213528.37
CLM002297,POL09087,PRG018,TRT058,2026-05-03,Closed,7426.86
CLM002298,POL02486,PRG003,TRT059,2026-04-15,Pending,164285.41
CLM002299,POL07982,PRG013,TRT061,2026-07-31,Pending,92606.97
CLM002300,POL07908,PRG010,TRT065,2026-05-29,Open,165692.23
CLM002301,POL09754,PRG001,TRT097,2026-03-29,Pending,29980.68
CLM002302,POL08707,PRG011,TRT015,2026-03-01,Pending,212973.85
CLM002303,POL00617,PRG011,TRT053,2026-08-16,Closed,64875.48
CLM002304,POL03323,PRG006,TRT066,2026-05-01,Pending,161206.44
CLM002305,POL03718,PRG016,TRT073,2026-06-15,Closed,156898.96
CLM002306,POL06871,PRG012,TRT081,2026-07-25,Pending,246430.39
CLM002307,POL01844,PRG006,TRT017,2026-08-22,Closed,208835.38
CLM002308,POL01455,PRG014,TRT044,2026-01-30,Closed,219501.36
CLM002309,POL05088,PRG004,TRT087,2026-04-25,Open,132401.16
CLM002310,POL02727,PRG011,TRT048,2026-02-13,Open,26732.44
CLM002311,POL05749,PRG021,TRT024,2026-06-28,Pending,84474.46
CLM002312,POL01780,PRG014,TRT012,2026-07-21,Open,189817.43
CLM002313,POL06987,PRG008,TRT084,2026-01-12,Pending,125792.51
CLM002314,POL05064,PRG016,TRT001,2026-07-25,Closed,58212.39
CLM002315,POL09621,PRG007,TRT032,2026-04-21,Open,243862.34
CLM002316,POL08669,PRG012,TRT023,2026-08-28,Pending,22576.49
CLM002317,POL06871,PRG012,TRT081,2026-02-03,Closed,261593.56
CLM002318,POL05693,PRG004,TRT067,2026-06-07,Closed,106771.31
CLM002319,POL01296,PRG021,TRT080,2026-07-20,Pending,24659.48
CLM002320,POL00676,PRG020,TRT027,2026-01-24,Closed,139739.56
CLM002321,POL07082,PRG022,TRT005,2026-05-11,Pending,216040.89
CLM002322,POL01778,PRG016,TRT095,2026-06-09,Pending,239848.16
CLM002323,POL03678,PRG019,TRT048,2026-01-17,Open,83111.51
CLM002324,POL03191,PRG009,TRT006,2026-02-09,Pending,162082.33
CLM002325,POL03312,PRG006,TRT024,2026-08-29,Closed,86888.12
CLM002326,POL02635,PRG024,TRT084,2026-05-30,Pending,44972.15
CLM002327,POL09558,PRG013,TRT061,2026-08-13,Pending,239486.97
CLM002328,POL00155,PRG019,TRT015,2026-02-02,Pending,228364.81
CLM002329,POL05469,PRG019,TRT027,2026-02-05,Closed,36575.17
CLM002330,POL08929,PRG003,TRT012,2026-05-11,Pending,4765.23
CLM002331,POL09507,PRG020,TRT077,2026-04-17,Open,38733.14
CLM002332,POL04498,PRG009,TRT040,2026-02-09,Closed,18508.09
CLM002333,POL02211,PRG025,TRT039,2026-02-02,Open,8103.78
CLM002334,POL02423,PRG015,TRT025,2026-01-25,Open,82649.86
CLM002335,POL08510,PRG025,TRT030,2026-08-15,Pending,127898.89
CLM002336,POL09780,PRG013,TRT016,2026-07-12,Closed,148344.79
CLM002337,POL08988,PRG001,TRT095,2026-05-04,Open,12813.59
CLM002338,POL07455,PRG022,TRT084,2026-03-16,Pending,253973.23
CLM002339,POL05013,PRG007,TRT003,2026-01-29,Pending,31667.7
CLM002340,POL05647,PRG006,TRT035,2026-05-26,Open,117583.17
CLM002341,POL02546,PRG024,TRT046,2026-05-09,Open,31155.91
CLM002342,POL08052,PRG024,TRT014,2026-06-07,Closed,67644.55
CLM002343,POL04578,PRG010,TRT035,2026-07-30,Closed,179740.37
CLM002344,POL01077,PRG009,TRT051,2026-02-11,Closed,223137.8
CLM002345,POL02200,PRG023,TRT066,2026-05-06,Open,219624.44
CLM002346,POL03681,PRG013,TRT040,2026-04-26,Open,273511.99
CLM002347,POL05988,PRG010,TRT048,2026-07-14,Open,225832.92
CLM002348,POL01992,PRG006,TRT046,2026-01-04,Open,125878.66
CLM002349,POL03542,PRG007,TRT074,2026-02-14,Open,24484.24
CLM002350,POL01274,PRG020,TRT026,2026-07-18,Open,219083.05
CLM002351,POL05857,PRG023,TRT016,2026-07-29,Pending,59545.66
CLM002352,POL08457,PRG022,TRT058,2026-04-20,Pending,177977.66
CLM002353,POL09169,PRG012,TRT038,2026-07-21,Pending,26183.58
CLM002354,POL05584,PRG018,TRT058,2026-01-04,Pending,251938.3
CLM002355,POL04700,PRG022,TRT056,2026-06-29,Pending,297067.27
CLM002356,POL00454,PRG022,TRT080,2026-07-01,Closed,299572.23
CLM002357,POL07997,PRG006,TRT085,2026-01-13,Open,293430.96
CLM002358,POL02275,PRG015,TRT004,2026-06-10,Open,140692.08
CLM002359,POL00959,PRG020,TRT073,2026-05-28,Pending,122645.16
CLM002360,POL05022,PRG008,TRT011,2026-02-08,Pending,287509.85
CLM002361,POL09138,PRG004,TRT008,2026-08-14,Pending,85025.52
CLM002362,POL00624,PRG002,TRT035,2026-04-23,Closed,98682.64
CLM002363,POL05213,PRG025,TRT062,2026-02-21,Pending,128659.62
CLM002364,POL04378,PRG012,TRT093,2026-06-20,Closed,83621.46
CLM002365,POL04106,PRG005,TRT062,2026-01-10,Closed,69181.58
CLM002366,POL08339,PRG021,TRT043,2026-04-24,Open,152598.12
CLM002367,POL09985,PRG015,TRT023,2026-06-12,Open,225963.63
CLM002368,POL07418,PRG005,TRT058,2026-01-01,Open,187022.62
CLM002369,POL07713,PRG008,TRT076,2026-02-01,Closed,154095.79
CLM002370,POL05544,PRG008,TRT051,2026-07-10,Open,233323.32
CLM002371,POL03093,PRG021,TRT098,2026-08-10,Closed,147676.34
CLM002372,POL03659,PRG001,TRT044,2026-08-14,Open,105358.63
CLM002373,POL07188,PRG017,TRT062,2026-05-18,Pending,247295.48
CLM002374,POL03977,PRG019,TRT039,2026-05-19,Closed,226609.81
CLM002375,POL07923,PRG016,TRT094,2026-06-24,Open,242875.85
CLM002376,POL02410,PRG022,TRT086,2026-02-09,Pending,22730.98
CLM002377,POL09844,PRG016,TRT028,2026-06-02,Pending,258108.59
CLM002378,POL08516,PRG006,TRT079,2026-01-30,Open,158064.78
CLM002379,POL09017,PRG017,TRT030,2026-05-22,Open,200231.92
CLM002380,POL02222,PRG023,TRT089,2026-07-23,Open,117374.8
CLM002381,POL09603,PRG006,TRT005,2026-04-26,Open,281643.51
CLM002382,POL02605,PRG004,TRT008,2026-02-15,Open,113196.13
CLM002383,POL00429,PRG023,TRT058,2026-01-12,Closed,221971.58
CLM002384,POL08606,PRG019,TRT011,2026-07-04,Closed,138309.64
CLM002385,POL00906,PRG006,TRT061,2026-08-20,Open,184077.85
CLM002386,POL04256,PRG016,TRT076,2026-01-06,Open,231702.72
CLM002387,POL07941,PRG016,TRT077,2026-04-05,Open,41592.63
CLM002388,POL02212,PRG025,TRT006,2026-03-08,Closed,236012.0
CLM002389,POL01879,PRG006,TRT003,2026-04-05,Pending,9174.24
CLM002390,POL05776,PRG010,TRT063,2026-08-19,Closed,193135.05
CLM002391,POL08345,PRG002,TRT016,2026-04-02,Pending,73521.94
CLM002392,POL07705,PRG011,TRT063,2026-06-11,Closed,102938.45
CLM002393,POL09949,PRG017,TRT056,2026-08-04,Closed,125681.28
CLM002394,POL02001,PRG015,TRT081,2026-01-31,Closed,282412.04
CLM002395,POL04360,PRG014,TRT083,2026-05-05,Open,233398.35
CLM002396,POL04901,PRG023,TRT069,2026-02-06,Pending,84621.16
CLM002397,POL08275,PRG015,TRT076,2026-07-14,Pending,237067.53
CLM002398,POL04287,PRG012,TRT018,2026-08-29,Open,194747.55
CLM002399,POL04103,PRG019,TRT031,2026-01-12,Pending,206169.62
CLM002400,POL01980,PRG005,TRT068,2026-07-31,Closed,81376.88
CLM002401,POL05676,PRG005,TRT041,2026-04-21,Pending,31304.32
CLM002402,POL01754,PRG010,TRT042,2026-01-18,Open,188262.14
CLM002403,POL07026,PRG005,TRT052,2026-03-12,Closed,193606.07
CLM002404,POL07362,PRG016,TRT004,2026-02-06,Closed,4426.51
CLM002405,POL05648,PRG013,TRT099,2026-05-31,Pending,144934.55
CLM002406,POL09690,PRG015,TRT053,2026-08-23,Open,299270.54
CLM002407,POL03309,PRG014,TRT050,2026-07-07,Closed,24207.39
CLM002408,POL06370,PRG009,TRT039,2026-01-31,Open,6122.66
CLM002409,POL07010,PRG003,TRT020,2026-07-10,Pending,23916.69
CLM002410,POL06691,PRG007,TRT038,2026-04-03,Closed,230308.91
CLM002411,POL05825,PRG006,TRT068,2026-08-27,Open,198146.21
CLM002412,POL04143,PRG013,TRT071,2026-06-23,Pending,188794.69
CLM002413,POL08728,PRG014,TRT050,2026-03-18,Pending,269254.36
CLM002414,POL07194,PRG018,TRT035,2026-08-09,Pending,84814.08
CLM002415,POL06073,PRG023,TRT087,2026-06-21,Closed,123825.15
CLM002416,POL06953,PRG013,TRT074,2026-02-15,Pending,189600.32
CLM002417,POL07073,PRG018,TRT089,2026-07-31,Pending,144049.61
CLM002418,POL06403,PRG023,TRT018,2026-08-26,Pending,81097.15
CLM002419,POL08428,PRG004,TRT033,2026-03-24,Pending,137177.8
CLM002420,POL02283,PRG013,TRT023,2026-01-09,Pending,184840.82
CLM002421,POL01111,PRG003,TRT005,2026-01-21,Closed,277225.33
CLM002422,POL08205,PRG010,TRT017,2026-05-01,Pending,83685.11
CLM002423,POL07427,PRG020,TRT048,2026-06-20,Pending,77590.25
CLM002424,POL08258,PRG006,TRT070,2026-05-28,Open,265462.67
CLM002425,POL00940,PRG002,TRT087,2026-03-12,Closed,121719.35
CLM002426,POL07209,PRG021,TRT049,2026-07-14,Pending,79371.59
CLM002427,POL07562,PRG021,TRT070,2026-03-08,Open,197244.9
CLM002428,POL03543,PRG006,TRT076,2026-04-03,Open,2409.2
CLM002429,POL07408,PRG021,TRT013,2026-01-08,Open,71326.71
CLM002430,POL02414,PRG015,TRT016,2026-06-16,Open,292958.42
CLM002431,POL06797,PRG007,TRT066,2026-05-10,Open,94307.98
CLM002432,POL00035,PRG012,TRT057,2026-01-04,Pending,211541.15
CLM002433,POL00122,PRG007,TRT100,2026-01-10,Closed,160899.43
CLM002434,POL09240,PRG006,TRT060,2026-07-06,Pending,81336.1
CLM002435,POL03872,PRG022,TRT045,2026-07-15,Closed,278926.12
CLM002436,POL04513,PRG009,TRT072,2026-06-04,Closed,254376.95
CLM002437,POL02711,PRG016,TRT018,2026-03-02,Closed,32069.22
CLM002438,POL00384,PRG025,TRT089,2026-06-28,Pending,273869.64
CLM002439,POL01530,PRG002,TRT036,2026-02-16,Closed,253128.0
CLM002440,POL06218,PRG004,TRT049,2026-07-03,Open,102881.78
CLM002441,POL01637,PRG011,TRT012,2026-05-26,Open,44960.35
CLM002442,POL02048,PRG002,TRT026,2026-02-27,Pending,189280.03
CLM002443,POL03447,PRG013,TRT003,2026-08-05,Open,238076.03
CLM002444,POL06462,PRG012,TRT009,2026-08-22,Pending,118676.79
CLM002445,POL03107,PRG024,TRT019,2026-02-12,Open,200655.76
CLM002446,POL03097,PRG014,TRT031,2026-08-08,Closed,203728.22
CLM002447,POL07407,PRG017,TRT062,2026-01-08,Pending,249786.8
CLM002448,POL00393,PRG019,TRT044,2026-02-14,Open,237952.37
CLM002449,POL04603,PRG019,TRT043,2026-06-17,Closed,21867.96
CLM002450,POL01202,PRG001,TRT086,2026-01-16,Closed,182916.24
CLM002451,POL06459,PRG001,TRT021,2026-06-27,Pending,41721.09
CLM002452,POL04817,PRG001,TRT069,2026-08-23,Closed,104088.25
CLM002453,POL01924,PRG005,TRT006,2026-07-17,Pending,180684.87
CLM002454,POL08131,PRG007,TRT099,2026-04-27,Closed,86897.31
CLM002455,POL09322,PRG023,TRT087,2026-08-05,Pending,276653.56
CLM002456,POL05810,PRG017,TRT088,2026-08-03,Pending,182457.95
CLM002457,POL04024,PRG019,TRT100,2026-05-15,Pending,123847.77
CLM002458,POL02290,PRG005,TRT002,2026-05-27,Open,194519.94
CLM002459,POL04972,PRG019,TRT011,2026-07-16,Open,255311.75
CLM002460,POL01979,PRG013,TRT049,2026-06-18,Closed,238147.12
CLM002461,POL01853,PRG009,TRT071,2026-06-26,Open,262468.15
CLM002462,POL02062,PRG003,TRT025,2026-07-06,Closed,106725.45
CLM002463,POL06558,PRG023,TRT079,2026-02-03,Pending,122285.59
CLM002464,POL06075,PRG014,TRT069,2026-04-24,Open,123546.99
CLM002465,POL06669,PRG017,TRT011,2026-01-07,Pending,193068.15
CLM002466,POL08262,PRG022,TRT098,2026-03-10,Open,109827.09
CLM002467,POL01833,PRG015,TRT026,2026-03-28,Pending,233059.64
CLM002468,POL00975,PRG009,TRT078,2026-03-24,Closed,131854.36
CLM002469,POL05822,PRG004,TRT065,2026-06-25,Open,46751.24
CLM002470,POL05822,PRG004,TRT065,2026-01-18,Pending,92047.19
CLM002471,POL03231,PRG021,TRT006,2026-02-05,Closed,271018.05
CLM002472,POL05056,PRG022,TRT021,2026-06-26,Open,297004.44
CLM002473,POL09504,PRG004,TRT075,2026-03-11,Pending,246898.13
CLM002474,POL07963,PRG021,TRT029,2026-01-30,Open,3821.49
CLM002475,POL07278,PRG004,TRT014,2026-03-07,Closed,51378.32
CLM002476,POL01184,PRG025,TRT023,2026-03-13,Open,181115.99
CLM002477,POL07478,PRG007,TRT074,2026-05-16,Pending,90214.22
CLM002478,POL03984,PRG012,TRT055,2026-03-07,Closed,196998.22
CLM002479,POL00074,PRG018,TRT098,2026-04-15,Open,253056.22
CLM002480,POL00564,PRG006,TRT035,2026-05-06,Open,266607.03
CLM002481,POL09417,PRG015,TRT021,2026-01-11,Pending,41808.44
CLM002482,POL06504,PRG019,TRT006,2026-04-23,Pending,119728.35
CLM002483,POL07879,PRG016,TRT090,2026-04-21,Open,19772.38
CLM002484,POL07228,PRG021,TRT058,2026-04-04,Pending,89450.48
CLM002485,POL07302,PRG004,TRT045,2026-04-15,Open,70520.07
CLM002486,POL01095,PRG009,TRT086,2026-04-22,Closed,154051.75
CLM002487,POL09261,PRG025,TRT089,2026-08-08,Closed,33803.8
CLM002488,POL04220,PRG005,TRT084,2026-05-15,Open,222816.79
CLM002489,POL05652,PRG019,TRT074,2026-02-05,Pending,187810.6
CLM002490,POL01576,PRG011,TRT028,2026-02-23,Open,79557.51
CLM002491,POL05086,PRG010,TRT030,2026-05-12,Open,7288.49
CLM002492,POL04326,PRG019,TRT100,2026-07-15,Pending,198937.8
CLM002493,POL05467,PRG016,TRT034,2026-02-06,Pending,259969.23
CLM002494,POL08204,PRG015,TRT042,2026-03-17,Pending,43836.48
CLM002495,POL03422,PRG022,TRT037,2026-08-16,Open,275775.38
CLM002496,POL07400,PRG018,TRT074,2026-03-28,Open,274950.9
CLM002497,POL07567,PRG020,TRT007,2026-02-26,Closed,249362.21
CLM002498,POL01628,PRG024,TRT037,2026-01-21,Closed,190805.6
CLM002499,POL05926,PRG017,TRT035,2026-06-04,Open,257713.88
CLM002500,POL03885,PRG012,TRT075,2026-07-26,Open,229558.03
CLM002501,POL07770,PRG008,TRT030,2026-03-05,Closed,183202.82
CLM002502,POL09748,PRG016,TRT067,2026-02-07,Closed,51471.28
CLM002503,POL05633,PRG024,TRT084,2026-04-30,Open,280071.97
CLM002504,POL02835,PRG005,TRT026,2026-05-03,Pending,80236.77
CLM002505,POL05465,PRG012,TRT057,2026-01-03,Closed,191903.94
CLM002506,POL08446,PRG024,TRT097,2026-05-19,Open,242024.68
CLM002507,POL06257,PRG024,TRT060,2026-06-27,Open,130235.24
CLM002508,POL06730,PRG015,TRT048,2026-05-08,Closed,296816.94
CLM002509,POL00474,PRG021,TRT062,2026-08-17,Open,5645.13
CLM002510,POL09011,PRG004,TRT077,2026-06-01,Closed,67253.17
CLM002511,POL01532,PRG002,TRT026,2026-08-18,Pending,217945.97
CLM002512,POL05047,PRG009,TRT001,2026-08-05,Pending,181892.42
CLM002513,POL01014,PRG003,TRT080,2026-08-25,Open,18293.55
CLM002514,POL09428,PRG017,TRT093,2026-08-29,Pending,260338.74
CLM002515,POL07889,PRG005,TRT032,2026-04-03,Pending,138009.02
CLM002516,POL01132,PRG023,TRT058,2026-03-29,Closed,71773.41
CLM002517,POL08495,PRG021,TRT066,2026-03-07,Open,229576.37
CLM002518,POL08232,PRG009,TRT011,2026-02-26,Open,229632.49
CLM002519,POL04220,PRG005,TRT084,2026-05-10,Open,6852.99
CLM002520,POL05882,PRG020,TRT008,2026-04-24,Open,39687.4
CLM002521,POL09119,PRG017,TRT050,2026-04-11,Closed,104699.24
CLM002522,POL08231,PRG001,TRT077,2026-07-01,Closed,53903.18
CLM002523,POL04755,PRG009,TRT065,2026-07-28,Pending,142771.48
CLM002524,POL03925,PRG015,TRT009,2026-02-24,Open,60658.92
CLM002525,POL05033,PRG022,TRT044,2026-03-30,Pending,99301.12
CLM002526,POL05307,PRG005,TRT068,2026-05-13,Closed,151185.75
CLM002527,POL07004,PRG018,TRT021,2026-02-07,Open,80601.71
CLM002528,POL08068,PRG009,TRT050,2026-04-10,Closed,213448.69
CLM002529,POL04549,PRG003,TRT007,2026-01-23,Closed,248240.98
CLM002530,POL02343,PRG020,TRT041,2026-03-11,Open,223682.98
CLM002531,POL04798,PRG016,TRT035,2026-06-13,Closed,213391.99
CLM002532,POL09370,PRG014,TRT069,2026-08-22,Closed,259494.4
CLM002533,POL01670,PRG006,TRT045,2026-06-06,Pending,43916.26
CLM002534,POL09166,PRG011,TRT023,2026-05-10,Open,183084.06
CLM002535,POL06556,PRG013,TRT015,2026-05-06,Pending,286498.36
CLM002536,POL04672,PRG012,TRT034,2026-06-04,Pending,94940.15
CLM002537,POL02876,PRG011,TRT073,2026-07-12,Closed,221387.55
CLM002538,POL09213,PRG025,TRT049,2026-03-05,Open,67845.55
CLM002539,POL05081,PRG010,TRT010,2026-07-13,Pending,147144.94
CLM002540,POL09504,PRG004,TRT075,2026-02-21,Open,299304.74
CLM002541,POL06565,PRG008,TRT072,2026-05-07,Open,176515.23
CLM002542,POL06240,PRG011,TRT008,2026-06-26,Open,205263.33
CLM002543,POL02545,PRG016,TRT082,2026-02-27,Pending,133836.0
CLM002544,POL06202,PRG019,TRT041,2026-03-14,Pending,106191.44
CLM002545,POL08944,PRG010,TRT042,2026-03-23,Closed,46936.96
CLM002546,POL08632,PRG010,TRT071,2026-02-12,Open,198055.3
CLM002547,POL00756,PRG011,TRT083,2026-03-28,Open,245732.2
CLM002548,POL04517,PRG006,TRT086,2026-03-24,Open,261117.94
CLM002549,POL06687,PRG014,TRT090,2026-04-07,Pending,82784.97
CLM002550,POL08070,PRG025,TRT085,2026-05-14,Open,78864.31
CLM002551,POL07913,PRG013,TRT055,2026-08-23,Open,200384.64
CLM002552,POL05036,PRG004,TRT070,2026-08-19,Pending,228717.14
CLM002553,POL02187,PRG003,TRT078,2026-04-08,Open,182009.26
CLM002554,POL02609,PRG009,TRT084,2026-04-19,Closed,278326.04
CLM002555,POL01061,PRG006,TRT015,2026-01-10,Open,39837.06
CLM002556,POL09481,PRG024,TRT087,2026-07-08,Closed,15516.76
CLM002557,POL01891,PRG019,TRT004,2026-06-03,Open,242754.69
CLM002558,POL08182,PRG004,TRT043,2026-06-09,Open,151779.74
CLM002559,POL01332,PRG009,TRT079,2026-04-02,Pending,192232.94
CLM002560,POL00078,PRG013,TRT014,2026-07-30,Closed,54236.11
CLM002561,POL08004,PRG022,TRT007,2026-02-17,Pending,136632.77
CLM002562,POL07576,PRG007,TRT061,2026-05-09,Closed,247306.96
CLM002563,POL05375,PRG013,TRT086,2026-02-13,Open,245759.9
CLM002564,POL06039,PRG004,TRT019,2026-01-02,Open,239229.7
CLM002565,POL05693,PRG004,TRT067,2026-06-26,Open,135384.08
CLM002566,POL06508,PRG003,TRT055,2026-08-23,Open,277778.32
CLM002567,POL02448,PRG024,TRT030,2026-05-15,Closed,174656.2
CLM002568,POL04922,PRG022,TRT006,2026-05-11,Closed,126733.75
CLM002569,POL07202,PRG008,TRT012,2026-07-20,Open,194423.93
CLM002570,POL09842,PRG011,TRT030,2026-01-07,Closed,114796.04
CLM002571,POL04637,PRG022,TRT048,2026-03-14,Pending,50541.62
CLM002572,POL01821,PRG012,TRT100,2026-08-04,Pending,78070.77
CLM002573,POL01566,PRG012,TRT077,2026-02-15,Open,244237.24
CLM002574,POL01927,PRG021,TRT078,2026-08-15,Closed,149420.79
CLM002575,POL06104,PRG017,TRT065,2026-02-07,Closed,122178.69
CLM002576,POL04934,PRG002,TRT028,2026-08-11,Pending,62805.02
CLM002577,POL03167,PRG020,TRT015,2026-08-03,Open,74699.74
CLM002578,POL02825,PRG010,TRT083,2026-03-15,Open,221348.93
CLM002579,POL05334,PRG007,TRT097,2026-01-02,Pending,110407.88
CLM002580,POL02619,PRG024,TRT065,2026-04-11,Closed,73640.39
CLM002581,POL08696,PRG012,TRT063,2026-05-21,Pending,67285.86
CLM002582,POL03283,PRG019,TRT001,2026-05-04,Open,131564.22
CLM002583,POL02847,PRG004,TRT066,2026-06-15,Closed,233893.78
CLM002584,POL06229,PRG013,TRT011,2026-01-17,Closed,86506.62
CLM002585,POL08446,PRG024,TRT097,2026-05-11,Open,46450.26
CLM002586,POL02462,PRG004,TRT054,2026-05-20,Closed,32360.27
CLM002587,POL06991,PRG011,TRT074,2026-02-04,Pending,67974.87
CLM002588,POL01796,PRG017,TRT017,2026-04-25,Pending,172772.77
CLM002589,POL02370,PRG017,TRT013,2026-06-19,Open,205858.81
CLM002590,POL03516,PRG002,TRT011,2026-02-25,Closed,277475.77
CLM002591,POL05989,PRG012,TRT070,2026-07-22,Open,279121.79
CLM002592,POL06139,PRG011,TRT018,2026-01-18,Closed,289970.47
CLM002593,POL01203,PRG002,TRT057,2026-07-22,Open,6238.67
CLM002594,POL08869,PRG018,TRT017,2026-03-11,Closed,208609.58
CLM002595,POL03416,PRG007,TRT064,2026-05-16,Pending,50458.91
CLM002596,POL05916,PRG020,TRT081,2026-05-25,Open,281052.78
CLM002597,POL04372,PRG013,TRT054,2026-06-22,Closed,14877.37
CLM002598,POL09026,PRG024,TRT033,2026-01-22,Pending,116631.41
CLM002599,POL01514,PRG011,TRT083,2026-02-22,Closed,150468.74
CLM002600,POL07883,PRG011,TRT022,2026-04-17,Pending,289976.58
CLM002601,POL02463,PRG015,TRT090,2026-01-29,Open,49405.17
CLM002602,POL06384,PRG020,TRT100,2026-07-31,Open,88928.41
CLM002603,POL05088,PRG004,TRT087,2026-06-20,Closed,77747.67
CLM002604,POL05809,PRG018,TRT091,2026-02-06,Closed,253430.41
CLM002605,POL05318,PRG006,TRT063,2026-07-31,Closed,50290.79
CLM002606,POL07513,PRG018,TRT077,2026-06-13,Closed,51754.37
CLM002607,POL06447,PRG022,TRT045,2026-01-18,Closed,265493.71
CLM002608,POL00583,PRG004,TRT027,2026-02-25,Pending,44839.22
CLM002609,POL03252,PRG023,TRT011,2026-01-20,Closed,1393.01
CLM002610,POL01388,PRG016,TRT059,2026-03-21,Open,270648.05
CLM002611,POL00968,PRG001,TRT025,2026-07-26,Pending,16353.77
CLM002612,POL02995,PRG004,TRT028,2026-05-19,Closed,215573.43
CLM002613,POL01862,PRG021,TRT019,2026-03-07,Closed,132545.35
CLM002614,POL04906,PRG005,TRT004,2026-08-19,Pending,280995.09
CLM002615,POL06628,PRG019,TRT082,2026-07-25,Pending,188546.51
CLM002616,POL05849,PRG001,TRT051,2026-05-02,Open,232938.47
CLM002617,POL05972,PRG008,TRT024,2026-08-07,Closed,27516.48
CLM002618,POL05227,PRG022,TRT043,2026-04-28,Pending,105816.85
CLM002619,POL02000,PRG022,TRT006,2026-02-07,Pending,91320.66
CLM002620,POL06056,PRG009,TRT073,2026-01-04,Closed,116427.86
CLM002621,POL03307,PRG001,TRT095,2026-02-26,Pending,169093.0
CLM002622,POL08866,PRG002,TRT053,2026-01-31,Closed,20656.97
CLM002623,POL03342,PRG020,TRT080,2026-08-22,Open,268561.07
CLM002624,POL01569,PRG011,TRT056,2026-06-28,Closed,62445.25
CLM002625,POL02241,PRG009,TRT065,2026-05-13,Open,218793.86
CLM002626,POL01876,PRG013,TRT092,2026-07-26,Open,63892.07
CLM002627,POL03868,PRG001,TRT024,2026-01-01,Open,244433.77
CLM002628,POL03071,PRG024,TRT054,2026-06-27,Closed,151503.98
CLM002629,POL08772,PRG021,TRT016,2026-06-18,Pending,130296.72
CLM002630,POL06253,PRG023,TRT062,2026-03-02,Open,192111.53
CLM002631,POL07602,PRG004,TRT033,2026-04-08,Closed,249909.96
CLM002632,POL09025,PRG024,TRT082,2026-08-03,Pending,130912.17
CLM002633,POL04204,PRG025,TRT008,2026-04-13,Open,238433.57
CLM002634,POL04482,PRG024,TRT063,2026-02-20,Closed,36802.55
CLM002635,POL02196,PRG003,TRT004,2026-06-24,Open,62794.88
CLM002636,POL09982,PRG019,TRT022,2026-07-03,Closed,34494.22
CLM002637,POL08958,PRG016,TRT005,2026-05-04,Open,217693.67
CLM002638,POL03559,PRG002,TRT073,2026-05-06,Open,51343.65
CLM002639,POL04761,PRG002,TRT097,2026-02-05,Open,135695.51
CLM002640,POL04658,PRG002,TRT070,2026-02-24,Open,233902.13
CLM002641,POL01349,PRG008,TRT037,2026-05-18,Open,82872.77
CLM002642,POL00176,PRG006,TRT056,2026-02-03,Pending,172842.61
CLM002643,POL01713,PRG009,TRT017,2026-06-03,Pending,20076.17
CLM002644,POL04216,PRG007,TRT094,2026-05-21,Closed,298990.07
CLM002645,POL08044,PRG011,TRT053,2026-03-18,Closed,299313.67
CLM002646,POL09416,PRG021,TRT003,2026-08-14,Closed,113600.21
CLM002647,POL07150,PRG001,TRT094,2026-05-16,Open,14735.32
CLM002648,POL03596,PRG020,TRT009,2026-01-10,Open,181488.96
CLM002649,POL09739,PRG013,TRT032,2026-01-13,Pending,6852.4
CLM002650,POL07245,PRG016,TRT078,2026-01-26,Pending,269240.76
CLM002651,POL00017,PRG020,TRT062,2026-08-12,Open,132197.99
CLM002652,POL05419,PRG016,TRT037,2026-02-28,Open,19624.75
CLM002653,POL04137,PRG012,TRT078,2026-05-03,Closed,40998.53
CLM002654,POL07724,PRG021,TRT006,2026-02-09,Closed,167757.0
CLM002655,POL06696,PRG009,TRT036,2026-07-30,Open,68143.95
CLM002656,POL03833,PRG009,TRT080,2026-06-21,Open,294123.14
CLM002657,POL09579,PRG013,TRT048,2026-06-04,Closed,183153.09
CLM002658,POL09387,PRG006,TRT091,2026-04-18,Open,38678.77
CLM002659,POL01788,PRG022,TRT003,2026-07-22,Pending,254565.19
CLM002660,POL07600,PRG016,TRT062,2026-06-25,Pending,174574.01
CLM002661,POL08776,PRG005,TRT045,2026-01-20,Closed,222954.62
CLM002662,POL03764,PRG019,TRT018,2026-02-26,Open,23662.74
CLM002663,POL09434,PRG023,TRT094,2026-01-20,Open,172182.37
CLM002664,POL06429,PRG022,TRT002,2026-04-30,Closed,72200.97
CLM002665,POL01697,PRG024,TRT086,2026-01-13,Pending,186788.29
CLM002666,POL06823,PRG001,TRT063,2026-01-30,Closed,246594.09
CLM002667,POL06244,PRG019,TRT038,2026-01-19,Open,183401.69
CLM002668,POL08392,PRG006,TRT047,2026-06-27,Closed,299288.13
CLM002669,POL08481,PRG013,TRT092,2026-04-26,Closed,109208.55
CLM002670,POL00060,PRG011,TRT021,2026-01-09,Open,27082.87
CLM002671,POL08083,PRG015,TRT056,2026-08-27,Closed,245705.06
CLM002672,POL09010,PRG006,TRT080,2026-03-16,Pending,61976.7
CLM002673,POL03934,PRG007,TRT001,2026-05-16,Pending,209788.99
CLM002674,POL04946,PRG005,TRT096,2026-04-20,Pending,266593.5
CLM002675,POL07824,PRG002,TRT053,2026-05-06,Open,276960.09
CLM002676,POL00987,PRG016,TRT040,2026-03-16,Pending,136115.84
CLM002677,POL03343,PRG002,TRT008,2026-06-06,Closed,119833.55
CLM002678,POL05860,PRG014,TRT070,2026-03-01,Closed,255639.79
CLM002679,POL09224,PRG001,TRT080,2026-02-06,Open,184587.74
CLM002680,POL08959,PRG007,TRT051,2026-06-26,Open,296470.7
CLM002681,POL02961,PRG023,TRT093,2026-02-01,Open,275602.46
CLM002682,POL05966,PRG018,TRT018,2026-06-01,Open,231527.88
CLM002683,POL01600,PRG003,TRT055,2026-06-01,Closed,148400.86
CLM002684,POL05537,PRG005,TRT071,2026-07-05,Pending,256442.92
CLM002685,POL06312,PRG003,TRT085,2026-05-23,Open,255220.34
CLM002686,POL01614,PRG023,TRT011,2026-05-14,Closed,27477.85
CLM002687,POL05143,PRG020,TRT089,2026-02-10,Closed,89785.73
CLM002688,POL04832,PRG010,TRT078,2026-05-10,Open,90840.39
CLM002689,POL00175,PRG018,TRT042,2026-01-29,Pending,256699.42
CLM002690,POL08589,PRG003,TRT069,2026-02-26,Closed,2799.6
CLM002691,POL04777,PRG006,TRT062,2026-05-04,Closed,218997.12
CLM002692,POL02248,PRG013,TRT087,2026-05-21,Open,245459.63
CLM002693,POL07484,PRG006,TRT059,2026-05-27,Closed,177819.44
CLM002694,POL01382,PRG002,TRT039,2026-06-13,Closed,27808.19
CLM002695,POL04682,PRG006,TRT039,2026-06-24,Open,107234.41
CLM002696,POL08021,PRG001,TRT087,2026-07-08,Closed,215739.96
CLM002697,POL07108,PRG016,TRT034,2026-03-24,Pending,218062.9
CLM002698,POL00565,PRG009,TRT085,2026-07-21,Closed,97768.75
CLM002699,POL02962,PRG004,TRT050,2026-08-26,Pending,237137.38
CLM002700,POL05761,PRG016,TRT054,2026-05-05,Closed,158980.59
CLM002701,POL04626,PRG014,TRT063,2026-07-22,Open,8866.44
CLM002702,POL07926,PRG016,TRT055,2026-01-09,Closed,210672.42
CLM002703,POL09117,PRG010,TRT037,2026-02-11,Pending,96032.06
CLM002704,POL05350,PRG023,TRT062,2026-07-10,Open,71583.16
CLM002705,POL02383,PRG025,TRT013,2026-02-21,Pending,13577.61
CLM002706,POL07445,PRG022,TRT008,2026-05-27,Closed,169581.03
CLM002707,POL09247,PRG011,TRT023,2026-02-03,Closed,107367.3
CLM002708,POL00610,PRG014,TRT060,2026-05-25,Open,181616.55
CLM002709,POL04316,PRG012,TRT097,2026-02-18,Pending,299540.98
CLM002710,POL00010,PRG008,TRT018,2026-02-06,Open,7452.01
CLM002711,POL02813,PRG011,TRT011,2026-02-16,Closed,243869.18
CLM002712,POL03669,PRG001,TRT043,2026-08-28,Closed,203812.61
CLM002713,POL04626,PRG014,TRT063,2026-03-28,Open,124097.09
CLM002714,POL06670,PRG013,TRT087,2026-08-15,Closed,88245.78
CLM002715,POL07850,PRG022,TRT083,2026-03-11,Closed,21721.29
CLM002716,POL06228,PRG013,TRT025,2026-02-10,Open,197626.91
CLM002717,POL06226,PRG016,TRT068,2026-03-26,Pending,82468.52
CLM002718,POL04223,PRG003,TRT068,2026-01-21,Closed,102138.85
CLM002719,POL01675,PRG011,TRT073,2026-03-04,Pending,49816.28
CLM002720,POL00452,PRG015,TRT041,2026-02-23,Closed,103045.18
CLM002721,POL09651,PRG012,TRT024,2026-01-02,Open,275162.99
CLM002722,POL01886,PRG010,TRT043,2026-08-09,Open,97301.54
CLM002723,POL01482,PRG004,TRT056,2026-05-03,Pending,195577.28
CLM002724,POL08356,PRG019,TRT005,2026-03-02,Pending,61190.53
CLM002725,POL02245,PRG021,TRT019,2026-03-04,Open,78601.79
CLM002726,POL00622,PRG017,TRT082,2026-02-08,Pending,292051.07
CLM002727,POL01319,PRG011,TRT040,2026-08-09,Open,283335.33
CLM002728,POL01837,PRG020,TRT021,2026-04-07,Pending,238032.27
CLM002729,POL08973,PRG001,TRT017,2026-03-30,Pending,42790.29
CLM002730,POL08586,PRG005,TRT067,2026-01-15,Open,150380.68
CLM002731,POL09953,PRG023,TRT064,2026-08-25,Pending,226177.1
CLM002732,POL03122,PRG013,TRT009,2026-03-29,Open,167263.95
CLM002733,POL08334,PRG011,TRT009,2026-04-27,Closed,16657.78
CLM002734,POL08359,PRG014,TRT041,2026-05-08,Pending,270890.95
CLM002735,POL00366,PRG010,TRT050,2026-04-25,Pending,194755.78
CLM002736,POL02747,PRG001,TRT046,2026-04-22,Pending,298384.52
CLM002737,POL06340,PRG005,TRT049,2026-06-04,Open,115118.64
CLM002738,POL09301,PRG019,TRT012,2026-08-09,Open,255502.65
CLM002739,POL00785,PRG016,TRT020,2026-05-26,Closed,67271.78
CLM002740,POL04853,PRG021,TRT077,2026-06-23,Pending,97521.18
CLM002741,POL00037,PRG003,TRT086,2026-01-02,Closed,194147.43
CLM002742,POL06969,PRG020,TRT099,2026-05-13,Closed,209876.11
CLM002743,POL00069,PRG004,TRT049,2026-02-15,Closed,244914.61
CLM002744,POL07487,PRG003,TRT091,2026-06-16,Pending,229813.15
CLM002745,POL09294,PRG019,TRT078,2026-03-14,Pending,117042.54
CLM002746,POL06570,PRG010,TRT081,2026-06-24,Pending,69133.35
CLM002747,POL07190,PRG005,TRT047,2026-05-18,Pending,267387.61
CLM002748,POL00330,PRG018,TRT003,2026-08-20,Closed,235320.2
CLM002749,POL01129,PRG001,TRT068,2026-01-22,Pending,10259.66
CLM002750,POL01038,PRG010,TRT046,2026-04-06,Open,256567.65
CLM002751,POL09109,PRG013,TRT002,2026-05-06,Open,103206.64
CLM002752,POL06022,PRG005,TRT020,2026-07-20,Open,272558.85
CLM002753,POL07443,PRG015,TRT071,2026-01-30,Pending,142311.74
CLM002754,POL03439,PRG005,TRT096,2026-08-08,Open,223275.01
CLM002755,POL05253,PRG018,TRT019,2026-05-03,Pending,54260.42
CLM002756,POL09965,PRG006,TRT063,2026-03-08,Open,115987.12
CLM002757,POL07156,PRG007,TRT044,2026-05-01,Closed,135908.18
CLM002758,POL06741,PRG018,TRT082,2026-02-28,Pending,89055.14
CLM002759,POL06677,PRG018,TRT019,2026-02-22,Pending,205976.4
CLM002760,POL08253,PRG018,TRT007,2026-04-03,Closed,259204.2
CLM002761,POL06871,PRG012,TRT081,2026-01-07,Open,251975.4
CLM002762,POL02188,PRG021,TRT074,2026-01-20,Pending,6733.72
CLM002763,POL08062,PRG022,TRT045,2026-01-15,Closed,128723.92
CLM002764,POL04187,PRG003,TRT025,2026-01-14,Closed,258265.44
CLM002765,POL06706,PRG015,TRT021,2026-07-02,Closed,13596.33
CLM002766,POL03247,PRG016,TRT055,2026-08-02,Closed,31834.59
CLM002767,POL02461,PRG004,TRT060,2026-05-07,Open,184051.64
CLM002768,POL07822,PRG010,TRT038,2026-07-10,Open,190034.53
CLM002769,POL04504,PRG013,TRT097,2026-02-01,Closed,288384.98
CLM002770,POL07613,PRG006,TRT027,2026-05-28,Closed,68644.02
CLM002771,POL09627,PRG012,TRT079,2026-01-09,Open,242754.36
CLM002772,POL07375,PRG020,TRT036,2026-03-13,Open,65927.81
CLM002773,POL09882,PRG022,TRT010,2026-04-05,Closed,93207.97
CLM002774,POL02352,PRG019,TRT073,2026-06-15,Open,68777.99
CLM002775,POL06486,PRG016,TRT093,2026-01-06,Open,203327.22
CLM002776,POL02079,PRG013,TRT059,2026-07-26,Pending,71892.23
CLM002777,POL09723,PRG007,TRT099,2026-05-01,Open,214253.36
CLM002778,POL04287,PRG012,TRT018,2026-06-26,Open,56777.78
CLM002779,POL06145,PRG013,TRT018,2026-05-30,Open,93120.4
CLM002780,POL07774,PRG002,TRT041,2026-07-29,Pending,296890.47
CLM002781,POL03974,PRG023,TRT075,2026-02-23,Closed,274425.54
CLM002782,POL09173,PRG015,TRT065,2026-05-23,Open,84915.68
CLM002783,POL05426,PRG023,TRT071,2026-07-30,Pending,189846.24
CLM002784,POL01428,PRG020,TRT003,2026-03-26,Pending,111487.71
CLM002785,POL01132,PRG023,TRT058,2026-04-08,Closed,133283.04
CLM002786,POL07698,PRG016,TRT004,2026-06-27,Closed,86099.33
CLM002787,POL03394,PRG019,TRT100,2026-04-09,Closed,31351.6
CLM002788,POL01723,PRG014,TRT005,2026-03-17,Open,181646.06
CLM002789,POL01632,PRG011,TRT048,2026-04-18,Open,236806.01
CLM002790,POL06847,PRG008,TRT055,2026-07-26,Closed,47545.93
CLM002791,POL04839,PRG001,TRT010,2026-05-22,Closed,138576.74
CLM002792,POL02754,PRG025,TRT001,2026-07-06,Pending,46086.53
CLM002793,POL05988,PRG010,TRT048,2026-08-04,Pending,202935.24
CLM002794,POL03076,PRG007,TRT087,2026-03-14,Open,281384.8
CLM002795,POL06061,PRG012,TRT018,2026-06-12,Closed,212628.63
CLM002796,POL00003,PRG004,TRT011,2026-08-07,Closed,126908.45
CLM002797,POL03908,PRG012,TRT066,2026-06-20,Closed,48131.98
CLM002798,POL05748,PRG024,TRT021,2026-01-17,Pending,66915.92
CLM002799,POL04692,PRG013,TRT025,2026-05-22,Open,293180.82
CLM002800,POL00202,PRG019,TRT023,2026-02-02,Pending,222258.76
CLM002801,POL00415,PRG013,TRT013,2026-01-13,Pending,140269.57
CLM002802,POL04918,PRG018,TRT073,2026-01-16,Closed,102285.83
CLM002803,POL08850,PRG003,TRT059,2026-01-14,Pending,121954.61
CLM002804,POL07934,PRG008,TRT076,2026-04-05,Pending,96270.48
CLM002805,POL02555,PRG010,TRT012,2026-05-17,Pending,39782.19
CLM002806,POL08308,PRG013,TRT004,2026-05-05,Closed,114625.01
CLM002807,POL05000,PRG013,TRT098,2026-04-11,Open,44209.41
CLM002808,POL09807,PRG015,TRT084,2026-01-19,Pending,170063.87
CLM002809,POL07371,PRG014,TRT029,2026-08-20,Open,265971.35
CLM002810,POL08686,PRG008,TRT081,2026-05-31,Pending,286404.24
CLM002811,POL06235,PRG019,TRT002,2026-02-24,Open,189723.42
CLM002812,POL07029,PRG020,TRT082,2026-05-01,Closed,235875.66
CLM002813,POL03572,PRG010,TRT006,2026-07-28,Open,147044.49
CLM002814,POL06669,PRG017,TRT011,2026-02-09,Pending,45906.17
CLM002815,POL04194,PRG022,TRT044,2026-03-17,Open,194868.44
CLM002816,POL03018,PRG010,TRT019,2026-01-03,Open,29478.67
CLM002817,POL08338,PRG008,TRT076,2026-01-26,Pending,37485.35
CLM002818,POL03227,PRG025,TRT052,2026-01-11,Pending,76854.1
CLM002819,POL04836,PRG015,TRT062,2026-04-19,Closed,275756.55
CLM002820,POL02431,PRG014,TRT061,2026-05-21,Open,139791.03
CLM002821,POL05459,PRG014,TRT092,2026-05-15,Closed,91269.71
CLM002822,POL02295,PRG002,TRT024,2026-06-05,Open,81795.82
CLM002823,POL07096,PRG023,TRT010,2026-01-22,Closed,47441.03
CLM002824,POL07801,PRG023,TRT019,2026-06-02,Open,236634.98
CLM002825,POL02747,PRG001,TRT046,2026-05-08,Closed,47214.79
CLM002826,POL06263,PRG002,TRT091,2026-01-27,Pending,281175.86
CLM002827,POL07365,PRG020,TRT099,2026-04-19,Closed,92552.58
CLM002828,POL08450,PRG004,TRT096,2026-04-18,Open,115539.72
CLM002829,POL00277,PRG011,TRT095,2026-03-16,Open,67597.85
CLM002830,POL08238,PRG022,TRT073,2026-02-23,Open,56440.17
CLM002831,POL07449,PRG005,TRT019,2026-06-13,Pending,294798.17
CLM002832,POL00764,PRG018,TRT056,2026-08-19,Pending,63482.66
CLM002833,POL08155,PRG007,TRT083,2026-01-04,Closed,293266.56
CLM002834,POL02396,PRG020,TRT083,2026-07-15,Closed,240078.16
CLM002835,POL07379,PRG011,TRT010,2026-07-31,Closed,54875.05
CLM002836,POL04784,PRG022,TRT005,2026-05-27,Closed,69822.19
CLM002837,POL02170,PRG003,TRT099,2026-08-10,Open,5160.87
CLM002838,POL08296,PRG021,TRT054,2026-07-24,Closed,18781.87
CLM002839,POL00847,PRG025,TRT098,2026-05-13,Closed,102092.05
CLM002840,POL00779,PRG024,TRT071,2026-06-21,Pending,206395.63
CLM002841,POL01362,PRG006,TRT063,2026-01-28,Pending,198537.03
CLM002842,POL01705,PRG003,TRT076,2026-02-01,Pending,267017.82
CLM002843,POL00359,PRG007,TRT022,2026-02-10,Closed,26313.55
CLM002844,POL01200,PRG019,TRT004,2026-08-27,Closed,142006.34
CLM002845,POL02364,PRG025,TRT031,2026-08-22,Pending,166003.67
CLM002846,POL07754,PRG015,TRT013,2026-06-03,Pending,141375.53
CLM002847,POL03123,PRG024,TRT080,2026-06-24,Pending,184015.73
CLM002848,POL07042,PRG011,TRT032,2026-04-06,Closed,52539.5
CLM002849,POL08515,PRG002,TRT072,2026-08-17,Closed,37286.39
CLM002850,POL02708,PRG010,TRT049,2026-06-29,Closed,173893.58
CLM002851,POL08784,PRG011,TRT004,2026-01-24,Open,135869.14
CLM002852,POL05346,PRG003,TRT096,2026-06-22,Closed,54285.7
CLM002853,POL00567,PRG010,TRT033,2026-08-24,Open,29764.89
CLM002854,POL04258,PRG021,TRT016,2026-07-10,Pending,76147.57
CLM002855,POL07397,PRG019,TRT002,2026-02-16,Pending,254890.57
CLM002856,POL08849,PRG009,TRT084,2026-05-21,Pending,189547.89
CLM002857,POL01297,PRG002,TRT033,2026-08-22,Open,230254.19
CLM002858,POL03556,PRG018,TRT032,2026-03-11,Closed,162788.73
CLM002859,POL05405,PRG012,TRT020,2026-05-14,Open,277658.87
CLM002860,POL07040,PRG025,TRT090,2026-05-24,Closed,138611.97
CLM002861,POL06432,PRG024,TRT074,2026-04-20,Pending,17421.16
CLM002862,POL09142,PRG008,TRT096,2026-02-19,Open,39943.94
CLM002863,POL08941,PRG006,TRT090,2026-07-14,Pending,174916.67
CLM002864,POL04208,PRG023,TRT034,2026-07-23,Pending,254960.43
CLM002865,POL02137,PRG012,TRT001,2026-02-09,Pending,281019.88
CLM002866,POL02195,PRG005,TRT006,2026-07-04,Open,60435.27
CLM002867,POL06990,PRG018,TRT074,2026-03-24,Closed,294673.0
CLM002868,POL00875,PRG016,TRT053,2026-03-12,Open,1898.67
CLM002869,POL01589,PRG004,TRT096,2026-05-09,Open,248835.28
CLM002870,POL02398,PRG008,TRT036,2026-05-25,Pending,102462.39
CLM002871,POL02048,PRG002,TRT026,2026-01-14,Open,141564.77
CLM002872,POL09192,PRG012,TRT050,2026-07-04,Pending,11975.39
CLM002873,POL07227,PRG005,TRT052,2026-01-05,Pending,165290.39
CLM002874,POL02328,PRG003,TRT100,2026-01-27,Open,218802.72
CLM002875,POL03624,PRG018,TRT062,2026-04-23,Pending,97428.54
CLM002876,POL09040,PRG008,TRT032,2026-06-05,Pending,141241.6
CLM002877,POL04235,PRG015,TRT077,2026-01-27,Pending,253127.68
CLM002878,POL06945,PRG003,TRT006,2026-01-14,Closed,135710.77
CLM002879,POL07466,PRG022,TRT092,2026-08-03,Open,121487.29
CLM002880,POL07738,PRG012,TRT072,2026-07-17,Pending,197022.23
CLM002881,POL03743,PRG013,TRT091,2026-04-04,Pending,115174.52
CLM002882,POL08847,PRG016,TRT014,2026-02-16,Pending,1096.75
CLM002883,POL02172,PRG004,TRT096,2026-04-24,Pending,75288.05
CLM002884,POL08353,PRG004,TRT089,2026-01-22,Closed,169315.66
CLM002885,POL02583,PRG020,TRT007,2026-06-17,Closed,255857.01
CLM002886,POL04003,PRG001,TRT045,2026-08-18,Closed,225375.69
CLM002887,POL00302,PRG007,TRT060,2026-05-15,Open,171086.89
CLM002888,POL05437,PRG015,TRT079,2026-03-12,Pending,232702.25
CLM002889,POL09270,PRG014,TRT088,2026-02-17,Pending,236772.83
CLM002890,POL09134,PRG007,TRT023,2026-08-20,Closed,110716.29
CLM002891,POL03261,PRG022,TRT074,2026-02-26,Closed,169591.59
CLM002892,POL00134,PRG022,TRT080,2026-05-17,Open,231345.35
CLM002893,POL02957,PRG023,TRT011,2026-06-02,Pending,158595.94
CLM002894,POL01763,PRG005,TRT010,2026-03-25,Closed,142551.97
CLM002895,POL09857,PRG008,TRT066,2026-02-20,Open,113555.43
CLM002896,POL05957,PRG007,TRT083,2026-08-20,Closed,40710.1
CLM002897,POL00166,PRG008,TRT090,2026-03-27,Open,225142.75
CLM002898,POL06294,PRG006,TRT088,2026-03-08,Pending,132307.51
CLM002899,POL07374,PRG010,TRT098,2026-08-20,Pending,252888.07
CLM002900,POL04217,PRG004,TRT081,2026-02-23,Closed,32901.32
CLM002901,POL00406,PRG001,TRT009,2026-06-16,Pending,145703.82
CLM002902,POL04099,PRG008,TRT071,2026-01-27,Pending,6046.74
CLM002903,POL03439,PRG005,TRT096,2026-01-26,Open,69639.79
CLM002904,POL04834,PRG002,TRT056,2026-02-28,Closed,147333.37
CLM002905,POL02842,PRG015,TRT051,2026-06-20,Pending,245301.48
CLM002906,POL02628,PRG008,TRT059,2026-08-12,Open,163644.94
CLM002907,POL02866,PRG019,TRT005,2026-05-16,Open,273871.0
CLM002908,POL04235,PRG015,TRT077,2026-01-24,Open,251302.16
CLM002909,POL08717,PRG007,TRT073,2026-01-15,Pending,250914.54
CLM002910,POL02328,PRG003,TRT100,2026-08-19,Open,284953.61
CLM002911,POL00838,PRG022,TRT078,2026-05-05,Closed,177293.3
CLM002912,POL07426,PRG006,TRT012,2026-06-12,Pending,230277.96
CLM002913,POL06654,PRG009,TRT018,2026-02-15,Open,242381.1
CLM002914,POL02560,PRG008,TRT089,2026-02-12,Closed,8254.63
CLM002915,POL05740,PRG004,TRT100,2026-08-27,Closed,155910.57
CLM002916,POL04908,PRG022,TRT033,2026-07-31,Pending,160897.91
CLM002917,POL09415,PRG009,TRT096,2026-04-14,Open,271748.6
CLM002918,POL01462,PRG017,TRT054,2026-03-06,Open,111795.19
CLM002919,POL07116,PRG003,TRT075,2026-06-08,Pending,265406.38
CLM002920,POL04947,PRG023,TRT070,2026-08-19,Closed,12601.36
CLM002921,POL05221,PRG012,TRT097,2026-08-01,Open,28021.61
CLM002922,POL02959,PRG003,TRT040,2026-05-27,Pending,157891.44
CLM002923,POL01676,PRG020,TRT010,2026-02-08,Pending,283262.46
CLM002924,POL09995,PRG017,TRT006,2026-04-24,Open,262762.09
CLM002925,POL09973,PRG015,TRT084,2026-04-30,Pending,173725.29
CLM002926,POL01168,PRG011,TRT084,2026-04-09,Pending,249851.99
CLM002927,POL03523,PRG006,TRT052,2026-03-31,Closed,115273.11
CLM002928,POL01013,PRG003,TRT081,2026-08-29,Open,206286.76
CLM002929,POL08857,PRG018,TRT001,2026-01-29,Open,132923.89
CLM002930,POL03388,PRG008,TRT082,2026-03-19,Pending,160983.55
CLM002931,POL08183,PRG021,TRT074,2026-06-27,Open,189110.81
CLM002932,POL01717,PRG001,TRT059,2026-07-14,Pending,133174.08
CLM002933,POL03587,PRG021,TRT029,2026-05-26,Open,11722.32
CLM002934,POL00354,PRG015,TRT001,2026-02-12,Closed,239981.9
CLM002935,POL01164,PRG004,TRT028,2026-03-10,Pending,80839.82
CLM002936,POL04142,PRG018,TRT085,2026-06-21,Closed,263623.8
CLM002937,POL00737,PRG018,TRT036,2026-02-13,Pending,276597.27
CLM002938,POL04080,PRG025,TRT083,2026-05-20,Closed,210131.06
CLM002939,POL03226,PRG009,TRT078,2026-04-05,Closed,40551.67
CLM002940,POL01107,PRG011,TRT048,2026-08-02,Open,91220.09
CLM002941,POL03199,PRG008,TRT032,2026-07-25,Pending,228529.45
CLM002942,POL01154,PRG012,TRT074,2026-05-15,Pending,135347.47
CLM002943,POL02768,PRG008,TRT048,2026-06-05,Pending,27858.03
CLM002944,POL04286,PRG018,TRT025,2026-06-15,Closed,50491.57
CLM002945,POL01939,PRG011,TRT054,2026-03-31,Closed,249834.43
CLM002946,POL05850,PRG017,TRT018,2026-08-24,Open,48981.96
CLM002947,POL06512,PRG019,TRT019,2026-04-03,Pending,95596.6
CLM002948,POL08761,PRG015,TRT092,2026-02-19,Closed,190872.35
CLM002949,POL00365,PRG005,TRT096,2026-05-12,Pending,53834.13
CLM002950,POL08782,PRG001,TRT030,2026-05-26,Closed,274028.47
CLM002951,POL01333,PRG016,TRT054,2026-06-17,Pending,190978.69
CLM002952,POL01310,PRG020,TRT028,2026-08-18,Pending,183078.78
CLM002953,POL07228,PRG021,TRT058,2026-07-14,Closed,143469.22
CLM002954,POL09490,PRG022,TRT074,2026-02-01,Open,164465.52
CLM002955,POL07754,PRG015,TRT013,2026-08-22,Pending,248028.16
CLM002956,POL00119,PRG021,TRT075,2026-05-10,Closed,167869.19
CLM002957,POL00984,PRG024,TRT029,2026-07-12,Pending,19781.2
CLM002958,POL07004,PRG018,TRT021,2026-05-17,Closed,103505.77
CLM002959,POL00476,PRG012,TRT024,2026-06-10,Pending,246724.57
CLM002960,POL05564,PRG010,TRT014,2026-07-15,Open,139849.24
CLM002961,POL05090,PRG024,TRT029,2026-06-07,Closed,133508.01
CLM002962,POL01194,PRG013,TRT099,2026-01-01,Pending,106873.23
CLM002963,POL00441,PRG016,TRT061,2026-04-02,Open,172023.69
CLM002964,POL01054,PRG017,TRT027,2026-04-10,Pending,77102.85
CLM002965,POL08480,PRG019,TRT042,2026-01-29,Closed,278950.8
CLM002966,POL02454,PRG016,TRT055,2026-04-15,Closed,65189.18
CLM002967,POL08794,PRG004,TRT064,2026-04-26,Closed,284814.7
CLM002968,POL00211,PRG019,TRT075,2026-02-10,Closed,251334.04
CLM002969,POL02573,PRG010,TRT089,2026-01-14,Open,277200.72
CLM002970,POL06315,PRG002,TRT099,2026-08-11,Closed,117709.79
CLM002971,POL05856,PRG015,TRT002,2026-02-05,Open,82499.24
CLM002972,POL04068,PRG006,TRT089,2026-05-30,Open,8516.77
CLM002973,POL01402,PRG023,TRT087,2026-07-23,Open,156984.19
CLM002974,POL06437,PRG014,TRT048,2026-04-05,Open,18835.64
CLM002975,POL05285,PRG025,TRT092,2026-08-22,Open,79449.98
CLM002976,POL00207,PRG024,TRT044,2026-07-16,Pending,118970.45
CLM002977,POL02079,PRG013,TRT059,2026-04-05,Open,287013.03
CLM002978,POL04085,PRG003,TRT092,2026-07-04,Pending,68908.26
CLM002979,POL02323,PRG003,TRT091,2026-05-24,Pending,106347.49
CLM002980,POL06468,PRG025,TRT082,2026-08-11,Pending,197038.48
CLM002981,POL03517,PRG004,TRT094,2026-03-16,Closed,285673.58
CLM002982,POL00009,PRG008,TRT018,2026-02-21,Closed,161432.5
CLM002983,POL04276,PRG016,TRT072,2026-08-17,Open,41811.19
CLM002984,POL01303,PRG002,TRT039,2026-01-24,Open,243529.74
CLM002985,POL05915,PRG011,TRT087,2026-04-28,Pending,202503.51
CLM002986,POL00515,PRG025,TRT032,2026-03-24,Pending,112951.24
CLM002987,POL09003,PRG006,TRT023,2026-05-26,Closed,190858.04
CLM002988,POL00469,PRG020,TRT003,2026-02-23,Pending,193950.63
CLM002989,POL07356,PRG025,TRT033,2026-03-13,Open,145676.47
CLM002990,POL05311,PRG011,TRT003,2026-01-21,Closed,60793.88
CLM002991,POL03728,PRG010,TRT016,2026-02-26,Pending,99171.64
CLM002992,POL09227,PRG017,TRT094,2026-02-15,Closed,190538.82
CLM002993,POL09857,PRG008,TRT066,2026-04-26,Open,70167.1
CLM002994,POL06922,PRG003,TRT004,2026-05-23,Closed,109023.46
CLM002995,POL07076,PRG015,TRT061,2026-07-08,Closed,218571.93
CLM002996,POL04175,PRG005,TRT011,2026-06-07,Closed,178189.94
CLM002997,POL00152,PRG020,TRT084,2026-02-17,Closed,279597.41
CLM002998,POL04152,PRG004,TRT051,2026-06-10,Pending,35303.55
CLM002999,POL05904,PRG012,TRT009,2026-04-22,Pending,269185.19
CLM003000,POL05553,PRG019,TRT030,2026-03-08,Closed,73478.24
CLM003001,POL09353,PRG005,TRT013,2026-05-30,Pending,212616.45
CLM003002,POL04270,PRG003,TRT045,2026-03-03,Pending,130327.35
CLM003003,POL07023,PRG012,TRT046,2026-08-13,Closed,197251.1
CLM003004,POL02658,PRG010,TRT008,2026-04-15,Open,64974.03
CLM003005,POL08312,PRG007,TRT091,2026-05-01,Pending,64274.02
CLM003006,POL04680,PRG018,TRT081,2026-08-10,Closed,53313.09
CLM003007,POL05227,PRG022,TRT043,2026-07-18,Open,106784.59
CLM003008,POL08333,PRG002,TRT004,2026-08-10,Pending,10565.83
CLM003009,POL03895,PRG004,TRT010,2026-02-20,Pending,158165.06
CLM003010,POL09986,PRG008,TRT053,2026-07-20,Closed,200666.87
CLM003011,POL00691,PRG001,TRT099,2026-05-04,Closed,141856.3
CLM003012,POL02523,PRG018,TRT100,2026-04-15,Pending,139651.12
CLM003013,POL07700,PRG024,TRT057,2026-02-08,Closed,114130.86
CLM003014,POL03402,PRG004,TRT057,2026-05-28,Open,76960.8
CLM003015,POL08035,PRG007,TRT038,2026-01-21,Open,201411.0
CLM003016,POL05965,PRG019,TRT048,2026-08-26,Closed,91972.67
CLM003017,POL06219,PRG022,TRT031,2026-01-20,Closed,10785.09
CLM003018,POL07667,PRG023,TRT009,2026-02-15,Pending,232119.04
CLM003019,POL03370,PRG016,TRT081,2026-05-19,Pending,289937.24
CLM003020,POL05936,PRG007,TRT060,2026-05-13,Open,273611.57
CLM003021,POL00372,PRG020,TRT029,2026-01-05,Open,28980.05
CLM003022,POL01413,PRG009,TRT019,2026-06-24,Closed,18990.94
CLM003023,POL09233,PRG009,TRT023,2026-08-14,Open,237728.79
CLM003024,POL03162,PRG011,TRT092,2026-04-03,Closed,293362.48
CLM003025,POL00197,PRG024,TRT039,2026-01-25,Open,245856.59
CLM003026,POL01782,PRG025,TRT028,2026-05-13,Closed,182063.49
CLM003027,POL01557,PRG021,TRT046,2026-02-21,Closed,143501.76
CLM003028,POL02727,PRG011,TRT048,2026-02-28,Open,30780.22
CLM003029,POL08373,PRG008,TRT082,2026-03-31,Closed,201178.55
CLM003030,POL05083,PRG025,TRT051,2026-08-07,Open,244382.05
CLM003031,POL04947,PRG023,TRT070,2026-02-09,Open,61222.0
CLM003032,POL06789,PRG005,TRT002,2026-06-24,Pending,51526.47
CLM003033,POL04633,PRG022,TRT004,2026-07-23,Pending,47614.49
CLM003034,POL06430,PRG012,TRT063,2026-08-20,Pending,224052.15
CLM003035,POL03189,PRG025,TRT021,2026-01-22,Closed,168649.56
CLM003036,POL05711,PRG019,TRT055,2026-01-18,Closed,175434.77
CLM003037,POL08153,PRG010,TRT008,2026-03-03,Open,227484.06
CLM003038,POL08355,PRG025,TRT087,2026-07-26,Pending,117906.94
CLM003039,POL04180,PRG001,TRT008,2026-03-15,Closed,53073.23
CLM003040,POL02062,PRG003,TRT025,2026-08-14,Pending,176387.21
CLM003041,POL09098,PRG017,TRT037,2026-05-22,Pending,5086.33
CLM003042,POL09873,PRG010,TRT079,2026-05-06,Open,153418.83
CLM003043,POL06825,PRG004,TRT098,2026-02-27,Pending,131368.16
CLM003044,POL06499,PRG025,TRT088,2026-05-02,Closed,218958.13
CLM003045,POL03668,PRG021,TRT046,2026-03-14,Pending,140299.42
CLM003046,POL03930,PRG003,TRT056,2026-05-26,Open,240160.35
CLM003047,POL04443,PRG022,TRT096,2026-06-09,Open,243041.92
CLM003048,POL03556,PRG018,TRT032,2026-05-17,Pending,248934.12
CLM003049,POL07859,PRG019,TRT054,2026-08-15,Open,184755.91
CLM003050,POL04023,PRG019,TRT081,2026-02-22,Closed,137672.48
CLM003051,POL06475,PRG006,TRT072,2026-04-29,Pending,183194.84
CLM003052,POL09582,PRG016,TRT097,2026-02-05,Pending,3048.38
CLM003053,POL01251,PRG023,TRT044,2026-02-12,Pending,86224.76
CLM003054,POL05379,PRG021,TRT082,2026-01-13,Closed,177665.0
CLM003055,POL01142,PRG021,TRT020,2026-03-20,Pending,270945.87
CLM003056,POL06121,PRG016,TRT040,2026-01-25,Open,76208.33
CLM003057,POL03774,PRG011,TRT057,2026-06-14,Closed,297888.86
CLM003058,POL01381,PRG008,TRT056,2026-01-31,Open,103272.34
CLM003059,POL08189,PRG013,TRT054,2026-01-21,Pending,41664.41
CLM003060,POL02286,PRG019,TRT099,2026-06-12,Pending,92129.4
CLM003061,POL06759,PRG017,TRT076,2026-01-25,Closed,194248.1
CLM003062,POL00673,PRG003,TRT098,2026-07-16,Closed,148965.75
CLM003063,POL00451,PRG002,TRT004,2026-02-22,Open,144610.32
CLM003064,POL04389,PRG019,TRT050,2026-05-11,Closed,81622.15
CLM003065,POL08466,PRG024,TRT054,2026-01-20,Open,190046.75
CLM003066,POL00477,PRG003,TRT088,2026-02-28,Pending,273672.18
CLM003067,POL04341,PRG008,TRT081,2026-02-24,Closed,227525.13
CLM003068,POL09246,PRG007,TRT078,2026-04-04,Closed,237086.89
CLM003069,POL08722,PRG007,TRT056,2026-01-31,Pending,130760.42
CLM003070,POL08486,PRG008,TRT001,2026-07-01,Open,39578.51
CLM003071,POL08552,PRG019,TRT077,2026-03-04,Open,228186.58
CLM003072,POL03611,PRG019,TRT057,2026-04-02,Closed,265280.36
CLM003073,POL08657,PRG008,TRT068,2026-06-05,Open,60529.6
CLM003074,POL01290,PRG016,TRT091,2026-05-11,Pending,134550.83
CLM003075,POL00438,PRG012,TRT084,2026-08-04,Pending,259981.24
CLM003076,POL05389,PRG005,TRT078,2026-06-05,Pending,92803.3
CLM003077,POL08824,PRG003,TRT072,2026-06-01,Closed,135849.25
CLM003078,POL00577,PRG001,TRT012,2026-05-28,Open,234548.11
CLM003079,POL03733,PRG024,TRT072,2026-03-25,Closed,204784.33
CLM003080,POL01854,PRG024,TRT083,2026-02-19,Open,236969.54
CLM003081,POL00920,PRG015,TRT058,2026-02-22,Pending,70244.51
CLM003082,POL06992,PRG019,TRT100,2026-04-27,Pending,264052.83
CLM003083,POL03639,PRG015,TRT043,2026-07-23,Pending,215491.01
CLM003084,POL02383,PRG025,TRT013,2026-02-15,Pending,260367.55
CLM003085,POL00965,PRG019,TRT100,2026-08-08,Closed,58820.71
CLM003086,POL06016,PRG022,TRT045,2026-04-11,Closed,192533.95
CLM003087,POL04860,PRG022,TRT075,2026-06-09,Pending,114098.61
CLM003088,POL08182,PRG004,TRT043,2026-04-28,Closed,113704.69
CLM003089,POL01054,PRG017,TRT027,2026-01-20,Pending,171086.99
CLM003090,POL06105,PRG013,TRT031,2026-03-10,Closed,12416.0
CLM003091,POL03416,PRG007,TRT064,2026-08-22,Open,266620.11
CLM003092,POL00255,PRG004,TRT008,2026-01-27,Pending,272481.52
CLM003093,POL04043,PRG018,TRT074,2026-02-25,Pending,206545.32
CLM003094,POL06429,PRG022,TRT002,2026-07-31,Pending,184405.98
CLM003095,POL05707,PRG004,TRT012,2026-05-29,Pending,123994.16
CLM003096,POL07664,PRG002,TRT032,2026-05-10,Pending,226352.25
CLM003097,POL01129,PRG001,TRT068,2026-04-08,Open,178829.87
CLM003098,POL02086,PRG024,TRT060,2026-04-19,Open,51242.97
CLM003099,POL04223,PRG003,TRT068,2026-01-22,Pending,77909.0
CLM003100,POL09009,PRG017,TRT015,2026-05-29,Closed,215801.34
CLM003101,POL00414,PRG014,TRT090,2026-04-09,Pending,134947.51
CLM003102,POL08617,PRG015,TRT032,2026-03-31,Open,119518.16
CLM003103,POL00205,PRG025,TRT053,2026-05-22,Open,191028.0
CLM003104,POL02586,PRG009,TRT004,2026-01-09,Closed,226022.52
CLM003105,POL06454,PRG011,TRT007,2026-07-21,Closed,62688.39
CLM003106,POL03547,PRG015,TRT033,2026-07-25,Pending,138108.41
CLM003107,POL03943,PRG006,TRT048,2026-04-01,Closed,207372.05
CLM003108,POL09370,PRG014,TRT069,2026-07-11,Pending,184800.18
CLM003109,POL09168,PRG014,TRT032,2026-04-13,Pending,44773.67
CLM003110,POL07987,PRG022,TRT020,2026-08-22,Open,130888.64
CLM003111,POL00139,PRG011,TRT093,2026-03-23,Open,207366.85
CLM003112,POL09540,PRG011,TRT057,2026-07-15,Open,24535.37
CLM003113,POL02997,PRG014,TRT007,2026-03-25,Closed,286392.1
CLM003114,POL08812,PRG008,TRT049,2026-05-07,Open,88959.72
CLM003115,POL06078,PRG019,TRT031,2026-06-24,Pending,99674.78
CLM003116,POL07769,PRG010,TRT094,2026-02-28,Open,36440.2
CLM003117,POL03945,PRG011,TRT001,2026-07-28,Open,20433.65
CLM003118,POL00908,PRG012,TRT077,2026-02-10,Open,127395.34
CLM003119,POL04241,PRG003,TRT026,2026-05-23,Pending,262538.15
CLM003120,POL00412,PRG022,TRT035,2026-06-30,Closed,237540.26
CLM003121,POL01308,PRG014,TRT097,2026-08-13,Closed,162389.14
CLM003122,POL01215,PRG001,TRT069,2026-01-22,Pending,239627.75
CLM003123,POL07746,PRG013,TRT075,2026-05-04,Open,58540.8
CLM003124,POL06245,PRG002,TRT052,2026-02-23,Open,246851.17
CLM003125,POL04676,PRG008,TRT098,2026-02-04,Open,264330.65
CLM003126,POL09099,PRG004,TRT016,2026-04-14,Open,164135.52
CLM003127,POL07566,PRG022,TRT034,2026-02-25,Pending,144674.15
CLM003128,POL05010,PRG019,TRT032,2026-02-25,Open,54088.63
CLM003129,POL06505,PRG018,TRT100,2026-07-17,Pending,27935.69
CLM003130,POL09531,PRG012,TRT042,2026-07-27,Open,268028.2
CLM003131,POL09435,PRG019,TRT038,2026-07-19,Open,95587.06
CLM003132,POL06824,PRG020,TRT068,2026-07-27,Pending,275009.1
CLM003133,POL08664,PRG025,TRT077,2026-03-05,Open,98442.75
CLM003134,POL07237,PRG014,TRT004,2026-02-19,Pending,207517.65
CLM003135,POL06612,PRG021,TRT027,2026-03-18,Pending,65411.7
CLM003136,POL05016,PRG007,TRT089,2026-05-17,Closed,121526.93
CLM003137,POL01044,PRG010,TRT086,2026-08-24,Pending,293607.57
CLM003138,POL04814,PRG019,TRT017,2026-07-06,Open,206029.32
CLM003139,POL09384,PRG012,TRT020,2026-08-16,Open,218647.8
CLM003140,POL07856,PRG006,TRT028,2026-07-25,Closed,197563.42
CLM003141,POL01979,PRG013,TRT049,2026-07-11,Closed,48845.85
CLM003142,POL03340,PRG016,TRT074,2026-06-02,Closed,97239.53
CLM003143,POL03924,PRG013,TRT033,2026-07-20,Pending,190107.82
CLM003144,POL09732,PRG011,TRT084,2026-01-07,Closed,10330.72
CLM003145,POL06604,PRG021,TRT049,2026-06-23,Closed,38196.21
CLM003146,POL01847,PRG024,TRT011,2026-01-04,Closed,185173.82
CLM003147,POL01741,PRG001,TRT082,2026-01-19,Pending,248494.6
CLM003148,POL07937,PRG016,TRT036,2026-01-08,Closed,10538.81
CLM003149,POL01656,PRG023,TRT016,2026-07-23,Open,125426.58
CLM003150,POL04110,PRG003,TRT080,2026-02-19,Closed,50755.09
CLM003151,POL00379,PRG011,TRT067,2026-01-02,Pending,188836.23
CLM003152,POL00943,PRG009,TRT051,2026-04-21,Open,11415.75
CLM003153,POL08653,PRG023,TRT090,2026-01-04,Closed,222953.3
CLM003154,POL00941,PRG022,TRT043,2026-07-26,Pending,207718.79
CLM003155,POL09471,PRG012,TRT023,2026-06-25,Closed,14243.0
CLM003156,POL02631,PRG012,TRT060,2026-05-04,Pending,4015.84
CLM003157,POL07148,PRG002,TRT059,2026-03-29,Closed,262258.3
CLM003158,POL00179,PRG001,TRT084,2026-01-24,Pending,226774.0
CLM003159,POL08192,PRG009,TRT041,2026-07-12,Open,234827.3
CLM003160,POL04054,PRG008,TRT049,2026-04-24,Pending,207237.76
CLM003161,POL03231,PRG021,TRT006,2026-03-12,Pending,290168.64
CLM003162,POL04269,PRG023,TRT011,2026-01-05,Closed,286777.63
CLM003163,POL03580,PRG016,TRT038,2026-08-10,Closed,4451.03
CLM003164,POL05827,PRG011,TRT024,2026-05-21,Pending,55414.41
CLM003165,POL00984,PRG024,TRT029,2026-04-23,Open,217253.73
CLM003166,POL00025,PRG012,TRT076,2026-08-15,Open,161319.02
CLM003167,POL03005,PRG025,TRT044,2026-03-11,Closed,220078.81
CLM003168,POL00972,PRG022,TRT070,2026-07-22,Closed,30558.74
CLM003169,POL07075,PRG007,TRT022,2026-05-08,Open,141003.0
CLM003170,POL03018,PRG010,TRT019,2026-05-05,Closed,296918.85
CLM003171,POL07793,PRG014,TRT002,2026-05-04,Open,5175.16
CLM003172,POL10000,PRG019,TRT046,2026-01-22,Open,73089.82
CLM003173,POL08292,PRG015,TRT033,2026-05-19,Closed,260869.42
CLM003174,POL06827,PRG024,TRT047,2026-06-23,Closed,232513.54
CLM003175,POL05094,PRG020,TRT058,2026-05-20,Open,42312.26
CLM003176,POL07100,PRG005,TRT093,2026-02-23,Pending,67326.01
CLM003177,POL06457,PRG022,TRT093,2026-07-30,Closed,46483.51
CLM003178,POL01902,PRG016,TRT008,2026-01-19,Closed,271030.97
CLM003179,POL08235,PRG005,TRT090,2026-08-15,Closed,138608.8
CLM003180,POL00611,PRG001,TRT034,2026-05-29,Closed,69237.19
CLM003181,POL01843,PRG012,TRT095,2026-01-28,Closed,289777.93
CLM003182,POL05442,PRG022,TRT040,2026-04-29,Open,220657.38
CLM003183,POL09033,PRG007,TRT018,2026-03-13,Pending,118921.59
CLM003184,POL06149,PRG001,TRT060,2026-05-25,Closed,206719.59
CLM003185,POL04712,PRG023,TRT076,2026-04-27,Open,26287.92
CLM003186,POL07524,PRG005,TRT046,2026-02-27,Closed,268525.15
CLM003187,POL08894,PRG001,TRT098,2026-07-17,Open,22080.89
CLM003188,POL03612,PRG025,TRT036,2026-07-20,Open,44640.51
CLM003189,POL04317,PRG008,TRT007,2026-08-24,Pending,219720.23
CLM003190,POL02465,PRG017,TRT041,2026-02-13,Pending,13646.95
CLM003191,POL03402,PRG004,TRT057,2026-05-11,Open,204259.57
CLM003192,POL05830,PRG002,TRT018,2026-01-08,Open,263790.87
CLM003193,POL01643,PRG013,TRT029,2026-06-06,Pending,213327.51
CLM003194,POL06637,PRG019,TRT027,2026-08-08,Closed,182276.77
CLM003195,POL07682,PRG024,TRT093,2026-04-03,Closed,106333.52
CLM003196,POL05599,PRG009,TRT033,2026-07-22,Open,40298.6
CLM003197,POL04333,PRG010,TRT079,2026-02-13,Pending,153553.6
CLM003198,POL07669,PRG018,TRT086,2026-05-22,Closed,65588.12
CLM003199,POL06074,PRG008,TRT071,2026-03-23,Closed,270011.05
CLM003200,POL09515,PRG023,TRT045,2026-02-14,Closed,163681.95
CLM003201,POL08985,PRG024,TRT100,2026-06-07,Open,270600.91
CLM003202,POL04105,PRG025,TRT034,2026-04-16,Open,289153.48
CLM003203,POL06602,PRG012,TRT099,2026-06-10,Pending,14436.84
CLM003204,POL04039,PRG015,TRT054,2026-06-17,Closed,199780.19
CLM003205,POL04396,PRG008,TRT028,2026-06-01,Pending,53878.38
CLM003206,POL01678,PRG012,TRT036,2026-01-23,Open,76875.01
CLM003207,POL03394,PRG019,TRT100,2026-03-19,Pending,19967.09
CLM003208,POL05375,PRG013,TRT086,2026-08-23,Open,99628.85
CLM003209,POL08085,PRG014,TRT099,2026-06-06,Pending,99145.69
CLM003210,POL03292,PRG008,TRT057,2026-04-25,Closed,146002.64
CLM003211,POL05985,PRG011,TRT088,2026-06-16,Closed,115815.68
CLM003212,POL09271,PRG010,TRT078,2026-01-04,Open,193359.74
CLM003213,POL00562,PRG018,TRT026,2026-07-18,Open,218602.46
CLM003214,POL07366,PRG001,TRT090,2026-03-15,Closed,212262.21
CLM003215,POL08230,PRG009,TRT025,2026-01-03,Pending,56476.42
CLM003216,POL01116,PRG006,TRT093,2026-01-25,Open,180613.21
CLM003217,POL00585,PRG008,TRT002,2026-06-08,Open,151437.71
CLM003218,POL08731,PRG021,TRT026,2026-04-13,Open,186449.21
CLM003219,POL09543,PRG022,TRT023,2026-05-23,Open,226760.22
CLM003220,POL03306,PRG017,TRT074,2026-04-20,Pending,144243.2
CLM003221,POL06610,PRG022,TRT020,2026-05-28,Closed,24290.88
CLM003222,POL06576,PRG017,TRT043,2026-02-04,Open,290339.38
CLM003223,POL00359,PRG007,TRT022,2026-04-14,Closed,217288.29
CLM003224,POL01256,PRG005,TRT033,2026-08-15,Pending,42233.66
CLM003225,POL01592,PRG013,TRT060,2026-08-19,Open,252563.15
CLM003226,POL04903,PRG023,TRT006,2026-05-30,Open,205738.98
CLM003227,POL08240,PRG021,TRT004,2026-04-15,Pending,18905.22
CLM003228,POL03504,PRG006,TRT035,2026-04-12,Pending,279920.4
CLM003229,POL06970,PRG015,TRT064,2026-01-25,Pending,31305.46
CLM003230,POL00325,PRG007,TRT084,2026-02-25,Open,60476.26
CLM003231,POL07209,PRG021,TRT049,2026-02-27,Pending,100159.81
CLM003232,POL08420,PRG005,TRT008,2026-05-24,Open,195669.37
CLM003233,POL04794,PRG021,TRT035,2026-03-08,Pending,270851.59
CLM003234,POL00851,PRG002,TRT047,2026-06-11,Closed,218938.0
CLM003235,POL03342,PRG020,TRT080,2026-03-12,Closed,242111.28
CLM003236,POL01680,PRG003,TRT021,2026-01-02,Closed,296834.85
CLM003237,POL08660,PRG014,TRT039,2026-07-02,Closed,257897.76
CLM003238,POL05695,PRG002,TRT016,2026-02-13,Open,64219.56
CLM003239,POL07995,PRG010,TRT043,2026-01-11,Closed,252931.87
CLM003240,POL03445,PRG010,TRT093,2026-02-23,Closed,115401.29
CLM003241,POL04750,PRG014,TRT072,2026-07-22,Pending,48710.15
CLM003242,POL05150,PRG018,TRT025,2026-05-22,Open,248306.11
CLM003243,POL00718,PRG003,TRT079,2026-01-13,Open,297547.38
CLM003244,POL01561,PRG019,TRT047,2026-03-18,Pending,224286.81
CLM003245,POL02804,PRG010,TRT029,2026-04-18,Closed,159561.01
CLM003246,POL04199,PRG011,TRT081,2026-05-20,Closed,3680.82
CLM003247,POL01394,PRG013,TRT009,2026-07-31,Closed,52671.85
CLM003248,POL04518,PRG008,TRT025,2026-04-05,Pending,39183.83
CLM003249,POL05923,PRG002,TRT030,2026-02-12,Open,219154.16
CLM003250,POL02413,PRG018,TRT028,2026-07-01,Open,221977.45
CLM003251,POL07431,PRG012,TRT074,2026-08-09,Pending,294115.18
CLM003252,POL01785,PRG010,TRT068,2026-01-18,Pending,24566.35
CLM003253,POL03524,PRG025,TRT005,2026-03-09,Pending,161705.11
CLM003254,POL03444,PRG021,TRT079,2026-05-01,Closed,15663.94
CLM003255,POL06679,PRG021,TRT014,2026-05-28,Open,113995.99
CLM003256,POL08991,PRG014,TRT040,2026-03-12,Pending,152917.04
CLM003257,POL09659,PRG003,TRT058,2026-03-28,Open,144092.78
CLM003258,POL07076,PRG015,TRT061,2026-07-23,Pending,32997.93
CLM003259,POL05988,PRG010,TRT048,2026-08-27,Pending,33424.68
CLM003260,POL07106,PRG005,TRT019,2026-01-19,Closed,155043.93
CLM003261,POL06892,PRG023,TRT065,2026-06-01,Pending,249493.05
CLM003262,POL06656,PRG009,TRT017,2026-05-23,Open,242801.03
CLM003263,POL07272,PRG006,TRT021,2026-02-02,Pending,237148.93
CLM003264,POL09074,PRG017,TRT049,2026-08-03,Closed,234162.11
CLM003265,POL01341,PRG021,TRT076,2026-06-19,Open,142412.13
CLM003266,POL01402,PRG023,TRT087,2026-06-16,Closed,53574.97
CLM003267,POL06208,PRG002,TRT089,2026-01-14,Closed,212283.25
CLM003268,POL05537,PRG005,TRT071,2026-05-31,Pending,113699.25
CLM003269,POL04116,PRG017,TRT007,2026-02-22,Open,34305.62
CLM003270,POL01128,PRG001,TRT058,2026-04-12,Open,88088.14
CLM003271,POL09578,PRG023,TRT001,2026-06-04,Open,178147.87
CLM003272,POL03729,PRG001,TRT042,2026-03-17,Closed,33743.27
CLM003273,POL04662,PRG018,TRT068,2026-05-07,Closed,134110.41
CLM003274,POL01970,PRG003,TRT012,2026-04-27,Pending,288230.1
CLM003275,POL09628,PRG009,TRT041,2026-02-23,Pending,159350.51
CLM003276,POL04375,PRG003,TRT029,2026-07-24,Open,90477.46
CLM003277,POL03253,PRG023,TRT090,2026-04-29,Pending,132645.97
CLM003278,POL06970,PRG015,TRT064,2026-04-18,Open,27175.65
CLM003279,POL07072,PRG024,TRT049,2026-03-25,Open,242053.96
CLM003280,POL01512,PRG001,TRT010,2026-07-17,Open,54418.34
CLM003281,POL04105,PRG025,TRT034,2026-01-06,Open,292152.68
CLM003282,POL07691,PRG021,TRT032,2026-03-07,Open,178022.02
CLM003283,POL06844,PRG013,TRT016,2026-03-30,Pending,195020.29
CLM003284,POL06365,PRG021,TRT019,2026-02-03,Pending,145275.11
CLM003285,POL07458,PRG015,TRT024,2026-04-19,Closed,138476.58
CLM003286,POL08283,PRG019,TRT067,2026-06-28,Pending,83681.08
CLM003287,POL08775,PRG007,TRT065,2026-06-26,Closed,76003.4
CLM003288,POL04904,PRG004,TRT026,2026-05-06,Open,142116.54
CLM003289,POL02318,PRG009,TRT080,2026-05-10,Closed,2200.31
CLM003290,POL08880,PRG006,TRT058,2026-03-24,Closed,83016.26
CLM003291,POL00078,PRG013,TRT014,2026-01-15,Open,53945.31
CLM003292,POL09112,PRG001,TRT044,2026-07-31,Pending,267598.27
CLM003293,POL08516,PRG006,TRT079,2026-06-25,Closed,231651.7
CLM003294,POL07328,PRG002,TRT078,2026-01-17,Pending,51444.06
CLM003295,POL00850,PRG013,TRT067,2026-04-13,Open,37551.17
CLM003296,POL04811,PRG007,TRT041,2026-01-11,Pending,90038.06
CLM003297,POL03243,PRG010,TRT080,2026-06-16,Open,123987.54
CLM003298,POL04390,PRG015,TRT096,2026-05-26,Pending,91156.31
CLM003299,POL09544,PRG010,TRT015,2026-04-18,Open,144458.97
CLM003300,POL08750,PRG018,TRT014,2026-01-01,Open,125087.48
CLM003301,POL03251,PRG013,TRT046,2026-05-13,Pending,279531.06
CLM003302,POL06814,PRG006,TRT052,2026-08-18,Pending,94803.13
CLM003303,POL00861,PRG024,TRT071,2026-04-11,Pending,270764.66
CLM003304,POL08924,PRG003,TRT068,2026-08-03,Pending,80795.67
CLM003305,POL05594,PRG021,TRT003,2026-07-16,Pending,293770.74
CLM003306,POL03841,PRG024,TRT073,2026-02-24,Pending,295063.11
CLM003307,POL05342,PRG023,TRT041,2026-07-24,Pending,1768.2
CLM003308,POL05952,PRG008,TRT016,2026-08-03,Pending,60693.81
CLM003309,POL09271,PRG010,TRT078,2026-07-14,Pending,127233.25
CLM003310,POL08212,PRG005,TRT053,2026-01-26,Closed,49656.94
CLM003311,POL01015,PRG022,TRT038,2026-07-11,Closed,162390.32
CLM003312,POL04104,PRG011,TRT014,2026-05-11,Closed,195645.51
CLM003313,POL08340,PRG010,TRT047,2026-07-14,Pending,265213.1
CLM003314,POL06544,PRG009,TRT004,2026-01-02,Open,283070.09
CLM003315,POL09186,PRG021,TRT078,2026-03-01,Pending,223919.48
CLM003316,POL08306,PRG024,TRT064,2026-06-07,Pending,8096.56
CLM003317,POL07157,PRG025,TRT094,2026-04-01,Closed,27593.1
CLM003318,POL04744,PRG024,TRT018,2026-05-19,Open,35723.93
CLM003319,POL08229,PRG005,TRT034,2026-04-20,Pending,246707.2
CLM003320,POL05999,PRG020,TRT077,2026-03-25,Pending,15982.63
CLM003321,POL06120,PRG010,TRT041,2026-08-13,Closed,19148.76
CLM003322,POL03710,PRG002,TRT035,2026-05-21,Pending,107128.1
CLM003323,POL04862,PRG001,TRT006,2026-02-20,Closed,277534.07
CLM003324,POL03410,PRG013,TRT096,2026-07-24,Open,278227.93
CLM003325,POL02945,PRG012,TRT085,2026-04-28,Pending,211711.38
CLM003326,POL09917,PRG016,TRT075,2026-02-21,Open,56605.63
CLM003327,POL01989,PRG019,TRT047,2026-07-31,Closed,290253.38
CLM003328,POL06450,PRG008,TRT032,2026-08-24,Open,166579.75
CLM003329,POL03982,PRG007,TRT009,2026-08-28,Closed,150744.36
CLM003330,POL08864,PRG012,TRT055,2026-04-20,Open,190220.13
CLM003331,POL08595,PRG015,TRT066,2026-08-11,Open,274095.59
CLM003332,POL07487,PRG003,TRT091,2026-07-05,Pending,18586.08
CLM003333,POL06300,PRG002,TRT069,2026-07-03,Open,257819.8
CLM003334,POL07289,PRG008,TRT055,2026-02-01,Closed,99621.42
CLM003335,POL09760,PRG012,TRT082,2026-02-05,Pending,172401.29
CLM003336,POL07643,PRG009,TRT038,2026-04-03,Pending,43433.73
CLM003337,POL07687,PRG012,TRT080,2026-03-26,Closed,293670.64
CLM003338,POL05101,PRG001,TRT031,2026-03-04,Closed,273640.44
CLM003339,POL03797,PRG017,TRT007,2026-04-04,Open,130106.76
CLM003340,POL06356,PRG006,TRT031,2026-04-20,Pending,135061.56
CLM003341,POL04149,PRG002,TRT037,2026-03-07,Closed,81121.49
CLM003342,POL00691,PRG001,TRT099,2026-08-26,Pending,253181.13
CLM003343,POL09072,PRG007,TRT047,2026-05-31,Pending,34263.53
CLM003344,POL01658,PRG007,TRT044,2026-01-28,Closed,11860.94
CLM003345,POL00420,PRG006,TRT028,2026-04-21,Pending,27129.28
CLM003346,POL04172,PRG013,TRT092,2026-01-06,Open,104020.01
CLM003347,POL06551,PRG025,TRT091,2026-08-03,Open,287649.1
CLM003348,POL04192,PRG021,TRT037,2026-07-26,Open,269563.5
CLM003349,POL07010,PRG003,TRT020,2026-01-07,Open,220180.58
CLM003350,POL02618,PRG016,TRT031,2026-07-15,Open,22024.73
CLM003351,POL05726,PRG024,TRT065,2026-01-09,Pending,226941.41
CLM003352,POL08146,PRG015,TRT093,2026-08-12,Open,184814.44
CLM003353,POL06920,PRG013,TRT091,2026-03-31,Pending,296142.45
CLM003354,POL00556,PRG007,TRT030,2026-08-29,Pending,186865.7
CLM003355,POL05733,PRG011,TRT020,2026-07-31,Open,25709.05
CLM003356,POL07518,PRG006,TRT044,2026-01-30,Closed,209826.64
CLM003357,POL07972,PRG019,TRT044,2026-04-29,Closed,71672.67
CLM003358,POL09460,PRG004,TRT026,2026-06-09,Open,169281.1
CLM003359,POL02935,PRG010,TRT064,2026-08-27,Closed,247589.24
CLM003360,POL05590,PRG001,TRT061,2026-03-23,Pending,241349.54
CLM003361,POL04430,PRG014,TRT035,2026-06-03,Open,57752.57
CLM003362,POL04158,PRG002,TRT025,2026-05-10,Open,89227.06
CLM003363,POL03402,PRG004,TRT057,2026-05-25,Open,70357.11
CLM003364,POL00271,PRG010,TRT096,2026-07-03,Open,23519.72
CLM003365,POL08926,PRG021,TRT079,2026-03-04,Open,18872.55
CLM003366,POL08632,PRG010,TRT071,2026-08-02,Closed,155676.51
CLM003367,POL06608,PRG011,TRT052,2026-05-20,Open,184983.94
CLM003368,POL05310,PRG010,TRT100,2026-01-09,Open,38561.24
CLM003369,POL04261,PRG007,TRT053,2026-01-29,Pending,204632.98
CLM003370,POL04807,PRG001,TRT064,2026-08-05,Open,80351.46
CLM003371,POL01488,PRG022,TRT006,2026-06-19,Closed,138842.19
CLM003372,POL05091,PRG020,TRT074,2026-08-28,Pending,243923.77
CLM003373,POL00463,PRG017,TRT090,2026-07-01,Open,65147.79
CLM003374,POL07769,PRG010,TRT094,2026-04-20,Pending,226541.94
CLM003375,POL08721,PRG016,TRT005,2026-07-16,Closed,261858.11
CLM003376,POL07281,PRG021,TRT044,2026-05-17,Closed,189647.68
CLM003377,POL05519,PRG024,TRT037,2026-05-20,Closed,174708.41
CLM003378,POL05131,PRG018,TRT029,2026-02-19,Open,115997.52
CLM003379,POL01108,PRG018,TRT063,2026-02-06,Pending,151104.32
CLM003380,POL05840,PRG017,TRT048,2026-05-05,Pending,178231.25
CLM003381,POL08999,PRG016,TRT071,2026-03-25,Pending,163367.0
CLM003382,POL05660,PRG007,TRT028,2026-04-10,Open,61403.94
CLM003383,POL00509,PRG013,TRT097,2026-04-19,Open,150019.74
CLM003384,POL08455,PRG010,TRT070,2026-08-06,Pending,260943.18
CLM003385,POL07768,PRG010,TRT052,2026-01-25,Closed,64562.55
CLM003386,POL06916,PRG013,TRT070,2026-03-21,Open,64667.71
CLM003387,POL00546,PRG024,TRT030,2026-06-11,Closed,134110.21
CLM003388,POL02695,PRG024,TRT028,2026-04-22,Closed,291010.52
CLM003389,POL02834,PRG009,TRT047,2026-05-23,Open,212884.07
CLM003390,POL01088,PRG015,TRT041,2026-07-14,Pending,8795.41
CLM003391,POL06813,PRG013,TRT079,2026-02-05,Open,294942.91
CLM003392,POL05507,PRG016,TRT042,2026-01-15,Open,86828.27
CLM003393,POL05773,PRG020,TRT092,2026-05-29,Closed,268370.37
CLM003394,POL07272,PRG006,TRT021,2026-08-12,Pending,212431.59
CLM003395,POL02787,PRG024,TRT037,2026-02-09,Pending,257702.38
CLM003396,POL09538,PRG019,TRT093,2026-01-20,Open,157164.65
CLM003397,POL09354,PRG023,TRT004,2026-01-23,Pending,241751.15
CLM003398,POL03346,PRG023,TRT047,2026-04-25,Pending,96016.07
CLM003399,POL01435,PRG021,TRT100,2026-08-01,Pending,219476.79
CLM003400,POL04207,PRG015,TRT077,2026-07-11,Closed,42572.27
CLM003401,POL00224,PRG011,TRT034,2026-07-25,Closed,161793.83
CLM003402,POL02368,PRG023,TRT041,2026-01-23,Pending,105624.21
CLM003403,POL04935,PRG025,TRT049,2026-04-09,Open,288218.31
CLM003404,POL00177,PRG017,TRT062,2026-06-09,Pending,17330.95
CLM003405,POL00946,PRG013,TRT036,2026-04-23,Open,171974.08
CLM003406,POL04497,PRG008,TRT024,2026-01-12,Closed,134440.43
CLM003407,POL01047,PRG001,TRT080,2026-06-18,Open,283128.17
CLM003408,POL08627,PRG009,TRT005,2026-07-06,Pending,129392.62
CLM003409,POL03251,PRG013,TRT046,2026-02-21,Pending,30682.41
CLM003410,POL06667,PRG015,TRT065,2026-05-25,Pending,85468.4
CLM003411,POL08065,PRG023,TRT070,2026-08-17,Closed,237402.35
CLM003412,POL09337,PRG012,TRT005,2026-02-05,Open,186110.74
CLM003413,POL07050,PRG005,TRT046,2026-01-22,Pending,68769.04
CLM003414,POL08601,PRG025,TRT083,2026-03-23,Open,177720.21
CLM003415,POL00784,PRG003,TRT055,2026-03-30,Open,160382.0
CLM003416,POL05292,PRG024,TRT062,2026-06-26,Closed,132800.34
CLM003417,POL05092,PRG002,TRT011,2026-08-22,Closed,171358.15
CLM003418,POL07306,PRG025,TRT020,2026-05-31,Pending,243482.86
CLM003419,POL01740,PRG010,TRT046,2026-04-29,Open,181719.03
CLM003420,POL01201,PRG015,TRT070,2026-01-09,Open,217355.58
CLM003421,POL05340,PRG017,TRT010,2026-07-01,Closed,120184.28
CLM003422,POL03503,PRG025,TRT077,2026-03-01,Open,263651.17
CLM003423,POL07413,PRG001,TRT046,2026-06-24,Pending,225302.61
CLM003424,POL06300,PRG002,TRT069,2026-03-30,Closed,103040.94
CLM003425,POL06366,PRG002,TRT082,2026-03-02,Closed,124550.28
CLM003426,POL03403,PRG003,TRT021,2026-04-11,Open,281497.3
CLM003427,POL02915,PRG023,TRT066,2026-02-10,Pending,119190.74
CLM003428,POL02352,PRG019,TRT073,2026-07-07,Closed,74513.69
CLM003429,POL02158,PRG003,TRT099,2026-07-29,Closed,235987.23
CLM003430,POL03546,PRG010,TRT024,2026-01-12,Closed,286051.96
CLM003431,POL05663,PRG002,TRT033,2026-07-19,Open,84592.68
CLM003432,POL00306,PRG002,TRT064,2026-06-11,Pending,103640.68
CLM003433,POL01701,PRG001,TRT062,2026-08-13,Pending,23418.75
CLM003434,POL00889,PRG007,TRT100,2026-04-24,Open,1124.7
CLM003435,POL02380,PRG025,TRT032,2026-01-02,Pending,121266.05
CLM003436,POL02020,PRG002,TRT022,2026-03-17,Closed,106715.46
CLM003437,POL08057,PRG008,TRT071,2026-08-04,Pending,104122.21
CLM003438,POL06105,PRG013,TRT031,2026-07-26,Pending,191735.1
CLM003439,POL06133,PRG024,TRT056,2026-01-07,Open,187077.11
CLM003440,POL08612,PRG005,TRT071,2026-04-26,Open,126235.92
CLM003441,POL00007,PRG015,TRT040,2026-01-13,Closed,178750.9
CLM003442,POL00490,PRG020,TRT006,2026-06-23,Closed,274433.6
CLM003443,POL00695,PRG022,TRT020,2026-08-25,Open,284720.12
CLM003444,POL02608,PRG021,TRT031,2026-05-10,Closed,155538.86
CLM003445,POL02193,PRG008,TRT071,2026-08-01,Open,20151.01
CLM003446,POL01381,PRG008,TRT056,2026-06-20,Open,177270.43
CLM003447,POL01015,PRG022,TRT038,2026-01-28,Open,13724.73
CLM003448,POL03682,PRG014,TRT055,2026-05-20,Closed,58171.93
CLM003449,POL05639,PRG021,TRT075,2026-06-24,Closed,120046.93
CLM003450,POL08700,PRG020,TRT048,2026-01-30,Open,254466.41
CLM003451,POL00187,PRG006,TRT015,2026-04-28,Closed,262946.67
CLM003452,POL09371,PRG005,TRT088,2026-08-12,Open,10780.1
CLM003453,POL05903,PRG008,TRT045,2026-05-31,Pending,228132.91
CLM003454,POL02464,PRG012,TRT067,2026-03-27,Open,41658.24
CLM003455,POL08644,PRG018,TRT070,2026-07-13,Closed,6678.26
CLM003456,POL01071,PRG018,TRT072,2026-03-27,Pending,242020.96
CLM003457,POL07886,PRG002,TRT087,2026-05-20,Open,68759.79
CLM003458,POL06934,PRG022,TRT035,2026-04-12,Closed,237334.32
CLM003459,POL07744,PRG009,TRT098,2026-04-09,Closed,6840.44
CLM003460,POL03152,PRG018,TRT089,2026-02-09,Open,180110.67
CLM003461,POL04708,PRG024,TRT003,2026-02-04,Pending,49048.55
CLM003462,POL08832,PRG018,TRT094,2026-05-03,Pending,264223.88
CLM003463,POL03424,PRG003,TRT089,2026-05-01,Open,219258.53
CLM003464,POL03926,PRG024,TRT017,2026-07-14,Pending,142357.76
CLM003465,POL06464,PRG002,TRT011,2026-04-05,Open,188435.99
CLM003466,POL04477,PRG016,TRT100,2026-07-18,Open,84279.94
CLM003467,POL00828,PRG020,TRT085,2026-05-28,Open,164972.08
CLM003468,POL02793,PRG007,TRT018,2026-01-10,Open,58967.74
CLM003469,POL04310,PRG022,TRT091,2026-02-11,Open,37776.88
CLM003470,POL08362,PRG019,TRT062,2026-03-02,Closed,275582.93
CLM003471,POL09910,PRG023,TRT047,2026-01-25,Closed,125147.14
CLM003472,POL06218,PRG004,TRT049,2026-04-17,Closed,283968.17
CLM003473,POL04528,PRG022,TRT032,2026-07-12,Open,266674.25
CLM003474,POL03855,PRG009,TRT089,2026-02-05,Pending,62204.16
CLM003475,POL07733,PRG018,TRT039,2026-01-30,Pending,264527.74
CLM003476,POL06287,PRG020,TRT052,2026-03-05,Pending,106790.3
CLM003477,POL05611,PRG019,TRT076,2026-02-27,Open,20296.52
CLM003478,POL08404,PRG018,TRT080,2026-01-08,Pending,198742.5
CLM003479,POL06867,PRG005,TRT012,2026-06-22,Pending,185775.03
CLM003480,POL03683,PRG010,TRT048,2026-08-27,Open,100174.33
CLM003481,POL04162,PRG018,TRT069,2026-03-24,Pending,100353.79
CLM003482,POL09756,PRG013,TRT095,2026-08-15,Open,210295.18
CLM003483,POL06912,PRG024,TRT073,2026-03-12,Closed,180681.11
CLM003484,POL02054,PRG024,TRT039,2026-01-24,Open,93386.11
CLM003485,POL08585,PRG005,TRT074,2026-06-28,Pending,119777.08
CLM003486,POL04404,PRG010,TRT091,2026-03-16,Closed,257977.45
CLM003487,POL01755,PRG022,TRT061,2026-04-12,Closed,2655.32
CLM003488,POL03625,PRG010,TRT037,2026-03-25,Closed,161604.36
CLM003489,POL09910,PRG023,TRT047,2026-07-07,Pending,54420.57
CLM003490,POL06616,PRG009,TRT046,2026-01-17,Pending,37513.59
CLM003491,POL00123,PRG014,TRT020,2026-08-01,Pending,233806.58
CLM003492,POL09606,PRG015,TRT021,2026-03-11,Pending,140445.18
CLM003493,POL06153,PRG004,TRT041,2026-06-11,Open,284388.05
CLM003494,POL03517,PRG004,TRT094,2026-01-08,Closed,139289.83
CLM003495,POL03928,PRG009,TRT067,2026-04-11,Pending,156517.95
CLM003496,POL06247,PRG001,TRT090,2026-03-26,Pending,32780.54
CLM003497,POL07152,PRG020,TRT023,2026-07-16,Closed,137028.88
CLM003498,POL01288,PRG004,TRT054,2026-08-29,Pending,184627.99
CLM003499,POL05026,PRG005,TRT049,2026-05-16,Open,228425.22
CLM003500,POL04236,PRG017,TRT006,2026-05-02,Closed,15617.19
CLM003501,POL08666,PRG003,TRT050,2026-02-28,Pending,75110.12
CLM003502,POL04781,PRG022,TRT005,2026-08-24,Pending,108932.29
CLM003503,POL07243,PRG010,TRT008,2026-04-13,Closed,46044.3
CLM003504,POL02020,PRG002,TRT022,2026-03-28,Open,248617.15
CLM003505,POL02239,PRG001,TRT009,2026-02-05,Closed,102123.26
CLM003506,POL08632,PRG010,TRT071,2026-01-05,Pending,298936.69
CLM003507,POL07759,PRG019,TRT064,2026-02-28,Pending,3057.39
CLM003508,POL00594,PRG013,TRT043,2026-06-06,Closed,165897.4
CLM003509,POL05351,PRG022,TRT074,2026-04-12,Pending,183322.8
CLM003510,POL08431,PRG016,TRT004,2026-06-18,Pending,162310.37
CLM003511,POL08724,PRG022,TRT095,2026-01-16,Pending,206173.83
CLM003512,POL09394,PRG007,TRT034,2026-07-07,Open,140892.17
CLM003513,POL00453,PRG014,TRT055,2026-04-07,Open,284535.62
CLM003514,POL02114,PRG018,TRT014,2026-02-23,Closed,65729.87
CLM003515,POL00638,PRG018,TRT044,2026-04-06,Open,136687.48
CLM003516,POL07429,PRG021,TRT018,2026-02-21,Pending,10024.6
CLM003517,POL08443,PRG011,TRT042,2026-07-15,Closed,62702.77
CLM003518,POL09486,PRG004,TRT009,2026-03-04,Pending,91905.53
CLM003519,POL07282,PRG005,TRT020,2026-03-27,Closed,39197.5
CLM003520,POL04819,PRG003,TRT066,2026-02-06,Closed,292655.96
CLM003521,POL03874,PRG003,TRT007,2026-03-25,Closed,73884.69
CLM003522,POL07676,PRG007,TRT031,2026-08-06,Pending,140463.33
CLM003523,POL03123,PRG024,TRT080,2026-07-31,Open,87652.53
CLM003524,POL06104,PRG017,TRT065,2026-01-15,Closed,91452.34
CLM003525,POL07015,PRG021,TRT029,2026-05-02,Pending,298819.07
CLM003526,POL07230,PRG004,TRT028,2026-05-14,Closed,9849.37
CLM003527,POL03870,PRG004,TRT024,2026-05-30,Open,271585.38
CLM003528,POL07622,PRG020,TRT087,2026-08-01,Pending,1754.65
CLM003529,POL01770,PRG006,TRT095,2026-07-07,Pending,256594.3
CLM003530,POL07482,PRG003,TRT022,2026-03-19,Closed,45363.77
CLM003531,POL09277,PRG006,TRT074,2026-01-03,Pending,113846.81
CLM003532,POL03458,PRG025,TRT026,2026-07-13,Open,73341.54
CLM003533,POL06140,PRG012,TRT100,2026-04-21,Open,70203.17
CLM003534,POL05992,PRG020,TRT035,2026-01-15,Pending,79828.75
CLM003535,POL00074,PRG018,TRT098,2026-04-19,Open,166482.18
CLM003536,POL07144,PRG008,TRT027,2026-08-18,Open,166880.2
CLM003537,POL09925,PRG016,TRT025,2026-08-26,Pending,146920.82
CLM003538,POL09584,PRG006,TRT040,2026-08-02,Pending,242774.92
CLM003539,POL01327,PRG021,TRT079,2026-05-08,Closed,239442.17
CLM003540,POL01129,PRG001,TRT068,2026-05-30,Closed,132123.23
CLM003541,POL00406,PRG001,TRT009,2026-05-29,Open,220958.87
CLM003542,POL04445,PRG012,TRT003,2026-04-21,Closed,140593.03
CLM003543,POL01842,PRG003,TRT057,2026-02-11,Closed,272600.94
CLM003544,POL07379,PRG011,TRT010,2026-03-03,Closed,13757.63
CLM003545,POL09303,PRG014,TRT058,2026-05-03,Pending,129738.03
CLM003546,POL07935,PRG004,TRT029,2026-03-08,Closed,285177.77
CLM003547,POL06873,PRG006,TRT065,2026-05-16,Open,291774.33
CLM003548,POL02978,PRG013,TRT081,2026-02-01,Closed,262362.83
CLM003549,POL03850,PRG010,TRT046,2026-08-27,Pending,257356.6
CLM003550,POL07156,PRG007,TRT044,2026-04-13,Pending,232035.01
CLM003551,POL07496,PRG003,TRT015,2026-05-05,Open,24005.63
CLM003552,POL08555,PRG019,TRT024,2026-02-21,Closed,270486.35
CLM003553,POL04015,PRG011,TRT083,2026-03-28,Pending,243618.6
CLM003554,POL08516,PRG006,TRT079,2026-02-27,Open,129066.01
CLM003555,POL00249,PRG007,TRT071,2026-05-31,Closed,79568.83
CLM003556,POL06408,PRG019,TRT069,2026-06-05,Open,110221.93
CLM003557,POL05969,PRG024,TRT073,2026-03-22,Open,192267.16
CLM003558,POL02693,PRG008,TRT047,2026-01-12,Pending,263956.95
CLM003559,POL00372,PRG020,TRT029,2026-01-27,Pending,140781.87
CLM003560,POL01649,PRG025,TRT027,2026-04-21,Open,89049.87
CLM003561,POL08153,PRG010,TRT008,2026-01-05,Closed,289036.07
CLM003562,POL07364,PRG016,TRT069,2026-02-13,Closed,142200.34
CLM003563,POL07779,PRG010,TRT078,2026-08-16,Pending,277031.08
CLM003564,POL06803,PRG008,TRT002,2026-02-06,Pending,258747.09
CLM003565,POL04600,PRG008,TRT099,2026-03-31,Pending,275073.98
CLM003566,POL06034,PRG004,TRT082,2026-02-18,Pending,3729.27
CLM003567,POL04459,PRG025,TRT047,2026-02-13,Closed,53947.49
CLM003568,POL03766,PRG025,TRT100,2026-01-01,Pending,26871.01
CLM003569,POL05886,PRG024,TRT036,2026-06-17,Closed,222439.26
CLM003570,POL07104,PRG002,TRT005,2026-08-14,Open,102726.55
CLM003571,POL08458,PRG021,TRT052,2026-01-10,Pending,252382.85
CLM003572,POL05499,PRG004,TRT024,2026-07-04,Open,181558.22
CLM003573,POL03828,PRG017,TRT067,2026-06-18,Closed,225230.26
CLM003574,POL09641,PRG024,TRT083,2026-04-29,Open,105737.3
CLM003575,POL08522,PRG002,TRT059,2026-08-14,Pending,82233.17
CLM003576,POL09767,PRG022,TRT027,2026-06-10,Closed,125426.08
CLM003577,POL00356,PRG001,TRT008,2026-08-19,Open,172583.46
CLM003578,POL02328,PRG003,TRT100,2026-07-01,Open,259933.12
CLM003579,POL03940,PRG018,TRT008,2026-03-11,Pending,236321.59
CLM003580,POL01789,PRG015,TRT070,2026-08-11,Closed,274129.13
CLM003581,POL01674,PRG024,TRT002,2026-01-14,Open,234737.68
CLM003582,POL09250,PRG006,TRT030,2026-02-17,Open,197962.2
CLM003583,POL06895,PRG005,TRT081,2026-06-13,Pending,234442.39
CLM003584,POL00964,PRG006,TRT040,2026-05-11,Open,292588.98
CLM003585,POL05764,PRG006,TRT082,2026-02-10,Closed,11564.49
CLM003586,POL03367,PRG006,TRT090,2026-06-21,Closed,267536.11
CLM003587,POL08898,PRG009,TRT042,2026-01-31,Closed,291806.59
CLM003588,POL07893,PRG023,TRT010,2026-05-18,Open,260134.85
CLM003589,POL01721,PRG015,TRT069,2026-03-19,Pending,287350.9
CLM003590,POL07144,PRG008,TRT027,2026-06-27,Pending,122299.98
CLM003591,POL03419,PRG012,TRT038,2026-06-23,Pending,62575.05
CLM003592,POL08718,PRG003,TRT003,2026-01-29,Open,257737.35
CLM003593,POL05109,PRG024,TRT085,2026-01-05,Open,70482.12
CLM003594,POL07482,PRG003,TRT022,2026-03-18,Closed,45526.5
CLM003595,POL06335,PRG009,TRT011,2026-06-01,Open,188539.31
CLM003596,POL01786,PRG021,TRT068,2026-02-23,Closed,122327.07
CLM003597,POL06676,PRG009,TRT033,2026-03-26,Open,140133.57
CLM003598,POL06298,PRG017,TRT046,2026-01-08,Closed,256783.4
CLM003599,POL04499,PRG024,TRT010,2026-08-10,Closed,75632.33
CLM003600,POL00939,PRG016,TRT037,2026-03-04,Closed,222563.4
CLM003601,POL09166,PRG011,TRT023,2026-04-22,Closed,240915.99
CLM003602,POL06367,PRG008,TRT046,2026-07-09,Pending,3541.27
CLM003603,POL06317,PRG021,TRT059,2026-06-23,Pending,118782.77
CLM003604,POL08998,PRG016,TRT037,2026-03-03,Pending,295554.32
CLM003605,POL04805,PRG004,TRT029,2026-01-08,Pending,284680.92
CLM003606,POL03283,PRG019,TRT001,2026-07-13,Open,56191.74
CLM003607,POL02228,PRG023,TRT076,2026-07-14,Pending,49488.85
CLM003608,POL06486,PRG016,TRT093,2026-04-25,Pending,221423.81
CLM003609,POL03775,PRG009,TRT041,2026-05-30,Pending,28264.76
CLM003610,POL03830,PRG018,TRT042,2026-04-20,Closed,97095.32
CLM003611,POL07336,PRG004,TRT073,2026-06-27,Open,238871.78
CLM003612,POL02639,PRG023,TRT071,2026-08-16,Open,173141.36
CLM003613,POL05360,PRG005,TRT060,2026-04-07,Closed,189463.6
CLM003614,POL00480,PRG006,TRT092,2026-06-10,Open,124545.22
CLM003615,POL09782,PRG008,TRT036,2026-05-29,Pending,232532.47
CLM003616,POL04069,PRG010,TRT095,2026-06-17,Open,251929.41
CLM003617,POL07022,PRG003,TRT004,2026-04-22,Open,184313.89
CLM003618,POL09912,PRG014,TRT027,2026-04-16,Closed,255798.54
CLM003619,POL09396,PRG010,TRT003,2026-08-14,Open,103495.12
CLM003620,POL04858,PRG015,TRT088,2026-01-08,Closed,1409.41
CLM003621,POL00028,PRG020,TRT038,2026-01-28,Closed,80016.0
CLM003622,POL04770,PRG025,TRT067,2026-06-25,Pending,272187.49
CLM003623,POL01874,PRG001,TRT033,2026-07-19,Pending,31765.44
CLM003624,POL02062,PRG003,TRT025,2026-01-18,Pending,161332.99
CLM003625,POL05704,PRG003,TRT027,2026-05-10,Pending,191406.48
CLM003626,POL06388,PRG008,TRT084,2026-08-04,Closed,258969.18
CLM003627,POL00867,PRG005,TRT029,2026-07-09,Pending,93992.5
CLM003628,POL03999,PRG018,TRT052,2026-03-10,Pending,291264.07
CLM003629,POL06624,PRG010,TRT058,2026-03-11,Open,196680.76
CLM003630,POL09853,PRG017,TRT009,2026-02-05,Closed,200179.06
CLM003631,POL06187,PRG008,TRT048,2026-04-25,Closed,145504.58
CLM003632,POL00761,PRG020,TRT011,2026-01-23,Closed,9630.82
CLM003633,POL00091,PRG003,TRT019,2026-02-08,Pending,95196.17
CLM003634,POL07234,PRG017,TRT044,2026-05-13,Pending,196012.33
CLM003635,POL09960,PRG001,TRT034,2026-02-23,Closed,116064.04
CLM003636,POL05596,PRG022,TRT091,2026-06-30,Open,277494.68
CLM003637,POL02702,PRG025,TRT070,2026-03-14,Open,264051.04
CLM003638,POL00051,PRG018,TRT090,2026-06-18,Open,149164.31
CLM003639,POL07102,PRG015,TRT094,2026-07-14,Closed,269132.87
CLM003640,POL08947,PRG002,TRT004,2026-05-26,Pending,277519.44
CLM003641,POL02510,PRG023,TRT036,2026-03-15,Pending,161936.14
CLM003642,POL09709,PRG019,TRT006,2026-07-04,Open,131201.75
CLM003643,POL07079,PRG009,TRT006,2026-08-06,Open,19723.66
CLM003644,POL06890,PRG020,TRT012,2026-01-13,Open,154735.4
CLM003645,POL03999,PRG018,TRT052,2026-06-16,Pending,50011.64
CLM003646,POL02084,PRG005,TRT078,2026-07-21,Open,276630.87
CLM003647,POL07228,PRG021,TRT058,2026-01-06,Open,14605.2
CLM003648,POL07028,PRG020,TRT022,2026-08-16,Pending,46952.4
CLM003649,POL04371,PRG010,TRT024,2026-07-15,Pending,12589.57
CLM003650,POL09765,PRG021,TRT079,2026-01-21,Pending,206593.13
CLM003651,POL05689,PRG016,TRT049,2026-02-03,Pending,15770.88
CLM003652,POL02081,PRG006,TRT032,2026-07-23,Pending,2039.21
CLM003653,POL07258,PRG025,TRT060,2026-01-18,Open,155226.6
CLM003654,POL00245,PRG001,TRT087,2026-04-16,Pending,211767.62
CLM003655,POL06013,PRG023,TRT081,2026-01-23,Pending,261462.33
CLM003656,POL02782,PRG017,TRT075,2026-03-09,Open,88893.9
CLM003657,POL06048,PRG003,TRT059,2026-01-28,Pending,147975.45
CLM003658,POL04455,PRG025,TRT037,2026-07-12,Open,256644.31
CLM003659,POL02466,PRG019,TRT034,2026-07-17,Closed,286794.07
CLM003660,POL04571,PRG020,TRT030,2026-08-06,Pending,234840.39
CLM003661,POL07207,PRG014,TRT097,2026-03-30,Closed,31963.77
CLM003662,POL00049,PRG006,TRT084,2026-05-07,Closed,294860.7
CLM003663,POL00494,PRG002,TRT087,2026-05-18,Closed,37252.25
CLM003664,POL01356,PRG013,TRT019,2026-08-26,Open,23886.74
CLM003665,POL01421,PRG012,TRT078,2026-01-03,Pending,121215.4
CLM003666,POL01458,PRG024,TRT022,2026-04-15,Closed,104687.36
CLM003667,POL09468,PRG001,TRT065,2026-07-24,Closed,159944.77
CLM003668,POL07343,PRG016,TRT097,2026-04-19,Pending,111571.0
CLM003669,POL00083,PRG023,TRT073,2026-01-20,Open,106987.58
CLM003670,POL04036,PRG011,TRT013,2026-05-18,Closed,38235.34
CLM003671,POL01416,PRG009,TRT029,2026-04-08,Open,197852.41
CLM003672,POL06999,PRG020,TRT047,2026-03-30,Pending,210816.92
CLM003673,POL04825,PRG004,TRT091,2026-03-04,Closed,216385.33
CLM003674,POL07142,PRG005,TRT088,2026-07-12,Pending,96637.4
CLM003675,POL06180,PRG020,TRT006,2026-01-08,Closed,296270.41
CLM003676,POL01349,PRG008,TRT037,2026-02-20,Open,71780.98
CLM003677,POL03274,PRG022,TRT052,2026-08-10,Open,25262.64
CLM003678,POL02122,PRG016,TRT030,2026-04-10,Open,206453.18
CLM003679,POL00973,PRG004,TRT099,2026-06-27,Closed,282396.13
CLM003680,POL09330,PRG023,TRT080,2026-07-04,Pending,185519.51
CLM003681,POL02974,PRG022,TRT031,2026-04-14,Closed,258400.21
CLM003682,POL06269,PRG004,TRT092,2026-05-26,Open,256514.77
CLM003683,POL03264,PRG016,TRT082,2026-04-08,Open,298977.46
CLM003684,POL09528,PRG004,TRT095,2026-04-17,Open,108576.74
CLM003685,POL03416,PRG007,TRT064,2026-04-09,Closed,207743.0
CLM003686,POL02082,PRG015,TRT007,2026-06-08,Pending,189332.95
CLM003687,POL08112,PRG010,TRT090,2026-07-02,Pending,244122.72
CLM003688,POL05991,PRG007,TRT045,2026-06-21,Open,248707.68
CLM003689,POL07943,PRG002,TRT035,2026-07-16,Pending,148617.69
CLM003690,POL05484,PRG011,TRT024,2026-02-03,Closed,103177.89
CLM003691,POL06238,PRG013,TRT017,2026-04-08,Pending,108432.23
CLM003692,POL03034,PRG025,TRT081,2026-08-19,Closed,176047.86
CLM003693,POL01169,PRG002,TRT100,2026-08-05,Pending,181132.51
CLM003694,POL06978,PRG024,TRT065,2026-08-03,Closed,124855.66
CLM003695,POL03624,PRG018,TRT062,2026-07-08,Open,127870.99
CLM003696,POL00348,PRG021,TRT092,2026-01-23,Closed,119588.98
CLM003697,POL09978,PRG016,TRT083,2026-01-24,Closed,112507.31
CLM003698,POL09501,PRG011,TRT072,2026-08-18,Closed,121678.56
CLM003699,POL00451,PRG002,TRT004,2026-03-25,Open,6906.7
CLM003700,POL08264,PRG022,TRT043,2026-04-20,Open,167944.41
CLM003701,POL03879,PRG019,TRT022,2026-06-28,Closed,204673.1
CLM003702,POL08870,PRG006,TRT095,2026-01-31,Open,212532.43
CLM003703,POL04968,PRG023,TRT051,2026-03-08,Open,160143.58
CLM003704,POL02559,PRG024,TRT069,2026-02-04,Pending,188306.19
CLM003705,POL02859,PRG012,TRT076,2026-02-20,Pending,81411.43
CLM003706,POL06653,PRG008,TRT014,2026-06-12,Closed,1544.29
CLM003707,POL09940,PRG008,TRT060,2026-01-25,Open,159101.41
CLM003708,POL00666,PRG025,TRT071,2026-06-09,Open,266115.53
CLM003709,POL01164,PRG004,TRT028,2026-02-10,Open,85848.3
CLM003710,POL00610,PRG014,TRT060,2026-08-21,Open,147739.88
CLM003711,POL06752,PRG024,TRT002,2026-05-25,Closed,215940.51
CLM003712,POL03472,PRG019,TRT043,2026-01-08,Open,131043.4
CLM003713,POL05193,PRG013,TRT099,2026-01-09,Closed,56363.4
CLM003714,POL06911,PRG019,TRT034,2026-08-05,Pending,19893.31
CLM003715,POL08487,PRG013,TRT086,2026-06-30,Pending,49611.19
CLM003716,POL01612,PRG010,TRT051,2026-07-13,Open,27960.8
CLM003717,POL00897,PRG003,TRT016,2026-08-03,Open,110591.99
CLM003718,POL05914,PRG020,TRT055,2026-06-07,Open,27569.85
CLM003719,POL00972,PRG022,TRT070,2026-02-21,Pending,162566.61
CLM003720,POL05661,PRG004,TRT035,2026-07-06,Closed,174266.6
CLM003721,POL05295,PRG020,TRT076,2026-04-16,Open,118784.88
CLM003722,POL02163,PRG009,TRT027,2026-07-12,Pending,56773.69
CLM003723,POL00435,PRG021,TRT097,2026-03-24,Closed,189116.76
CLM003724,POL07652,PRG003,TRT021,2026-08-15,Pending,44833.34
CLM003725,POL07973,PRG001,TRT099,2026-06-14,Closed,219374.81
CLM003726,POL05784,PRG012,TRT078,2026-08-04,Closed,90677.02
CLM003727,POL05144,PRG020,TRT065,2026-08-12,Open,187433.51
CLM003728,POL07972,PRG019,TRT044,2026-04-12,Closed,286956.84
CLM003729,POL03640,PRG020,TRT078,2026-07-13,Open,201772.41
CLM003730,POL04027,PRG012,TRT097,2026-06-18,Pending,197846.19
CLM003731,POL08023,PRG013,TRT083,2026-07-10,Closed,243587.09
CLM003732,POL09945,PRG001,TRT011,2026-06-27,Open,190635.07
CLM003733,POL03561,PRG005,TRT034,2026-07-03,Open,236553.26
CLM003734,POL08081,PRG012,TRT088,2026-07-03,Closed,180552.68
CLM003735,POL02186,PRG021,TRT025,2026-07-06,Closed,79730.64
CLM003736,POL02467,PRG018,TRT009,2026-03-05,Open,98699.7
CLM003737,POL05814,PRG005,TRT091,2026-08-16,Open,283531.05
CLM003738,POL08855,PRG017,TRT066,2026-06-30,Pending,118949.47
CLM003739,POL09398,PRG001,TRT003,2026-07-08,Closed,15429.71
CLM003740,POL03789,PRG002,TRT037,2026-02-10,Open,49276.88
CLM003741,POL00640,PRG007,TRT085,2026-06-07,Pending,157079.73
CLM003742,POL06403,PRG023,TRT018,2026-08-07,Open,39797.47
CLM003743,POL04061,PRG010,TRT080,2026-04-11,Open,88636.33
CLM003744,POL07557,PRG010,TRT003,2026-01-09,Closed,38129.24
CLM003745,POL08324,PRG009,TRT058,2026-03-28,Pending,177661.68
CLM003746,POL05270,PRG009,TRT009,2026-06-08,Pending,89981.19
CLM003747,POL05206,PRG008,TRT004,2026-05-09,Pending,247601.27
CLM003748,POL09800,PRG019,TRT009,2026-01-16,Closed,231857.87
CLM003749,POL08688,PRG002,TRT096,2026-05-05,Closed,219355.95
CLM003750,POL04763,PRG022,TRT081,2026-02-12,Closed,141298.67
CLM003751,POL06978,PRG024,TRT065,2026-06-29,Closed,93258.02
CLM003752,POL02541,PRG011,TRT062,2026-03-04,Pending,274924.25
CLM003753,POL05011,PRG021,TRT033,2026-07-05,Closed,116941.56
CLM003754,POL06639,PRG001,TRT008,2026-06-17,Closed,78271.99
CLM003755,POL06891,PRG008,TRT077,2026-01-23,Open,191142.73
CLM003756,POL03609,PRG019,TRT069,2026-07-29,Pending,132743.99
CLM003757,POL08277,PRG012,TRT006,2026-02-06,Open,110916.35
CLM003758,POL03253,PRG023,TRT090,2026-04-28,Open,116730.29
CLM003759,POL05306,PRG019,TRT035,2026-08-15,Closed,79758.53
CLM003760,POL06977,PRG024,TRT032,2026-01-25,Closed,136403.4
CLM003761,POL01024,PRG006,TRT086,2026-02-15,Open,156539.72
CLM003762,POL00175,PRG018,TRT042,2026-02-25,Open,92087.68
CLM003763,POL08463,PRG013,TRT076,2026-04-09,Closed,217786.2
CLM003764,POL08425,PRG013,TRT029,2026-06-06,Closed,17026.66
CLM003765,POL04358,PRG001,TRT024,2026-01-18,Open,115080.94
CLM003766,POL09454,PRG016,TRT010,2026-03-12,Open,224425.98
CLM003767,POL03621,PRG023,TRT018,2026-05-04,Closed,289190.19
CLM003768,POL09913,PRG001,TRT065,2026-07-15,Pending,137734.41
CLM003769,POL05664,PRG020,TRT051,2026-01-13,Closed,127060.68
CLM003770,POL09280,PRG008,TRT057,2026-04-10,Pending,62228.1
CLM003771,POL08249,PRG006,TRT071,2026-01-04,Open,80179.83
CLM003772,POL00246,PRG013,TRT086,2026-02-26,Pending,231958.73
CLM003773,POL08694,PRG007,TRT036,2026-04-26,Pending,95075.84
CLM003774,POL03050,PRG007,TRT077,2026-02-01,Open,59435.14
CLM003775,POL04160,PRG022,TRT029,2026-08-15,Open,95305.01
CLM003776,POL09864,PRG008,TRT087,2026-01-16,Closed,149943.52
CLM003777,POL03528,PRG022,TRT093,2026-04-08,Closed,128201.18
CLM003778,POL02993,PRG004,TRT013,2026-06-30,Open,50021.23
CLM003779,POL04111,PRG009,TRT005,2026-01-18,Pending,274426.93
CLM003780,POL07103,PRG001,TRT039,2026-06-24,Pending,67992.74
CLM003781,POL07943,PRG002,TRT035,2026-05-01,Closed,2390.39
CLM003782,POL06579,PRG007,TRT064,2026-01-30,Open,193402.55
CLM003783,POL09228,PRG008,TRT048,2026-07-21,Open,196370.35
CLM003784,POL07085,PRG012,TRT095,2026-02-06,Open,158204.36
CLM003785,POL09854,PRG012,TRT086,2026-02-20,Closed,56973.5
CLM003786,POL00294,PRG004,TRT047,2026-01-27,Closed,249881.02
CLM003787,POL08512,PRG015,TRT083,2026-03-06,Open,237910.15
CLM003788,POL01797,PRG019,TRT035,2026-05-05,Pending,27230.92
CLM003789,POL02471,PRG021,TRT050,2026-05-04,Closed,236030.7
CLM003790,POL02438,PRG016,TRT048,2026-04-08,Closed,195186.51
CLM003791,POL00576,PRG007,TRT053,2026-04-25,Pending,110630.34
CLM003792,POL02278,PRG002,TRT028,2026-02-07,Open,255947.66
CLM003793,POL01876,PRG013,TRT092,2026-06-05,Open,294682.99
CLM003794,POL09191,PRG020,TRT030,2026-04-05,Open,124468.99
CLM003795,POL03994,PRG022,TRT049,2026-03-30,Open,160875.78
CLM003796,POL00622,PRG017,TRT082,2026-01-01,Open,268288.09
CLM003797,POL09782,PRG008,TRT036,2026-08-10,Pending,77970.77
CLM003798,POL03524,PRG025,TRT005,2026-01-08,Pending,21306.79
CLM003799,POL00628,PRG001,TRT024,2026-07-08,Closed,278076.35
CLM003800,POL04309,PRG010,TRT058,2026-01-22,Open,20730.25
CLM003801,POL05890,PRG016,TRT021,2026-08-05,Pending,104106.1
CLM003802,POL02159,PRG012,TRT078,2026-07-05,Open,70929.15
CLM003803,POL02313,PRG008,TRT017,2026-02-21,Closed,70015.74
CLM003804,POL05227,PRG022,TRT043,2026-02-16,Pending,101847.93
CLM003805,POL00538,PRG023,TRT019,2026-03-07,Pending,180066.69
CLM003806,POL01364,PRG004,TRT015,2026-03-25,Closed,60047.06
CLM003807,POL05614,PRG010,TRT088,2026-04-05,Open,110081.06
CLM003808,POL09767,PRG022,TRT027,2026-02-17,Pending,83840.8
CLM003809,POL04084,PRG004,TRT064,2026-03-26,Closed,252422.79
CLM003810,POL01630,PRG019,TRT088,2026-07-21,Open,174656.62
CLM003811,POL00873,PRG016,TRT033,2026-04-20,Pending,222891.57
CLM003812,POL09916,PRG010,TRT092,2026-01-27,Closed,253411.73
CLM003813,POL01343,PRG016,TRT035,2026-02-01,Open,118137.82
CLM003814,POL07549,PRG008,TRT048,2026-01-27,Pending,159476.39
CLM003815,POL08547,PRG025,TRT034,2026-08-02,Pending,124637.64
CLM003816,POL00247,PRG024,TRT081,2026-07-12,Closed,147125.46
CLM003817,POL08713,PRG014,TRT081,2026-01-20,Pending,18960.18
CLM003818,POL06497,PRG015,TRT023,2026-01-29,Open,37548.65
CLM003819,POL00804,PRG010,TRT006,2026-07-25,Open,103798.31
CLM003820,POL06532,PRG017,TRT006,2026-01-28,Closed,159193.26
CLM003821,POL09369,PRG008,TRT084,2026-05-20,Open,22893.85
CLM003822,POL00492,PRG018,TRT056,2026-03-30,Pending,289890.89
CLM003823,POL05116,PRG002,TRT028,2026-02-02,Open,134049.88
CLM003824,POL09704,PRG012,TRT067,2026-05-24,Open,15405.94
CLM003825,POL06027,PRG004,TRT008,2026-06-16,Closed,35843.71
CLM003826,POL09320,PRG008,TRT047,2026-04-20,Pending,54962.64
CLM003827,POL03380,PRG023,TRT046,2026-03-02,Open,106542.24
CLM003828,POL04563,PRG019,TRT038,2026-04-18,Pending,62895.39
CLM003829,POL06738,PRG011,TRT062,2026-03-26,Open,72412.93
CLM003830,POL04709,PRG017,TRT040,2026-01-27,Closed,36292.21
CLM003831,POL06432,PRG024,TRT074,2026-05-28,Closed,149997.37
CLM003832,POL06654,PRG009,TRT018,2026-06-27,Pending,231078.62
CLM003833,POL05687,PRG022,TRT089,2026-07-03,Closed,255049.55
CLM003834,POL06548,PRG011,TRT061,2026-05-19,Closed,209379.96
CLM003835,POL05810,PRG017,TRT088,2026-03-15,Open,61738.76
CLM003836,POL06684,PRG022,TRT068,2026-06-15,Pending,78121.32
CLM003837,POL00877,PRG025,TRT031,2026-05-23,Closed,232705.59
CLM003838,POL04900,PRG005,TRT069,2026-02-27,Open,258406.77
CLM003839,POL06821,PRG024,TRT032,2026-01-03,Closed,2673.3
CLM003840,POL06730,PRG015,TRT048,2026-01-05,Pending,9275.02
CLM003841,POL03897,PRG024,TRT069,2026-06-15,Open,47654.0
CLM003842,POL00445,PRG004,TRT085,2026-01-20,Closed,108689.25
CLM003843,POL02265,PRG012,TRT074,2026-04-27,Open,141934.89
CLM003844,POL04862,PRG001,TRT006,2026-07-17,Closed,181721.17
CLM003845,POL00580,PRG011,TRT004,2026-06-22,Open,174770.47
CLM003846,POL00769,PRG007,TRT078,2026-05-06,Closed,21844.06
CLM003847,POL00813,PRG025,TRT091,2026-07-14,Closed,163730.32
CLM003848,POL03499,PRG006,TRT029,2026-07-21,Pending,162364.55
CLM003849,POL05234,PRG025,TRT050,2026-05-27,Closed,247711.27
CLM003850,POL05556,PRG020,TRT070,2026-08-16,Open,169350.16
CLM003851,POL03078,PRG024,TRT077,2026-07-29,Closed,201874.44
CLM003852,POL07738,PRG012,TRT072,2026-05-26,Pending,43875.38
CLM003853,POL04815,PRG008,TRT100,2026-05-26,Pending,246166.72
CLM003854,POL08744,PRG007,TRT020,2026-02-22,Open,23481.3
CLM003855,POL02449,PRG014,TRT058,2026-02-18,Pending,29845.28
CLM003856,POL02020,PRG002,TRT022,2026-06-05,Pending,119132.91
CLM003857,POL03652,PRG011,TRT029,2026-02-15,Open,252549.81
CLM003858,POL08386,PRG019,TRT019,2026-02-26,Closed,267383.99
CLM003859,POL01624,PRG015,TRT075,2026-08-02,Pending,171869.42
CLM003860,POL04869,PRG012,TRT001,2026-06-10,Open,38797.63
CLM003861,POL00641,PRG017,TRT066,2026-03-19,Open,262338.65
CLM003862,POL00698,PRG008,TRT003,2026-03-29,Pending,220311.92
CLM003863,POL07521,PRG015,TRT041,2026-05-01,Pending,77712.2
CLM003864,POL05140,PRG025,TRT093,2026-06-13,Pending,69833.03
CLM003865,POL01892,PRG025,TRT017,2026-04-10,Open,69429.48
CLM003866,POL09647,PRG002,TRT058,2026-07-24,Pending,136264.13
CLM003867,POL04818,PRG008,TRT093,2026-03-12,Pending,55193.58
CLM003868,POL03482,PRG003,TRT009,2026-01-08,Closed,185752.92
CLM003869,POL06586,PRG022,TRT069,2026-08-27,Open,48100.52
CLM003870,POL02345,PRG020,TRT072,2026-05-10,Pending,299222.0
CLM003871,POL05509,PRG011,TRT044,2026-08-13,Pending,37178.8
CLM003872,POL08916,PRG003,TRT012,2026-04-11,Pending,143168.15
CLM003873,POL03702,PRG019,TRT013,2026-08-14,Closed,149542.99
CLM003874,POL01127,PRG016,TRT081,2026-01-26,Closed,279191.04
CLM003875,POL00347,PRG006,TRT011,2026-07-19,Closed,123881.2
CLM003876,POL09091,PRG013,TRT033,2026-01-14,Closed,45069.16
CLM003877,POL05212,PRG004,TRT086,2026-02-12,Pending,112749.99
CLM003878,POL02525,PRG020,TRT090,2026-03-08,Pending,99476.22
CLM003879,POL00524,PRG025,TRT088,2026-07-19,Closed,146500.84
CLM003880,POL08181,PRG005,TRT062,2026-08-15,Pending,52525.01
CLM003881,POL08631,PRG013,TRT050,2026-04-19,Pending,22838.01
CLM003882,POL04342,PRG007,TRT035,2026-04-17,Open,176457.79
CLM003883,POL06439,PRG011,TRT090,2026-06-21,Open,35742.01
CLM003884,POL09304,PRG004,TRT061,2026-01-20,Closed,68107.24
CLM003885,POL04249,PRG001,TRT001,2026-06-06,Open,114830.47
CLM003886,POL01034,PRG016,TRT054,2026-01-18,Closed,252102.46
CLM003887,POL08171,PRG013,TRT051,2026-06-05,Open,284398.26
CLM003888,POL01810,PRG003,TRT022,2026-08-21,Closed,117516.0
CLM003889,POL09580,PRG022,TRT081,2026-05-13,Closed,227772.2
CLM003890,POL04351,PRG001,TRT061,2026-07-12,Open,173284.72
CLM003891,POL01702,PRG013,TRT008,2026-01-24,Pending,195933.08
CLM003892,POL01568,PRG025,TRT069,2026-02-25,Closed,59255.86
CLM003893,POL05308,PRG019,TRT082,2026-02-14,Open,296995.9
CLM003894,POL09979,PRG005,TRT100,2026-08-12,Closed,10100.21
CLM003895,POL02560,PRG008,TRT089,2026-06-06,Open,188603.88
CLM003896,POL02109,PRG006,TRT096,2026-03-12,Closed,134040.36
CLM003897,POL08675,PRG002,TRT019,2026-07-04,Pending,155011.92
CLM003898,POL00232,PRG021,TRT029,2026-08-18,Closed,77951.98
CLM003899,POL02300,PRG018,TRT028,2026-04-06,Open,128736.27
CLM003900,POL00010,PRG008,TRT018,2026-04-08,Closed,142679.09
CLM003901,POL08682,PRG002,TRT006,2026-08-07,Closed,56834.0
CLM003902,POL04976,PRG022,TRT012,2026-01-16,Pending,295075.18
CLM003903,POL05494,PRG005,TRT010,2026-08-24,Pending,199276.5
CLM003904,POL08112,PRG010,TRT090,2026-08-10,Open,296161.71
CLM003905,POL05220,PRG024,TRT036,2026-04-16,Closed,89246.53
CLM003906,POL04876,PRG015,TRT034,2026-02-14,Closed,111394.46
CLM003907,POL00963,PRG016,TRT088,2026-04-07,Closed,205672.07
CLM003908,POL05876,PRG006,TRT047,2026-04-13,Open,150430.11
CLM003909,POL05029,PRG013,TRT066,2026-01-21,Closed,190954.75
CLM003910,POL08879,PRG018,TRT019,2026-04-27,Closed,224479.77
CLM003911,POL09445,PRG018,TRT093,2026-01-03,Closed,52582.31
CLM003912,POL07313,PRG003,TRT056,2026-03-27,Closed,293982.34
CLM003913,POL00414,PRG014,TRT090,2026-03-09,Pending,68712.57
CLM003914,POL00349,PRG024,TRT046,2026-06-06,Pending,297891.41
CLM003915,POL04425,PRG016,TRT043,2026-04-04,Pending,39431.14
CLM003916,POL02900,PRG012,TRT027,2026-04-11,Open,158521.2
CLM003917,POL00327,PRG003,TRT034,2026-03-05,Closed,33603.67
CLM003918,POL07255,PRG019,TRT038,2026-02-13,Open,99970.73
CLM003919,POL04856,PRG012,TRT031,2026-03-26,Open,169875.41
CLM003920,POL05324,PRG002,TRT073,2026-02-05,Pending,196836.19
CLM003921,POL09550,PRG023,TRT082,2026-05-26,Closed,14252.87
CLM003922,POL08721,PRG016,TRT005,2026-01-01,Open,54315.01
CLM003923,POL00523,PRG016,TRT066,2026-04-20,Closed,218474.97
CLM003924,POL05665,PRG012,TRT030,2026-07-11,Closed,90508.47
CLM003925,POL00670,PRG004,TRT043,2026-03-03,Open,7409.58
CLM003926,POL09346,PRG013,TRT068,2026-04-19,Closed,18577.55
CLM003927,POL00936,PRG013,TRT080,2026-02-19,Pending,263258.0
CLM003928,POL06846,PRG015,TRT049,2026-04-28,Pending,213242.14
CLM003929,POL03884,PRG013,TRT055,2026-08-26,Open,198633.97
CLM003930,POL06270,PRG013,TRT064,2026-01-31,Closed,63290.84
CLM003931,POL00601,PRG022,TRT071,2026-06-25,Open,222544.89
CLM003932,POL01445,PRG013,TRT022,2026-05-17,Closed,64734.23
CLM003933,POL09497,PRG012,TRT035,2026-05-21,Closed,174698.19
CLM003934,POL00047,PRG015,TRT029,2026-04-13,Closed,243462.72
CLM003935,POL09765,PRG021,TRT079,2026-04-15,Closed,38274.03
CLM003936,POL06833,PRG006,TRT055,2026-04-16,Closed,294659.47
CLM003937,POL02828,PRG024,TRT009,2026-07-17,Closed,221885.39
CLM003938,POL04546,PRG006,TRT022,2026-06-07,Open,297164.44
CLM003939,POL09321,PRG016,TRT074,2026-04-03,Pending,240453.09
CLM003940,POL09097,PRG025,TRT075,2026-05-18,Pending,192641.02
CLM003941,POL02726,PRG022,TRT024,2026-02-03,Pending,110799.7
CLM003942,POL00993,PRG022,TRT014,2026-01-03,Pending,185501.37
CLM003943,POL06323,PRG023,TRT021,2026-07-26,Pending,257616.05
CLM003944,POL06120,PRG010,TRT041,2026-03-04,Closed,71287.77
CLM003945,POL00821,PRG010,TRT058,2026-06-19,Pending,262703.92
CLM003946,POL04621,PRG021,TRT038,2026-03-06,Pending,102255.27
CLM003947,POL03860,PRG002,TRT022,2026-05-25,Closed,143747.08
CLM003948,POL02850,PRG016,TRT041,2026-05-24,Pending,296404.62
CLM003949,POL08822,PRG020,TRT044,2026-05-31,Pending,254487.79
CLM003950,POL02292,PRG022,TRT013,2026-05-22,Open,93123.87
CLM003951,POL00643,PRG005,TRT051,2026-03-01,Closed,159595.86
CLM003952,POL03809,PRG002,TRT060,2026-01-08,Open,228020.1
CLM003953,POL03607,PRG016,TRT020,2026-08-03,Pending,93725.97
CLM003954,POL06075,PRG014,TRT069,2026-01-21,Closed,49655.11
CLM003955,POL01650,PRG004,TRT033,2026-06-05,Closed,236751.8
CLM003956,POL01940,PRG022,TRT036,2026-03-25,Closed,74103.34
CLM003957,POL09070,PRG022,TRT094,2026-04-14,Open,56647.4
CLM003958,POL06766,PRG022,TRT032,2026-08-06,Open,148707.63
CLM003959,POL05967,PRG022,TRT008,2026-07-03,Closed,118975.26
CLM003960,POL09690,PRG015,TRT053,2026-01-30,Open,12893.11
CLM003961,POL09134,PRG007,TRT023,2026-07-21,Pending,75277.14
CLM003962,POL00221,PRG023,TRT096,2026-01-06,Pending,16065.7
CLM003963,POL01381,PRG008,TRT056,2026-05-05,Closed,261134.21
CLM003964,POL04608,PRG001,TRT027,2026-01-08,Pending,231962.18
CLM003965,POL06777,PRG003,TRT026,2026-06-01,Pending,142121.44
CLM003966,POL06156,PRG012,TRT020,2026-08-11,Closed,184034.26
CLM003967,POL08081,PRG012,TRT088,2026-08-07,Open,96372.74
CLM003968,POL09399,PRG004,TRT065,2026-07-19,Open,77857.45
CLM003969,POL07332,PRG012,TRT100,2026-04-18,Closed,159702.37
CLM003970,POL03287,PRG021,TRT058,2026-05-30,Open,294770.64
CLM003971,POL06540,PRG012,TRT045,2026-05-27,Closed,162766.17
CLM003972,POL04278,PRG022,TRT093,2026-03-17,Closed,239388.54
CLM003973,POL01092,PRG013,TRT064,2026-04-21,Open,18421.43
CLM003974,POL06906,PRG010,TRT099,2026-01-31,Closed,289718.66
CLM003975,POL09580,PRG022,TRT081,2026-06-07,Open,12082.95
CLM003976,POL02937,PRG012,TRT037,2026-04-21,Pending,176914.48
CLM003977,POL03739,PRG013,TRT018,2026-04-02,Pending,189392.09
CLM003978,POL08593,PRG008,TRT037,2026-05-13,Pending,9196.32
CLM003979,POL05521,PRG025,TRT019,2026-07-01,Closed,126168.84
CLM003980,POL04205,PRG018,TRT070,2026-05-25,Pending,53300.46
CLM003981,POL04973,PRG011,TRT084,2026-03-27,Pending,103205.64
CLM003982,POL00607,PRG014,TRT037,2026-03-21,Open,2723.04
CLM003983,POL04814,PRG019,TRT017,2026-07-29,Open,237774.82
CLM003984,POL03835,PRG005,TRT062,2026-06-12,Open,199338.61
CLM003985,POL06931,PRG023,TRT087,2026-01-06,Open,272864.29
CLM003986,POL08813,PRG015,TRT008,2026-08-05,Closed,55118.93
CLM003987,POL03119,PRG021,TRT094,2026-06-27,Open,288182.7
CLM003988,POL08430,PRG018,TRT018,2026-08-03,Open,40644.99
CLM003989,POL03774,PRG011,TRT057,2026-04-09,Pending,233974.28
CLM003990,POL04769,PRG022,TRT051,2026-05-23,Pending,176708.05
CLM003991,POL07420,PRG012,TRT033,2026-05-11,Closed,20564.7
CLM003992,POL06411,PRG001,TRT012,2026-05-29,Closed,76393.59
CLM003993,POL07503,PRG024,TRT016,2026-08-25,Pending,220813.54
CLM003994,POL00295,PRG005,TRT080,2026-04-04,Pending,187116.79
CLM003995,POL05642,PRG013,TRT010,2026-06-19,Open,122747.09
CLM003996,POL02680,PRG001,TRT020,2026-04-21,Open,123248.98
CLM003997,POL01297,PRG002,TRT033,2026-03-03,Open,140465.76
CLM003998,POL02082,PRG015,TRT007,2026-05-27,Pending,18027.07
CLM003999,POL09877,PRG003,TRT058,2026-03-04,Open,106068.81
CLM004000,POL04743,PRG007,TRT072,2026-02-23,Pending,225247.33
CLM004001,POL06848,PRG013,TRT097,2026-06-06,Closed,253242.9
CLM004002,POL00306,PRG002,TRT064,2026-06-06,Pending,272418.87
CLM004003,POL03956,PRG025,TRT093,2026-06-18,Open,164931.68
CLM004004,POL03762,PRG021,TRT020,2026-03-20,Open,11637.49
CLM004005,POL03951,PRG025,TRT013,2026-08-08,Closed,223395.8
CLM004006,POL09326,PRG014,TRT030,2026-05-10,Pending,121122.87
CLM004007,POL07848,PRG018,TRT081,2026-04-20,Closed,69918.79
CLM004008,POL09119,PRG017,TRT050,2026-03-03,Pending,20209.32
CLM004009,POL00885,PRG023,TRT083,2026-08-13,Open,232917.62
CLM004010,POL02613,PRG021,TRT099,2026-01-24,Open,134056.98
CLM004011,POL04190,PRG001,TRT097,2026-05-24,Pending,259327.83
CLM004012,POL07914,PRG016,TRT096,2026-01-11,Pending,267797.3
CLM004013,POL04838,PRG017,TRT100,2026-01-11,Open,177298.55
CLM004014,POL00816,PRG004,TRT008,2026-06-14,Pending,219035.56
CLM004015,POL03146,PRG001,TRT027,2026-06-13,Open,155540.59
CLM004016,POL08800,PRG018,TRT004,2026-04-20,Open,190935.26
CLM004017,POL01473,PRG023,TRT027,2026-03-23,Closed,152198.7
CLM004018,POL08546,PRG023,TRT054,2026-06-29,Closed,118508.82
CLM004019,POL02298,PRG010,TRT080,2026-03-19,Open,176380.98
CLM004020,POL04271,PRG021,TRT078,2026-02-27,Pending,268074.2
CLM004021,POL01716,PRG007,TRT053,2026-04-29,Open,133502.77
CLM004022,POL09734,PRG023,TRT082,2026-03-03,Open,33387.65
CLM004023,POL07611,PRG010,TRT012,2026-05-14,Pending,289072.1
CLM004024,POL04415,PRG010,TRT040,2026-08-02,Open,128779.98
CLM004025,POL01855,PRG013,TRT098,2026-07-24,Pending,80096.16
CLM004026,POL00724,PRG005,TRT003,2026-03-24,Open,113892.62
CLM004027,POL05787,PRG016,TRT073,2026-06-29,Closed,145933.0
CLM004028,POL06095,PRG006,TRT098,2026-07-17,Open,20332.68
CLM004029,POL00542,PRG015,TRT060,2026-08-02,Closed,136167.67
CLM004030,POL09277,PRG006,TRT074,2026-07-08,Pending,162072.48
CLM004031,POL06403,PRG023,TRT018,2026-06-01,Open,234313.89
CLM004032,POL03647,PRG003,TRT029,2026-02-28,Pending,59029.99
CLM004033,POL06641,PRG023,TRT057,2026-07-25,Open,72801.31
CLM004034,POL02269,PRG015,TRT015,2026-04-23,Pending,120984.65
CLM004035,POL01527,PRG017,TRT084,2026-04-04,Pending,98528.11
CLM004036,POL04983,PRG025,TRT069,2026-04-26,Pending,116832.63
CLM004037,POL09844,PRG016,TRT028,2026-04-24,Open,156969.59
CLM004038,POL04005,PRG014,TRT084,2026-06-28,Open,106559.99
CLM004039,POL02953,PRG016,TRT067,2026-03-07,Open,207338.73
CLM004040,POL07465,PRG013,TRT052,2026-07-08,Pending,133865.05
CLM004041,POL09970,PRG001,TRT052,2026-02-07,Closed,276299.74
CLM004042,POL06491,PRG011,TRT034,2026-03-26,Open,141925.02
CLM004043,POL08763,PRG007,TRT097,2026-03-28,Pending,176002.62
CLM004044,POL09219,PRG014,TRT022,2026-04-04,Pending,261130.26
CLM004045,POL03391,PRG020,TRT061,2026-04-21,Closed,18712.88
CLM004046,POL05212,PRG004,TRT086,2026-04-28,Closed,61201.0
CLM004047,POL00057,PRG006,TRT046,2026-08-06,Closed,167530.71
CLM004048,POL05009,PRG014,TRT028,2026-04-25,Pending,261483.43
CLM004049,POL05774,PRG018,TRT088,2026-03-11,Pending,157618.1
CLM004050,POL01091,PRG011,TRT083,2026-05-22,Pending,217763.3
CLM004051,POL04907,PRG004,TRT042,2026-06-25,Closed,116247.96
CLM004052,POL09369,PRG008,TRT084,2026-06-23,Pending,292448.91
CLM004053,POL00358,PRG006,TRT058,2026-06-01,Closed,95715.43
CLM004054,POL03411,PRG023,TRT026,2026-03-28,Closed,90796.71
CLM004055,POL02170,PRG003,TRT099,2026-07-22,Closed,199974.45
CLM004056,POL03627,PRG015,TRT015,2026-01-26,Pending,8819.86
CLM004057,POL02879,PRG003,TRT032,2026-04-06,Pending,13774.47
CLM004058,POL08381,PRG019,TRT096,2026-04-24,Closed,278844.95
CLM004059,POL09333,PRG021,TRT035,2026-03-07,Closed,262440.7
CLM004060,POL00148,PRG015,TRT001,2026-08-16,Open,143569.32
CLM004061,POL09955,PRG021,TRT042,2026-01-26,Closed,282774.85
CLM004062,POL03879,PRG019,TRT022,2026-07-07,Open,181962.57
CLM004063,POL08307,PRG022,TRT073,2026-06-05,Closed,34295.63
CLM004064,POL02052,PRG010,TRT080,2026-01-22,Open,171875.38
CLM004065,POL04837,PRG009,TRT021,2026-06-25,Pending,52370.4
CLM004066,POL04630,PRG017,TRT039,2026-03-22,Pending,284412.39
CLM004067,POL01381,PRG008,TRT056,2026-05-31,Open,287328.99
CLM004068,POL09850,PRG022,TRT095,2026-01-27,Pending,210100.07
CLM004069,POL01434,PRG009,TRT068,2026-08-20,Closed,182959.61
CLM004070,POL06722,PRG003,TRT003,2026-03-12,Closed,270676.84
CLM004071,POL04978,PRG024,TRT090,2026-01-27,Pending,195560.56
CLM004072,POL09955,PRG021,TRT042,2026-06-11,Closed,91689.61
CLM004073,POL05143,PRG020,TRT089,2026-05-24,Pending,21419.94
CLM004074,POL05361,PRG025,TRT043,2026-06-07,Pending,239816.5
CLM004075,POL07084,PRG023,TRT027,2026-05-16,Pending,260237.16
CLM004076,POL03384,PRG012,TRT012,2026-03-04,Closed,197422.83
CLM004077,POL02638,PRG024,TRT089,2026-08-12,Pending,175601.16
CLM004078,POL02715,PRG004,TRT008,2026-08-22,Closed,198436.3
CLM004079,POL05245,PRG021,TRT066,2026-07-09,Closed,183682.1
CLM004080,POL08098,PRG009,TRT008,2026-06-30,Open,276783.65
CLM004081,POL09250,PRG006,TRT030,2026-02-09,Pending,31096.0
CLM004082,POL05638,PRG022,TRT029,2026-05-20,Closed,259821.71
CLM004083,POL02408,PRG013,TRT010,2026-07-26,Pending,170746.62
CLM004084,POL08881,PRG012,TRT021,2026-07-03,Pending,21583.63
CLM004085,POL07649,PRG011,TRT083,2026-01-08,Closed,264357.32
CLM004086,POL07657,PRG022,TRT036,2026-02-16,Pending,217770.88
CLM004087,POL03483,PRG015,TRT053,2026-05-30,Pending,134909.45
CLM004088,POL09834,PRG003,TRT086,2026-06-17,Closed,292344.79
CLM004089,POL00579,PRG005,TRT054,2026-01-19,Closed,268867.51
CLM004090,POL05419,PRG016,TRT037,2026-06-08,Closed,186323.49
CLM004091,POL00803,PRG009,TRT025,2026-01-21,Closed,255256.45
CLM004092,POL04114,PRG013,TRT007,2026-02-24,Pending,122994.83
CLM004093,POL09509,PRG011,TRT014,2026-01-24,Open,67730.05
CLM004094,POL05653,PRG020,TRT081,2026-03-22,Closed,296471.32
CLM004095,POL03212,PRG015,TRT001,2026-02-27,Open,23271.46
CLM004096,POL09150,PRG009,TRT094,2026-02-14,Pending,38224.22
CLM004097,POL06149,PRG001,TRT060,2026-03-25,Pending,212558.34
CLM004098,POL03288,PRG013,TRT054,2026-02-20,Closed,31606.63
CLM004099,POL03108,PRG012,TRT003,2026-01-27,Closed,20495.6
CLM004100,POL00586,PRG016,TRT047,2026-02-20,Closed,248867.39
CLM004101,POL00254,PRG012,TRT083,2026-03-18,Closed,151347.07
CLM004102,POL00705,PRG006,TRT100,2026-04-16,Closed,39264.62
CLM004103,POL09838,PRG004,TRT044,2026-07-04,Pending,8472.85
CLM004104,POL06111,PRG015,TRT012,2026-07-05,Closed,258986.84
CLM004105,POL01794,PRG002,TRT095,2026-06-17,Closed,86946.12
CLM004106,POL07068,PRG009,TRT077,2026-08-01,Open,225658.31
CLM004107,POL04098,PRG023,TRT060,2026-08-13,Open,64550.86
CLM004108,POL01998,PRG013,TRT054,2026-08-23,Open,74833.86
CLM004109,POL04422,PRG015,TRT071,2026-01-17,Open,259048.22
CLM004110,POL05847,PRG017,TRT070,2026-06-24,Pending,295199.73
CLM004111,POL08964,PRG003,TRT012,2026-02-01,Open,86950.41
CLM004112,POL09711,PRG001,TRT038,2026-02-18,Open,204887.94
CLM004113,POL01105,PRG020,TRT050,2026-03-23,Closed,249222.22
CLM004114,POL03286,PRG024,TRT042,2026-01-07,Closed,257774.45
CLM004115,POL06896,PRG009,TRT022,2026-06-19,Pending,218943.53
CLM004116,POL06759,PRG017,TRT076,2026-06-30,Open,113237.56
CLM004117,POL07785,PRG025,TRT014,2026-07-31,Closed,56658.57
CLM004118,POL02101,PRG014,TRT095,2026-05-26,Closed,127491.22
CLM004119,POL03885,PRG012,TRT075,2026-08-22,Open,17853.09
CLM004120,POL09444,PRG012,TRT082,2026-06-15,Pending,35163.15
CLM004121,POL01694,PRG016,TRT080,2026-06-15,Closed,134754.14
CLM004122,POL07515,PRG019,TRT083,2026-05-27,Closed,16878.28
CLM004123,POL07513,PRG018,TRT077,2026-02-16,Pending,54029.75
CLM004124,POL00507,PRG005,TRT084,2026-05-05,Closed,216406.56
CLM004125,POL04296,PRG019,TRT009,2026-04-25,Pending,16273.18
CLM004126,POL05068,PRG014,TRT008,2026-08-27,Closed,48044.29
CLM004127,POL02007,PRG015,TRT059,2026-05-01,Closed,19817.88
CLM004128,POL01315,PRG001,TRT083,2026-06-10,Open,88547.16
CLM004129,POL04011,PRG008,TRT067,2026-02-28,Pending,190691.85
CLM004130,POL02488,PRG024,TRT091,2026-05-22,Open,260425.56
CLM004131,POL07230,PRG004,TRT028,2026-02-01,Closed,10956.23
CLM004132,POL01160,PRG009,TRT028,2026-05-23,Pending,180191.64
CLM004133,POL01193,PRG010,TRT002,2026-05-28,Open,176958.9
CLM004134,POL05204,PRG010,TRT073,2026-03-23,Pending,7454.57
CLM004135,POL03701,PRG004,TRT057,2026-05-04,Pending,104196.52
CLM004136,POL02809,PRG019,TRT095,2026-01-26,Open,74962.3
CLM004137,POL07247,PRG008,TRT041,2026-06-05,Closed,84848.52
CLM004138,POL01063,PRG010,TRT002,2026-04-24,Pending,237274.49
CLM004139,POL03018,PRG010,TRT019,2026-02-06,Closed,117895.55
CLM004140,POL06466,PRG006,TRT051,2026-01-14,Closed,163710.45
CLM004141,POL00112,PRG016,TRT032,2026-04-21,Pending,178454.77
CLM004142,POL02992,PRG002,TRT064,2026-08-05,Pending,275595.69
CLM004143,POL01320,PRG025,TRT002,2026-02-27,Open,270069.13
CLM004144,POL06256,PRG014,TRT044,2026-07-09,Open,83508.0
CLM004145,POL06564,PRG019,TRT001,2026-02-28,Pending,100012.83
CLM004146,POL08303,PRG010,TRT047,2026-05-27,Open,189837.42
CLM004147,POL05656,PRG005,TRT035,2026-02-10,Open,138610.09
CLM004148,POL09962,PRG010,TRT056,2026-07-19,Pending,63677.54
CLM004149,POL05207,PRG022,TRT026,2026-06-21,Pending,69486.94
CLM004150,POL08447,PRG006,TRT026,2026-07-09,Open,30784.11
CLM004151,POL06483,PRG002,TRT006,2026-05-03,Open,143825.79
CLM004152,POL09962,PRG010,TRT056,2026-02-13,Pending,29526.79
CLM004153,POL09634,PRG001,TRT077,2026-01-05,Pending,109338.56
CLM004154,POL03169,PRG001,TRT051,2026-07-10,Pending,225623.72
CLM004155,POL02657,PRG024,TRT090,2026-08-01,Open,221211.57
CLM004156,POL01850,PRG002,TRT082,2026-01-03,Closed,223989.99
CLM004157,POL02941,PRG008,TRT052,2026-01-22,Closed,169901.17
CLM004158,POL08752,PRG021,TRT068,2026-01-15,Pending,206551.95
CLM004159,POL07488,PRG001,TRT035,2026-08-24,Closed,183257.02
CLM004160,POL05234,PRG025,TRT050,2026-05-11,Closed,263652.85
CLM004161,POL08444,PRG024,TRT042,2026-01-05,Closed,196533.94
CLM004162,POL04086,PRG003,TRT069,2026-07-26,Closed,213127.49
CLM004163,POL00996,PRG015,TRT086,2026-05-02,Closed,32783.92
CLM004164,POL08511,PRG010,TRT088,2026-04-25,Closed,177076.62
CLM004165,POL01828,PRG022,TRT045,2026-07-22,Closed,8456.03
CLM004166,POL00965,PRG019,TRT100,2026-04-06,Open,60652.41
CLM004167,POL05595,PRG002,TRT068,2026-03-30,Pending,109441.75
CLM004168,POL02044,PRG021,TRT053,2026-01-14,Pending,167188.97
CLM004169,POL06459,PRG001,TRT021,2026-03-09,Closed,107186.29
CLM004170,POL04007,PRG024,TRT022,2026-04-24,Open,281677.98
CLM004171,POL04504,PRG013,TRT097,2026-07-25,Pending,14760.54
CLM004172,POL04136,PRG024,TRT047,2026-01-15,Closed,113817.17
CLM004173,POL07231,PRG002,TRT015,2026-02-22,Closed,212573.91
CLM004174,POL07362,PRG016,TRT004,2026-03-04,Closed,134214.29
CLM004175,POL01311,PRG021,TRT039,2026-03-28,Closed,93321.76
CLM004176,POL06099,PRG019,TRT016,2026-06-18,Open,58906.25
CLM004177,POL02057,PRG007,TRT083,2026-08-17,Closed,248188.22
CLM004178,POL06130,PRG017,TRT081,2026-02-18,Pending,98654.78
CLM004179,POL07311,PRG024,TRT096,2026-02-24,Pending,216457.95
CLM004180,POL05366,PRG002,TRT002,2026-04-28,Pending,253508.47
CLM004181,POL00225,PRG003,TRT018,2026-03-08,Closed,136035.86
CLM004182,POL04314,PRG001,TRT100,2026-02-20,Open,110373.68
CLM004183,POL07837,PRG023,TRT034,2026-04-14,Open,48585.37
CLM004184,POL02485,PRG021,TRT092,2026-07-28,Closed,97285.03
CLM004185,POL05807,PRG004,TRT041,2026-03-05,Closed,27109.45
CLM004186,POL09105,PRG007,TRT026,2026-05-03,Open,263036.36
CLM004187,POL08690,PRG016,TRT062,2026-04-22,Closed,201392.89
CLM004188,POL07492,PRG002,TRT029,2026-03-24,Open,55976.39
CLM004189,POL04700,PRG022,TRT056,2026-04-30,Pending,132767.81
CLM004190,POL00895,PRG019,TRT082,2026-03-31,Closed,39514.72
CLM004191,POL08298,PRG021,TRT002,2026-08-27,Pending,28639.66
CLM004192,POL07526,PRG001,TRT027,2026-08-24,Pending,24727.37
CLM004193,POL06213,PRG020,TRT032,2026-06-27,Open,210529.44
CLM004194,POL05146,PRG013,TRT015,2026-05-18,Open,145588.33
CLM004195,POL07218,PRG009,TRT080,2026-01-20,Closed,27406.14
CLM004196,POL04232,PRG023,TRT028,2026-04-28,Open,92267.62
CLM004197,POL01359,PRG018,TRT045,2026-07-16,Open,90080.88
CLM004198,POL06697,PRG022,TRT074,2026-02-13,Closed,60123.49
CLM004199,POL08318,PRG010,TRT071,2026-03-17,Pending,246125.34
CLM004200,POL09800,PRG019,TRT009,2026-03-12,Closed,259335.11
CLM004201,POL04910,PRG023,TRT064,2026-02-03,Pending,46448.73
CLM004202,POL06562,PRG012,TRT068,2026-04-18,Closed,221944.99
CLM004203,POL00299,PRG007,TRT007,2026-04-25,Closed,80931.03
CLM004204,POL04675,PRG020,TRT004,2026-08-16,Closed,48149.44
CLM004205,POL05426,PRG023,TRT071,2026-04-29,Open,119462.15
CLM004206,POL05604,PRG006,TRT067,2026-06-16,Open,287328.42
CLM004207,POL01349,PRG008,TRT037,2026-04-14,Pending,225744.81
CLM004208,POL01556,PRG013,TRT097,2026-02-25,Pending,173029.7
CLM004209,POL07987,PRG022,TRT020,2026-03-14,Closed,251876.61
CLM004210,POL02926,PRG013,TRT028,2026-03-19,Closed,132395.98
CLM004211,POL07892,PRG008,TRT060,2026-01-12,Closed,36752.58
CLM004212,POL04020,PRG020,TRT072,2026-05-23,Open,291198.49
CLM004213,POL03492,PRG004,TRT100,2026-07-08,Closed,66404.73
CLM004214,POL09898,PRG007,TRT016,2026-08-17,Pending,167755.71
CLM004215,POL09690,PRG015,TRT053,2026-08-27,Pending,41568.34
CLM004216,POL08886,PRG015,TRT079,2026-04-02,Pending,215445.19
CLM004217,POL06719,PRG023,TRT015,2026-07-10,Pending,266753.97
CLM004218,POL04106,PRG005,TRT062,2026-08-11,Open,195834.68
CLM004219,POL09718,PRG018,TRT064,2026-07-16,Closed,144010.87
CLM004220,POL00798,PRG020,TRT029,2026-05-17,Pending,217771.07
CLM004221,POL09969,PRG013,TRT093,2026-02-14,Open,45739.3
CLM004222,POL00349,PRG024,TRT046,2026-07-15,Pending,140804.94
CLM004223,POL07881,PRG011,TRT079,2026-08-14,Pending,252000.76
CLM004224,POL09726,PRG009,TRT056,2026-04-19,Closed,94719.86
CLM004225,POL05941,PRG001,TRT045,2026-06-14,Pending,142743.95
CLM004226,POL02435,PRG018,TRT003,2026-06-28,Closed,293921.3
CLM004227,POL01084,PRG018,TRT015,2026-02-17,Open,25783.55
CLM004228,POL06985,PRG003,TRT078,2026-03-02,Pending,219880.49
CLM004229,POL06638,PRG008,TRT047,2026-03-08,Pending,149976.51
CLM004230,POL05044,PRG017,TRT035,2026-04-23,Open,118550.57
CLM004231,POL05577,PRG006,TRT024,2026-07-19,Open,16287.94
CLM004232,POL06095,PRG006,TRT098,2026-04-08,Pending,169066.53
CLM004233,POL01842,PRG003,TRT057,2026-05-08,Open,274014.25
CLM004234,POL06007,PRG015,TRT097,2026-07-18,Open,120329.0
CLM004235,POL01251,PRG023,TRT044,2026-02-01,Closed,267040.81
CLM004236,POL06887,PRG007,TRT068,2026-01-28,Pending,177943.12
CLM004237,POL03752,PRG022,TRT034,2026-04-20,Closed,99359.16
CLM004238,POL07598,PRG003,TRT035,2026-05-15,Open,61408.59
CLM004239,POL00177,PRG017,TRT062,2026-04-14,Pending,50093.97
CLM004240,POL04715,PRG013,TRT009,2026-04-28,Open,86313.52
CLM004241,POL02915,PRG023,TRT066,2026-07-06,Open,79567.63
CLM004242,POL02803,PRG006,TRT011,2026-06-18,Closed,174026.33
CLM004243,POL06124,PRG004,TRT007,2026-02-01,Pending,144278.47
CLM004244,POL07365,PRG020,TRT099,2026-08-17,Open,196591.46
CLM004245,POL01682,PRG002,TRT100,2026-06-19,Closed,170883.07
CLM004246,POL04211,PRG012,TRT034,2026-05-17,Pending,153843.21
CLM004247,POL03416,PRG007,TRT064,2026-05-09,Open,281955.56
CLM004248,POL01905,PRG005,TRT028,2026-06-03,Open,170223.62
CLM004249,POL09512,PRG022,TRT059,2026-04-04,Pending,173458.37
CLM004250,POL04937,PRG001,TRT003,2026-02-11,Open,269885.51
CLM004251,POL04493,PRG017,TRT028,2026-02-06,Open,156762.75
CLM004252,POL07269,PRG015,TRT090,2026-05-16,Open,118252.63
CLM004253,POL06529,PRG016,TRT042,2026-04-13,Closed,169857.84
CLM004254,POL07089,PRG014,TRT073,2026-02-20,Pending,227153.19
CLM004255,POL06170,PRG001,TRT009,2026-05-22,Pending,171046.67
CLM004256,POL00919,PRG006,TRT088,2026-05-21,Pending,139082.29
CLM004257,POL08894,PRG001,TRT098,2026-06-19,Closed,30484.03
CLM004258,POL04214,PRG021,TRT035,2026-05-22,Pending,14067.18
CLM004259,POL00562,PRG018,TRT026,2026-01-21,Open,170943.92
CLM004260,POL00738,PRG013,TRT085,2026-05-22,Open,72680.11
CLM004261,POL01977,PRG015,TRT051,2026-08-24,Open,200438.9
CLM004262,POL08820,PRG024,TRT095,2026-02-10,Pending,136904.73
CLM004263,POL01409,PRG010,TRT050,2026-02-24,Pending,118509.76
CLM004264,POL05574,PRG024,TRT068,2026-04-04,Pending,155348.38
CLM004265,POL08668,PRG002,TRT096,2026-05-22,Pending,144541.98
CLM004266,POL04472,PRG014,TRT010,2026-07-09,Closed,76591.73
CLM004267,POL07261,PRG003,TRT063,2026-06-18,Open,193056.75
CLM004268,POL03838,PRG007,TRT039,2026-02-28,Closed,99887.89
CLM004269,POL09182,PRG011,TRT083,2026-01-18,Closed,239959.35
CLM004270,POL04929,PRG021,TRT042,2026-08-01,Pending,18770.57
CLM004271,POL06258,PRG012,TRT100,2026-04-15,Pending,215792.24
CLM004272,POL04694,PRG007,TRT027,2026-06-29,Closed,113615.14
CLM004273,POL07670,PRG017,TRT014,2026-05-28,Open,205489.6
CLM004274,POL07987,PRG022,TRT020,2026-04-09,Open,78729.72
CLM004275,POL06840,PRG003,TRT047,2026-04-11,Open,18409.78
CLM004276,POL01481,PRG022,TRT049,2026-03-26,Closed,13114.0
CLM004277,POL05351,PRG022,TRT074,2026-07-28,Closed,199545.79
CLM004278,POL07318,PRG001,TRT098,2026-07-26,Open,119668.45
CLM004279,POL06236,PRG025,TRT044,2026-05-17,Open,85081.1
CLM004280,POL06740,PRG016,TRT020,2026-07-29,Open,274272.82
CLM004281,POL04450,PRG022,TRT068,2026-08-13,Closed,101260.69
CLM004282,POL07389,PRG009,TRT033,2026-05-24,Pending,260838.74
CLM004283,POL07745,PRG004,TRT046,2026-02-24,Closed,223269.74
CLM004284,POL02767,PRG010,TRT074,2026-08-08,Pending,24204.06
CLM004285,POL08138,PRG010,TRT021,2026-03-26,Pending,21153.29
CLM004286,POL07916,PRG010,TRT001,2026-08-10,Pending,264463.29
CLM004287,POL02735,PRG012,TRT007,2026-02-11,Closed,232237.84
CLM004288,POL08249,PRG006,TRT071,2026-03-22,Pending,127824.39
CLM004289,POL05588,PRG004,TRT096,2026-01-23,Pending,67616.73
CLM004290,POL09687,PRG012,TRT058,2026-06-29,Open,119299.47
CLM004291,POL03441,PRG023,TRT063,2026-01-04,Open,295685.18
CLM004292,POL00397,PRG021,TRT079,2026-08-13,Pending,225804.51
CLM004293,POL01867,PRG023,TRT046,2026-07-28,Open,116063.54
CLM004294,POL06861,PRG008,TRT053,2026-04-26,Closed,174258.4
CLM004295,POL02184,PRG021,TRT024,2026-03-14,Closed,158652.31
CLM004296,POL02796,PRG024,TRT031,2026-02-22,Pending,48760.41
CLM004297,POL04442,PRG025,TRT012,2026-01-24,Pending,74856.02
CLM004298,POL03475,PRG023,TRT050,2026-01-08,Open,5338.11
CLM004299,POL02961,PRG023,TRT093,2026-07-18,Open,245753.19
CLM004300,POL04564,PRG023,TRT093,2026-06-01,Pending,288059.5
CLM004301,POL07493,PRG019,TRT091,2026-04-23,Pending,130465.12
CLM004302,POL04401,PRG018,TRT002,2026-04-15,Open,247476.13
CLM004303,POL03386,PRG014,TRT060,2026-01-26,Open,254936.69
CLM004304,POL06818,PRG002,TRT051,2026-01-13,Open,138624.08
CLM004305,POL02688,PRG013,TRT063,2026-06-03,Closed,204992.75
CLM004306,POL07179,PRG018,TRT069,2026-01-03,Open,235966.67
CLM004307,POL05346,PRG003,TRT096,2026-02-01,Open,52707.02
CLM004308,POL03821,PRG022,TRT035,2026-01-09,Pending,161741.67
CLM004309,POL06276,PRG013,TRT044,2026-01-11,Pending,212476.71
CLM004310,POL04681,PRG002,TRT008,2026-06-21,Open,154935.44
CLM004311,POL02924,PRG019,TRT023,2026-03-25,Open,91267.19
CLM004312,POL00351,PRG018,TRT001,2026-03-28,Open,250066.7
CLM004313,POL04371,PRG010,TRT024,2026-08-04,Pending,94296.63
CLM004314,POL00639,PRG010,TRT025,2026-05-19,Open,134399.54
CLM004315,POL07707,PRG012,TRT090,2026-04-11,Closed,204043.86
CLM004316,POL04165,PRG017,TRT013,2026-06-12,Closed,1583.81
CLM004317,POL05842,PRG011,TRT073,2026-08-03,Open,116870.62
CLM004318,POL02207,PRG012,TRT055,2026-03-29,Pending,106421.8
CLM004319,POL03150,PRG006,TRT039,2026-06-09,Closed,185693.02
CLM004320,POL04320,PRG005,TRT077,2026-08-14,Closed,102132.82
CLM004321,POL05308,PRG019,TRT082,2026-07-29,Closed,66371.5
CLM004322,POL07514,PRG008,TRT062,2026-03-20,Pending,191356.66
CLM004323,POL09892,PRG017,TRT075,2026-02-06,Closed,193756.97
CLM004324,POL06050,PRG023,TRT025,2026-02-03,Open,128063.31
CLM004325,POL02038,PRG017,TRT001,2026-05-05,Pending,38498.95
CLM004326,POL08456,PRG007,TRT014,2026-01-28,Closed,30073.47
CLM004327,POL07923,PRG016,TRT094,2026-08-15,Open,119266.71
CLM004328,POL07038,PRG020,TRT071,2026-08-25,Closed,196444.98
CLM004329,POL00173,PRG009,TRT058,2026-05-08,Closed,167882.46
CLM004330,POL07487,PRG003,TRT091,2026-02-09,Pending,49249.49
CLM004331,POL09853,PRG017,TRT009,2026-05-03,Open,86085.88
CLM004332,POL02393,PRG008,TRT025,2026-04-27,Closed,22623.56
CLM004333,POL07944,PRG023,TRT074,2026-08-09,Open,65358.89
CLM004334,POL05025,PRG016,TRT084,2026-07-05,Open,15749.98
CLM004335,POL06444,PRG013,TRT087,2026-01-02,Open,217503.99
CLM004336,POL09056,PRG008,TRT079,2026-04-14,Closed,88045.94
CLM004337,POL00532,PRG023,TRT012,2026-03-01,Pending,158861.43
CLM004338,POL02957,PRG023,TRT011,2026-08-03,Open,253666.68
CLM004339,POL05378,PRG015,TRT030,2026-03-22,Open,268456.2
CLM004340,POL00607,PRG014,TRT037,2026-04-20,Pending,43192.28
CLM004341,POL01780,PRG014,TRT012,2026-07-13,Open,102311.03
CLM004342,POL00907,PRG024,TRT033,2026-02-07,Open,51353.03
CLM004343,POL03444,PRG021,TRT079,2026-05-28,Closed,37459.8
CLM004344,POL02901,PRG002,TRT023,2026-05-17,Open,122978.16
CLM004345,POL04517,PRG006,TRT086,2026-04-11,Pending,171954.22
CLM004346,POL03670,PRG004,TRT085,2026-01-12,Closed,296802.26
CLM004347,POL05145,PRG005,TRT042,2026-05-01,Closed,79172.21
CLM004348,POL05234,PRG025,TRT050,2026-04-05,Closed,216561.66
CLM004349,POL02550,PRG009,TRT082,2026-07-16,Open,187908.13
CLM004350,POL00351,PRG018,TRT001,2026-08-26,Pending,280292.84
CLM004351,POL09965,PRG006,TRT063,2026-07-12,Pending,203180.68
CLM004352,POL08140,PRG007,TRT040,2026-03-10,Open,251197.95
CLM004353,POL07887,PRG007,TRT083,2026-07-26,Pending,85758.29
CLM004354,POL03804,PRG023,TRT013,2026-05-21,Closed,56476.18
CLM004355,POL00878,PRG006,TRT006,2026-03-07,Open,286349.92
CLM004356,POL03793,PRG011,TRT053,2026-04-02,Open,264803.07
CLM004357,POL01365,PRG003,TRT053,2026-06-06,Pending,154763.14
CLM004358,POL00862,PRG021,TRT019,2026-04-15,Closed,264078.11
CLM004359,POL02633,PRG001,TRT075,2026-07-04,Closed,287865.76
CLM004360,POL06120,PRG010,TRT041,2026-01-18,Open,128665.48
CLM004361,POL03499,PRG006,TRT029,2026-06-09,Open,134485.07
CLM004362,POL03182,PRG011,TRT068,2026-06-05,Pending,189869.64
CLM004363,POL04393,PRG023,TRT065,2026-04-27,Open,10208.47
CLM004364,POL04837,PRG009,TRT021,2026-07-09,Open,1094.07
CLM004365,POL02787,PRG024,TRT037,2026-01-15,Open,60454.8
CLM004366,POL06707,PRG002,TRT040,2026-02-08,Pending,147814.72
CLM004367,POL01256,PRG005,TRT033,2026-07-21,Pending,170608.49
CLM004368,POL09697,PRG005,TRT058,2026-02-21,Pending,137833.13
CLM004369,POL06262,PRG013,TRT006,2026-08-21,Closed,67011.53
CLM004370,POL06420,PRG017,TRT078,2026-08-20,Closed,137254.92
CLM004371,POL01813,PRG010,TRT029,2026-05-04,Open,101791.14
CLM004372,POL07426,PRG006,TRT012,2026-08-11,Open,197921.07
CLM004373,POL04375,PRG003,TRT029,2026-02-23,Pending,54780.96
CLM004374,POL09071,PRG022,TRT011,2026-05-28,Closed,61987.57
CLM004375,POL09746,PRG006,TRT059,2026-02-04,Closed,239269.86
CLM004376,POL01945,PRG022,TRT035,2026-06-27,Closed,13619.29
CLM004377,POL05378,PRG015,TRT030,2026-02-03,Open,91055.61
CLM004378,POL05804,PRG014,TRT059,2026-05-30,Pending,101842.3
CLM004379,POL01910,PRG016,TRT015,2026-01-09,Open,298646.32
CLM004380,POL06638,PRG008,TRT047,2026-05-27,Open,267782.62
CLM004381,POL00144,PRG021,TRT058,2026-08-03,Open,255692.58
CLM004382,POL05740,PRG004,TRT100,2026-03-30,Closed,74200.34
CLM004383,POL01474,PRG008,TRT036,2026-08-08,Open,12873.04
CLM004384,POL01677,PRG001,TRT016,2026-08-19,Open,19892.13
CLM004385,POL06414,PRG009,TRT046,2026-04-06,Open,21196.16
CLM004386,POL00631,PRG010,TRT037,2026-06-02,Open,201771.87
CLM004387,POL07045,PRG021,TRT041,2026-04-05,Open,3728.07
CLM004388,POL01679,PRG022,TRT008,2026-07-22,Closed,174583.37
CLM004389,POL07599,PRG007,TRT004,2026-01-07,Pending,138705.65
CLM004390,POL04290,PRG021,TRT067,2026-04-26,Pending,103036.68
CLM004391,POL05801,PRG013,TRT020,2026-08-12,Open,238766.29
CLM004392,POL09036,PRG023,TRT020,2026-02-25,Closed,27779.24
CLM004393,POL06064,PRG015,TRT047,2026-03-24,Closed,184676.8
CLM004394,POL02284,PRG024,TRT061,2026-06-27,Closed,298247.17
CLM004395,POL05645,PRG020,TRT018,2026-03-30,Pending,279283.03
CLM004396,POL05851,PRG017,TRT030,2026-05-27,Closed,276802.99
CLM004397,POL02908,PRG013,TRT050,2026-02-26,Closed,223000.32
CLM004398,POL04340,PRG013,TRT085,2026-05-22,Pending,255991.01
CLM004399,POL03427,PRG011,TRT068,2026-06-24,Open,137468.57
CLM004400,POL06315,PRG002,TRT099,2026-03-14,Closed,118540.41
CLM004401,POL05828,PRG005,TRT037,2026-07-20,Pending,117987.6
CLM004402,POL00694,PRG016,TRT040,2026-05-21,Closed,275200.86
CLM004403,POL05004,PRG007,TRT006,2026-01-21,Closed,70389.5
CLM004404,POL08060,PRG013,TRT019,2026-07-08,Open,149722.82
CLM004405,POL01686,PRG025,TRT075,2026-08-12,Open,168204.77
CLM004406,POL02487,PRG025,TRT005,2026-04-27,Open,69944.79
CLM004407,POL03936,PRG005,TRT070,2026-08-15,Pending,108526.39
CLM004408,POL00034,PRG007,TRT024,2026-01-08,Open,8377.25
CLM004409,POL09734,PRG023,TRT082,2026-02-02,Closed,249971.56
CLM004410,POL01646,PRG018,TRT064,2026-01-28,Closed,74878.07
CLM004411,POL06669,PRG017,TRT011,2026-04-11,Open,29054.1
CLM004412,POL05799,PRG007,TRT072,2026-01-15,Closed,294567.21
CLM004413,POL08283,PRG019,TRT067,2026-06-27,Open,103086.34
CLM004414,POL05228,PRG022,TRT020,2026-03-22,Closed,202603.64
CLM004415,POL00014,PRG017,TRT067,2026-07-11,Closed,131094.49
CLM004416,POL02334,PRG022,TRT042,2026-06-19,Pending,210067.86
CLM004417,POL05943,PRG007,TRT038,2026-08-07,Pending,166343.24
CLM004418,POL09002,PRG015,TRT066,2026-06-20,Pending,116904.83
CLM004419,POL02526,PRG025,TRT069,2026-03-01,Closed,85562.28
CLM004420,POL01612,PRG010,TRT051,2026-08-17,Closed,58479.55
CLM004421,POL05972,PRG008,TRT024,2026-06-01,Pending,132353.27
CLM004422,POL03262,PRG008,TRT006,2026-03-13,Pending,33228.22
CLM004423,POL00121,PRG003,TRT038,2026-04-26,Closed,224749.62
CLM004424,POL04455,PRG025,TRT037,2026-03-01,Pending,129641.59
CLM004425,POL03053,PRG022,TRT045,2026-05-10,Pending,248461.27
CLM004426,POL08609,PRG011,TRT065,2026-08-06,Pending,181751.07
CLM004427,POL01658,PRG007,TRT044,2026-08-27,Open,186395.06
CLM004428,POL05623,PRG015,TRT001,2026-03-05,Open,33501.31
CLM004429,POL09639,PRG022,TRT025,2026-03-25,Pending,174009.88
CLM004430,POL04151,PRG014,TRT017,2026-04-29,Pending,220117.48
CLM004431,POL00852,PRG005,TRT044,2026-01-11,Pending,193545.54
CLM004432,POL03574,PRG019,TRT096,2026-08-11,Pending,245133.18
CLM004433,POL03938,PRG004,TRT074,2026-06-02,Pending,225987.61
CLM004434,POL01767,PRG018,TRT049,2026-05-15,Closed,15861.78
CLM004435,POL02740,PRG019,TRT036,2026-05-27,Open,27954.06
CLM004436,POL04087,PRG003,TRT008,2026-03-21,Closed,257776.73
CLM004437,POL05067,PRG022,TRT053,2026-08-13,Pending,241711.76
CLM004438,POL05945,PRG019,TRT048,2026-07-31,Closed,186621.48
CLM004439,POL09272,PRG009,TRT021,2026-03-27,Closed,42000.4
CLM004440,POL05352,PRG019,TRT026,2026-06-08,Pending,295270.13
CLM004441,POL01785,PRG010,TRT068,2026-02-19,Closed,104100.64
CLM004442,POL00670,PRG004,TRT043,2026-03-07,Pending,70648.54
CLM004443,POL03847,PRG007,TRT060,2026-06-11,Closed,255356.7
CLM004444,POL01618,PRG016,TRT026,2026-08-24,Open,217825.61
CLM004445,POL04013,PRG008,TRT058,2026-07-06,Open,14021.19
CLM004446,POL09043,PRG010,TRT073,2026-02-09,Pending,139740.61
CLM004447,POL01671,PRG013,TRT098,2026-05-04,Closed,84164.5
CLM004448,POL04697,PRG001,TRT045,2026-01-30,Closed,175486.65
CLM004449,POL00412,PRG022,TRT035,2026-07-10,Open,134450.96
CLM004450,POL05238,PRG007,TRT018,2026-01-18,Open,137139.62
CLM004451,POL03237,PRG015,TRT055,2026-03-02,Open,194256.44
CLM004452,POL07388,PRG004,TRT066,2026-06-15,Open,179554.52
CLM004453,POL07692,PRG016,TRT083,2026-05-31,Closed,25940.75
CLM004454,POL02537,PRG006,TRT014,2026-06-28,Pending,199439.83
CLM004455,POL08144,PRG008,TRT043,2026-05-21,Closed,198634.83
CLM004456,POL06649,PRG021,TRT096,2026-07-21,Open,225419.69
CLM004457,POL06436,PRG019,TRT011,2026-06-17,Open,214788.23
CLM004458,POL00486,PRG009,TRT048,2026-06-19,Pending,55305.67
CLM004459,POL07289,PRG008,TRT055,2026-03-03,Closed,255059.47
CLM004460,POL03366,PRG002,TRT012,2026-05-18,Open,23683.75
CLM004461,POL08988,PRG001,TRT095,2026-06-27,Closed,44521.19
CLM004462,POL06960,PRG017,TRT009,2026-03-23,Open,40040.67
CLM004463,POL05112,PRG015,TRT016,2026-06-18,Closed,74046.36
CLM004464,POL07984,PRG007,TRT088,2026-07-21,Open,125191.59
CLM004465,POL00843,PRG022,TRT084,2026-06-28,Pending,92830.09
CLM004466,POL08527,PRG020,TRT011,2026-01-09,Closed,155784.92
CLM004467,POL00760,PRG014,TRT069,2026-07-12,Open,227244.59
CLM004468,POL01958,PRG024,TRT093,2026-08-13,Closed,275930.03
CLM004469,POL03958,PRG011,TRT085,2026-01-24,Closed,271725.71
CLM004470,POL00383,PRG009,TRT089,2026-06-23,Closed,236654.5
CLM004471,POL05880,PRG016,TRT014,2026-02-10,Open,185628.54
CLM004472,POL03091,PRG002,TRT041,2026-03-10,Open,278473.55
CLM004473,POL00646,PRG024,TRT026,2026-03-19,Closed,31829.3
CLM004474,POL05125,PRG021,TRT032,2026-05-16,Pending,3526.72
CLM004475,POL00926,PRG008,TRT010,2026-04-12,Pending,271448.84
CLM004476,POL00041,PRG003,TRT018,2026-07-24,Closed,62116.89
CLM004477,POL01737,PRG005,TRT031,2026-07-09,Pending,190076.75
CLM004478,POL00803,PRG009,TRT025,2026-02-18,Open,102727.18
CLM004479,POL08623,PRG001,TRT059,2026-07-27,Closed,151152.24
CLM004480,POL02399,PRG020,TRT053,2026-04-03,Open,105291.16
CLM004481,POL02406,PRG001,TRT095,2026-02-09,Closed,78690.98
CLM004482,POL07890,PRG011,TRT049,2026-01-23,Pending,224538.23
CLM004483,POL02307,PRG011,TRT038,2026-01-17,Closed,117051.32
CLM004484,POL08389,PRG004,TRT064,2026-04-18,Open,253460.03
CLM004485,POL03992,PRG012,TRT060,2026-06-20,Closed,31926.02
CLM004486,POL02264,PRG009,TRT083,2026-02-27,Pending,273615.84
CLM004487,POL05386,PRG011,TRT024,2026-07-08,Closed,181487.0
CLM004488,POL09268,PRG009,TRT087,2026-04-16,Closed,209410.03
CLM004489,POL06558,PRG023,TRT079,2026-01-12,Pending,136319.87
CLM004490,POL06041,PRG025,TRT023,2026-01-19,Open,3316.63
CLM004491,POL06176,PRG010,TRT016,2026-01-28,Closed,299114.03
CLM004492,POL08219,PRG014,TRT086,2026-01-05,Closed,11292.16
CLM004493,POL01426,PRG003,TRT047,2026-07-24,Open,8619.19
CLM004494,POL02529,PRG014,TRT068,2026-03-07,Closed,268838.99
CLM004495,POL03450,PRG018,TRT034,2026-05-07,Pending,297486.75
CLM004496,POL07359,PRG002,TRT076,2026-07-07,Pending,273502.05
CLM004497,POL04519,PRG021,TRT089,2026-02-02,Pending,14095.95
CLM004498,POL03801,PRG018,TRT094,2026-02-14,Closed,16936.5
CLM004499,POL02118,PRG008,TRT013,2026-06-05,Pending,139055.77
CLM004500,POL09012,PRG001,TRT009,2026-01-19,Closed,150123.23
CLM004501,POL05622,PRG021,TRT013,2026-08-05,Closed,39123.49
CLM004502,POL04402,PRG002,TRT085,2026-03-27,Pending,66710.0
CLM004503,POL00613,PRG016,TRT067,2026-01-25,Closed,203474.39
CLM004504,POL04473,PRG007,TRT079,2026-02-01,Open,229402.11
CLM004505,POL07279,PRG019,TRT097,2026-06-25,Open,30509.69
CLM004506,POL02466,PRG019,TRT034,2026-08-15,Open,204953.31
CLM004507,POL06526,PRG001,TRT009,2026-02-06,Closed,40612.34
CLM004508,POL04692,PRG013,TRT025,2026-07-06,Closed,96185.17
CLM004509,POL08512,PRG015,TRT083,2026-05-04,Pending,192797.97
CLM004510,POL02550,PRG009,TRT082,2026-01-03,Closed,143517.34
CLM004511,POL07103,PRG001,TRT039,2026-06-01,Closed,134191.27
CLM004512,POL03795,PRG024,TRT025,2026-04-29,Open,79916.32
CLM004513,POL03135,PRG007,TRT030,2026-08-28,Pending,118242.23
CLM004514,POL09515,PRG023,TRT045,2026-07-19,Open,105508.34
CLM004515,POL02277,PRG011,TRT040,2026-03-11,Pending,281160.54
CLM004516,POL03025,PRG020,TRT028,2026-06-12,Closed,223505.02
CLM004517,POL00997,PRG024,TRT014,2026-08-04,Open,53099.15
CLM004518,POL06989,PRG002,TRT007,2026-06-13,Open,131045.41
CLM004519,POL05336,PRG012,TRT066,2026-07-24,Closed,135220.58
CLM004520,POL05944,PRG005,TRT049,2026-01-02,Open,17349.51
CLM004521,POL02020,PRG002,TRT022,2026-03-10,Open,214960.94
CLM004522,POL05811,PRG012,TRT094,2026-04-22,Pending,139810.76
CLM004523,POL07794,PRG015,TRT026,2026-06-12,Closed,26216.74
CLM004524,POL08191,PRG014,TRT042,2026-07-21,Open,25133.79
CLM004525,POL05456,PRG004,TRT074,2026-05-10,Closed,22580.15
CLM004526,POL03449,PRG013,TRT054,2026-01-24,Pending,159210.01
CLM004527,POL05625,PRG007,TRT073,2026-05-18,Closed,260153.56
CLM004528,POL00236,PRG020,TRT050,2026-05-17,Open,260313.85
CLM004529,POL06400,PRG020,TRT077,2026-01-30,Open,135362.97
CLM004530,POL09556,PRG005,TRT003,2026-03-26,Closed,173043.64
CLM004531,POL09297,PRG005,TRT085,2026-04-28,Closed,272606.57
CLM004532,POL09826,PRG005,TRT031,2026-08-06,Open,150603.38
CLM004533,POL07750,PRG004,TRT061,2026-04-12,Closed,21067.45
CLM004534,POL02755,PRG023,TRT035,2026-01-14,Pending,131205.81
CLM004535,POL02460,PRG019,TRT017,2026-08-18,Closed,80498.19
CLM004536,POL07014,PRG012,TRT071,2026-06-13,Pending,42041.38
CLM004537,POL06317,PRG021,TRT059,2026-01-22,Pending,102640.09
CLM004538,POL02298,PRG010,TRT080,2026-08-25,Pending,58746.74
CLM004539,POL01960,PRG003,TRT040,2026-01-30,Open,289028.13
CLM004540,POL03847,PRG007,TRT060,2026-07-27,Closed,75043.04
CLM004541,POL03671,PRG021,TRT066,2026-08-17,Pending,250690.18
CLM004542,POL07447,PRG016,TRT090,2026-06-26,Open,193319.9
CLM004543,POL05575,PRG025,TRT064,2026-03-11,Pending,5541.29
CLM004544,POL06134,PRG011,TRT026,2026-03-05,Closed,133713.01
CLM004545,POL08342,PRG020,TRT077,2026-01-24,Open,238846.93
CLM004546,POL01324,PRG020,TRT090,2026-02-17,Closed,78506.18
CLM004547,POL01787,PRG020,TRT030,2026-02-22,Pending,272950.83
CLM004548,POL07797,PRG014,TRT056,2026-04-30,Open,139451.49
CLM004549,POL05043,PRG009,TRT009,2026-05-10,Closed,67655.81
CLM004550,POL07996,PRG005,TRT012,2026-06-18,Pending,250591.88
CLM004551,POL05408,PRG019,TRT061,2026-07-08,Open,267570.07
CLM004552,POL00983,PRG015,TRT039,2026-03-27,Pending,7106.35
CLM004553,POL04395,PRG019,TRT001,2026-08-11,Pending,70028.24
CLM004554,POL09697,PRG005,TRT058,2026-08-18,Pending,129201.18
CLM004555,POL04296,PRG019,TRT009,2026-04-15,Pending,190086.58
CLM004556,POL01047,PRG001,TRT080,2026-06-09,Open,17659.59
CLM004557,POL07077,PRG005,TRT086,2026-06-05,Open,164790.21
CLM004558,POL05158,PRG018,TRT044,2026-05-07,Open,123595.42
CLM004559,POL06664,PRG020,TRT065,2026-02-10,Open,126590.66
CLM004560,POL09814,PRG017,TRT083,2026-04-24,Pending,24342.33
CLM004561,POL08733,PRG019,TRT019,2026-05-20,Closed,89825.53
CLM004562,POL08472,PRG015,TRT017,2026-05-05,Open,18799.68
CLM004563,POL04655,PRG008,TRT076,2026-08-05,Open,221470.43
CLM004564,POL00711,PRG002,TRT079,2026-04-14,Pending,134760.32
CLM004565,POL04743,PRG007,TRT072,2026-05-01,Pending,30222.72
CLM004566,POL07950,PRG011,TRT024,2026-01-28,Pending,114636.87
CLM004567,POL05830,PRG002,TRT018,2026-02-21,Closed,72668.42
CLM004568,POL06683,PRG020,TRT068,2026-02-27,Open,105365.78
CLM004569,POL07277,PRG012,TRT089,2026-03-14,Pending,224806.35
CLM004570,POL06973,PRG016,TRT036,2026-01-24,Closed,229306.1
CLM004571,POL03881,PRG021,TRT017,2026-03-13,Closed,145292.4
CLM004572,POL00062,PRG013,TRT088,2026-07-23,Open,25961.56
CLM004573,POL07420,PRG012,TRT033,2026-05-22,Closed,71184.69
CLM004574,POL01475,PRG022,TRT079,2026-03-28,Open,95470.97
CLM004575,POL08259,PRG020,TRT009,2026-07-17,Open,286697.24
CLM004576,POL04086,PRG003,TRT069,2026-02-15,Closed,212957.13
CLM004577,POL03431,PRG012,TRT022,2026-08-20,Pending,88810.8
CLM004578,POL00600,PRG022,TRT006,2026-08-03,Closed,41450.91
CLM004579,POL02369,PRG002,TRT029,2026-07-23,Open,280444.66
CLM004580,POL09283,PRG005,TRT007,2026-06-21,Open,238610.14
CLM004581,POL01484,PRG009,TRT040,2026-04-12,Closed,5561.94
CLM004582,POL09246,PRG007,TRT078,2026-08-06,Open,82251.03
CLM004583,POL07411,PRG023,TRT034,2026-08-16,Pending,197248.47
CLM004584,POL09644,PRG020,TRT091,2026-05-31,Pending,49423.68
CLM004585,POL02250,PRG022,TRT074,2026-08-15,Closed,262490.48
CLM004586,POL05674,PRG009,TRT038,2026-01-25,Open,105307.09
CLM004587,POL00018,PRG025,TRT080,2026-05-16,Open,133379.37
CLM004588,POL01198,PRG007,TRT071,2026-07-23,Closed,214048.68
CLM004589,POL04011,PRG008,TRT067,2026-06-07,Pending,209144.27
CLM004590,POL09864,PRG008,TRT087,2026-02-11,Pending,50925.77
CLM004591,POL00094,PRG012,TRT093,2026-08-17,Pending,253440.45
CLM004592,POL07295,PRG008,TRT016,2026-08-20,Pending,210093.28
CLM004593,POL03259,PRG007,TRT082,2026-04-06,Pending,278930.75
CLM004594,POL07001,PRG008,TRT037,2026-03-19,Open,57298.2
CLM004595,POL07106,PRG005,TRT019,2026-02-10,Open,127705.15
CLM004596,POL03381,PRG013,TRT044,2026-04-30,Open,258150.1
CLM004597,POL04472,PRG014,TRT010,2026-03-25,Open,235419.39
CLM004598,POL02411,PRG003,TRT006,2026-05-13,Open,52759.73
CLM004599,POL08704,PRG019,TRT088,2026-02-10,Open,109947.51
CLM004600,POL04578,PRG010,TRT035,2026-07-01,Open,23318.88
CLM004601,POL06893,PRG002,TRT002,2026-05-30,Open,158226.35
CLM004602,POL07026,PRG005,TRT052,2026-07-29,Open,249459.8
CLM004603,POL09854,PRG012,TRT086,2026-03-27,Closed,48245.76
CLM004604,POL07054,PRG013,TRT037,2026-05-07,Pending,82271.46
CLM004605,POL03404,PRG012,TRT069,2026-07-01,Pending,278773.95
CLM004606,POL09344,PRG007,TRT086,2026-02-07,Open,88669.91
CLM004607,POL00312,PRG008,TRT072,2026-06-27,Open,166465.42
CLM004608,POL07741,PRG021,TRT097,2026-02-02,Closed,67710.88
CLM004609,POL03078,PRG024,TRT077,2026-06-27,Open,85971.17
CLM004610,POL04022,PRG010,TRT044,2026-08-22,Open,10334.89
CLM004611,POL02470,PRG018,TRT070,2026-03-12,Pending,258837.9
CLM004612,POL06333,PRG025,TRT019,2026-03-02,Pending,267387.2
CLM004613,POL03556,PRG018,TRT032,2026-04-20,Open,225284.34
CLM004614,POL00357,PRG006,TRT070,2026-07-21,Open,252841.24
CLM004615,POL02492,PRG020,TRT058,2026-04-06,Closed,66788.38
CLM004616,POL01968,PRG025,TRT041,2026-06-09,Pending,3784.04
CLM004617,POL09014,PRG004,TRT049,2026-06-04,Pending,121601.57
CLM004618,POL01516,PRG006,TRT016,2026-07-28,Pending,211346.95
CLM004619,POL03344,PRG004,TRT039,2026-03-29,Open,137698.4
CLM004620,POL08805,PRG007,TRT076,2026-06-18,Pending,36083.84
CLM004621,POL00901,PRG023,TRT034,2026-07-12,Closed,156105.79
CLM004622,POL06807,PRG015,TRT052,2026-07-06,Pending,299091.51
CLM004623,POL09219,PRG014,TRT022,2026-05-11,Open,13341.75
CLM004624,POL03767,PRG013,TRT087,2026-05-15,Closed,150192.76
CLM004625,POL01675,PRG011,TRT073,2026-02-28,Pending,36960.04
CLM004626,POL04325,PRG018,TRT067,2026-06-05,Open,169065.01
CLM004627,POL01219,PRG021,TRT031,2026-05-24,Open,43852.83
CLM004628,POL07579,PRG007,TRT023,2026-05-16,Open,28899.17
CLM004629,POL02457,PRG017,TRT002,2026-08-16,Closed,191205.36
CLM004630,POL02178,PRG006,TRT032,2026-04-27,Closed,209387.82
CLM004631,POL05027,PRG025,TRT098,2026-08-04,Closed,74455.24
CLM004632,POL08888,PRG011,TRT020,2026-02-28,Pending,224390.16
CLM004633,POL04715,PRG013,TRT009,2026-07-05,Pending,229218.47
CLM004634,POL08323,PRG006,TRT057,2026-05-09,Open,275145.15
CLM004635,POL07904,PRG017,TRT004,2026-02-28,Pending,112473.9
CLM004636,POL07523,PRG012,TRT026,2026-04-01,Open,221439.66
CLM004637,POL01489,PRG018,TRT022,2026-05-11,Pending,201469.91
CLM004638,POL05245,PRG021,TRT066,2026-03-07,Pending,29267.25
CLM004639,POL02379,PRG011,TRT041,2026-08-28,Pending,108935.86
CLM004640,POL00208,PRG017,TRT033,2026-04-16,Closed,253729.9
CLM004641,POL04243,PRG010,TRT072,2026-07-05,Closed,220674.68
CLM004642,POL08007,PRG008,TRT003,2026-08-22,Pending,164146.41
CLM004643,POL06350,PRG019,TRT063,2026-01-31,Closed,145775.77
CLM004644,POL02944,PRG023,TRT033,2026-07-25,Pending,205783.48
CLM004645,POL06465,PRG004,TRT050,2026-07-05,Open,128737.35
CLM004646,POL06343,PRG011,TRT077,2026-03-09,Open,16668.68
CLM004647,POL08916,PRG003,TRT012,2026-08-16,Open,252247.61
CLM004648,POL04090,PRG007,TRT016,2026-04-07,Closed,220009.55
CLM004649,POL00678,PRG025,TRT063,2026-06-16,Pending,138610.17
CLM004650,POL09945,PRG001,TRT011,2026-07-15,Open,159606.61
CLM004651,POL09235,PRG001,TRT056,2026-02-13,Closed,240247.98
CLM004652,POL05421,PRG012,TRT004,2026-01-04,Pending,216249.29
CLM004653,POL04145,PRG013,TRT031,2026-04-14,Open,71513.59
CLM004654,POL03762,PRG021,TRT020,2026-01-18,Open,15906.72
CLM004655,POL06490,PRG014,TRT064,2026-06-24,Pending,85804.19
CLM004656,POL01344,PRG012,TRT006,2026-05-03,Open,121504.38
CLM004657,POL02651,PRG025,TRT085,2026-05-22,Closed,119118.63
CLM004658,POL08189,PRG013,TRT054,2026-08-29,Pending,88302.75
CLM004659,POL00745,PRG019,TRT007,2026-08-23,Open,266309.3
CLM004660,POL03259,PRG007,TRT082,2026-07-19,Closed,5424.62
CLM004661,POL08671,PRG002,TRT098,2026-02-17,Open,35825.85
CLM004662,POL04399,PRG014,TRT064,2026-08-22,Closed,91900.33
CLM004663,POL00065,PRG025,TRT060,2026-08-10,Closed,149091.31
CLM004664,POL02156,PRG003,TRT020,2026-02-15,Closed,278316.22
CLM004665,POL02819,PRG012,TRT087,2026-06-01,Closed,248054.58
CLM004666,POL06121,PRG016,TRT040,2026-07-17,Closed,118787.52
CLM004667,POL00051,PRG018,TRT090,2026-02-25,Pending,109531.6
CLM004668,POL02031,PRG003,TRT079,2026-01-10,Open,115388.45
CLM004669,POL07005,PRG002,TRT044,2026-05-19,Pending,273422.89
CLM004670,POL08383,PRG022,TRT031,2026-05-25,Pending,57581.78
CLM004671,POL01596,PRG019,TRT077,2026-03-11,Pending,262718.32
CLM004672,POL01010,PRG018,TRT057,2026-05-24,Pending,154404.58
CLM004673,POL01884,PRG003,TRT022,2026-02-22,Closed,145612.65
CLM004674,POL08481,PRG013,TRT092,2026-01-06,Open,1611.61
CLM004675,POL07155,PRG015,TRT011,2026-08-21,Closed,200932.41
CLM004676,POL08031,PRG015,TRT047,2026-08-12,Pending,15909.36
CLM004677,POL08740,PRG015,TRT089,2026-01-26,Pending,276146.61
CLM004678,POL08247,PRG024,TRT046,2026-02-11,Closed,274941.74
CLM004679,POL05812,PRG019,TRT076,2026-02-13,Pending,171190.02
CLM004680,POL06950,PRG022,TRT096,2026-07-08,Closed,8843.73
CLM004681,POL07690,PRG020,TRT060,2026-03-05,Closed,163390.22
CLM004682,POL09502,PRG011,TRT079,2026-05-19,Pending,92293.18
CLM004683,POL09993,PRG016,TRT002,2026-02-24,Open,52707.03
CLM004684,POL08439,PRG011,TRT035,2026-08-12,Open,183925.47
CLM004685,POL09694,PRG001,TRT025,2026-02-14,Pending,216404.22
CLM004686,POL06998,PRG024,TRT042,2026-08-07,Open,95099.94
CLM004687,POL05600,PRG023,TRT028,2026-01-02,Closed,42253.62
CLM004688,POL02602,PRG016,TRT092,2026-07-12,Pending,262298.09
CLM004689,POL02776,PRG020,TRT052,2026-01-26,Open,72613.51
CLM004690,POL07851,PRG002,TRT013,2026-07-20,Open,73190.84
CLM004691,POL04338,PRG015,TRT063,2026-01-31,Open,107287.51
CLM004692,POL08694,PRG007,TRT036,2026-04-23,Open,122166.36
CLM004693,POL04137,PRG012,TRT078,2026-01-16,Open,32368.32
CLM004694,POL07979,PRG007,TRT067,2026-02-02,Closed,27179.88
CLM004695,POL01294,PRG024,TRT039,2026-06-04,Closed,155492.82
CLM004696,POL03294,PRG001,TRT049,2026-04-08,Closed,42039.67
CLM004697,POL08642,PRG021,TRT026,2026-02-07,Pending,278733.61
CLM004698,POL02394,PRG025,TRT056,2026-04-13,Open,186750.84
CLM004699,POL07246,PRG014,TRT029,2026-06-05,Pending,281288.1
CLM004700,POL09025,PRG024,TRT082,2026-08-05,Open,204571.76
CLM004701,POL01083,PRG004,TRT089,2026-03-05,Open,254228.07
CLM004702,POL00840,PRG015,TRT022,2026-07-04,Closed,285068.32
CLM004703,POL02517,PRG019,TRT070,2026-04-23,Closed,223582.52
CLM004704,POL08432,PRG017,TRT014,2026-06-25,Pending,86476.09
CLM004705,POL02107,PRG009,TRT024,2026-08-02,Closed,25310.09
CLM004706,POL05648,PRG013,TRT099,2026-07-08,Open,233363.6
CLM004707,POL09142,PRG008,TRT096,2026-03-01,Open,145128.05
CLM004708,POL02685,PRG012,TRT097,2026-01-16,Pending,166703.46
CLM004709,POL04665,PRG002,TRT053,2026-05-15,Closed,34631.31
CLM004710,POL05188,PRG025,TRT088,2026-05-24,Closed,21229.82
CLM004711,POL08278,PRG006,TRT015,2026-04-15,Closed,158985.62
CLM004712,POL05147,PRG002,TRT081,2026-03-03,Pending,224787.42
CLM004713,POL08520,PRG010,TRT015,2026-06-18,Closed,63559.65
CLM004714,POL08755,PRG005,TRT056,2026-01-16,Pending,241557.78
CLM004715,POL06003,PRG007,TRT023,2026-04-28,Closed,168519.31
CLM004716,POL04858,PRG015,TRT088,2026-03-09,Pending,254763.04
CLM004717,POL09146,PRG023,TRT023,2026-01-14,Pending,122196.61
CLM004718,POL05198,PRG003,TRT031,2026-01-09,Open,245743.76
CLM004719,POL08925,PRG014,TRT091,2026-01-27,Pending,38000.37
CLM004720,POL07972,PRG019,TRT044,2026-03-30,Pending,229189.67
CLM004721,POL09790,PRG025,TRT051,2026-05-22,Open,122288.96
CLM004722,POL01675,PRG011,TRT073,2026-02-03,Open,216439.2
CLM004723,POL06162,PRG004,TRT079,2026-07-03,Pending,60917.35
CLM004724,POL07727,PRG008,TRT067,2026-01-23,Open,132350.41
CLM004725,POL08793,PRG014,TRT086,2026-03-22,Open,45739.81
CLM004726,POL03468,PRG007,TRT073,2026-08-28,Pending,217550.29
CLM004727,POL09461,PRG017,TRT090,2026-04-18,Pending,120488.85
CLM004728,POL02923,PRG007,TRT003,2026-03-02,Pending,131233.64
CLM004729,POL02248,PRG013,TRT087,2026-06-06,Closed,298206.18
CLM004730,POL07320,PRG002,TRT072,2026-04-19,Open,75417.11
CLM004731,POL08612,PRG005,TRT071,2026-07-08,Pending,193912.43
CLM004732,POL02845,PRG021,TRT060,2026-02-15,Pending,39699.24
CLM004733,POL00139,PRG011,TRT093,2026-08-18,Closed,134816.37
CLM004734,POL05104,PRG007,TRT082,2026-08-21,Pending,236407.95
CLM004735,POL04880,PRG018,TRT037,2026-01-26,Closed,137663.08
CLM004736,POL02701,PRG015,TRT019,2026-08-24,Open,91511.47
CLM004737,POL03232,PRG005,TRT098,2026-01-13,Pending,75279.28
CLM004738,POL05071,PRG005,TRT054,2026-07-11,Closed,108456.37
CLM004739,POL05980,PRG023,TRT045,2026-06-30,Open,36964.35
CLM004740,POL04808,PRG005,TRT031,2026-04-13,Open,5749.61
CLM004741,POL05943,PRG007,TRT038,2026-05-01,Open,179951.31
CLM004742,POL08380,PRG019,TRT068,2026-08-05,Open,278653.64
CLM004743,POL02046,PRG022,TRT043,2026-08-05,Open,143109.76
CLM004744,POL01497,PRG019,TRT062,2026-03-03,Pending,258378.96
CLM004745,POL04238,PRG002,TRT027,2026-08-13,Closed,141526.16
CLM004746,POL07737,PRG007,TRT087,2026-03-16,Closed,74749.68
CLM004747,POL02309,PRG023,TRT074,2026-02-24,Closed,37466.56
CLM004748,POL07141,PRG001,TRT030,2026-06-15,Closed,98390.81
CLM004749,POL07225,PRG013,TRT040,2026-08-15,Closed,158542.65
CLM004750,POL01212,PRG007,TRT035,2026-08-23,Open,87173.74
CLM004751,POL08673,PRG023,TRT085,2026-02-17,Closed,133403.57
CLM004752,POL06969,PRG020,TRT099,2026-06-16,Closed,93964.75
CLM004753,POL07499,PRG024,TRT067,2026-01-02,Open,199882.04
CLM004754,POL00671,PRG003,TRT053,2026-08-16,Closed,129401.86
CLM004755,POL07088,PRG014,TRT075,2026-07-15,Open,82616.06
CLM004756,POL06543,PRG011,TRT014,2026-07-09,Pending,93122.4
CLM004757,POL05754,PRG008,TRT096,2026-01-29,Closed,215970.38
CLM004758,POL08645,PRG021,TRT021,2026-04-10,Open,199581.76
CLM004759,POL06416,PRG022,TRT078,2026-04-29,Closed,155791.41
CLM004760,POL07849,PRG014,TRT085,2026-06-20,Pending,264318.87
CLM004761,POL08476,PRG001,TRT033,2026-03-20,Closed,53172.53
CLM004762,POL09635,PRG005,TRT021,2026-04-02,Pending,218153.15
CLM004763,POL04657,PRG011,TRT100,2026-01-25,Closed,31568.43
CLM004764,POL07406,PRG017,TRT076,2026-01-27,Closed,244498.18
CLM004765,POL00889,PRG007,TRT100,2026-03-05,Closed,42240.45
CLM004766,POL02352,PRG019,TRT073,2026-01-02,Closed,114476.6
CLM004767,POL00958,PRG016,TRT047,2026-01-09,Closed,146085.0
CLM004768,POL03560,PRG022,TRT012,2026-05-07,Open,67949.58
CLM004769,POL04600,PRG008,TRT099,2026-08-08,Pending,216757.91
CLM004770,POL09441,PRG004,TRT072,2026-05-05,Pending,111143.58
CLM004771,POL08071,PRG007,TRT015,2026-04-02,Closed,221960.11
CLM004772,POL03390,PRG016,TRT086,2026-01-08,Closed,179041.43
CLM004773,POL07522,PRG023,TRT070,2026-01-26,Pending,160849.05
CLM004774,POL03389,PRG004,TRT003,2026-05-30,Pending,66266.75
CLM004775,POL05815,PRG005,TRT095,2026-04-25,Open,190303.01
CLM004776,POL00606,PRG001,TRT079,2026-03-02,Closed,121652.01
CLM004777,POL01824,PRG024,TRT045,2026-04-08,Pending,200364.59
CLM004778,POL06165,PRG001,TRT002,2026-05-21,Pending,48503.04
CLM004779,POL08544,PRG017,TRT092,2026-06-24,Open,185405.09
CLM004780,POL01597,PRG007,TRT027,2026-08-22,Open,112481.61
CLM004781,POL02718,PRG008,TRT046,2026-07-08,Closed,241386.27
CLM004782,POL06545,PRG018,TRT088,2026-02-18,Pending,238002.69
CLM004783,POL02178,PRG006,TRT032,2026-05-20,Closed,227512.44
CLM004784,POL09179,PRG019,TRT063,2026-07-31,Pending,56524.76
CLM004785,POL01553,PRG004,TRT086,2026-03-30,Closed,71226.53
CLM004786,POL01795,PRG014,TRT084,2026-03-23,Open,10175.71
CLM004787,POL01551,PRG006,TRT014,2026-01-19,Open,298607.78
CLM004788,POL08596,PRG019,TRT076,2026-03-23,Pending,10466.12
CLM004789,POL09928,PRG004,TRT018,2026-03-30,Pending,114097.0
CLM004790,POL08428,PRG004,TRT033,2026-06-06,Pending,241117.78
CLM004791,POL09291,PRG002,TRT009,2026-04-21,Pending,95755.74
CLM004792,POL09979,PRG005,TRT100,2026-05-15,Pending,273724.76
CLM004793,POL03296,PRG023,TRT016,2026-02-14,Open,5787.52
CLM004794,POL01498,PRG009,TRT001,2026-02-06,Closed,29953.88
CLM004795,POL02130,PRG005,TRT064,2026-05-12,Pending,166557.79
CLM004796,POL08509,PRG009,TRT072,2026-06-04,Pending,112190.54
CLM004797,POL07673,PRG001,TRT055,2026-08-22,Pending,246195.74
CLM004798,POL03091,PRG002,TRT041,2026-07-03,Pending,30893.32
CLM004799,POL07927,PRG022,TRT066,2026-01-03,Pending,71931.02
CLM004800,POL02368,PRG023,TRT041,2026-07-08,Open,212619.66
CLM004801,POL02115,PRG003,TRT036,2026-02-03,Closed,64544.12
CLM004802,POL01152,PRG004,TRT026,2026-06-08,Open,88388.17
CLM004803,POL03319,PRG019,TRT067,2026-07-01,Pending,138032.55
CLM004804,POL00527,PRG010,TRT053,2026-07-18,Open,130029.32
CLM004805,POL02301,PRG024,TRT070,2026-05-26,Open,116023.29
CLM004806,POL09938,PRG013,TRT066,2026-06-22,Pending,278744.37
CLM004807,POL07465,PRG013,TRT052,2026-04-07,Open,49196.08
CLM004808,POL08403,PRG021,TRT080,2026-06-15,Closed,153824.35
CLM004809,POL09043,PRG010,TRT073,2026-07-19,Pending,202355.67
CLM004810,POL08532,PRG021,TRT085,2026-01-24,Open,105618.38
CLM004811,POL00597,PRG025,TRT001,2026-03-26,Open,43220.77
CLM004812,POL08652,PRG011,TRT035,2026-02-12,Open,61147.28
CLM004813,POL06234,PRG016,TRT044,2026-05-23,Closed,38353.36
CLM004814,POL00361,PRG019,TRT032,2026-04-07,Pending,79342.98
CLM004815,POL01583,PRG008,TRT040,2026-04-03,Pending,80325.64
CLM004816,POL02819,PRG012,TRT087,2026-01-31,Open,288759.34
CLM004817,POL08152,PRG009,TRT041,2026-04-28,Pending,299835.02
CLM004818,POL00800,PRG006,TRT009,2026-03-18,Open,104903.71
CLM004819,POL04460,PRG003,TRT001,2026-02-10,Open,34118.34
CLM004820,POL04042,PRG021,TRT068,2026-07-20,Closed,159258.72
CLM004821,POL07655,PRG024,TRT070,2026-07-01,Open,280774.12
CLM004822,POL06338,PRG015,TRT085,2026-08-13,Open,28234.96
CLM004823,POL02842,PRG015,TRT051,2026-05-10,Open,269598.02
CLM004824,POL06073,PRG023,TRT087,2026-01-29,Open,184665.1
CLM004825,POL03971,PRG021,TRT080,2026-04-27,Closed,78567.61
CLM004826,POL05067,PRG022,TRT053,2026-07-10,Pending,190967.54
CLM004827,POL00948,PRG013,TRT027,2026-04-11,Closed,219247.52
CLM004828,POL03003,PRG023,TRT049,2026-04-06,Closed,252110.43
CLM004829,POL05619,PRG015,TRT096,2026-04-13,Open,160831.18
CLM004830,POL00384,PRG025,TRT089,2026-01-12,Closed,30990.22
CLM004831,POL01277,PRG004,TRT094,2026-02-05,Open,39589.18
CLM004832,POL01864,PRG011,TRT039,2026-08-21,Pending,116247.03
CLM004833,POL00620,PRG018,TRT048,2026-06-08,Open,167882.32
CLM004834,POL03159,PRG010,TRT084,2026-06-08,Closed,268649.37
CLM004835,POL03686,PRG004,TRT059,2026-06-26,Pending,246673.14
CLM004836,POL01872,PRG011,TRT073,2026-05-06,Open,279352.61
CLM004837,POL07402,PRG015,TRT099,2026-05-27,Pending,202982.33
CLM004838,POL07499,PRG024,TRT067,2026-03-06,Pending,27664.93
CLM004839,POL07706,PRG004,TRT071,2026-05-22,Closed,180236.32
CLM004840,POL09414,PRG012,TRT041,2026-04-25,Closed,124155.05
CLM004841,POL02201,PRG023,TRT048,2026-04-29,Closed,260851.73
CLM004842,POL06806,PRG003,TRT024,2026-02-27,Pending,208712.96
CLM004843,POL03823,PRG021,TRT002,2026-06-15,Open,138906.29
CLM004844,POL04183,PRG010,TRT066,2026-05-20,Open,81291.37
CLM004845,POL02553,PRG010,TRT051,2026-01-07,Closed,281263.72
CLM004846,POL04166,PRG005,TRT038,2026-06-22,Open,73776.73
CLM004847,POL08651,PRG009,TRT002,2026-01-05,Open,274995.08
CLM004848,POL03742,PRG001,TRT040,2026-05-12,Pending,69125.94
CLM004849,POL01557,PRG021,TRT046,2026-07-10,Open,100160.35
CLM004850,POL07999,PRG011,TRT041,2026-05-14,Pending,216229.11
CLM004851,POL06130,PRG017,TRT081,2026-07-27,Pending,244229.73
CLM004852,POL01210,PRG024,TRT047,2026-03-30,Closed,69789.63
CLM004853,POL04911,PRG022,TRT025,2026-06-25,Open,126732.77
CLM004854,POL04843,PRG016,TRT100,2026-07-05,Closed,100969.3
CLM004855,POL05678,PRG015,TRT092,2026-05-11,Open,164959.94
CLM004856,POL08570,PRG003,TRT056,2026-08-10,Open,21790.32
CLM004857,POL06602,PRG012,TRT099,2026-03-27,Open,68329.61
CLM004858,POL00413,PRG008,TRT087,2026-03-24,Open,240598.99
CLM004859,POL09970,PRG001,TRT052,2026-08-20,Closed,212744.17
CLM004860,POL08358,PRG018,TRT049,2026-07-04,Open,178404.47
CLM004861,POL04713,PRG022,TRT042,2026-05-01,Open,148450.42
CLM004862,POL04098,PRG023,TRT060,2026-01-02,Pending,44384.31
CLM004863,POL01519,PRG019,TRT100,2026-08-24,Open,295368.16
CLM004864,POL01412,PRG008,TRT074,2026-03-11,Open,176873.35
CLM004865,POL03515,PRG016,TRT052,2026-07-28,Open,268170.81
CLM004866,POL08995,PRG016,TRT076,2026-01-13,Open,22360.75
CLM004867,POL05435,PRG002,TRT027,2026-06-30,Closed,81558.04
CLM004868,POL02611,PRG013,TRT028,2026-03-10,Open,119089.47
CLM004869,POL01125,PRG012,TRT042,2026-03-05,Open,249433.6
CLM004870,POL04527,PRG013,TRT058,2026-01-01,Open,159566.14
CLM004871,POL07206,PRG016,TRT001,2026-01-13,Open,146327.22
CLM004872,POL02857,PRG005,TRT008,2026-07-03,Pending,54399.27
CLM004873,POL00239,PRG015,TRT068,2026-08-01,Closed,252504.57
CLM004874,POL09629,PRG004,TRT097,2026-06-15,Pending,62449.41
CLM004875,POL08314,PRG025,TRT088,2026-03-17,Pending,118550.05
CLM004876,POL04346,PRG014,TRT035,2026-06-18,Open,262413.54
CLM004877,POL02271,PRG016,TRT032,2026-06-26,Open,111180.02
CLM004878,POL01537,PRG017,TRT078,2026-02-22,Open,253174.43
CLM004879,POL04659,PRG019,TRT053,2026-03-12,Closed,105961.62
CLM004880,POL09814,PRG017,TRT083,2026-03-04,Pending,54119.6
CLM004881,POL04832,PRG010,TRT078,2026-01-24,Pending,71170.03
CLM004882,POL04384,PRG006,TRT086,2026-06-14,Pending,34136.65
CLM004883,POL03993,PRG002,TRT093,2026-06-18,Pending,140667.2
CLM004884,POL04233,PRG023,TRT024,2026-03-01,Closed,262964.2
CLM004885,POL04575,PRG015,TRT091,2026-01-11,Open,161382.2
CLM004886,POL05593,PRG012,TRT061,2026-01-06,Pending,174420.18
CLM004887,POL04585,PRG010,TRT039,2026-08-09,Closed,223062.43
CLM004888,POL03604,PRG007,TRT076,2026-08-24,Open,100618.07
CLM004889,POL08982,PRG018,TRT085,2026-03-18,Closed,282399.64
CLM004890,POL05830,PRG002,TRT018,2026-06-13,Closed,45290.66
CLM004891,POL02520,PRG019,TRT025,2026-05-03,Closed,117512.01
CLM004892,POL05198,PRG003,TRT031,2026-04-05,Pending,114766.95
CLM004893,POL07429,PRG021,TRT018,2026-04-27,Open,95789.66
CLM004894,POL01431,PRG010,TRT077,2026-04-16,Closed,127548.1
CLM004895,POL07586,PRG009,TRT037,2026-08-12,Pending,139915.13
CLM004896,POL06976,PRG019,TRT061,2026-03-06,Pending,101549.08
CLM004897,POL04536,PRG003,TRT093,2026-03-29,Pending,128200.26
CLM004898,POL09083,PRG017,TRT099,2026-03-14,Closed,180334.35
CLM004899,POL01841,PRG013,TRT076,2026-01-07,Pending,15580.64
CLM004900,POL09071,PRG022,TRT011,2026-05-08,Closed,45104.15
CLM004901,POL09735,PRG013,TRT073,2026-06-18,Open,195316.75
CLM004902,POL08344,PRG009,TRT014,2026-08-29,Pending,243358.39
CLM004903,POL01717,PRG001,TRT059,2026-02-03,Pending,7447.07
CLM004904,POL01834,PRG021,TRT077,2026-05-08,Pending,285466.61
CLM004905,POL03586,PRG016,TRT009,2026-01-31,Pending,97141.13
CLM004906,POL06227,PRG011,TRT099,2026-07-27,Closed,55245.12
CLM004907,POL09174,PRG023,TRT048,2026-04-24,Closed,274975.22
CLM004908,POL00077,PRG004,TRT028,2026-06-22,Pending,88298.38
CLM004909,POL03978,PRG016,TRT053,2026-08-01,Open,161994.43
CLM004910,POL06599,PRG018,TRT060,2026-01-14,Closed,116278.57
CLM004911,POL04830,PRG009,TRT054,2026-02-05,Pending,5453.46
CLM004912,POL04363,PRG014,TRT084,2026-07-27,Open,241436.76
CLM004913,POL05983,PRG010,TRT038,2026-01-08,Open,214746.23
CLM004914,POL07037,PRG015,TRT050,2026-01-11,Pending,63947.99
CLM004915,POL02883,PRG025,TRT053,2026-02-04,Open,268379.31
CLM004916,POL09332,PRG007,TRT090,2026-02-05,Open,201156.55
CLM004917,POL03767,PRG013,TRT087,2026-02-07,Open,197936.56
CLM004918,POL00180,PRG024,TRT080,2026-05-16,Open,56234.33
CLM004919,POL01377,PRG007,TRT016,2026-08-08,Pending,8136.98
CLM004920,POL05378,PRG015,TRT030,2026-07-01,Pending,214603.95
CLM004921,POL01097,PRG010,TRT012,2026-03-16,Open,1072.39
CLM004922,POL04452,PRG012,TRT028,2026-05-07,Pending,291625.34
CLM004923,POL04047,PRG024,TRT044,2026-06-12,Open,284095.72
CLM004924,POL01230,PRG025,TRT068,2026-07-10,Pending,21074.72
CLM004925,POL00328,PRG016,TRT014,2026-06-11,Open,224220.22
CLM004926,POL08371,PRG004,TRT002,2026-04-13,Open,166590.96
CLM004927,POL08720,PRG004,TRT069,2026-02-21,Pending,283837.46
CLM004928,POL09871,PRG020,TRT059,2026-06-09,Closed,80469.93
CLM004929,POL04823,PRG003,TRT005,2026-03-05,Open,248393.38
CLM004930,POL06462,PRG012,TRT009,2026-06-08,Pending,139875.78
CLM004931,POL04705,PRG011,TRT020,2026-05-23,Pending,198452.26
CLM004932,POL08652,PRG011,TRT035,2026-03-24,Open,132179.25
CLM004933,POL06371,PRG017,TRT015,2026-08-03,Closed,225946.73
CLM004934,POL05068,PRG014,TRT008,2026-05-13,Closed,151654.78
CLM004935,POL03941,PRG021,TRT039,2026-04-23,Closed,36910.47
CLM004936,POL03977,PRG019,TRT039,2026-01-20,Open,151733.8
CLM004937,POL03720,PRG017,TRT083,2026-07-02,Pending,247731.33
CLM004938,POL04044,PRG017,TRT046,2026-01-17,Pending,132556.04
CLM004939,POL00225,PRG003,TRT018,2026-01-10,Pending,281614.84
CLM004940,POL01648,PRG013,TRT052,2026-02-07,Closed,189436.65
CLM004941,POL07837,PRG023,TRT034,2026-02-27,Open,41526.39
CLM004942,POL05042,PRG022,TRT059,2026-04-01,Open,243418.14
CLM004943,POL09001,PRG007,TRT010,2026-06-06,Open,164196.69
CLM004944,POL03823,PRG021,TRT002,2026-01-29,Pending,75700.15
CLM004945,POL05452,PRG005,TRT020,2026-08-19,Closed,36195.48
CLM004946,POL00485,PRG015,TRT078,2026-06-10,Closed,88845.17
CLM004947,POL05604,PRG006,TRT067,2026-02-26,Closed,49178.4
CLM004948,POL05762,PRG007,TRT016,2026-08-26,Closed,115726.95
CLM004949,POL07022,PRG003,TRT004,2026-04-13,Closed,229837.02
CLM004950,POL08413,PRG012,TRT026,2026-04-17,Open,105590.79
CLM004951,POL06075,PRG014,TRT069,2026-01-11,Closed,133048.32
CLM004952,POL08013,PRG025,TRT016,2026-02-23,Open,66913.83
CLM004953,POL08808,PRG025,TRT012,2026-05-20,Pending,95962.57
CLM004954,POL02852,PRG012,TRT041,2026-05-04,Closed,66288.45
CLM004955,POL07864,PRG004,TRT008,2026-04-21,Pending,147283.61
CLM004956,POL03087,PRG004,TRT059,2026-06-15,Open,202725.91
CLM004957,POL04941,PRG010,TRT047,2026-03-16,Pending,118549.0
CLM004958,POL04837,PRG009,TRT021,2026-05-17,Closed,101224.0
CLM004959,POL00429,PRG023,TRT058,2026-02-04,Pending,78041.32
CLM004960,POL01676,PRG020,TRT010,2026-07-03,Closed,173227.69
CLM004961,POL02634,PRG023,TRT023,2026-04-14,Closed,92219.47
CLM004962,POL01734,PRG018,TRT042,2026-03-29,Closed,266325.42
CLM004963,POL01204,PRG014,TRT022,2026-01-02,Closed,53328.13
CLM004964,POL02075,PRG004,TRT010,2026-03-04,Closed,236455.3
CLM004965,POL08626,PRG011,TRT033,2026-02-18,Closed,77938.77
CLM004966,POL07607,PRG011,TRT016,2026-08-21,Closed,282927.1
CLM004967,POL01340,PRG010,TRT043,2026-01-06,Closed,241046.48
CLM004968,POL06638,PRG008,TRT047,2026-08-03,Closed,258100.3
CLM004969,POL06145,PRG013,TRT018,2026-05-29,Open,86948.0
CLM004970,POL08718,PRG003,TRT003,2026-06-07,Pending,99019.7
CLM004971,POL08421,PRG014,TRT099,2026-02-27,Pending,141766.52
CLM004972,POL07203,PRG014,TRT076,2026-04-29,Closed,169056.45
CLM004973,POL08728,PRG014,TRT050,2026-04-01,Closed,218431.05
CLM004974,POL06282,PRG009,TRT012,2026-03-28,Closed,37134.6
CLM004975,POL08392,PRG006,TRT047,2026-02-04,Pending,249966.43
CLM004976,POL02292,PRG022,TRT013,2026-02-17,Open,44735.82
CLM004977,POL03170,PRG019,TRT015,2026-02-04,Open,173399.11
CLM004978,POL05837,PRG011,TRT043,2026-04-20,Pending,167276.43
CLM004979,POL08272,PRG004,TRT026,2026-08-25,Open,13920.99
CLM004980,POL00026,PRG008,TRT018,2026-03-11,Open,14863.88
CLM004981,POL01454,PRG009,TRT096,2026-01-06,Open,230270.1
CLM004982,POL05394,PRG012,TRT076,2026-05-01,Open,62497.87
CLM004983,POL07768,PRG010,TRT052,2026-04-09,Open,178718.55
CLM004984,POL09090,PRG022,TRT021,2026-07-29,Open,291868.99
CLM004985,POL09147,PRG005,TRT064,2026-07-16,Pending,254518.94
CLM004986,POL03272,PRG020,TRT070,2026-07-11,Closed,199264.87
CLM004987,POL07383,PRG018,TRT017,2026-08-14,Pending,39933.93
CLM004988,POL08453,PRG012,TRT001,2026-01-27,Open,6777.95
CLM004989,POL01352,PRG015,TRT063,2026-07-19,Closed,192283.67
CLM004990,POL07251,PRG022,TRT039,2026-05-05,Closed,120662.55
CLM004991,POL06032,PRG010,TRT002,2026-07-11,Closed,39952.03
CLM004992,POL03696,PRG019,TRT047,2026-05-22,Pending,270636.74
CLM004993,POL07868,PRG003,TRT085,2026-01-02,Open,176626.55
CLM004994,POL03471,PRG020,TRT097,2026-05-02,Pending,143214.7
CLM004995,POL08147,PRG014,TRT040,2026-08-10,Pending,184168.55
CLM004996,POL01123,PRG007,TRT013,2026-07-25,Pending,196479.83
CLM004997,POL05917,PRG002,TRT094,2026-04-06,Closed,50758.74
CLM004998,POL07242,PRG011,TRT009,2026-05-28,Pending,101541.75
CLM004999,POL05041,PRG002,TRT033,2026-08-03,Closed,95065.65
CLM005000,POL00107,PRG015,TRT097,2026-06-28,Open,97742.84
CLM005001,POL05260,PRG021,TRT029,2026-08-21,Closed,175386.57
CLM005002,POL07685,PRG020,TRT046,2026-06-01,Pending,278583.09
CLM005003,POL06794,PRG014,TRT002,2026-05-29,Pending,298951.29
CLM005004,POL07229,PRG005,TRT035,2026-03-03,Pending,167984.7
CLM005005,POL07168,PRG016,TRT044,2026-05-22,Pending,101485.79
CLM005006,POL07489,PRG024,TRT007,2026-05-07,Closed,146906.22
CLM005007,POL05257,PRG021,TRT091,2026-02-05,Closed,78300.28
CLM005008,POL02482,PRG019,TRT087,2026-04-10,Pending,153808.25
CLM005009,POL06217,PRG010,TRT050,2026-05-01,Pending,40422.88
CLM005010,POL06120,PRG010,TRT041,2026-05-04,Open,232671.88
CLM005011,POL03587,PRG021,TRT029,2026-02-25,Open,49324.82
CLM005012,POL08150,PRG022,TRT087,2026-01-25,Closed,252633.75
CLM005013,POL07907,PRG017,TRT098,2026-07-06,Pending,68877.49
CLM005014,POL01793,PRG024,TRT047,2026-03-28,Closed,290578.85
CLM005015,POL01673,PRG001,TRT007,2026-07-28,Pending,159885.55
CLM005016,POL01063,PRG010,TRT002,2026-02-23,Open,78246.92
CLM005017,POL04607,PRG020,TRT053,2026-01-03,Closed,246379.07
CLM005018,POL04145,PRG013,TRT031,2026-06-18,Pending,263773.68
CLM005019,POL02723,PRG015,TRT061,2026-05-07,Closed,144111.11
CLM005020,POL06031,PRG008,TRT087,2026-07-29,Closed,208198.43
CLM005021,POL03971,PRG021,TRT080,2026-08-23,Open,12787.17
CLM005022,POL00644,PRG014,TRT072,2026-08-24,Pending,62506.66
CLM005023,POL07250,PRG013,TRT039,2026-05-06,Pending,157274.59
CLM005024,POL05751,PRG007,TRT015,2026-06-30,Pending,34791.14
CLM005025,POL08297,PRG006,TRT001,2026-01-06,Closed,168443.94
CLM005026,POL04939,PRG011,TRT002,2026-03-04,Closed,35199.32
CLM005027,POL01013,PRG003,TRT081,2026-08-26,Closed,250833.06
CLM005028,POL01095,PRG009,TRT086,2026-04-23,Pending,210964.74
CLM005029,POL07370,PRG001,TRT080,2026-05-01,Open,243982.52
CLM005030,POL04622,PRG013,TRT093,2026-07-11,Closed,250887.73
CLM005031,POL06846,PRG015,TRT049,2026-06-08,Pending,245432.53
CLM005032,POL02250,PRG022,TRT074,2026-04-11,Pending,34669.25
CLM005033,POL06607,PRG017,TRT033,2026-02-09,Open,265825.87
CLM005034,POL01631,PRG013,TRT078,2026-05-12,Closed,46114.68
CLM005035,POL04522,PRG017,TRT062,2026-02-01,Open,54408.58
CLM005036,POL09145,PRG023,TRT039,2026-01-29,Open,216327.89
CLM005037,POL09334,PRG015,TRT083,2026-05-28,Pending,111854.29
CLM005038,POL09733,PRG006,TRT001,2026-05-24,Open,294857.57
CLM005039,POL09975,PRG007,TRT049,2026-02-01,Closed,128947.05
CLM005040,POL06554,PRG004,TRT055,2026-08-10,Closed,247871.48
CLM005041,POL02747,PRG001,TRT046,2026-05-16,Open,225337.21
CLM005042,POL07335,PRG001,TRT068,2026-02-23,Pending,155254.06
CLM005043,POL07324,PRG012,TRT080,2026-07-15,Pending,214553.15
CLM005044,POL02172,PRG004,TRT096,2026-03-24,Open,23974.68
CLM005045,POL07260,PRG022,TRT045,2026-06-20,Open,233668.68
CLM005046,POL01954,PRG019,TRT048,2026-07-17,Pending,254769.18
CLM005047,POL00290,PRG006,TRT086,2026-07-15,Pending,130424.1
CLM005048,POL06701,PRG021,TRT015,2026-01-19,Open,31993.19
CLM005049,POL09240,PRG006,TRT060,2026-02-06,Closed,188336.62
CLM005050,POL08787,PRG005,TRT033,2026-03-09,Closed,102081.01
CLM005051,POL00173,PRG009,TRT058,2026-04-29,Pending,34928.08
CLM005052,POL08500,PRG022,TRT027,2026-05-15,Closed,210480.92
CLM005053,POL03902,PRG007,TRT035,2026-05-01,Open,129426.41
CLM005054,POL05403,PRG011,TRT042,2026-08-08,Open,199073.83
CLM005055,POL07255,PRG019,TRT038,2026-02-14,Pending,184978.46
CLM005056,POL06319,PRG017,TRT065,2026-04-23,Pending,144447.58
CLM005057,POL00072,PRG020,TRT078,2026-04-22,Closed,172982.22
CLM005058,POL09437,PRG015,TRT072,2026-04-16,Closed,26288.55
CLM005059,POL03436,PRG014,TRT084,2026-06-30,Pending,183123.43
CLM005060,POL08070,PRG025,TRT085,2026-05-14,Pending,259612.6
CLM005061,POL05787,PRG016,TRT073,2026-06-30,Closed,282022.13
CLM005062,POL01464,PRG008,TRT024,2026-07-10,Closed,289765.52
CLM005063,POL08541,PRG005,TRT007,2026-02-20,Pending,133393.43
CLM005064,POL01042,PRG025,TRT056,2026-03-13,Pending,294357.54
CLM005065,POL03473,PRG011,TRT057,2026-04-14,Pending,265544.85
CLM005066,POL09706,PRG024,TRT049,2026-05-04,Open,216318.8
CLM005067,POL02243,PRG018,TRT055,2026-01-23,Pending,92383.67
CLM005068,POL07976,PRG020,TRT057,2026-07-22,Open,286647.31
CLM005069,POL04057,PRG011,TRT056,2026-04-07,Pending,87005.89
CLM005070,POL03239,PRG003,TRT051,2026-08-15,Closed,219265.18
CLM005071,POL03757,PRG016,TRT045,2026-05-01,Open,172275.78
CLM005072,POL09750,PRG021,TRT091,2026-01-13,Closed,202930.35
CLM005073,POL07782,PRG018,TRT077,2026-07-18,Pending,17279.37
CLM005074,POL03281,PRG002,TRT052,2026-07-11,Open,56903.62
CLM005075,POL05469,PRG019,TRT027,2026-08-10,Closed,100645.16
CLM005076,POL03667,PRG022,TRT092,2026-07-05,Open,64635.78
CLM005077,POL01407,PRG013,TRT062,2026-02-27,Closed,283807.73
CLM005078,POL09285,PRG016,TRT036,2026-07-29,Closed,205249.89
CLM005079,POL00803,PRG009,TRT025,2026-02-11,Pending,28846.9
CLM005080,POL02848,PRG003,TRT088,2026-05-14,Open,141962.77
CLM005081,POL07154,PRG024,TRT065,2026-02-19,Open,164989.34
CLM005082,POL03979,PRG017,TRT084,2026-01-28,Open,129019.96
CLM005083,POL06949,PRG025,TRT059,2026-07-23,Pending,36459.38
CLM005084,POL09362,PRG019,TRT086,2026-03-10,Closed,227449.44
CLM005085,POL09565,PRG010,TRT022,2026-07-18,Open,228491.43
CLM005086,POL08900,PRG011,TRT001,2026-02-09,Open,56445.99
CLM005087,POL06848,PRG013,TRT097,2026-07-24,Closed,197886.78
CLM005088,POL09951,PRG019,TRT004,2026-01-02,Closed,19273.57
CLM005089,POL02546,PRG024,TRT046,2026-05-23,Pending,240206.69
CLM005090,POL04042,PRG021,TRT068,2026-08-15,Closed,6622.79
CLM005091,POL08663,PRG025,TRT066,2026-03-19,Closed,193750.69
CLM005092,POL09787,PRG022,TRT012,2026-04-15,Pending,172593.02
CLM005093,POL09801,PRG013,TRT037,2026-04-02,Pending,181745.55
CLM005094,POL08309,PRG009,TRT094,2026-03-09,Pending,147193.6
CLM005095,POL00988,PRG013,TRT034,2026-04-25,Open,268994.73
CLM005096,POL09716,PRG002,TRT011,2026-03-17,Closed,93205.98
CLM005097,POL01797,PRG019,TRT035,2026-05-31,Pending,47826.95
CLM005098,POL09325,PRG010,TRT067,2026-06-26,Pending,9135.34
CLM005099,POL05844,PRG011,TRT032,2026-08-11,Open,206567.86
CLM005100,POL05596,PRG022,TRT091,2026-06-23,Pending,57439.18
CLM005101,POL01238,PRG018,TRT093,2026-06-10,Open,283328.89
CLM005102,POL03698,PRG018,TRT086,2026-08-08,Pending,279811.55
CLM005103,POL01558,PRG024,TRT044,2026-05-10,Open,102372.74
CLM005104,POL06188,PRG016,TRT041,2026-03-06,Pending,298846.49
CLM005105,POL01394,PRG013,TRT009,2026-07-25,Pending,246597.05
CLM005106,POL06429,PRG022,TRT002,2026-03-21,Closed,191410.03
CLM005107,POL09910,PRG023,TRT047,2026-07-20,Closed,201410.38
CLM005108,POL08100,PRG001,TRT020,2026-06-20,Pending,9227.89
CLM005109,POL03362,PRG017,TRT054,2026-01-02,Open,229440.38
CLM005110,POL01861,PRG023,TRT047,2026-03-18,Pending,124911.27
CLM005111,POL08931,PRG013,TRT047,2026-06-18,Open,277685.03
CLM005112,POL02943,PRG001,TRT019,2026-01-11,Closed,245171.8
CLM005113,POL02489,PRG010,TRT038,2026-05-18,Pending,212871.52
CLM005114,POL02706,PRG006,TRT057,2026-07-07,Pending,183931.9
CLM005115,POL05785,PRG014,TRT028,2026-02-18,Closed,122380.53
CLM005116,POL05538,PRG010,TRT030,2026-02-28,Open,64362.37
CLM005117,POL00973,PRG004,TRT099,2026-03-23,Closed,148236.77
CLM005118,POL08848,PRG006,TRT087,2026-07-28,Closed,106248.08
CLM005119,POL00349,PRG024,TRT046,2026-08-17,Pending,5066.51
CLM005120,POL00965,PRG019,TRT100,2026-08-21,Closed,158820.9
CLM005121,POL00797,PRG019,TRT067,2026-07-08,Pending,226622.76
CLM005122,POL09229,PRG002,TRT082,2026-03-27,Closed,33172.07
CLM005123,POL04432,PRG021,TRT081,2026-08-29,Closed,121851.56
CLM005124,POL07007,PRG001,TRT040,2026-06-13,Open,270287.48
CLM005125,POL08120,PRG010,TRT041,2026-03-12,Pending,154998.27
CLM005126,POL09322,PRG023,TRT087,2026-01-04,Closed,297737.98
CLM005127,POL03874,PRG003,TRT007,2026-04-23,Open,250829.35
CLM005128,POL07652,PRG003,TRT021,2026-08-18,Pending,116370.86
CLM005129,POL07726,PRG012,TRT098,2026-05-14,Closed,28646.07
CLM005130,POL05693,PRG004,TRT067,2026-08-08,Closed,291431.24
CLM005131,POL04813,PRG004,TRT011,2026-08-21,Open,119393.01
CLM005132,POL06132,PRG020,TRT016,2026-06-27,Closed,100175.29
CLM005133,POL06001,PRG019,TRT023,2026-05-01,Closed,34595.55
CLM005134,POL00580,PRG011,TRT004,2026-03-25,Pending,23481.48
CLM005135,POL07652,PRG003,TRT021,2026-04-14,Closed,141518.55
CLM005136,POL05375,PRG013,TRT086,2026-01-22,Open,54347.48
CLM005137,POL08564,PRG012,TRT047,2026-01-05,Pending,209884.75
CLM005138,POL05482,PRG019,TRT099,2026-08-16,Pending,196361.59
CLM005139,POL08610,PRG012,TRT004,2026-03-30,Closed,138411.9
CLM005140,POL01701,PRG001,TRT062,2026-05-01,Pending,140934.15
CLM005141,POL01638,PRG018,TRT043,2026-07-29,Pending,88922.2
CLM005142,POL01513,PRG016,TRT087,2026-07-24,Open,206794.26
CLM005143,POL08994,PRG014,TRT066,2026-08-12,Closed,278762.17
CLM005144,POL03205,PRG009,TRT018,2026-03-13,Pending,96229.53
CLM005145,POL08902,PRG014,TRT008,2026-07-11,Pending,227105.05
CLM005146,POL05885,PRG020,TRT062,2026-01-28,Pending,43351.89
CLM005147,POL08108,PRG009,TRT078,2026-05-27,Open,135953.26
CLM005148,POL09184,PRG020,TRT037,2026-07-08,Pending,57032.03
CLM005149,POL00567,PRG010,TRT033,2026-07-02,Closed,203372.45
CLM005150,POL02111,PRG024,TRT004,2026-03-31,Open,68718.14
CLM005151,POL09211,PRG011,TRT062,2026-01-11,Open,262375.77
CLM005152,POL08487,PRG013,TRT086,2026-08-12,Pending,28035.13
CLM005153,POL00265,PRG009,TRT067,2026-02-16,Closed,266066.51
CLM005154,POL08581,PRG021,TRT034,2026-06-15,Open,30409.84
CLM005155,POL08007,PRG008,TRT003,2026-02-15,Open,261233.5
CLM005156,POL07534,PRG009,TRT059,2026-05-30,Pending,231375.0
CLM005157,POL03901,PRG022,TRT064,2026-07-02,Open,251493.47
CLM005158,POL03583,PRG013,TRT007,2026-06-27,Closed,263812.75
CLM005159,POL05008,PRG004,TRT033,2026-05-29,Open,97996.55
CLM005160,POL04506,PRG015,TRT010,2026-02-27,Open,264663.96
CLM005161,POL08948,PRG006,TRT064,2026-06-16,Pending,171193.22
CLM005162,POL07743,PRG008,TRT062,2026-04-05,Open,290134.94
CLM005163,POL04096,PRG019,TRT092,2026-06-11,Pending,18462.87
CLM005164,POL02287,PRG009,TRT063,2026-06-09,Open,235452.16
CLM005165,POL08635,PRG006,TRT014,2026-05-23,Open,195495.11
CLM005166,POL08767,PRG023,TRT042,2026-01-07,Closed,87403.03
CLM005167,POL01604,PRG005,TRT076,2026-07-30,Closed,132086.52
CLM005168,POL04299,PRG013,TRT081,2026-05-09,Pending,117005.45
CLM005169,POL02552,PRG021,TRT079,2026-04-25,Closed,161843.41
CLM005170,POL04658,PRG002,TRT070,2026-07-25,Closed,180669.46
CLM005171,POL09077,PRG005,TRT006,2026-02-16,Open,221463.66
CLM005172,POL06446,PRG003,TRT096,2026-07-24,Closed,71400.56
CLM005173,POL06772,PRG008,TRT013,2026-07-28,Closed,60864.29
CLM005174,POL05446,PRG005,TRT001,2026-05-01,Closed,119156.09
CLM005175,POL04374,PRG004,TRT012,2026-07-03,Closed,58646.29
CLM005176,POL05223,PRG006,TRT005,2026-05-26,Closed,287156.16
CLM005177,POL06768,PRG011,TRT014,2026-08-16,Closed,161883.26
CLM005178,POL03293,PRG008,TRT028,2026-01-08,Open,132513.16
CLM005179,POL05276,PRG015,TRT011,2026-08-14,Closed,182496.63
CLM005180,POL05420,PRG005,TRT008,2026-01-03,Pending,273348.85
CLM005181,POL01686,PRG025,TRT075,2026-03-31,Open,262165.0
CLM005182,POL02915,PRG023,TRT066,2026-05-15,Closed,288450.25
CLM005183,POL01284,PRG020,TRT006,2026-02-26,Pending,114020.93
CLM005184,POL05469,PRG019,TRT027,2026-03-02,Closed,180144.01
CLM005185,POL04210,PRG018,TRT014,2026-05-23,Open,201982.71
CLM005186,POL08105,PRG001,TRT096,2026-07-01,Closed,196925.3
CLM005187,POL09101,PRG001,TRT028,2026-04-19,Open,5710.26
CLM005188,POL06587,PRG008,TRT051,2026-03-25,Pending,26365.21
CLM005189,POL01794,PRG002,TRT095,2026-01-17,Closed,155675.09
CLM005190,POL09349,PRG006,TRT070,2026-07-05,Open,161618.45
CLM005191,POL09062,PRG012,TRT072,2026-01-24,Closed,95077.35
CLM005192,POL01802,PRG007,TRT046,2026-07-19,Closed,175347.02
CLM005193,POL05341,PRG003,TRT084,2026-03-15,Open,170979.73
CLM005194,POL02122,PRG016,TRT030,2026-02-27,Pending,88894.65
CLM005195,POL06459,PRG001,TRT021,2026-05-29,Open,291998.7
CLM005196,POL05578,PRG002,TRT065,2026-05-31,Open,170145.13
CLM005197,POL00735,PRG015,TRT052,2026-06-29,Closed,225087.23
CLM005198,POL06711,PRG002,TRT057,2026-07-28,Open,285626.56
CLM005199,POL09904,PRG025,TRT080,2026-07-21,Open,217790.42
CLM005200,POL07645,PRG003,TRT034,2026-07-28,Closed,147055.46
CLM005201,POL05421,PRG012,TRT004,2026-07-12,Closed,216121.56
CLM005202,POL03922,PRG009,TRT087,2026-08-29,Closed,156655.68
CLM005203,POL01833,PRG015,TRT026,2026-07-09,Pending,298776.02
CLM005204,POL09505,PRG004,TRT041,2026-04-16,Closed,14490.38
CLM005205,POL08792,PRG013,TRT078,2026-06-17,Pending,115379.03
CLM005206,POL02046,PRG022,TRT043,2026-01-09,Open,190892.07
CLM005207,POL09664,PRG015,TRT008,2026-03-17,Pending,27841.92
CLM005208,POL03095,PRG014,TRT019,2026-06-24,Open,159602.3
CLM005209,POL04185,PRG009,TRT061,2026-04-06,Pending,269998.63
CLM005210,POL08663,PRG025,TRT066,2026-03-24,Closed,172986.15
CLM005211,POL04912,PRG024,TRT008,2026-06-10,Pending,237104.7
CLM005212,POL02434,PRG025,TRT024,2026-04-21,Open,13918.05
CLM005213,POL07182,PRG023,TRT087,2026-02-28,Pending,297780.49
CLM005214,POL02196,PRG003,TRT004,2026-04-25,Open,148582.56
CLM005215,POL06293,PRG015,TRT050,2026-05-04,Closed,126039.57
CLM005216,POL09448,PRG020,TRT084,2026-03-15,Open,176322.96
CLM005217,POL01444,PRG022,TRT079,2026-02-16,Open,103586.24
CLM005218,POL06539,PRG025,TRT065,2026-03-31,Closed,65087.27
CLM005219,POL03470,PRG025,TRT046,2026-05-19,Pending,144470.43
CLM005220,POL05523,PRG018,TRT038,2026-04-24,Open,37713.28
CLM005221,POL06316,PRG019,TRT037,2026-06-08,Pending,126404.32
CLM005222,POL09072,PRG007,TRT047,2026-08-12,Closed,221753.9
CLM005223,POL00642,PRG019,TRT018,2026-02-06,Closed,163449.35
CLM005224,POL07746,PRG013,TRT075,2026-04-12,Closed,271499.86
CLM005225,POL07181,PRG020,TRT039,2026-03-23,Open,193266.33
CLM005226,POL02622,PRG023,TRT055,2026-06-25,Pending,177089.62
CLM005227,POL03528,PRG022,TRT093,2026-03-27,Open,252808.29
CLM005228,POL04481,PRG023,TRT020,2026-01-02,Open,57427.12
CLM005229,POL02635,PRG024,TRT084,2026-05-02,Closed,236915.23
CLM005230,POL08219,PRG014,TRT086,2026-03-16,Open,2147.29
CLM005231,POL08443,PRG011,TRT042,2026-05-05,Closed,150237.81
CLM005232,POL00864,PRG009,TRT064,2026-04-19,Open,269813.35
CLM005233,POL07589,PRG005,TRT075,2026-05-27,Pending,124996.18
CLM005234,POL07427,PRG020,TRT048,2026-05-18,Open,277650.77
CLM005235,POL02102,PRG017,TRT014,2026-04-22,Open,1750.42
CLM005236,POL00612,PRG014,TRT028,2026-03-21,Closed,231922.06
CLM005237,POL02990,PRG008,TRT096,2026-06-26,Open,144488.14
CLM005238,POL09087,PRG018,TRT058,2026-04-18,Pending,17570.5
CLM005239,POL08551,PRG007,TRT023,2026-07-22,Pending,181779.99
CLM005240,POL07035,PRG023,TRT039,2026-06-20,Closed,148473.88
CLM005241,POL01614,PRG023,TRT011,2026-05-19,Open,171257.75
CLM005242,POL03865,PRG023,TRT099,2026-06-24,Closed,296081.02
CLM005243,POL00395,PRG015,TRT002,2026-07-22,Closed,100397.86
CLM005244,POL08271,PRG012,TRT100,2026-01-05,Closed,3791.54
CLM005245,POL02177,PRG005,TRT084,2026-06-29,Open,126092.32
CLM005246,POL05005,PRG004,TRT049,2026-08-24,Open,241300.49
CLM005247,POL05238,PRG007,TRT018,2026-08-27,Open,26279.42
CLM005248,POL06675,PRG002,TRT018,2026-04-17,Open,103002.26
CLM005249,POL03301,PRG015,TRT033,2026-05-13,Pending,40628.55
CLM005250,POL09646,PRG025,TRT091,2026-07-06,Open,171389.57
CLM005251,POL06935,PRG023,TRT095,2026-03-09,Closed,283176.36
CLM005252,POL04648,PRG024,TRT012,2026-01-27,Open,283296.96
CLM005253,POL04145,PRG013,TRT031,2026-02-08,Pending,32469.69
CLM005254,POL01539,PRG012,TRT001,2026-07-28,Pending,248508.81
CLM005255,POL09909,PRG005,TRT062,2026-05-10,Open,268469.63
CLM005256,POL04010,PRG021,TRT035,2026-03-29,Closed,192789.12
CLM005257,POL00084,PRG020,TRT075,2026-04-29,Pending,290911.34
CLM005258,POL04400,PRG008,TRT006,2026-04-27,Closed,222778.77
CLM005259,POL04822,PRG004,TRT032,2026-03-28,Open,150499.8
CLM005260,POL07811,PRG018,TRT060,2026-02-07,Open,177737.78
CLM005261,POL07707,PRG012,TRT090,2026-01-11,Closed,195767.41
CLM005262,POL03923,PRG017,TRT053,2026-03-05,Closed,118000.13
CLM005263,POL07583,PRG003,TRT074,2026-03-09,Closed,101384.79
CLM005264,POL08463,PRG013,TRT076,2026-06-30,Pending,273574.84
CLM005265,POL07175,PRG016,TRT015,2026-06-24,Open,228043.22
CLM005266,POL06072,PRG006,TRT039,2026-02-11,Open,43652.63
CLM005267,POL09905,PRG017,TRT041,2026-08-25,Pending,13080.25
CLM005268,POL02462,PRG004,TRT054,2026-01-18,Closed,183304.88
CLM005269,POL03424,PRG003,TRT089,2026-07-22,Open,208842.21
CLM005270,POL03966,PRG002,TRT043,2026-07-31,Closed,141983.47
CLM005271,POL09216,PRG001,TRT089,2026-01-05,Pending,116119.1
CLM005272,POL06038,PRG018,TRT026,2026-04-24,Open,291539.78
CLM005273,POL04674,PRG016,TRT008,2026-03-14,Closed,140302.19
CLM005274,POL03102,PRG015,TRT068,2026-04-17,Pending,13510.99
CLM005275,POL06559,PRG021,TRT047,2026-06-20,Pending,17192.52
CLM005276,POL05451,PRG014,TRT071,2026-06-17,Pending,62501.88
CLM005277,POL05433,PRG001,TRT097,2026-05-31,Open,285487.36
CLM005278,POL02992,PRG002,TRT064,2026-01-11,Closed,22564.12
CLM005279,POL00465,PRG006,TRT077,2026-08-04,Pending,210369.43
CLM005280,POL02097,PRG008,TRT079,2026-01-20,Open,247118.11
CLM005281,POL05855,PRG008,TRT011,2026-06-25,Pending,19846.74
CLM005282,POL02028,PRG012,TRT012,2026-01-17,Pending,120388.46
CLM005283,POL03792,PRG011,TRT058,2026-07-03,Closed,63119.54
CLM005284,POL03254,PRG009,TRT075,2026-07-15,Pending,220139.03
CLM005285,POL02209,PRG013,TRT052,2026-04-10,Open,167502.37
CLM005286,POL08250,PRG001,TRT062,2026-03-15,Closed,92460.81
CLM005287,POL04381,PRG010,TRT061,2026-06-23,Closed,243735.76
CLM005288,POL00624,PRG002,TRT035,2026-07-14,Closed,123169.77
CLM005289,POL00488,PRG002,TRT006,2026-05-25,Pending,152415.38
CLM005290,POL06947,PRG002,TRT024,2026-05-12,Closed,174083.37
CLM005291,POL00390,PRG012,TRT020,2026-05-04,Pending,115148.42
CLM005292,POL04717,PRG011,TRT076,2026-07-18,Pending,51544.01
CLM005293,POL08418,PRG015,TRT058,2026-05-08,Pending,114455.13
CLM005294,POL05337,PRG004,TRT009,2026-05-22,Pending,130522.66
CLM005295,POL01223,PRG019,TRT041,2026-02-17,Open,153882.23
CLM005296,POL02731,PRG004,TRT018,2026-02-21,Closed,254469.27
CLM005297,POL04464,PRG010,TRT010,2026-05-10,Open,119764.28
CLM005298,POL02364,PRG025,TRT031,2026-05-19,Closed,218445.15
CLM005299,POL02458,PRG018,TRT044,2026-02-25,Open,16450.29
CLM005300,POL02266,PRG013,TRT078,2026-02-26,Closed,12538.32
CLM005301,POL09161,PRG025,TRT016,2026-03-31,Closed,78725.28
CLM005302,POL06097,PRG021,TRT001,2026-02-09,Open,254303.78
CLM005303,POL08392,PRG006,TRT047,2026-02-22,Open,264744.47
CLM005304,POL01579,PRG003,TRT016,2026-06-24,Closed,129322.15
CLM005305,POL04184,PRG014,TRT074,2026-03-25,Closed,148871.08
CLM005306,POL07522,PRG023,TRT070,2026-03-11,Pending,101748.15
CLM005307,POL08937,PRG015,TRT083,2026-08-26,Open,153286.11
CLM005308,POL00801,PRG010,TRT082,2026-05-28,Closed,157170.77
CLM005309,POL04319,PRG009,TRT067,2026-03-23,Closed,2509.74
CLM005310,POL08180,PRG008,TRT023,2026-08-04,Open,142334.44
CLM005311,POL04306,PRG018,TRT043,2026-02-23,Pending,238636.7
CLM005312,POL00012,PRG018,TRT061,2026-04-23,Closed,169789.13
CLM005313,POL07429,PRG021,TRT018,2026-03-21,Open,111138.28
CLM005314,POL03558,PRG003,TRT004,2026-01-22,Closed,81032.56
CLM005315,POL09362,PRG019,TRT086,2026-07-02,Pending,277768.76
CLM005316,POL04350,PRG011,TRT078,2026-05-05,Open,59189.82
CLM005317,POL03182,PRG011,TRT068,2026-07-26,Closed,225419.54
CLM005318,POL07682,PRG024,TRT093,2026-02-13,Pending,109225.09
CLM005319,POL07808,PRG007,TRT086,2026-03-26,Pending,113537.1
CLM005320,POL09698,PRG007,TRT089,2026-05-16,Open,198730.72
CLM005321,POL04580,PRG016,TRT047,2026-05-01,Closed,266624.05
CLM005322,POL03888,PRG002,TRT066,2026-02-13,Open,271404.27
CLM005323,POL06717,PRG017,TRT043,2026-02-03,Open,66300.8
CLM005324,POL07942,PRG023,TRT037,2026-03-30,Open,32935.86
CLM005325,POL05845,PRG015,TRT092,2026-07-17,Open,121977.31
CLM005326,POL03381,PRG013,TRT044,2026-07-14,Open,33616.4
CLM005327,POL07581,PRG024,TRT032,2026-01-23,Closed,73472.55
CLM005328,POL01406,PRG007,TRT030,2026-03-27,Pending,125224.6
CLM005329,POL06378,PRG024,TRT078,2026-07-07,Open,181828.37
CLM005330,POL05767,PRG009,TRT060,2026-05-06,Closed,295755.96
CLM005331,POL07781,PRG012,TRT083,2026-06-19,Pending,257052.13
CLM005332,POL07138,PRG017,TRT097,2026-05-04,Closed,200275.1
CLM005333,POL03068,PRG021,TRT083,2026-01-05,Open,20200.9
CLM005334,POL02013,PRG007,TRT003,2026-04-05,Pending,207970.17
CLM005335,POL08475,PRG016,TRT029,2026-01-31,Open,103109.06
CLM005336,POL01195,PRG002,TRT021,2026-02-01,Closed,167599.62
CLM005337,POL06470,PRG001,TRT023,2026-01-11,Pending,105254.98
CLM005338,POL03819,PRG022,TRT012,2026-01-03,Closed,87818.44
CLM005339,POL00519,PRG014,TRT069,2026-07-14,Open,239114.82
CLM005340,POL01820,PRG009,TRT021,2026-04-22,Pending,126958.37
CLM005341,POL08947,PRG002,TRT004,2026-04-25,Closed,169724.29
CLM005342,POL00492,PRG018,TRT056,2026-05-17,Open,256247.91
CLM005343,POL05072,PRG017,TRT033,2026-07-21,Open,231490.66
CLM005344,POL01246,PRG025,TRT075,2026-01-23,Pending,260803.21
CLM005345,POL06354,PRG004,TRT026,2026-03-31,Pending,257096.06
CLM005346,POL08509,PRG009,TRT072,2026-07-18,Pending,14125.69
CLM005347,POL02276,PRG011,TRT053,2026-05-14,Open,271810.76
CLM005348,POL04641,PRG020,TRT012,2026-05-29,Closed,229955.46
CLM005349,POL08755,PRG005,TRT056,2026-05-06,Open,37309.21
CLM005350,POL06302,PRG008,TRT042,2026-06-06,Open,140905.42
CLM005351,POL05881,PRG011,TRT090,2026-01-22,Pending,82975.6
CLM005352,POL04991,PRG017,TRT063,2026-05-29,Open,277837.82
CLM005353,POL04858,PRG015,TRT088,2026-03-20,Pending,276263.86
CLM005354,POL02189,PRG012,TRT004,2026-02-17,Closed,191376.57
CLM005355,POL00881,PRG013,TRT005,2026-08-15,Closed,202088.07
CLM005356,POL00838,PRG022,TRT078,2026-06-25,Closed,178573.4
CLM005357,POL02245,PRG021,TRT019,2026-01-17,Closed,186343.47
CLM005358,POL08886,PRG015,TRT079,2026-03-16,Open,148691.84
CLM005359,POL04017,PRG020,TRT062,2026-08-02,Open,206219.87
CLM005360,POL00902,PRG025,TRT051,2026-05-10,Open,63132.04
CLM005361,POL09433,PRG016,TRT066,2026-07-19,Closed,297248.66
CLM005362,POL06796,PRG020,TRT028,2026-03-20,Closed,111951.79
CLM005363,POL08325,PRG021,TRT055,2026-05-10,Pending,237901.87
CLM005364,POL05350,PRG023,TRT062,2026-05-24,Closed,180007.78
CLM005365,POL05542,PRG005,TRT076,2026-01-20,Closed,29238.9
CLM005366,POL05159,PRG012,TRT008,2026-02-01,Open,124753.72
CLM005367,POL01332,PRG009,TRT079,2026-07-31,Open,23272.11
CLM005368,POL03421,PRG006,TRT011,2026-06-17,Closed,18732.48
CLM005369,POL06047,PRG023,TRT019,2026-01-04,Open,66466.33
CLM005370,POL03281,PRG002,TRT052,2026-07-27,Closed,86998.61
CLM005371,POL03052,PRG022,TRT084,2026-02-22,Pending,179713.9
CLM005372,POL02899,PRG019,TRT023,2026-05-06,Pending,163032.29
CLM005373,POL02523,PRG018,TRT100,2026-01-13,Pending,266458.52
CLM005374,POL09385,PRG022,TRT078,2026-04-29,Open,84925.74
CLM005375,POL00986,PRG014,TRT041,2026-07-05,Open,247896.6
CLM005376,POL01190,PRG004,TRT052,2026-06-19,Closed,88929.34
CLM005377,POL04159,PRG024,TRT088,2026-07-01,Pending,142573.49
CLM005378,POL04868,PRG017,TRT086,2026-06-25,Closed,16777.87
CLM005379,POL06345,PRG014,TRT042,2026-06-30,Pending,281691.88
CLM005380,POL05059,PRG009,TRT067,2026-01-05,Open,197642.83
CLM005381,POL09963,PRG007,TRT083,2026-08-19,Closed,60015.3
CLM005382,POL00852,PRG005,TRT044,2026-08-13,Pending,217761.72
CLM005383,POL02549,PRG022,TRT060,2026-04-05,Closed,170333.83
CLM005384,POL04061,PRG010,TRT080,2026-01-13,Pending,51821.69
CLM005385,POL07580,PRG003,TRT022,2026-08-29,Open,137376.17
CLM005386,POL02205,PRG022,TRT033,2026-03-18,Closed,167082.39
CLM005387,POL07994,PRG002,TRT017,2026-03-09,Open,190180.52
CLM005388,POL04696,PRG004,TRT094,2026-07-13,Open,162576.71
CLM005389,POL06277,PRG003,TRT087,2026-03-26,Pending,127781.69
CLM005390,POL09266,PRG005,TRT061,2026-04-04,Open,81197.34
CLM005391,POL07046,PRG010,TRT030,2026-03-29,Closed,266718.09
CLM005392,POL05034,PRG023,TRT083,2026-03-07,Closed,110749.25
CLM005393,POL08098,PRG009,TRT008,2026-02-22,Pending,93437.09
CLM005394,POL03429,PRG022,TRT062,2026-08-26,Pending,10114.46
CLM005395,POL08464,PRG003,TRT040,2026-01-26,Closed,166266.3
CLM005396,POL08871,PRG004,TRT017,2026-06-09,Pending,291922.71
CLM005397,POL02853,PRG006,TRT039,2026-08-05,Closed,273971.96
CLM005398,POL09021,PRG007,TRT048,2026-06-23,Pending,137961.98
CLM005399,POL03953,PRG002,TRT041,2026-03-01,Open,85704.79
CLM005400,POL01872,PRG011,TRT073,2026-06-25,Closed,222645.25
CLM005401,POL07227,PRG005,TRT052,2026-04-07,Closed,33230.72
CLM005402,POL03367,PRG006,TRT090,2026-04-20,Closed,263547.52
CLM005403,POL09216,PRG001,TRT089,2026-05-29,Pending,257547.77
CLM005404,POL03277,PRG011,TRT020,2026-04-28,Pending,4831.78
CLM005405,POL07580,PRG003,TRT022,2026-06-22,Open,233201.89
CLM005406,POL08689,PRG020,TRT069,2026-01-11,Pending,14409.13
CLM005407,POL00953,PRG009,TRT032,2026-01-05,Open,252853.2
CLM005408,POL02944,PRG023,TRT033,2026-08-09,Closed,217056.43
CLM005409,POL05800,PRG008,TRT020,2026-03-12,Open,74442.28
CLM005410,POL04027,PRG012,TRT097,2026-06-19,Closed,110368.49
CLM005411,POL00044,PRG017,TRT085,2026-07-07,Closed,13484.47
CLM005412,POL00024,PRG016,TRT063,2026-04-06,Closed,144652.94
CLM005413,POL03818,PRG009,TRT099,2026-05-26,Open,173599.67
CLM005414,POL05132,PRG021,TRT086,2026-01-07,Closed,283137.97
CLM005415,POL00058,PRG021,TRT015,2026-03-19,Open,277282.08
CLM005416,POL07731,PRG022,TRT078,2026-03-18,Pending,214810.69
CLM005417,POL07610,PRG012,TRT032,2026-07-12,Pending,20828.99
CLM005418,POL00015,PRG019,TRT051,2026-04-02,Pending,2638.22
CLM005419,POL04633,PRG022,TRT004,2026-04-26,Closed,267267.13
CLM005420,POL08430,PRG018,TRT018,2026-08-06,Closed,86408.04
CLM005421,POL08539,PRG012,TRT035,2026-05-29,Pending,132888.41
CLM005422,POL00043,PRG020,TRT067,2026-04-05,Closed,41468.28
CLM005423,POL00954,PRG004,TRT054,2026-01-28,Closed,239141.35
CLM005424,POL06758,PRG024,TRT070,2026-03-05,Pending,13343.92
CLM005425,POL09082,PRG023,TRT020,2026-04-06,Open,106166.42
CLM005426,POL09333,PRG021,TRT035,2026-06-20,Closed,190042.26
CLM005427,POL02727,PRG011,TRT048,2026-07-09,Pending,270976.06
CLM005428,POL04071,PRG008,TRT029,2026-06-04,Pending,162532.87
CLM005429,POL08276,PRG018,TRT047,2026-06-12,Open,185882.94
CLM005430,POL09682,PRG007,TRT046,2026-06-05,Open,32720.83
CLM005431,POL08236,PRG021,TRT030,2026-07-27,Closed,172359.38
CLM005432,POL01769,PRG005,TRT079,2026-05-17,Closed,238567.69
CLM005433,POL00563,PRG001,TRT080,2026-01-07,Pending,48873.24
CLM005434,POL02291,PRG014,TRT020,2026-02-06,Pending,111398.22
CLM005435,POL01419,PRG004,TRT021,2026-02-21,Pending,22707.26
CLM005436,POL03660,PRG024,TRT069,2026-04-13,Pending,282890.22
CLM005437,POL06598,PRG003,TRT088,2026-02-14,Open,168221.39
CLM005438,POL06807,PRG015,TRT052,2026-02-23,Closed,178813.41
CLM005439,POL09451,PRG001,TRT011,2026-08-08,Open,124343.18
CLM005440,POL08903,PRG016,TRT021,2026-06-08,Closed,293626.82
CLM005441,POL03693,PRG003,TRT003,2026-05-21,Pending,154958.63
CLM005442,POL04975,PRG009,TRT028,2026-05-08,Open,165193.87
CLM005443,POL01429,PRG008,TRT090,2026-07-01,Pending,70836.03
CLM005444,POL01680,PRG003,TRT021,2026-01-12,Open,246054.04
CLM005445,POL07433,PRG012,TRT059,2026-01-27,Pending,188032.53
CLM005446,POL02578,PRG013,TRT003,2026-05-09,Open,54453.84
CLM005447,POL02962,PRG004,TRT050,2026-03-09,Pending,221775.48
CLM005448,POL04875,PRG015,TRT033,2026-02-12,Closed,157361.18
CLM005449,POL07102,PRG015,TRT094,2026-03-14,Open,114098.68
CLM005450,POL01856,PRG004,TRT059,2026-07-20,Closed,259906.44
CLM005451,POL03448,PRG002,TRT099,2026-02-09,Open,98234.95
CLM005452,POL08875,PRG016,TRT076,2026-05-03,Open,60813.05
CLM005453,POL06961,PRG014,TRT064,2026-08-20,Closed,86405.03
CLM005454,POL06112,PRG011,TRT040,2026-01-13,Pending,285877.91
CLM005455,POL00022,PRG012,TRT063,2026-01-28,Pending,270124.38
CLM005456,POL08822,PRG020,TRT044,2026-03-03,Pending,75158.89
CLM005457,POL02128,PRG021,TRT007,2026-05-03,Closed,267469.16
CLM005458,POL09705,PRG005,TRT064,2026-03-09,Open,259362.04
CLM005459,POL09568,PRG005,TRT085,2026-01-20,Open,206948.15
CLM005460,POL05114,PRG004,TRT028,2026-01-05,Closed,170038.88
CLM005461,POL00090,PRG001,TRT058,2026-05-31,Closed,14792.64
CLM005462,POL08605,PRG015,TRT067,2026-02-12,Open,146333.85
CLM005463,POL08176,PRG017,TRT076,2026-01-27,Pending,104663.76
CLM005464,POL01477,PRG023,TRT058,2026-03-27,Closed,23760.56
CLM005465,POL01089,PRG011,TRT017,2026-07-30,Closed,36390.99
CLM005466,POL04425,PRG016,TRT043,2026-07-18,Closed,109719.64
CLM005467,POL00115,PRG003,TRT078,2026-02-19,Pending,64333.07
CLM005468,POL09832,PRG016,TRT024,2026-04-19,Closed,8561.75
CLM005469,POL04425,PRG016,TRT043,2026-05-31,Open,49118.85
CLM005470,POL04058,PRG003,TRT071,2026-06-06,Pending,25795.58
CLM005471,POL05602,PRG024,TRT023,2026-04-14,Closed,275386.29
CLM005472,POL09594,PRG019,TRT037,2026-05-09,Closed,111678.19
CLM005473,POL02900,PRG012,TRT027,2026-03-06,Pending,85249.54
CLM005474,POL08350,PRG012,TRT044,2026-08-06,Pending,33421.47
CLM005475,POL01650,PRG004,TRT033,2026-04-09,Closed,197616.14
CLM005476,POL02006,PRG016,TRT029,2026-08-11,Closed,72918.26
CLM005477,POL08172,PRG008,TRT076,2026-01-09,Pending,38588.77
CLM005478,POL01535,PRG024,TRT080,2026-06-15,Pending,1633.34
CLM005479,POL08096,PRG025,TRT045,2026-01-14,Open,157755.68
CLM005480,POL04513,PRG009,TRT072,2026-06-25,Open,5875.95
CLM005481,POL07910,PRG017,TRT034,2026-06-30,Closed,226914.5
CLM005482,POL09175,PRG021,TRT028,2026-08-24,Open,291270.81
CLM005483,POL00921,PRG022,TRT034,2026-02-17,Open,124680.47
CLM005484,POL09614,PRG020,TRT091,2026-06-12,Closed,171924.37
CLM005485,POL00860,PRG024,TRT051,2026-05-27,Pending,3791.64
CLM005486,POL03860,PRG002,TRT022,2026-07-01,Closed,246824.44
CLM005487,POL04653,PRG022,TRT070,2026-05-07,Pending,270069.19
CLM005488,POL05920,PRG019,TRT063,2026-06-05,Open,194856.02
CLM005489,POL03978,PRG016,TRT053,2026-01-06,Pending,34317.72
CLM005490,POL04565,PRG019,TRT092,2026-01-13,Open,181681.55
CLM005491,POL01102,PRG006,TRT030,2026-05-11,Closed,89421.97
CLM005492,POL01984,PRG011,TRT007,2026-04-27,Open,10937.17
CLM005493,POL08917,PRG023,TRT046,2026-06-25,Open,160129.24
CLM005494,POL02035,PRG019,TRT045,2026-02-25,Open,33480.02
CLM005495,POL05124,PRG009,TRT082,2026-04-29,Open,70850.3
CLM005496,POL01523,PRG014,TRT094,2026-06-06,Open,282929.39
CLM005497,POL02294,PRG002,TRT050,2026-06-01,Open,156511.29
CLM005498,POL04186,PRG010,TRT001,2026-02-23,Pending,128325.51
CLM005499,POL03600,PRG006,TRT062,2026-04-05,Closed,50672.5
CLM005500,POL06144,PRG017,TRT012,2026-05-11,Open,59159.26
CLM005501,POL01463,PRG012,TRT042,2026-07-09,Open,212758.77
CLM005502,POL08390,PRG022,TRT057,2026-02-06,Pending,202117.87
CLM005503,POL02671,PRG014,TRT090,2026-05-18,Closed,197374.11
CLM005504,POL01979,PRG013,TRT049,2026-06-13,Closed,109994.12
CLM005505,POL06997,PRG025,TRT072,2026-03-24,Pending,203546.6
CLM005506,POL07655,PRG024,TRT070,2026-08-11,Open,189307.32
CLM005507,POL00428,PRG010,TRT087,2026-04-02,Closed,22247.18
CLM005508,POL05359,PRG019,TRT089,2026-08-12,Closed,69225.24
CLM005509,POL02723,PRG015,TRT061,2026-07-13,Closed,176062.87
CLM005510,POL00958,PRG016,TRT047,2026-05-18,Closed,182165.13
CLM005511,POL04549,PRG003,TRT007,2026-06-19,Closed,139175.16
CLM005512,POL00976,PRG011,TRT061,2026-02-28,Open,139309.88
CLM005513,POL04949,PRG017,TRT051,2026-06-14,Open,38432.7
CLM005514,POL00213,PRG024,TRT013,2026-05-13,Pending,204895.66
CLM005515,POL05440,PRG012,TRT054,2026-02-15,Pending,252509.63
CLM005516,POL05795,PRG007,TRT069,2026-08-18,Pending,290704.06
CLM005517,POL06542,PRG010,TRT033,2026-01-23,Pending,9895.14
CLM005518,POL03152,PRG018,TRT089,2026-02-26,Closed,46877.21
CLM005519,POL02859,PRG012,TRT076,2026-01-08,Open,267026.9
CLM005520,POL01573,PRG019,TRT037,2026-03-28,Pending,41802.03
CLM005521,POL01351,PRG008,TRT020,2026-06-02,Closed,183566.73
CLM005522,POL05970,PRG002,TRT098,2026-03-02,Closed,241274.18
CLM005523,POL06415,PRG007,TRT035,2026-04-15,Closed,212280.58
CLM005524,POL00209,PRG007,TRT038,2026-05-20,Pending,173356.0
CLM005525,POL07897,PRG002,TRT039,2026-08-05,Closed,143271.66
CLM005526,POL06645,PRG015,TRT022,2026-01-26,Pending,182244.36
CLM005527,POL02361,PRG014,TRT079,2026-07-26,Pending,139484.97
CLM005528,POL08374,PRG007,TRT006,2026-02-13,Pending,76464.09
CLM005529,POL02158,PRG003,TRT099,2026-01-04,Pending,295608.03
CLM005530,POL02962,PRG004,TRT050,2026-08-04,Open,216814.53
CLM005531,POL00479,PRG017,TRT052,2026-05-19,Pending,243716.9
CLM005532,POL00394,PRG011,TRT098,2026-07-29,Closed,159437.68
CLM005533,POL00475,PRG024,TRT013,2026-03-17,Open,277615.36
CLM005534,POL06570,PRG010,TRT081,2026-04-13,Pending,118218.89
CLM005535,POL02253,PRG005,TRT020,2026-06-20,Open,82341.25
CLM005536,POL08593,PRG008,TRT037,2026-06-03,Closed,13338.86
CLM005537,POL02060,PRG017,TRT082,2026-08-23,Open,287892.03
CLM005538,POL00473,PRG014,TRT031,2026-02-01,Open,161140.52
CLM005539,POL01594,PRG013,TRT003,2026-08-25,Open,38209.72
CLM005540,POL06205,PRG015,TRT016,2026-02-25,Pending,222208.13
CLM005541,POL07474,PRG023,TRT047,2026-06-24,Closed,155457.58
CLM005542,POL07797,PRG014,TRT056,2026-08-27,Closed,66880.21
CLM005543,POL07319,PRG015,TRT011,2026-01-24,Open,120318.71
CLM005544,POL06913,PRG003,TRT098,2026-02-18,Closed,169387.8
CLM005545,POL00122,PRG007,TRT100,2026-08-23,Open,43137.75
CLM005546,POL09554,PRG010,TRT085,2026-06-22,Closed,263836.36
CLM005547,POL07263,PRG005,TRT076,2026-02-24,Pending,216355.4
CLM005548,POL09671,PRG012,TRT095,2026-04-26,Closed,295301.45
CLM005549,POL02637,PRG012,TRT015,2026-04-02,Closed,19589.0
CLM005550,POL00622,PRG017,TRT082,2026-03-31,Pending,180740.26
CLM005551,POL01454,PRG009,TRT096,2026-02-25,Closed,134070.69
CLM005552,POL01201,PRG015,TRT070,2026-07-27,Closed,214793.57
CLM005553,POL09457,PRG011,TRT069,2026-06-29,Closed,185931.43
CLM005554,POL04127,PRG012,TRT040,2026-07-10,Pending,66897.51
CLM005555,POL08353,PRG004,TRT089,2026-04-03,Closed,194282.78
CLM005556,POL03976,PRG007,TRT095,2026-07-05,Open,10443.93
CLM005557,POL00549,PRG024,TRT028,2026-01-02,Closed,123713.6
CLM005558,POL06582,PRG025,TRT095,2026-04-05,Pending,214158.57
CLM005559,POL06628,PRG019,TRT082,2026-06-03,Open,230442.36
CLM005560,POL01081,PRG023,TRT029,2026-04-24,Closed,155567.41
CLM005561,POL04717,PRG011,TRT076,2026-07-07,Pending,271429.91
CLM005562,POL07496,PRG003,TRT015,2026-07-10,Pending,237592.38
CLM005563,POL01117,PRG023,TRT001,2026-08-23,Open,2860.55
CLM005564,POL07350,PRG020,TRT052,2026-03-17,Pending,10181.26
CLM005565,POL05103,PRG022,TRT065,2026-06-09,Open,263815.39
CLM005566,POL04453,PRG016,TRT092,2026-07-15,Open,38668.92
CLM005567,POL05025,PRG016,TRT084,2026-03-19,Closed,112020.87
CLM005568,POL06182,PRG021,TRT022,2026-01-19,Pending,198822.15
CLM005569,POL02611,PRG013,TRT028,2026-03-16,Pending,80562.45
CLM005570,POL07878,PRG011,TRT092,2026-03-01,Closed,160627.33
CLM005571,POL05520,PRG005,TRT063,2026-06-26,Open,261011.67
CLM005572,POL06094,PRG005,TRT023,2026-04-23,Closed,179250.74
CLM005573,POL01262,PRG010,TRT011,2026-08-14,Open,97619.37
CLM005574,POL05956,PRG015,TRT050,2026-02-04,Open,99861.01
CLM005575,POL04112,PRG015,TRT070,2026-01-26,Open,163489.78
CLM005576,POL03100,PRG022,TRT076,2026-06-09,Closed,153279.89
CLM005577,POL02818,PRG005,TRT015,2026-07-09,Pending,217402.52
CLM005578,POL05702,PRG014,TRT087,2026-05-27,Closed,102710.47
CLM005579,POL06998,PRG024,TRT042,2026-06-22,Closed,26450.85
CLM005580,POL01189,PRG019,TRT017,2026-06-12,Closed,266719.32
CLM005581,POL02042,PRG005,TRT036,2026-07-17,Pending,238095.99
CLM005582,POL09240,PRG006,TRT060,2026-02-09,Open,277376.7
CLM005583,POL04937,PRG001,TRT003,2026-03-18,Pending,170478.83
CLM005584,POL04241,PRG003,TRT026,2026-03-21,Pending,57948.4
CLM005585,POL09251,PRG009,TRT043,2026-03-01,Pending,277905.38
CLM005586,POL06318,PRG016,TRT013,2026-01-08,Closed,255275.61
CLM005587,POL01367,PRG010,TRT050,2026-07-30,Open,115141.43
CLM005588,POL09018,PRG014,TRT077,2026-04-24,Pending,35453.85
CLM005589,POL06998,PRG024,TRT042,2026-07-29,Pending,131549.42
CLM005590,POL02056,PRG017,TRT005,2026-02-11,Closed,129439.21
CLM005591,POL04021,PRG024,TRT020,2026-08-12,Open,177882.56
CLM005592,POL04433,PRG022,TRT087,2026-06-13,Open,166894.51
CLM005593,POL09963,PRG007,TRT083,2026-02-21,Pending,230037.58
CLM005594,POL08086,PRG023,TRT011,2026-06-28,Pending,172538.98
CLM005595,POL00647,PRG006,TRT049,2026-02-28,Closed,268504.36
CLM005596,POL01065,PRG012,TRT031,2026-08-21,Closed,155105.34
CLM005597,POL03905,PRG014,TRT024,2026-05-20,Pending,56621.34
CLM005598,POL07013,PRG007,TRT086,2026-06-18,Pending,235734.2
CLM005599,POL01853,PRG009,TRT071,2026-06-25,Closed,292589.91
CLM005600,POL00023,PRG005,TRT023,2026-02-22,Open,171705.89
CLM005601,POL09461,PRG017,TRT090,2026-04-08,Pending,119817.04
CLM005602,POL05548,PRG011,TRT020,2026-08-10,Closed,63137.71
CLM005603,POL04871,PRG020,TRT020,2026-05-17,Closed,106802.29
CLM005604,POL03385,PRG013,TRT043,2026-08-13,Open,24394.28
CLM005605,POL08395,PRG016,TRT031,2026-04-04,Open,23457.82
CLM005606,POL01260,PRG004,TRT096,2026-05-28,Closed,161609.1
CLM005607,POL08994,PRG014,TRT066,2026-08-21,Open,174904.46
CLM005608,POL04197,PRG020,TRT044,2026-07-15,Open,202625.91
CLM005609,POL09426,PRG023,TRT058,2026-06-18,Pending,220819.55
CLM005610,POL03072,PRG005,TRT077,2026-03-17,Pending,198002.09
CLM005611,POL05547,PRG003,TRT060,2026-03-11,Closed,282613.16
CLM005612,POL04838,PRG017,TRT100,2026-06-21,Open,121453.45
CLM005613,POL07263,PRG005,TRT076,2026-01-26,Pending,14908.92
CLM005614,POL03346,PRG023,TRT047,2026-08-27,Closed,57235.35
CLM005615,POL04882,PRG012,TRT027,2026-06-29,Open,138067.73
CLM005616,POL09005,PRG020,TRT006,2026-07-04,Pending,11851.14
CLM005617,POL01721,PRG015,TRT069,2026-05-24,Closed,107284.0
CLM005618,POL07312,PRG004,TRT093,2026-02-10,Closed,137682.4
CLM005619,POL09730,PRG014,TRT064,2026-04-30,Closed,174269.37
CLM005620,POL00173,PRG009,TRT058,2026-01-04,Closed,162245.89
CLM005621,POL05115,PRG016,TRT005,2026-07-22,Open,110265.96
CLM005622,POL05769,PRG011,TRT068,2026-05-02,Closed,174842.15
CLM005623,POL02291,PRG014,TRT020,2026-03-14,Pending,147425.85
CLM005624,POL09617,PRG018,TRT034,2026-07-20,Closed,273172.9
CLM005625,POL00616,PRG017,TRT058,2026-02-14,Open,245659.44
CLM005626,POL08878,PRG022,TRT072,2026-07-11,Pending,238341.88
CLM005627,POL05326,PRG014,TRT081,2026-01-30,Pending,149658.36
CLM005628,POL00661,PRG003,TRT035,2026-06-17,Open,15887.63
CLM005629,POL01660,PRG018,TRT079,2026-03-09,Pending,241194.44
CLM005630,POL02584,PRG005,TRT037,2026-05-18,Closed,256349.35
CLM005631,POL01746,PRG021,TRT058,2026-06-18,Pending,128649.36
CLM005632,POL09612,PRG002,TRT076,2026-07-03,Closed,154461.17
CLM005633,POL05638,PRG022,TRT029,2026-04-15,Closed,40511.15
CLM005634,POL02115,PRG003,TRT036,2026-05-25,Open,287232.8
CLM005635,POL06943,PRG017,TRT003,2026-05-08,Open,220348.09
CLM005636,POL04589,PRG007,TRT056,2026-07-19,Pending,270802.03
CLM005637,POL09489,PRG010,TRT061,2026-01-16,Closed,13045.14
CLM005638,POL08798,PRG025,TRT081,2026-02-28,Pending,210012.15
CLM005639,POL00266,PRG015,TRT075,2026-05-11,Closed,39633.06
CLM005640,POL09060,PRG002,TRT029,2026-07-07,Open,3987.0
CLM005641,POL01507,PRG001,TRT005,2026-08-14,Open,119817.41
CLM005642,POL06264,PRG023,TRT074,2026-08-10,Pending,132659.69
CLM005643,POL06319,PRG017,TRT065,2026-05-20,Open,69068.34
CLM005644,POL07289,PRG008,TRT055,2026-05-24,Closed,33961.3
CLM005645,POL09146,PRG023,TRT023,2026-03-02,Open,228621.49
CLM005646,POL00590,PRG013,TRT056,2026-05-02,Closed,99587.69
CLM005647,POL06890,PRG020,TRT012,2026-04-30,Open,107189.78
CLM005648,POL00056,PRG024,TRT081,2026-07-25,Open,177310.08
CLM005649,POL01946,PRG006,TRT006,2026-05-08,Open,134343.46
CLM005650,POL04660,PRG015,TRT083,2026-06-06,Open,165098.09
CLM005651,POL04201,PRG004,TRT093,2026-07-30,Closed,74493.77
CLM005652,POL02411,PRG003,TRT006,2026-05-23,Open,9970.19
CLM005653,POL02047,PRG011,TRT066,2026-05-30,Open,24452.74
CLM005654,POL08188,PRG021,TRT054,2026-07-24,Open,119338.22
CLM005655,POL08544,PRG017,TRT092,2026-08-05,Pending,181198.7
CLM005656,POL03704,PRG006,TRT064,2026-06-26,Closed,178779.41
CLM005657,POL07375,PRG020,TRT036,2026-07-16,Open,36739.36
CLM005658,POL06232,PRG016,TRT010,2026-03-22,Pending,167779.05
CLM005659,POL00570,PRG006,TRT032,2026-01-07,Pending,250730.26
CLM005660,POL08304,PRG020,TRT058,2026-04-22,Open,49179.25
CLM005661,POL08652,PRG011,TRT035,2026-01-15,Pending,275048.88
CLM005662,POL03209,PRG009,TRT078,2026-07-08,Closed,45865.39
CLM005663,POL00976,PRG011,TRT061,2026-08-02,Pending,204870.5
CLM005664,POL01894,PRG003,TRT057,2026-06-08,Pending,181412.13
CLM005665,POL08520,PRG010,TRT015,2026-05-03,Closed,67257.74
CLM005666,POL06935,PRG023,TRT095,2026-01-19,Open,51628.77
CLM005667,POL01920,PRG010,TRT005,2026-01-03,Pending,182307.4
CLM005668,POL00463,PRG017,TRT090,2026-03-29,Pending,71103.69
CLM005669,POL05396,PRG007,TRT028,2026-02-24,Open,124487.02
CLM005670,POL01563,PRG005,TRT061,2026-02-12,Open,23842.5
CLM005671,POL04692,PRG013,TRT025,2026-03-28,Open,263275.68
CLM005672,POL00734,PRG006,TRT040,2026-03-19,Open,161144.89
CLM005673,POL05907,PRG023,TRT024,2026-07-26,Pending,70223.14
CLM005674,POL09303,PRG014,TRT058,2026-08-29,Open,4900.52
CLM005675,POL03646,PRG019,TRT018,2026-07-18,Pending,6437.46
CLM005676,POL05660,PRG007,TRT028,2026-03-02,Pending,212147.05
CLM005677,POL00173,PRG009,TRT058,2026-08-12,Open,128571.71
CLM005678,POL07194,PRG018,TRT035,2026-03-18,Closed,171887.06
CLM005679,POL05321,PRG019,TRT017,2026-01-23,Open,111754.67
CLM005680,POL05562,PRG010,TRT002,2026-08-02,Closed,133860.78
CLM005681,POL04200,PRG007,TRT098,2026-05-22,Pending,9184.67
CLM005682,POL05065,PRG010,TRT063,2026-04-04,Pending,60351.9
CLM005683,POL02753,PRG016,TRT094,2026-06-03,Closed,264093.73
CLM005684,POL02738,PRG004,TRT066,2026-02-13,Open,155844.05
CLM005685,POL08068,PRG009,TRT050,2026-08-28,Closed,232034.68
CLM005686,POL04617,PRG003,TRT040,2026-01-24,Closed,165865.66
CLM005687,POL05172,PRG003,TRT094,2026-01-03,Pending,169059.93
CLM005688,POL09250,PRG006,TRT030,2026-02-23,Closed,298505.82
CLM005689,POL05434,PRG023,TRT018,2026-03-31,Open,13578.85
CLM005690,POL00732,PRG014,TRT064,2026-03-17,Closed,114783.93
CLM005691,POL01513,PRG016,TRT087,2026-03-26,Open,73358.05
CLM005692,POL03319,PRG019,TRT067,2026-01-30,Open,218091.34
CLM005693,POL09280,PRG008,TRT057,2026-06-07,Open,54463.36
CLM005694,POL09032,PRG009,TRT100,2026-06-18,Open,212224.79
CLM005695,POL00334,PRG024,TRT023,2026-07-02,Open,60349.35
CLM005696,POL04467,PRG024,TRT053,2026-07-03,Open,55334.44
CLM005697,POL08882,PRG012,TRT056,2026-01-12,Pending,45170.93
CLM005698,POL00295,PRG005,TRT080,2026-04-25,Open,254663.23
CLM005699,POL06909,PRG014,TRT049,2026-07-18,Closed,173286.05
CLM005700,POL04949,PRG017,TRT051,2026-06-17,Open,249129.47
CLM005701,POL08940,PRG023,TRT050,2026-05-25,Pending,207091.06
CLM005702,POL02599,PRG013,TRT067,2026-03-05,Closed,294408.87
CLM005703,POL00676,PRG020,TRT027,2026-08-20,Pending,139517.18
CLM005704,POL00885,PRG023,TRT083,2026-07-28,Open,199707.97
CLM005705,POL04103,PRG019,TRT031,2026-01-26,Closed,97170.47
CLM005706,POL09842,PRG011,TRT030,2026-07-15,Open,256165.22
CLM005707,POL09064,PRG010,TRT042,2026-04-27,Open,241975.47
CLM005708,POL03498,PRG004,TRT033,2026-08-16,Pending,63466.78
CLM005709,POL08490,PRG021,TRT090,2026-05-11,Closed,218023.52
CLM005710,POL09273,PRG009,TRT066,2026-07-02,Open,70072.86
CLM005711,POL00533,PRG020,TRT017,2026-01-22,Closed,279376.87
CLM005712,POL04778,PRG016,TRT004,2026-05-27,Pending,134338.19
CLM005713,POL07213,PRG009,TRT087,2026-05-26,Open,170208.96
CLM005714,POL07786,PRG018,TRT054,2026-07-08,Pending,106338.78
CLM005715,POL02809,PRG019,TRT095,2026-08-04,Open,267939.12
CLM005716,POL02498,PRG015,TRT073,2026-01-12,Pending,264356.63
CLM005717,POL06651,PRG019,TRT019,2026-07-19,Pending,178331.2
CLM005718,POL09744,PRG023,TRT002,2026-08-06,Open,112889.14
CLM005719,POL04159,PRG024,TRT088,2026-04-21,Closed,7879.4
CLM005720,POL04459,PRG025,TRT047,2026-05-17,Pending,183665.89
CLM005721,POL03101,PRG001,TRT040,2026-04-20,Pending,296520.36
CLM005722,POL07211,PRG022,TRT002,2026-04-18,Open,191186.93
CLM005723,POL03010,PRG006,TRT030,2026-03-20,Closed,103080.5
CLM005724,POL08587,PRG017,TRT069,2026-06-11,Closed,142251.61
CLM005725,POL09937,PRG015,TRT094,2026-01-17,Open,278724.97
CLM005726,POL03183,PRG021,TRT036,2026-07-13,Open,36997.34
CLM005727,POL05699,PRG011,TRT057,2026-02-12,Closed,43175.44
CLM005728,POL05253,PRG018,TRT019,2026-02-14,Pending,142425.16
CLM005729,POL03000,PRG017,TRT053,2026-08-16,Pending,162351.37
CLM005730,POL00868,PRG012,TRT049,2026-03-29,Closed,127931.64
CLM005731,POL06625,PRG003,TRT024,2026-07-01,Closed,68447.28
CLM005732,POL03716,PRG013,TRT017,2026-03-20,Pending,17608.92
CLM005733,POL09708,PRG003,TRT089,2026-01-06,Pending,37272.3
CLM005734,POL04330,PRG004,TRT031,2026-04-25,Closed,153422.13
CLM005735,POL05912,PRG010,TRT027,2026-08-08,Closed,147835.5
CLM005736,POL08375,PRG013,TRT071,2026-07-20,Closed,266811.96
CLM005737,POL02892,PRG005,TRT025,2026-05-13,Pending,90046.81
CLM005738,POL03675,PRG019,TRT024,2026-04-01,Open,245157.96
CLM005739,POL03403,PRG003,TRT021,2026-06-24,Pending,237830.16
CLM005740,POL09150,PRG009,TRT094,2026-05-18,Open,46484.13
CLM005741,POL02093,PRG006,TRT100,2026-08-25,Pending,162670.57
CLM005742,POL03873,PRG005,TRT072,2026-04-20,Pending,1418.89
CLM005743,POL02167,PRG016,TRT060,2026-02-14,Open,113353.31
CLM005744,POL05447,PRG014,TRT090,2026-07-20,Closed,209547.16
CLM005745,POL08903,PRG016,TRT021,2026-03-27,Open,42683.06
CLM005746,POL09984,PRG018,TRT015,2026-01-19,Open,105093.91
CLM005747,POL04612,PRG016,TRT086,2026-03-24,Pending,211535.08
CLM005748,POL07283,PRG010,TRT088,2026-08-14,Closed,159293.69
CLM005749,POL08242,PRG010,TRT052,2026-02-12,Pending,46803.54
CLM005750,POL04232,PRG023,TRT028,2026-07-25,Open,201831.52
CLM005751,POL03707,PRG012,TRT055,2026-04-27,Open,172004.45
CLM005752,POL06010,PRG010,TRT008,2026-08-20,Closed,19096.02
CLM005753,POL01742,PRG020,TRT039,2026-03-10,Closed,97715.64
CLM005754,POL08931,PRG013,TRT047,2026-06-21,Pending,136616.4
CLM005755,POL01613,PRG010,TRT096,2026-07-04,Closed,41716.51
CLM005756,POL01017,PRG013,TRT037,2026-04-14,Open,108098.61
CLM005757,POL05778,PRG019,TRT085,2026-05-26,Closed,133115.07
CLM005758,POL00155,PRG019,TRT015,2026-05-20,Open,145223.71
CLM005759,POL04375,PRG003,TRT029,2026-07-18,Open,109550.61
CLM005760,POL02100,PRG016,TRT092,2026-08-11,Open,78644.44
CLM005761,POL07210,PRG007,TRT003,2026-04-16,Open,298030.15
CLM005762,POL00378,PRG009,TRT072,2026-01-05,Open,143943.65
CLM005763,POL08545,PRG012,TRT074,2026-03-02,Pending,141511.94
CLM005764,POL02265,PRG012,TRT074,2026-08-24,Pending,140455.19
CLM005765,POL05109,PRG024,TRT085,2026-04-28,Pending,42870.81
CLM005766,POL08547,PRG025,TRT034,2026-02-16,Closed,20291.45
CLM005767,POL05008,PRG004,TRT033,2026-06-24,Open,91047.22
CLM005768,POL05846,PRG010,TRT051,2026-03-29,Open,3786.02
CLM005769,POL09292,PRG021,TRT085,2026-03-19,Closed,240511.2
CLM005770,POL03630,PRG011,TRT068,2026-07-20,Open,94602.4
CLM005771,POL02291,PRG014,TRT020,2026-08-15,Closed,206606.09
CLM005772,POL08311,PRG008,TRT014,2026-08-04,Closed,239738.15
CLM005773,POL04421,PRG008,TRT034,2026-03-08,Closed,152226.63
CLM005774,POL07940,PRG013,TRT091,2026-03-16,Open,145846.66
CLM005775,POL06464,PRG002,TRT011,2026-03-26,Closed,111030.04
CLM005776,POL05986,PRG004,TRT003,2026-05-09,Open,295353.06
CLM005777,POL02578,PRG013,TRT003,2026-02-11,Pending,298216.61
CLM005778,POL08617,PRG015,TRT032,2026-05-01,Pending,107871.75
CLM005779,POL07239,PRG024,TRT081,2026-07-03,Closed,104259.62
CLM005780,POL03976,PRG007,TRT095,2026-03-29,Pending,121562.12
CLM005781,POL07344,PRG004,TRT039,2026-01-30,Open,71748.95
CLM005782,POL06035,PRG022,TRT066,2026-04-17,Pending,162731.91
CLM005783,POL02510,PRG023,TRT036,2026-04-21,Open,246308.11
CLM005784,POL06842,PRG012,TRT029,2026-07-07,Closed,118081.03
CLM005785,POL00121,PRG003,TRT038,2026-07-22,Closed,25791.62
CLM005786,POL02220,PRG007,TRT010,2026-06-07,Open,33667.88
CLM005787,POL07726,PRG012,TRT098,2026-01-18,Pending,208263.93
CLM005788,POL03269,PRG004,TRT026,2026-03-16,Pending,110363.9
CLM005789,POL04910,PRG023,TRT064,2026-03-30,Closed,199183.53
CLM005790,POL08760,PRG015,TRT069,2026-07-05,Closed,68420.49
CLM005791,POL00745,PRG019,TRT007,2026-03-01,Closed,150488.66
CLM005792,POL05097,PRG010,TRT045,2026-08-23,Open,249552.5
CLM005793,POL08366,PRG007,TRT010,2026-03-13,Pending,68131.43
CLM005794,POL08595,PRG015,TRT066,2026-04-07,Open,228046.02
CLM005795,POL01547,PRG003,TRT034,2026-01-02,Pending,156829.59
CLM005796,POL07755,PRG020,TRT072,2026-04-17,Closed,101988.97
CLM005797,POL03131,PRG021,TRT016,2026-06-21,Closed,22359.12
CLM005798,POL09509,PRG011,TRT014,2026-07-03,Pending,119339.27
CLM005799,POL03661,PRG005,TRT050,2026-04-01,Closed,208740.33
CLM005800,POL07608,PRG009,TRT082,2026-07-16,Open,233674.64
CLM005801,POL04429,PRG013,TRT039,2026-03-15,Closed,253288.37
CLM005802,POL05095,PRG015,TRT028,2026-07-11,Pending,202843.07
CLM005803,POL05396,PRG007,TRT028,2026-02-05,Closed,212258.53
CLM005804,POL01552,PRG014,TRT049,2026-04-26,Closed,275779.83
CLM005805,POL06627,PRG016,TRT093,2026-08-06,Closed,140976.3
CLM005806,POL00117,PRG014,TRT026,2026-02-27,Open,291272.43
CLM005807,POL04911,PRG022,TRT025,2026-04-13,Closed,84773.82
CLM005808,POL05220,PRG024,TRT036,2026-01-04,Open,237907.25
CLM005809,POL09304,PRG004,TRT061,2026-03-29,Open,169707.73
CLM005810,POL03444,PRG021,TRT079,2026-06-12,Closed,172039.94
CLM005811,POL04906,PRG005,TRT004,2026-08-06,Open,176015.28
CLM005812,POL03198,PRG019,TRT084,2026-04-12,Closed,165973.17
CLM005813,POL03058,PRG016,TRT072,2026-04-15,Closed,159280.38
CLM005814,POL07509,PRG008,TRT076,2026-02-14,Pending,153299.24
CLM005815,POL01716,PRG007,TRT053,2026-08-12,Open,2986.86
CLM005816,POL02848,PRG003,TRT088,2026-05-04,Open,240382.48
CLM005817,POL01211,PRG005,TRT022,2026-04-08,Closed,114121.22
CLM005818,POL07218,PRG009,TRT080,2026-03-19,Open,100194.45
CLM005819,POL05511,PRG004,TRT058,2026-07-05,Closed,51857.11
CLM005820,POL04024,PRG019,TRT100,2026-03-05,Pending,265399.19
CLM005821,POL03662,PRG003,TRT029,2026-03-18,Pending,88443.72
CLM005822,POL02924,PRG019,TRT023,2026-04-17,Open,157807.04
CLM005823,POL07845,PRG001,TRT070,2026-07-07,Closed,8435.63
CLM005824,POL01808,PRG014,TRT092,2026-03-13,Open,228507.74
CLM005825,POL03516,PRG002,TRT011,2026-07-01,Closed,222019.98
CLM005826,POL09517,PRG018,TRT062,2026-01-17,Closed,165650.17
CLM005827,POL07710,PRG006,TRT085,2026-04-15,Closed,41539.4
CLM005828,POL00943,PRG009,TRT051,2026-07-04,Open,113623.06
CLM005829,POL06146,PRG012,TRT064,2026-08-17,Pending,182904.68
CLM005830,POL02719,PRG020,TRT060,2026-02-14,Pending,210339.09
CLM005831,POL02143,PRG001,TRT091,2026-08-22,Pending,48592.24
CLM005832,POL06689,PRG019,TRT070,2026-01-15,Pending,147040.43
CLM005833,POL02041,PRG024,TRT055,2026-04-27,Pending,112546.24
CLM005834,POL03747,PRG001,TRT001,2026-02-20,Open,156590.29
CLM005835,POL07104,PRG002,TRT005,2026-05-22,Pending,27392.62
CLM005836,POL06671,PRG011,TRT060,2026-03-12,Open,79994.25
CLM005837,POL03159,PRG010,TRT084,2026-01-27,Open,101425.4
CLM005838,POL06965,PRG010,TRT019,2026-02-15,Closed,117901.11
CLM005839,POL05630,PRG018,TRT085,2026-07-28,Closed,37096.65
CLM005840,POL07655,PRG024,TRT070,2026-03-16,Closed,5670.21
CLM005841,POL01742,PRG020,TRT039,2026-05-07,Closed,258859.64
CLM005842,POL00613,PRG016,TRT067,2026-01-23,Open,177691.2
CLM005843,POL04335,PRG009,TRT028,2026-03-09,Pending,163954.8
CLM005844,POL06271,PRG003,TRT095,2026-04-26,Pending,86376.31
CLM005845,POL01505,PRG003,TRT088,2026-04-16,Open,272823.94
CLM005846,POL06407,PRG012,TRT051,2026-07-06,Open,212897.71
CLM005847,POL03125,PRG001,TRT028,2026-01-08,Open,46519.86
CLM005848,POL09437,PRG015,TRT072,2026-05-11,Open,200107.59
CLM005849,POL01116,PRG006,TRT093,2026-07-25,Open,228090.42
CLM005850,POL05059,PRG009,TRT067,2026-06-18,Open,239161.5
CLM005851,POL00851,PRG002,TRT047,2026-01-07,Open,225732.82
CLM005852,POL03582,PRG024,TRT075,2026-06-02,Closed,248119.88
CLM005853,POL02685,PRG012,TRT097,2026-05-08,Open,69849.99
CLM005854,POL07736,PRG002,TRT093,2026-07-09,Closed,253287.3
CLM005855,POL06864,PRG005,TRT021,2026-05-11,Pending,7651.26
CLM005856,POL06727,PRG009,TRT025,2026-02-17,Closed,239184.92
CLM005857,POL07736,PRG002,TRT093,2026-01-20,Closed,4009.14
CLM005858,POL00723,PRG009,TRT040,2026-01-05,Pending,265613.77
CLM005859,POL07187,PRG020,TRT079,2026-08-25,Open,167601.04
CLM005860,POL02286,PRG019,TRT099,2026-05-05,Open,168713.39
CLM005861,POL02871,PRG016,TRT006,2026-05-22,Pending,125652.16
CLM005862,POL05367,PRG009,TRT030,2026-01-07,Closed,79511.29
CLM005863,POL08402,PRG010,TRT052,2026-05-05,Pending,213450.96
CLM005864,POL05828,PRG005,TRT037,2026-04-19,Closed,140652.62
CLM005865,POL08879,PRG018,TRT019,2026-04-12,Pending,185295.15
CLM005866,POL09101,PRG001,TRT028,2026-01-18,Closed,90073.69
CLM005867,POL05094,PRG020,TRT058,2026-08-24,Open,193141.63
CLM005868,POL03137,PRG006,TRT071,2026-08-14,Pending,221395.83
CLM005869,POL05221,PRG012,TRT097,2026-06-03,Closed,8885.01
CLM005870,POL01853,PRG009,TRT071,2026-08-04,Open,112661.48
CLM005871,POL04974,PRG007,TRT009,2026-07-30,Open,129260.34
CLM005872,POL03201,PRG011,TRT004,2026-05-25,Closed,41854.5
CLM005873,POL04831,PRG006,TRT031,2026-03-14,Closed,87444.11
CLM005874,POL07455,PRG022,TRT084,2026-04-06,Closed,224425.35
CLM005875,POL07706,PRG004,TRT071,2026-08-22,Closed,87811.85
CLM005876,POL01018,PRG002,TRT095,2026-03-24,Closed,74493.05
CLM005877,POL06746,PRG010,TRT025,2026-03-26,Open,239724.41
CLM005878,POL06890,PRG020,TRT012,2026-05-08,Pending,273190.44
CLM005879,POL00745,PRG019,TRT007,2026-05-14,Pending,82842.38
CLM005880,POL00058,PRG021,TRT015,2026-06-16,Pending,229482.51
CLM005881,POL05197,PRG023,TRT004,2026-08-04,Open,185526.71
CLM005882,POL08990,PRG013,TRT044,2026-07-29,Pending,54079.31
CLM005883,POL01784,PRG017,TRT077,2026-02-17,Open,167691.06
CLM005884,POL09513,PRG001,TRT061,2026-07-06,Open,223928.42
CLM005885,POL00691,PRG001,TRT099,2026-05-21,Closed,235575.01
CLM005886,POL07075,PRG007,TRT022,2026-03-23,Closed,40187.02
CLM005887,POL03384,PRG012,TRT012,2026-03-17,Closed,51562.9
CLM005888,POL09952,PRG019,TRT001,2026-04-20,Open,8687.06
CLM005889,POL04479,PRG008,TRT026,2026-08-19,Open,31547.27
CLM005890,POL03964,PRG015,TRT074,2026-06-20,Closed,63467.61
CLM005891,POL08044,PRG011,TRT053,2026-03-16,Closed,79369.26
CLM005892,POL08927,PRG016,TRT001,2026-08-14,Closed,166325.58
CLM005893,POL01242,PRG001,TRT073,2026-08-02,Closed,105131.19
CLM005894,POL00938,PRG016,TRT097,2026-04-09,Pending,114532.67
CLM005895,POL03572,PRG010,TRT006,2026-03-15,Open,285148.33
CLM005896,POL05020,PRG020,TRT011,2026-06-21,Open,235792.22
CLM005897,POL09275,PRG024,TRT033,2026-07-19,Open,258351.06
CLM005898,POL06597,PRG009,TRT047,2026-06-12,Open,262591.57
CLM005899,POL02295,PRG002,TRT024,2026-06-26,Open,229265.66
CLM005900,POL08285,PRG003,TRT048,2026-04-05,Pending,49126.58
CLM005901,POL07630,PRG014,TRT037,2026-08-06,Pending,252355.51
CLM005902,POL04377,PRG020,TRT065,2026-05-05,Pending,178488.01
CLM005903,POL09054,PRG007,TRT051,2026-05-06,Pending,279174.84
CLM005904,POL07691,PRG021,TRT032,2026-01-29,Closed,133776.05
CLM005905,POL01729,PRG009,TRT053,2026-02-26,Open,285512.57
CLM005906,POL07285,PRG018,TRT098,2026-01-29,Open,102459.24
CLM005907,POL04322,PRG019,TRT065,2026-06-21,Open,86969.64
CLM005908,POL00607,PRG014,TRT037,2026-08-15,Pending,111235.05
CLM005909,POL08217,PRG009,TRT068,2026-04-24,Open,199330.33
CLM005910,POL01210,PRG024,TRT047,2026-03-15,Pending,89059.23
CLM005911,POL09623,PRG012,TRT090,2026-04-14,Pending,266659.54
CLM005912,POL08327,PRG005,TRT056,2026-08-22,Pending,18770.09
CLM005913,POL06157,PRG025,TRT039,2026-06-02,Closed,199389.12
CLM005914,POL02188,PRG021,TRT074,2026-04-28,Open,156173.26
CLM005915,POL02897,PRG019,TRT055,2026-01-23,Closed,140272.3
CLM005916,POL05203,PRG003,TRT033,2026-05-11,Closed,135444.71
CLM005917,POL06162,PRG004,TRT079,2026-06-13,Open,116324.38
CLM005918,POL01469,PRG012,TRT037,2026-01-25,Pending,243565.98
CLM005919,POL01691,PRG003,TRT036,2026-01-23,Open,39215.52
CLM005920,POL02420,PRG012,TRT084,2026-03-13,Open,199885.46
CLM005921,POL00471,PRG017,TRT025,2026-02-20,Closed,145451.45
CLM005922,POL07207,PRG014,TRT097,2026-08-29,Closed,153580.27
CLM005923,POL03422,PRG022,TRT037,2026-03-12,Open,160601.96
CLM005924,POL04649,PRG016,TRT079,2026-01-04,Closed,122145.15
CLM005925,POL02489,PRG010,TRT038,2026-07-08,Closed,194473.34
CLM005926,POL08330,PRG020,TRT035,2026-02-15,Closed,152948.69
CLM005927,POL00894,PRG015,TRT013,2026-06-11,Pending,135875.88
CLM005928,POL08660,PRG014,TRT039,2026-08-23,Closed,167335.63
CLM005929,POL09074,PRG017,TRT049,2026-03-08,Pending,265014.34
CLM005930,POL00331,PRG007,TRT071,2026-01-01,Closed,222465.43
CLM005931,POL00806,PRG008,TRT009,2026-06-07,Open,99852.9
CLM005932,POL06960,PRG017,TRT009,2026-03-05,Pending,55376.2
CLM005933,POL09871,PRG020,TRT059,2026-01-23,Closed,173625.24
CLM005934,POL00625,PRG003,TRT004,2026-02-04,Open,77263.43
CLM005935,POL04605,PRG002,TRT070,2026-07-13,Open,110236.69
CLM005936,POL07305,PRG011,TRT025,2026-06-03,Closed,291815.44
CLM005937,POL02298,PRG010,TRT080,2026-08-10,Closed,184352.64
CLM005938,POL03794,PRG016,TRT060,2026-08-08,Open,89853.65
CLM005939,POL02913,PRG008,TRT066,2026-03-21,Pending,177913.67
CLM005940,POL07128,PRG001,TRT063,2026-08-26,Pending,186445.78
CLM005941,POL08664,PRG025,TRT077,2026-01-21,Pending,41269.92
CLM005942,POL08556,PRG023,TRT015,2026-03-19,Open,209175.66
CLM005943,POL06398,PRG023,TRT043,2026-06-24,Open,138517.96
CLM005944,POL02573,PRG010,TRT089,2026-03-01,Open,61677.1
CLM005945,POL05841,PRG023,TRT066,2026-03-13,Open,196703.77
CLM005946,POL02599,PRG013,TRT067,2026-05-14,Open,67873.42
CLM005947,POL05688,PRG015,TRT014,2026-02-05,Open,250591.82
CLM005948,POL09709,PRG019,TRT006,2026-04-08,Open,120596.57
CLM005949,POL04984,PRG002,TRT091,2026-08-24,Pending,8352.47
CLM005950,POL07535,PRG022,TRT069,2026-08-26,Pending,257060.76
CLM005951,POL05135,PRG012,TRT002,2026-05-06,Closed,274796.01
CLM005952,POL05196,PRG008,TRT039,2026-08-14,Open,194584.72
CLM005953,POL06638,PRG008,TRT047,2026-05-17,Closed,141480.27
CLM005954,POL05651,PRG006,TRT043,2026-05-16,Pending,79007.54
CLM005955,POL01599,PRG003,TRT030,2026-06-28,Open,218035.9
CLM005956,POL06576,PRG017,TRT043,2026-08-10,Pending,289690.43
CLM005957,POL00337,PRG018,TRT100,2026-07-16,Open,168857.68
CLM005958,POL00928,PRG014,TRT098,2026-07-27,Open,53874.85
CLM005959,POL01214,PRG018,TRT013,2026-02-21,Closed,67321.17
CLM005960,POL04611,PRG012,TRT069,2026-03-06,Open,250533.74
CLM005961,POL04407,PRG025,TRT045,2026-08-21,Open,178890.73
CLM005962,POL05333,PRG021,TRT042,2026-01-13,Closed,164196.29
CLM005963,POL06368,PRG006,TRT014,2026-01-10,Closed,123361.82
CLM005964,POL01966,PRG011,TRT031,2026-03-29,Open,81323.9
CLM005965,POL02177,PRG005,TRT084,2026-08-29,Open,51106.67
CLM005966,POL02255,PRG011,TRT054,2026-03-28,Open,94335.42
CLM005967,POL06861,PRG008,TRT053,2026-06-08,Open,30747.31
CLM005968,POL09001,PRG007,TRT010,2026-01-10,Pending,185522.96
CLM005969,POL05097,PRG010,TRT045,2026-01-15,Pending,90658.64
CLM005970,POL04566,PRG022,TRT067,2026-03-27,Closed,95693.96
CLM005971,POL09828,PRG004,TRT091,2026-07-24,Open,171212.53
CLM005972,POL06334,PRG009,TRT075,2026-01-13,Open,58508.62
CLM005973,POL00678,PRG025,TRT063,2026-04-08,Open,140139.81
CLM005974,POL06298,PRG017,TRT046,2026-06-21,Open,219843.1
CLM005975,POL09646,PRG025,TRT091,2026-01-02,Open,31049.3
CLM005976,POL07340,PRG016,TRT036,2026-01-10,Pending,163005.94
CLM005977,POL05757,PRG015,TRT006,2026-08-04,Closed,272308.98
CLM005978,POL05236,PRG015,TRT076,2026-02-11,Closed,251416.36
CLM005979,POL03733,PRG024,TRT072,2026-04-14,Open,14666.38
CLM005980,POL00886,PRG015,TRT059,2026-02-26,Closed,207335.91
CLM005981,POL08603,PRG012,TRT097,2026-04-03,Pending,215745.33
CLM005982,POL03193,PRG010,TRT088,2026-03-19,Closed,232808.87
CLM005983,POL09559,PRG009,TRT060,2026-04-14,Pending,250737.53
CLM005984,POL05292,PRG024,TRT062,2026-08-14,Open,214702.62
CLM005985,POL06686,PRG011,TRT085,2026-02-24,Open,235772.17
CLM005986,POL07013,PRG007,TRT086,2026-08-29,Open,140283.12
CLM005987,POL01197,PRG009,TRT075,2026-03-17,Pending,271589.91
CLM005988,POL06504,PRG019,TRT006,2026-04-20,Open,230143.88
CLM005989,POL00383,PRG009,TRT089,2026-04-27,Closed,223488.57
CLM005990,POL05070,PRG005,TRT007,2026-06-07,Pending,237835.32
CLM005991,POL09924,PRG004,TRT092,2026-01-27,Pending,56643.16
CLM005992,POL09940,PRG008,TRT060,2026-02-22,Pending,228215.21
CLM005993,POL09889,PRG001,TRT037,2026-03-25,Closed,234547.28
CLM005994,POL08642,PRG021,TRT026,2026-01-08,Open,43229.43
CLM005995,POL01946,PRG006,TRT006,2026-06-21,Open,31554.09
CLM005996,POL00755,PRG016,TRT056,2026-02-25,Open,176494.5
CLM005997,POL07089,PRG014,TRT073,2026-05-04,Pending,144076.08
CLM005998,POL00347,PRG006,TRT011,2026-01-04,Open,8784.7
CLM005999,POL05844,PRG011,TRT032,2026-01-15,Pending,75729.02
CLM006000,POL04035,PRG014,TRT021,2026-01-20,Open,51262.29
CLM006001,POL05525,PRG010,TRT006,2026-03-07,Pending,136299.24
CLM006002,POL01660,PRG018,TRT079,2026-08-23,Closed,297226.92
CLM006003,POL06494,PRG014,TRT063,2026-05-27,Open,285034.65
CLM006004,POL04385,PRG025,TRT015,2026-07-28,Pending,99566.54
CLM006005,POL01482,PRG004,TRT056,2026-03-03,Closed,6110.53
CLM006006,POL09385,PRG022,TRT078,2026-04-27,Open,158629.5
CLM006007,POL06168,PRG020,TRT058,2026-06-16,Closed,276730.4
CLM006008,POL07746,PRG013,TRT075,2026-04-26,Open,48713.81
CLM006009,POL05212,PRG004,TRT086,2026-07-29,Closed,100865.44
CLM006010,POL05382,PRG017,TRT008,2026-08-09,Pending,256848.35
CLM006011,POL07998,PRG013,TRT043,2026-04-11,Open,180698.33
CLM006012,POL00899,PRG016,TRT033,2026-01-01,Pending,222708.95
CLM006013,POL02456,PRG014,TRT039,2026-08-20,Closed,101169.67
CLM006014,POL04855,PRG009,TRT074,2026-02-27,Pending,99089.52
CLM006015,POL00804,PRG010,TRT006,2026-02-08,Pending,166354.63
CLM006016,POL01623,PRG008,TRT098,2026-02-11,Open,78025.76
CLM006017,POL01702,PRG013,TRT008,2026-04-08,Open,87353.15
CLM006018,POL07461,PRG019,TRT051,2026-06-09,Pending,162935.14
CLM006019,POL07584,PRG009,TRT002,2026-06-23,Open,58758.94
CLM006020,POL03088,PRG005,TRT080,2026-04-15,Pending,279938.75
CLM006021,POL09160,PRG015,TRT014,2026-05-18,Open,156413.58
CLM006022,POL02666,PRG009,TRT072,2026-03-20,Open,246769.64
CLM006023,POL06193,PRG017,TRT046,2026-08-17,Pending,125182.72
CLM006024,POL03949,PRG024,TRT014,2026-05-28,Pending,207560.99
CLM006025,POL01824,PRG024,TRT045,2026-08-19,Pending,149390.19
CLM006026,POL06860,PRG011,TRT100,2026-08-25,Pending,236975.59
CLM006027,POL09710,PRG013,TRT017,2026-01-13,Open,176556.96
CLM006028,POL01228,PRG020,TRT073,2026-06-19,Closed,267394.64
CLM006029,POL03916,PRG016,TRT091,2026-03-15,Open,107283.25
CLM006030,POL05096,PRG020,TRT038,2026-04-26,Open,239880.67
CLM006031,POL09547,PRG003,TRT013,2026-04-15,Pending,29388.22
CLM006032,POL05225,PRG016,TRT083,2026-05-27,Open,156569.87
CLM006033,POL09888,PRG019,TRT082,2026-01-12,Open,191516.65
CLM006034,POL01042,PRG025,TRT056,2026-05-13,Closed,68379.17
CLM006035,POL09439,PRG020,TRT074,2026-08-17,Pending,212944.23
CLM006036,POL03130,PRG006,TRT100,2026-07-13,Pending,70238.17
CLM006037,POL05434,PRG023,TRT018,2026-03-03,Pending,93001.27
CLM006038,POL02899,PRG019,TRT023,2026-08-06,Pending,204597.22
CLM006039,POL06307,PRG024,TRT093,2026-07-18,Pending,149452.23
CLM006040,POL06624,PRG010,TRT058,2026-06-07,Open,61860.84
CLM006041,POL03331,PRG021,TRT074,2026-04-08,Closed,153683.44
CLM006042,POL05096,PRG020,TRT038,2026-03-14,Pending,202306.11
CLM006043,POL06370,PRG009,TRT039,2026-02-18,Closed,95759.73
CLM006044,POL01194,PRG013,TRT099,2026-01-18,Pending,166749.03
CLM006045,POL07871,PRG016,TRT083,2026-06-25,Closed,212065.83
CLM006046,POL07539,PRG001,TRT097,2026-02-08,Closed,205014.69
CLM006047,POL09273,PRG009,TRT066,2026-08-18,Pending,149571.2
CLM006048,POL05153,PRG022,TRT068,2026-05-06,Closed,246940.23
CLM006049,POL02648,PRG001,TRT020,2026-02-12,Closed,86650.12
CLM006050,POL06181,PRG002,TRT018,2026-02-12,Open,48455.77
CLM006051,POL05269,PRG004,TRT044,2026-03-02,Pending,274283.6
CLM006052,POL04316,PRG012,TRT097,2026-08-03,Pending,286586.84
CLM006053,POL03591,PRG010,TRT010,2026-07-17,Open,73757.32
CLM006054,POL03379,PRG006,TRT029,2026-01-18,Pending,71395.9
CLM006055,POL05547,PRG003,TRT060,2026-08-15,Open,218780.54
CLM006056,POL01418,PRG017,TRT013,2026-05-07,Pending,207281.02
CLM006057,POL03176,PRG011,TRT090,2026-02-12,Open,7145.34
CLM006058,POL04767,PRG014,TRT081,2026-04-15,Open,119833.35
CLM006059,POL00663,PRG008,TRT096,2026-07-18,Pending,283718.71
CLM006060,POL00971,PRG005,TRT017,2026-06-26,Open,252488.44
CLM006061,POL00270,PRG017,TRT030,2026-01-27,Open,75127.5
CLM006062,POL03533,PRG008,TRT018,2026-05-10,Pending,80613.68
CLM006063,POL06708,PRG002,TRT031,2026-07-22,Pending,119422.53
CLM006064,POL00923,PRG025,TRT072,2026-02-14,Closed,114937.34
CLM006065,POL06902,PRG017,TRT044,2026-05-08,Pending,38057.61
CLM006066,POL09954,PRG009,TRT039,2026-04-14,Closed,224195.76
CLM006067,POL03677,PRG025,TRT038,2026-06-29,Pending,266439.23
CLM006068,POL05327,PRG015,TRT013,2026-03-21,Closed,289307.27
CLM006069,POL06952,PRG023,TRT036,2026-08-08,Pending,144810.84
CLM006070,POL05436,PRG022,TRT028,2026-06-16,Open,37096.59
CLM006071,POL05954,PRG020,TRT042,2026-05-18,Pending,189387.96
CLM006072,POL08228,PRG002,TRT092,2026-06-16,Closed,154694.23
CLM006073,POL07414,PRG014,TRT095,2026-08-14,Open,165800.17
CLM006074,POL09106,PRG021,TRT023,2026-01-26,Closed,71061.06
CLM006075,POL08375,PRG013,TRT071,2026-05-13,Pending,278475.57
CLM006076,POL02859,PRG012,TRT076,2026-08-20,Pending,102528.37
CLM006077,POL06272,PRG019,TRT057,2026-06-07,Open,197840.77
CLM006078,POL03682,PRG014,TRT055,2026-08-13,Pending,52608.28
CLM006079,POL08534,PRG025,TRT061,2026-02-28,Closed,274990.87
CLM006080,POL05174,PRG004,TRT025,2026-02-15,Closed,3850.59
CLM006081,POL09161,PRG025,TRT016,2026-04-04,Open,74094.84
CLM006082,POL01946,PRG006,TRT006,2026-06-28,Pending,286414.22
CLM006083,POL07207,PRG014,TRT097,2026-08-15,Closed,202162.88
CLM006084,POL03503,PRG025,TRT077,2026-03-17,Open,47325.18
CLM006085,POL02728,PRG007,TRT081,2026-04-19,Pending,141747.23
CLM006086,POL01128,PRG001,TRT058,2026-06-23,Open,77967.83
CLM006087,POL05952,PRG008,TRT016,2026-02-28,Pending,155132.75
CLM006088,POL04814,PRG019,TRT017,2026-01-28,Open,24478.84
CLM006089,POL00273,PRG019,TRT010,2026-08-06,Pending,281574.99
CLM006090,POL02207,PRG012,TRT055,2026-01-14,Pending,9401.32
CLM006091,POL04196,PRG010,TRT085,2026-02-03,Open,171738.57
CLM006092,POL00914,PRG013,TRT027,2026-02-22,Closed,183268.16
CLM006093,POL03014,PRG025,TRT048,2026-06-19,Open,295131.54
CLM006094,POL04810,PRG017,TRT075,2026-01-09,Closed,4615.63
CLM006095,POL08673,PRG023,TRT085,2026-01-29,Open,278274.17
CLM006096,POL02957,PRG023,TRT011,2026-08-08,Pending,140326.75
CLM006097,POL09950,PRG007,TRT055,2026-08-01,Open,111232.2
CLM006098,POL03042,PRG014,TRT060,2026-07-06,Pending,32253.75
CLM006099,POL09675,PRG010,TRT061,2026-05-19,Pending,298707.12
CLM006100,POL06644,PRG020,TRT035,2026-04-19,Open,77404.1
CLM006101,POL02656,PRG020,TRT049,2026-03-19,Closed,153567.3
CLM006102,POL07842,PRG013,TRT068,2026-06-09,Pending,111363.39
CLM006103,POL04231,PRG010,TRT064,2026-05-01,Closed,75256.5
CLM006104,POL02274,PRG009,TRT060,2026-06-11,Closed,97063.8
CLM006105,POL02673,PRG024,TRT041,2026-03-12,Closed,12565.74
CLM006106,POL08315,PRG003,TRT029,2026-06-29,Closed,202586.68
CLM006107,POL02581,PRG012,TRT007,2026-01-09,Pending,194079.38
CLM006108,POL03110,PRG004,TRT075,2026-05-29,Open,99235.0
CLM006109,POL07903,PRG022,TRT045,2026-06-16,Open,298313.11
CLM006110,POL07093,PRG003,TRT100,2026-06-11,Pending,21201.98
CLM006111,POL06717,PRG017,TRT043,2026-08-12,Open,268097.59
CLM006112,POL01094,PRG015,TRT048,2026-08-18,Open,159506.16
CLM006113,POL05911,PRG014,TRT100,2026-04-10,Pending,39267.43
CLM006114,POL07695,PRG005,TRT007,2026-01-01,Closed,293032.84
CLM006115,POL00003,PRG004,TRT011,2026-06-18,Closed,108666.88
CLM006116,POL08843,PRG013,TRT005,2026-06-08,Open,4311.77
CLM006117,POL00544,PRG019,TRT096,2026-01-27,Pending,110597.22
CLM006118,POL01597,PRG007,TRT027,2026-02-01,Closed,254650.35
CLM006119,POL01865,PRG008,TRT082,2026-05-27,Pending,199853.03
CLM006120,POL07974,PRG010,TRT073,2026-07-01,Open,265022.86
CLM006121,POL00700,PRG017,TRT032,2026-04-11,Open,76067.61
CLM006122,POL09648,PRG017,TRT018,2026-03-10,Open,1190.12
CLM006123,POL07713,PRG008,TRT076,2026-06-24,Open,264912.34
CLM006124,POL03411,PRG023,TRT026,2026-03-01,Closed,254008.07
CLM006125,POL00923,PRG025,TRT072,2026-08-13,Pending,227217.0
CLM006126,POL05627,PRG001,TRT055,2026-04-12,Open,95154.72
CLM006127,POL09034,PRG018,TRT034,2026-04-23,Closed,167716.99
CLM006128,POL06278,PRG003,TRT023,2026-08-26,Closed,22233.73
CLM006129,POL06225,PRG023,TRT047,2026-04-06,Pending,275485.62
CLM006130,POL06365,PRG021,TRT019,2026-01-05,Open,163297.25
CLM006131,POL05313,PRG017,TRT023,2026-01-08,Closed,47919.88
CLM006132,POL07706,PRG004,TRT071,2026-06-01,Closed,293417.91
CLM006133,POL05252,PRG006,TRT098,2026-06-29,Closed,133288.63
CLM006134,POL06073,PRG023,TRT087,2026-06-16,Closed,57258.16
CLM006135,POL07288,PRG007,TRT074,2026-01-06,Pending,40938.48
CLM006136,POL01503,PRG006,TRT043,2026-06-03,Pending,148437.9
CLM006137,POL05343,PRG005,TRT009,2026-06-20,Open,99683.14
CLM006138,POL06972,PRG018,TRT075,2026-06-04,Pending,222880.16
CLM006139,POL07276,PRG014,TRT080,2026-02-03,Pending,219079.79
CLM006140,POL00938,PRG016,TRT097,2026-03-22,Open,29834.09
CLM006141,POL07451,PRG016,TRT023,2026-02-20,Closed,114353.66
CLM006142,POL07572,PRG001,TRT093,2026-01-11,Open,280393.9
CLM006143,POL05476,PRG007,TRT014,2026-03-09,Pending,13409.0
CLM006144,POL09475,PRG001,TRT014,2026-07-16,Open,106655.82
CLM006145,POL01694,PRG016,TRT080,2026-04-30,Closed,270757.46
CLM006146,POL05408,PRG019,TRT061,2026-05-16,Pending,166219.64
CLM006147,POL01108,PRG018,TRT063,2026-02-19,Closed,49979.12
CLM006148,POL03129,PRG009,TRT088,2026-01-01,Pending,141201.31
CLM006149,POL02360,PRG023,TRT017,2026-06-15,Pending,80966.48
CLM006150,POL02222,PRG023,TRT089,2026-08-02,Closed,276510.28
CLM006151,POL05758,PRG014,TRT082,2026-03-16,Pending,254220.26
CLM006152,POL05394,PRG012,TRT076,2026-05-06,Closed,50300.89
CLM006153,POL01072,PRG023,TRT069,2026-07-02,Pending,128408.58
CLM006154,POL02537,PRG006,TRT014,2026-04-05,Open,158379.06
CLM006155,POL08357,PRG006,TRT029,2026-06-23,Closed,178984.76
CLM006156,POL00960,PRG005,TRT084,2026-01-31,Closed,171022.33
CLM006157,POL05138,PRG005,TRT085,2026-03-29,Open,77729.4
CLM006158,POL07663,PRG004,TRT031,2026-07-01,Closed,77726.32
CLM006159,POL03125,PRG001,TRT028,2026-05-20,Pending,106086.22
CLM006160,POL07615,PRG016,TRT088,2026-02-04,Pending,236605.35
CLM006161,POL07287,PRG019,TRT083,2026-07-25,Pending,52743.45
CLM006162,POL05212,PRG004,TRT086,2026-08-10,Open,68017.53
CLM006163,POL03980,PRG019,TRT061,2026-07-20,Closed,240990.83
CLM006164,POL01703,PRG025,TRT048,2026-01-27,Open,187496.6
CLM006165,POL00758,PRG002,TRT042,2026-02-06,Pending,275815.34
CLM006166,POL02468,PRG018,TRT052,2026-07-19,Closed,72599.9
CLM006167,POL08647,PRG022,TRT087,2026-02-20,Closed,97775.67
CLM006168,POL07904,PRG017,TRT004,2026-04-04,Pending,147790.0
CLM006169,POL09425,PRG004,TRT089,2026-02-01,Pending,172222.42
CLM006170,POL07621,PRG025,TRT039,2026-07-23,Pending,39870.03
CLM006171,POL07697,PRG001,TRT018,2026-08-07,Closed,95681.83
CLM006172,POL04251,PRG018,TRT031,2026-07-23,Open,37814.5
CLM006173,POL03075,PRG018,TRT060,2026-07-28,Pending,23954.53
CLM006174,POL07064,PRG022,TRT008,2026-07-24,Open,32950.73
CLM006175,POL05322,PRG025,TRT006,2026-08-03,Open,39766.41
CLM006176,POL02003,PRG001,TRT068,2026-07-09,Pending,144407.57
CLM006177,POL06119,PRG006,TRT100,2026-05-27,Closed,261875.4
CLM006178,POL01097,PRG010,TRT012,2026-02-24,Closed,176719.28
CLM006179,POL03306,PRG017,TRT074,2026-02-16,Open,249969.12
CLM006180,POL03154,PRG017,TRT008,2026-06-14,Closed,272743.11
CLM006181,POL04702,PRG002,TRT019,2026-07-13,Open,247262.33
CLM006182,POL08311,PRG008,TRT014,2026-04-21,Open,89741.66
CLM006183,POL07460,PRG003,TRT030,2026-05-03,Open,112593.96
CLM006184,POL03692,PRG025,TRT079,2026-01-18,Open,136572.42
CLM006185,POL07389,PRG009,TRT033,2026-04-05,Open,287884.46
CLM006186,POL08253,PRG018,TRT007,2026-04-13,Closed,26466.68
CLM006187,POL00701,PRG020,TRT061,2026-04-17,Open,35168.53
CLM006188,POL07949,PRG001,TRT068,2026-05-04,Pending,234246.6
CLM006189,POL01574,PRG025,TRT093,2026-06-23,Open,273699.68
CLM006190,POL08324,PRG009,TRT058,2026-03-09,Open,63484.06
CLM006191,POL04534,PRG011,TRT067,2026-08-28,Closed,90440.78
CLM006192,POL06227,PRG011,TRT099,2026-03-18,Open,236082.75
CLM006193,POL00550,PRG005,TRT057,2026-06-29,Open,240392.68
CLM006194,POL05850,PRG017,TRT018,2026-03-14,Closed,243405.15
CLM006195,POL01746,PRG021,TRT058,2026-06-12,Pending,156596.18
CLM006196,POL08173,PRG008,TRT026,2026-02-21,Open,48083.01
CLM006197,POL03888,PRG002,TRT066,2026-04-07,Open,223945.52
CLM006198,POL01589,PRG004,TRT096,2026-05-03,Pending,218969.04
CLM006199,POL07827,PRG013,TRT071,2026-02-18,Open,66587.44
CLM006200,POL06353,PRG005,TRT011,2026-07-08,Open,187209.69
CLM006201,POL08995,PRG016,TRT076,2026-05-16,Pending,120800.17
CLM006202,POL00097,PRG018,TRT034,2026-01-24,Open,199523.6
CLM006203,POL08637,PRG004,TRT089,2026-02-03,Pending,245122.13
CLM006204,POL07191,PRG013,TRT074,2026-06-28,Pending,96581.19
CLM006205,POL09615,PRG008,TRT064,2026-04-15,Closed,125762.26
CLM006206,POL07158,PRG024,TRT064,2026-08-05,Pending,275604.98
CLM006207,POL06415,PRG007,TRT035,2026-06-11,Open,9625.14
CLM006208,POL06310,PRG008,TRT076,2026-06-20,Open,149973.49
CLM006209,POL00636,PRG014,TRT018,2026-07-01,Closed,185092.35
CLM006210,POL09081,PRG023,TRT094,2026-05-23,Pending,192410.71
CLM006211,POL06052,PRG019,TRT076,2026-05-10,Open,211152.75
CLM006212,POL09520,PRG025,TRT020,2026-04-12,Pending,166529.33
CLM006213,POL00420,PRG006,TRT028,2026-01-22,Pending,85830.15
CLM006214,POL02674,PRG004,TRT042,2026-08-13,Open,285862.94
CLM006215,POL08157,PRG015,TRT032,2026-02-04,Closed,13126.37
CLM006216,POL01003,PRG002,TRT075,2026-05-26,Pending,79004.87
CLM006217,POL05019,PRG023,TRT010,2026-01-03,Pending,290639.75
CLM006218,POL07614,PRG013,TRT037,2026-07-29,Pending,116735.12
CLM006219,POL05514,PRG016,TRT082,2026-01-18,Pending,293290.37
CLM006220,POL01941,PRG009,TRT016,2026-04-05,Open,259050.39
CLM006221,POL00324,PRG008,TRT022,2026-07-16,Closed,181034.82
CLM006222,POL07537,PRG022,TRT045,2026-07-08,Closed,270667.43
CLM006223,POL04092,PRG003,TRT022,2026-06-28,Pending,99291.7
CLM006224,POL04868,PRG017,TRT086,2026-08-28,Pending,285136.09
CLM006225,POL09619,PRG023,TRT059,2026-06-21,Closed,187563.24
CLM006226,POL09207,PRG004,TRT078,2026-08-20,Pending,55689.42
CLM006227,POL01051,PRG007,TRT074,2026-01-22,Closed,181920.61
CLM006228,POL05786,PRG014,TRT078,2026-01-10,Open,1658.1
CLM006229,POL07872,PRG005,TRT044,2026-02-16,Pending,84771.78
CLM006230,POL03998,PRG019,TRT080,2026-02-03,Open,278745.77
CLM006231,POL07076,PRG015,TRT061,2026-05-06,Open,114810.62
CLM006232,POL04177,PRG020,TRT051,2026-04-14,Open,199518.99
CLM006233,POL08914,PRG011,TRT038,2026-02-06,Closed,197462.36
CLM006234,POL00851,PRG002,TRT047,2026-05-30,Closed,92830.64
CLM006235,POL01908,PRG004,TRT075,2026-08-18,Open,194459.63
CLM006236,POL03109,PRG017,TRT012,2026-06-27,Closed,118580.93
CLM006237,POL09668,PRG005,TRT024,2026-04-17,Closed,59936.12
CLM006238,POL00515,PRG025,TRT032,2026-06-15,Open,227858.4
CLM006239,POL05638,PRG022,TRT029,2026-06-06,Open,127307.52
CLM006240,POL02653,PRG014,TRT002,2026-02-11,Open,216205.94
CLM006241,POL08755,PRG005,TRT056,2026-03-25,Open,282046.31
CLM006242,POL00302,PRG007,TRT060,2026-08-28,Closed,1740.57
CLM006243,POL03688,PRG002,TRT062,2026-08-10,Closed,170546.99
CLM006244,POL03286,PRG024,TRT042,2026-07-30,Pending,203767.46
CLM006245,POL01786,PRG021,TRT068,2026-03-22,Open,225894.71
CLM006246,POL09405,PRG019,TRT032,2026-06-17,Pending,218198.26
CLM006247,POL01278,PRG025,TRT078,2026-06-27,Pending,78604.84
CLM006248,POL06009,PRG004,TRT097,2026-03-28,Open,22216.2
CLM006249,POL00645,PRG011,TRT039,2026-02-21,Closed,213802.71
CLM006250,POL07020,PRG007,TRT011,2026-08-22,Closed,90342.76
CLM006251,POL06311,PRG019,TRT093,2026-06-17,Open,26875.1
CLM006252,POL00203,PRG010,TRT075,2026-03-24,Open,163385.48
CLM006253,POL05926,PRG017,TRT035,2026-01-13,Open,256549.96
CLM006254,POL02100,PRG016,TRT092,2026-07-06,Open,266139.44
CLM006255,POL02850,PRG016,TRT041,2026-02-05,Pending,237787.53
CLM006256,POL04195,PRG009,TRT009,2026-04-06,Pending,166852.68
CLM006257,POL01978,PRG021,TRT008,2026-02-07,Closed,211890.21
CLM006258,POL07709,PRG007,TRT073,2026-03-08,Pending,38059.52
CLM006259,POL08029,PRG005,TRT084,2026-02-08,Open,134910.78
CLM006260,POL01782,PRG025,TRT028,2026-01-27,Open,177562.73
CLM006261,POL03676,PRG022,TRT029,2026-07-13,Open,182663.54
CLM006262,POL07103,PRG001,TRT039,2026-05-12,Pending,132193.61
CLM006263,POL06653,PRG008,TRT014,2026-02-23,Open,151603.73
CLM006264,POL05856,PRG015,TRT002,2026-06-30,Closed,292021.4
CLM006265,POL07545,PRG019,TRT094,2026-08-01,Pending,56119.4
CLM006266,POL07231,PRG002,TRT015,2026-01-25,Open,47528.12
CLM006267,POL01006,PRG024,TRT016,2026-01-03,Closed,159160.46
CLM006268,POL04560,PRG019,TRT072,2026-05-03,Closed,55564.25
CLM006269,POL08708,PRG015,TRT002,2026-05-22,Closed,53436.23
CLM006270,POL01880,PRG024,TRT017,2026-07-14,Closed,218061.66
CLM006271,POL08417,PRG001,TRT021,2026-02-12,Pending,20843.26
CLM006272,POL03506,PRG019,TRT092,2026-04-26,Closed,122891.2
CLM006273,POL01241,PRG014,TRT005,2026-03-01,Open,255124.09
CLM006274,POL05730,PRG003,TRT070,2026-01-15,Closed,280762.65
CLM006275,POL07827,PRG013,TRT071,2026-02-02,Closed,297595.78
CLM006276,POL09443,PRG012,TRT015,2026-03-03,Pending,196624.25
CLM006277,POL02359,PRG017,TRT079,2026-01-28,Open,221649.23
CLM006278,POL09904,PRG025,TRT080,2026-03-03,Closed,242843.23
CLM006279,POL03330,PRG007,TRT054,2026-06-25,Closed,190126.75
CLM006280,POL09077,PRG005,TRT006,2026-01-02,Pending,288808.37
CLM006281,POL05172,PRG003,TRT094,2026-02-27,Open,254036.39
CLM006282,POL01810,PRG003,TRT022,2026-06-26,Closed,290676.54
CLM006283,POL05987,PRG012,TRT093,2026-04-27,Pending,2224.52
CLM006284,POL08184,PRG014,TRT033,2026-08-17,Open,100138.6
CLM006285,POL03138,PRG023,TRT008,2026-08-27,Pending,246643.88
CLM006286,POL07592,PRG015,TRT010,2026-04-01,Closed,251006.14
CLM006287,POL08524,PRG002,TRT022,2026-08-19,Open,59621.09
CLM006288,POL03952,PRG010,TRT082,2026-03-27,Open,264087.85
CLM006289,POL01967,PRG005,TRT050,2026-05-07,Closed,253943.25
CLM006290,POL08222,PRG010,TRT015,2026-08-29,Closed,249351.12
CLM006291,POL03764,PRG019,TRT018,2026-03-14,Open,121217.46
CLM006292,POL04879,PRG024,TRT023,2026-05-14,Pending,213462.19
CLM006293,POL09747,PRG008,TRT074,2026-05-09,Open,239643.34
CLM006294,POL05432,PRG001,TRT053,2026-04-05,Open,138300.56
CLM006295,POL09096,PRG016,TRT038,2026-03-06,Open,47142.97
CLM006296,POL06029,PRG015,TRT012,2026-07-22,Pending,163430.22
CLM006297,POL03378,PRG023,TRT079,2026-04-18,Open,75665.31
CLM006298,POL04023,PRG019,TRT081,2026-04-14,Pending,145672.86
CLM006299,POL09280,PRG008,TRT057,2026-06-22,Closed,29739.73
CLM006300,POL06951,PRG020,TRT008,2026-05-21,Open,13880.98
CLM006301,POL00101,PRG003,TRT017,2026-05-09,Closed,162574.21
CLM006302,POL02455,PRG010,TRT077,2026-02-19,Pending,174939.68
CLM006303,POL01976,PRG003,TRT051,2026-02-28,Closed,102023.92
CLM006304,POL07537,PRG022,TRT045,2026-06-07,Closed,166444.83
CLM006305,POL00321,PRG020,TRT001,2026-01-05,Open,55506.14
CLM006306,POL02719,PRG020,TRT060,2026-02-12,Pending,210597.71
CLM006307,POL00646,PRG024,TRT026,2026-08-14,Pending,152632.26
CLM006308,POL04815,PRG008,TRT100,2026-02-06,Open,209054.04
CLM006309,POL00749,PRG011,TRT081,2026-06-17,Open,116009.71
CLM006310,POL04314,PRG001,TRT100,2026-02-23,Open,3638.69
CLM006311,POL04012,PRG015,TRT095,2026-07-07,Pending,54633.06
CLM006312,POL02396,PRG020,TRT083,2026-04-10,Open,75548.21
CLM006313,POL01831,PRG018,TRT047,2026-05-13,Pending,1093.42
CLM006314,POL06133,PRG024,TRT056,2026-06-15,Pending,70570.2
CLM006315,POL06330,PRG005,TRT064,2026-02-10,Open,120156.14
CLM006316,POL04131,PRG024,TRT044,2026-01-06,Pending,5702.18
CLM006317,POL04138,PRG016,TRT081,2026-01-30,Closed,157110.66
CLM006318,POL07234,PRG017,TRT044,2026-08-03,Open,151891.84
CLM006319,POL00389,PRG025,TRT008,2026-05-26,Closed,241542.8
CLM006320,POL09310,PRG011,TRT009,2026-02-17,Open,144565.11
CLM006321,POL00537,PRG002,TRT034,2026-05-30,Pending,56621.17
CLM006322,POL05643,PRG023,TRT100,2026-04-02,Pending,139451.46
CLM006323,POL05483,PRG019,TRT082,2026-06-03,Pending,75413.68
CLM006324,POL00342,PRG006,TRT097,2026-08-03,Pending,275793.77
CLM006325,POL03076,PRG007,TRT087,2026-04-30,Open,219384.72
CLM006326,POL09910,PRG023,TRT047,2026-07-19,Pending,133726.8
CLM006327,POL02877,PRG014,TRT020,2026-07-04,Pending,288198.78
CLM006328,POL05647,PRG006,TRT035,2026-04-13,Open,88807.7
CLM006329,POL08385,PRG007,TRT098,2026-03-04,Open,217022.44
CLM006330,POL09056,PRG008,TRT079,2026-03-11,Pending,137693.85
CLM006331,POL06586,PRG022,TRT069,2026-02-24,Pending,193728.12
CLM006332,POL05615,PRG017,TRT027,2026-02-02,Pending,268154.18
CLM006333,POL07147,PRG023,TRT047,2026-08-17,Open,220610.41
CLM006334,POL06072,PRG006,TRT039,2026-08-19,Pending,108243.68
CLM006335,POL03998,PRG019,TRT080,2026-03-12,Open,207355.28
CLM006336,POL04466,PRG009,TRT046,2026-02-24,Pending,210662.15
CLM006337,POL02324,PRG002,TRT098,2026-07-29,Pending,121320.31
CLM006338,POL01071,PRG018,TRT072,2026-01-21,Open,73398.31
CLM006339,POL09128,PRG022,TRT093,2026-01-25,Pending,133788.57
CLM006340,POL04243,PRG010,TRT072,2026-05-11,Open,49686.1
CLM006341,POL03173,PRG003,TRT005,2026-03-04,Open,279131.88
CLM006342,POL06047,PRG023,TRT019,2026-07-21,Closed,5772.68
CLM006343,POL08967,PRG004,TRT058,2026-08-12,Open,217783.63
CLM006344,POL05820,PRG006,TRT037,2026-08-09,Open,127776.67
CLM006345,POL03891,PRG025,TRT029,2026-08-19,Closed,201162.09
CLM006346,POL09280,PRG008,TRT057,2026-01-01,Open,56935.94
CLM006347,POL02059,PRG014,TRT096,2026-05-01,Pending,11246.08
CLM006348,POL03315,PRG014,TRT058,2026-05-10,Closed,55168.83
CLM006349,POL07875,PRG005,TRT014,2026-02-20,Pending,19004.37
CLM006350,POL08612,PRG005,TRT071,2026-03-24,Pending,180294.13
CLM006351,POL08738,PRG002,TRT009,2026-04-12,Closed,197360.06
CLM006352,POL00516,PRG016,TRT017,2026-08-22,Closed,203432.12
CLM006353,POL07560,PRG015,TRT088,2026-06-17,Open,92429.74
CLM006354,POL01739,PRG022,TRT009,2026-07-20,Pending,5785.16
CLM006355,POL01409,PRG010,TRT050,2026-01-22,Closed,251118.1
CLM006356,POL09957,PRG011,TRT040,2026-02-02,Open,189681.36
CLM006357,POL04771,PRG003,TRT070,2026-04-13,Closed,48155.85
CLM006358,POL02051,PRG007,TRT003,2026-03-21,Pending,97951.3
CLM006359,POL02698,PRG003,TRT058,2026-08-05,Open,208886.52
CLM006360,POL01615,PRG012,TRT074,2026-08-12,Open,229564.17
CLM006361,POL07307,PRG008,TRT018,2026-06-05,Pending,31099.85
CLM006362,POL05925,PRG023,TRT029,2026-03-17,Pending,37816.26
CLM006363,POL05579,PRG015,TRT078,2026-05-14,Closed,166019.48
CLM006364,POL00991,PRG016,TRT071,2026-05-28,Closed,198125.83
CLM006365,POL07024,PRG007,TRT004,2026-07-27,Closed,158623.05
CLM006366,POL09881,PRG016,TRT026,2026-02-25,Open,209914.19
CLM006367,POL01708,PRG016,TRT072,2026-06-12,Closed,77366.83
CLM006368,POL04656,PRG002,TRT036,2026-04-06,Open,105372.76
CLM006369,POL08724,PRG022,TRT095,2026-01-07,Closed,141350.83
CLM006370,POL05066,PRG010,TRT009,2026-08-07,Closed,289853.34
CLM006371,POL06238,PRG013,TRT017,2026-03-30,Pending,66824.24
CLM006372,POL09619,PRG023,TRT059,2026-01-22,Open,72986.28
CLM006373,POL05025,PRG016,TRT084,2026-06-06,Closed,201406.84
CLM006374,POL08214,PRG003,TRT075,2026-05-25,Closed,175239.92
CLM006375,POL04266,PRG002,TRT069,2026-08-18,Closed,190760.82
CLM006376,POL07781,PRG012,TRT083,2026-02-13,Closed,70581.18
CLM006377,POL00465,PRG006,TRT077,2026-01-09,Closed,278967.18
CLM006378,POL06104,PRG017,TRT065,2026-07-30,Open,189879.99
CLM006379,POL01019,PRG019,TRT096,2026-03-17,Pending,18758.42
CLM006380,POL07859,PRG019,TRT054,2026-07-13,Pending,58180.03
CLM006381,POL07897,PRG002,TRT039,2026-02-20,Pending,149340.27
CLM006382,POL05183,PRG019,TRT022,2026-05-21,Open,180362.12
CLM006383,POL05430,PRG020,TRT070,2026-06-19,Closed,243609.55
CLM006384,POL09954,PRG009,TRT039,2026-05-26,Closed,228250.96
CLM006385,POL07823,PRG007,TRT025,2026-07-31,Open,123026.23
CLM006386,POL07008,PRG004,TRT032,2026-03-05,Open,86512.43
CLM006387,POL02456,PRG014,TRT039,2026-05-25,Closed,83468.72
CLM006388,POL05148,PRG014,TRT087,2026-02-15,Closed,249307.56
CLM006389,POL03923,PRG017,TRT053,2026-02-22,Open,246978.29
CLM006390,POL02146,PRG016,TRT022,2026-01-08,Pending,200844.06
CLM006391,POL08642,PRG021,TRT026,2026-04-18,Open,22206.59
CLM006392,POL08943,PRG011,TRT031,2026-06-27,Closed,124691.01
CLM006393,POL00720,PRG021,TRT041,2026-03-21,Open,226540.49
CLM006394,POL09726,PRG009,TRT056,2026-08-15,Pending,291705.68
CLM006395,POL05904,PRG012,TRT009,2026-08-26,Pending,112162.01
CLM006396,POL05216,PRG009,TRT009,2026-07-24,Closed,76161.0
CLM006397,POL09907,PRG006,TRT074,2026-04-17,Pending,218384.67
CLM006398,POL00167,PRG022,TRT054,2026-07-02,Closed,187675.17
CLM006399,POL06710,PRG008,TRT092,2026-04-30,Pending,23708.33
CLM006400,POL09329,PRG001,TRT012,2026-04-20,Closed,179857.65
CLM006401,POL00525,PRG008,TRT031,2026-06-13,Open,166202.27
CLM006402,POL05102,PRG015,TRT050,2026-03-23,Open,241839.06
CLM006403,POL01609,PRG020,TRT079,2026-03-13,Closed,132708.29
CLM006404,POL05096,PRG020,TRT038,2026-06-19,Closed,133974.44
CLM006405,POL07738,PRG012,TRT072,2026-01-06,Pending,166085.69
CLM006406,POL04729,PRG017,TRT067,2026-08-24,Closed,182116.36
CLM006407,POL06716,PRG003,TRT015,2026-02-26,Open,249866.94
CLM006408,POL07662,PRG003,TRT091,2026-05-25,Pending,263455.22
CLM006409,POL04648,PRG024,TRT012,2026-07-16,Closed,109701.25
CLM006410,POL06483,PRG002,TRT006,2026-06-05,Closed,101872.34
CLM006411,POL06997,PRG025,TRT072,2026-01-03,Open,19469.33
CLM006412,POL02771,PRG024,TRT084,2026-05-22,Closed,287824.49
CLM006413,POL01768,PRG016,TRT100,2026-06-07,Open,150701.27
CLM006414,POL05775,PRG025,TRT040,2026-03-10,Closed,11136.42
CLM006415,POL06979,PRG005,TRT016,2026-01-05,Open,141383.0
CLM006416,POL07300,PRG009,TRT089,2026-03-21,Closed,106898.47
CLM006417,POL07393,PRG017,TRT042,2026-06-10,Closed,72645.55
CLM006418,POL03092,PRG013,TRT082,2026-05-12,Open,189734.74
CLM006419,POL07485,PRG020,TRT068,2026-05-16,Closed,192474.88
CLM006420,POL08744,PRG007,TRT020,2026-01-28,Pending,67212.92
CLM006421,POL04898,PRG009,TRT022,2026-07-09,Pending,295774.74
CLM006422,POL08459,PRG015,TRT060,2026-07-04,Closed,25599.02
CLM006423,POL03231,PRG021,TRT006,2026-05-06,Pending,281346.23
CLM006424,POL03909,PRG021,TRT047,2026-04-11,Pending,122940.5
CLM006425,POL09042,PRG021,TRT025,2026-01-04,Pending,121618.59
CLM006426,POL07047,PRG017,TRT030,2026-03-02,Pending,241472.18
CLM006427,POL08742,PRG022,TRT028,2026-01-30,Closed,265907.76
CLM006428,POL09273,PRG009,TRT066,2026-04-07,Open,209787.72
CLM006429,POL05719,PRG001,TRT089,2026-03-10,Open,37382.31
CLM006430,POL06671,PRG011,TRT060,2026-05-08,Closed,252466.23
CLM006431,POL00268,PRG018,TRT008,2026-05-06,Pending,96871.6
CLM006432,POL03735,PRG004,TRT025,2026-06-18,Open,115517.85
CLM006433,POL03118,PRG007,TRT009,2026-01-06,Open,87327.2
CLM006434,POL05345,PRG019,TRT022,2026-03-25,Pending,118600.65
CLM006435,POL04254,PRG013,TRT046,2026-07-04,Pending,268976.64
CLM006436,POL04361,PRG011,TRT094,2026-07-26,Open,291213.89
CLM006437,POL07051,PRG021,TRT090,2026-07-23,Closed,39116.46
CLM006438,POL02040,PRG006,TRT080,2026-05-09,Pending,20207.37
CLM006439,POL05440,PRG012,TRT054,2026-03-02,Closed,74803.93
CLM006440,POL06418,PRG003,TRT100,2026-01-21,Closed,34748.69
CLM006441,POL00399,PRG016,TRT080,2026-03-07,Closed,217955.59
CLM006442,POL02908,PRG013,TRT050,2026-03-28,Open,192320.45
CLM006443,POL00866,PRG002,TRT054,2026-04-17,Closed,249840.31
CLM006444,POL07799,PRG022,TRT004,2026-02-02,Closed,225038.58
CLM006445,POL09965,PRG006,TRT063,2026-08-10,Pending,225159.34
CLM006446,POL09290,PRG023,TRT036,2026-03-30,Open,95499.54
CLM006447,POL01752,PRG004,TRT096,2026-03-09,Closed,283363.65
CLM006448,POL07324,PRG012,TRT080,2026-06-07,Closed,189646.11
CLM006449,POL08942,PRG008,TRT045,2026-06-11,Pending,238857.72
CLM006450,POL03778,PRG024,TRT096,2026-07-02,Closed,172366.27
CLM006451,POL05533,PRG012,TRT039,2026-02-16,Pending,278144.52
CLM006452,POL03524,PRG025,TRT005,2026-05-08,Pending,14397.4
CLM006453,POL09712,PRG015,TRT001,2026-08-24,Closed,50688.72
CLM006454,POL02669,PRG025,TRT040,2026-01-27,Pending,222863.18
CLM006455,POL06741,PRG018,TRT082,2026-02-07,Closed,260305.48
CLM006456,POL00523,PRG016,TRT066,2026-06-23,Closed,137106.67
CLM006457,POL00940,PRG002,TRT087,2026-02-04,Open,120971.88
CLM006458,POL02442,PRG005,TRT014,2026-02-01,Open,146691.96
CLM006459,POL01184,PRG025,TRT023,2026-05-18,Pending,121982.73
CLM006460,POL07948,PRG003,TRT099,2026-08-20,Pending,135190.53
CLM006461,POL00355,PRG023,TRT004,2026-06-06,Closed,80705.71
CLM006462,POL02707,PRG017,TRT056,2026-07-25,Open,181945.78
CLM006463,POL06694,PRG024,TRT030,2026-06-04,Closed,290322.29
CLM006464,POL07675,PRG002,TRT058,2026-06-11,Closed,165208.96
CLM006465,POL02200,PRG023,TRT066,2026-04-03,Closed,268851.81
CLM006466,POL04340,PRG013,TRT085,2026-04-13,Pending,40459.09
CLM006467,POL00274,PRG015,TRT004,2026-08-11,Pending,228578.95
CLM006468,POL01195,PRG002,TRT021,2026-06-01,Open,34312.93
CLM006469,POL09033,PRG007,TRT018,2026-01-07,Pending,67617.33
CLM006470,POL08588,PRG004,TRT016,2026-03-10,Closed,249116.73
CLM006471,POL06675,PRG002,TRT018,2026-08-09,Closed,91061.96
CLM006472,POL08491,PRG012,TRT057,2026-08-19,Closed,259938.75
CLM006473,POL01505,PRG003,TRT088,2026-03-18,Closed,265571.4
CLM006474,POL08868,PRG006,TRT067,2026-08-09,Open,194271.7
CLM006475,POL03629,PRG007,TRT004,2026-03-05,Open,294762.75
CLM006476,POL04762,PRG020,TRT050,2026-02-12,Pending,198422.4
CLM006477,POL03913,PRG022,TRT069,2026-03-31,Closed,7911.46
CLM006478,POL01070,PRG020,TRT017,2026-03-20,Open,48737.35
CLM006479,POL07739,PRG005,TRT046,2026-04-25,Pending,85740.37
CLM006480,POL09551,PRG005,TRT074,2026-04-20,Closed,42083.36
CLM006481,POL01464,PRG008,TRT024,2026-06-27,Open,14897.0
CLM006482,POL01342,PRG024,TRT044,2026-06-03,Closed,171726.12
CLM006483,POL00792,PRG020,TRT044,2026-07-22,Open,120114.8
CLM006484,POL01159,PRG006,TRT066,2026-05-08,Pending,146832.29
CLM006485,POL07292,PRG014,TRT013,2026-06-21,Open,153999.72
CLM006486,POL09675,PRG010,TRT061,2026-04-24,Open,261890.13
CLM006487,POL05054,PRG004,TRT011,2026-06-15,Pending,200953.55
CLM006488,POL08269,PRG014,TRT056,2026-01-29,Pending,28596.56
CLM006489,POL05521,PRG025,TRT019,2026-01-27,Open,97338.36
CLM006490,POL07696,PRG017,TRT060,2026-08-23,Pending,33993.96
CLM006491,POL06382,PRG006,TRT098,2026-03-25,Open,198573.21
CLM006492,POL07426,PRG006,TRT012,2026-01-14,Open,47777.86
CLM006493,POL04285,PRG017,TRT036,2026-07-18,Open,135194.33
CLM006494,POL06597,PRG009,TRT047,2026-04-22,Pending,79986.06
CLM006495,POL00018,PRG025,TRT080,2026-02-15,Pending,70964.41
CLM006496,POL05559,PRG020,TRT027,2026-07-04,Open,200267.31
CLM006497,POL00565,PRG009,TRT085,2026-07-10,Pending,24943.17
CLM006498,POL07088,PRG014,TRT075,2026-06-18,Pending,71492.53
CLM006499,POL08567,PRG016,TRT004,2026-02-01,Pending,18269.38
CLM006500,POL06966,PRG011,TRT004,2026-04-17,Pending,226299.08
CLM006501,POL06094,PRG005,TRT023,2026-03-08,Closed,130637.09
CLM006502,POL05113,PRG019,TRT049,2026-06-18,Pending,170647.71
CLM006503,POL01326,PRG008,TRT083,2026-03-19,Open,250487.79
CLM006504,POL03357,PRG018,TRT042,2026-05-16,Pending,206710.68
CLM006505,POL08309,PRG009,TRT094,2026-07-06,Pending,284795.9
CLM006506,POL02562,PRG009,TRT084,2026-03-31,Open,16425.25
CLM006507,POL05437,PRG015,TRT079,2026-02-20,Pending,77845.46
CLM006508,POL08061,PRG021,TRT072,2026-05-07,Closed,23121.68
CLM006509,POL07051,PRG021,TRT090,2026-07-13,Pending,136411.02
CLM006510,POL05838,PRG004,TRT005,2026-05-03,Closed,52913.83
CLM006511,POL03004,PRG005,TRT049,2026-02-22,Pending,51598.39
CLM006512,POL04953,PRG017,TRT048,2026-04-22,Open,24496.9
CLM006513,POL03384,PRG012,TRT012,2026-07-26,Closed,190284.56
CLM006514,POL09533,PRG003,TRT070,2026-05-30,Open,178692.55
CLM006515,POL09707,PRG008,TRT035,2026-04-18,Open,253604.88
CLM006516,POL07368,PRG009,TRT046,2026-08-11,Open,164388.04
CLM006517,POL06556,PRG013,TRT015,2026-04-27,Open,129793.25
CLM006518,POL09636,PRG022,TRT083,2026-03-30,Closed,224726.81
CLM006519,POL09382,PRG005,TRT085,2026-08-23,Pending,236333.31
CLM006520,POL03361,PRG023,TRT034,2026-04-11,Closed,72594.7
CLM006521,POL08627,PRG009,TRT005,2026-06-17,Closed,285705.79
CLM006522,POL06105,PRG013,TRT031,2026-08-07,Closed,71857.34
CLM006523,POL00425,PRG008,TRT077,2026-02-04,Open,36637.31
CLM006524,POL06387,PRG009,TRT019,2026-07-23,Open,34365.88
CLM006525,POL09516,PRG013,TRT043,2026-06-02,Open,187742.08
CLM006526,POL04534,PRG011,TRT067,2026-06-20,Pending,14995.16
CLM006527,POL00314,PRG010,TRT081,2026-01-06,Open,190342.84
CLM006528,POL05149,PRG021,TRT023,2026-07-30,Open,150817.1
CLM006529,POL04997,PRG018,TRT051,2026-07-27,Pending,52629.01
CLM006530,POL02641,PRG013,TRT004,2026-08-23,Open,25024.45
CLM006531,POL07841,PRG012,TRT010,2026-05-30,Open,66696.39
CLM006532,POL02324,PRG002,TRT098,2026-01-19,Open,51715.29
CLM006533,POL09484,PRG023,TRT011,2026-07-01,Pending,243049.07
CLM006534,POL01611,PRG015,TRT018,2026-03-09,Closed,157255.1
CLM006535,POL02280,PRG019,TRT061,2026-07-18,Open,235517.75
CLM006536,POL09349,PRG006,TRT070,2026-05-23,Pending,251214.38
CLM006537,POL00957,PRG015,TRT003,2026-06-30,Open,173609.21
CLM006538,POL07703,PRG015,TRT011,2026-07-06,Pending,84056.52
CLM006539,POL03103,PRG014,TRT028,2026-07-19,Closed,119556.81
CLM006540,POL07438,PRG013,TRT042,2026-04-28,Open,90961.81
CLM006541,POL05396,PRG007,TRT028,2026-05-06,Open,218312.7
CLM006542,POL08500,PRG022,TRT027,2026-05-03,Pending,229920.48
CLM006543,POL09444,PRG012,TRT082,2026-04-01,Closed,288378.11
CLM006544,POL01440,PRG006,TRT099,2026-01-22,Pending,203393.56
CLM006545,POL01952,PRG014,TRT060,2026-04-28,Closed,177844.48
CLM006546,POL00984,PRG024,TRT029,2026-02-13,Pending,242602.69
CLM006547,POL01302,PRG025,TRT009,2026-04-15,Closed,2979.01
CLM006548,POL09359,PRG013,TRT052,2026-03-03,Closed,215322.02
CLM006549,POL06485,PRG015,TRT087,2026-05-27,Closed,216340.04
CLM006550,POL05415,PRG008,TRT040,2026-08-04,Pending,288978.94
CLM006551,POL07538,PRG006,TRT075,2026-03-06,Open,258326.31
CLM006552,POL04394,PRG004,TRT030,2026-08-11,Open,262004.88
CLM006553,POL03326,PRG013,TRT088,2026-01-16,Closed,260883.39
CLM006554,POL01172,PRG008,TRT007,2026-01-03,Closed,113885.04
CLM006555,POL03421,PRG006,TRT011,2026-04-19,Closed,38805.77
CLM006556,POL09287,PRG025,TRT002,2026-04-04,Closed,278900.01
CLM006557,POL07961,PRG009,TRT046,2026-05-20,Open,131147.41
CLM006558,POL03647,PRG003,TRT029,2026-07-30,Open,68676.01
CLM006559,POL09083,PRG017,TRT099,2026-03-03,Pending,291757.47
CLM006560,POL02830,PRG004,TRT045,2026-04-17,Pending,90126.91
CLM006561,POL01807,PRG014,TRT088,2026-04-10,Open,18190.75
CLM006562,POL04380,PRG001,TRT042,2026-04-17,Open,166466.59
CLM006563,POL06460,PRG023,TRT071,2026-01-27,Closed,278111.32
CLM006564,POL09445,PRG018,TRT093,2026-01-03,Pending,151425.75
CLM006565,POL09782,PRG008,TRT036,2026-06-16,Closed,140087.12
CLM006566,POL07966,PRG020,TRT045,2026-01-02,Open,13321.82
CLM006567,POL05593,PRG012,TRT061,2026-03-31,Open,236954.22
CLM006568,POL06215,PRG025,TRT050,2026-04-04,Closed,101560.47
CLM006569,POL08110,PRG021,TRT077,2026-07-02,Closed,261994.72
CLM006570,POL05753,PRG022,TRT086,2026-03-27,Closed,245262.92
CLM006571,POL02378,PRG017,TRT082,2026-01-14,Pending,137283.83
CLM006572,POL05996,PRG019,TRT017,2026-05-15,Closed,98792.02
CLM006573,POL01106,PRG019,TRT096,2026-07-17,Pending,191381.88
CLM006574,POL08176,PRG017,TRT076,2026-06-21,Closed,125460.69
CLM006575,POL07232,PRG019,TRT008,2026-08-29,Closed,269912.17
CLM006576,POL01618,PRG016,TRT026,2026-06-21,Pending,209264.86
CLM006577,POL09581,PRG016,TRT011,2026-02-11,Closed,35071.57
CLM006578,POL01949,PRG009,TRT020,2026-06-25,Closed,188826.75
CLM006579,POL06704,PRG010,TRT029,2026-04-01,Pending,43360.95
CLM006580,POL02365,PRG019,TRT098,2026-03-06,Pending,49367.63
CLM006581,POL04395,PRG019,TRT001,2026-03-25,Pending,21009.49
CLM006582,POL00132,PRG011,TRT026,2026-03-04,Pending,49345.29
CLM006583,POL01289,PRG017,TRT009,2026-06-09,Closed,13200.72
CLM006584,POL06181,PRG002,TRT018,2026-01-09,Pending,227329.7
CLM006585,POL02830,PRG004,TRT045,2026-06-04,Open,250679.09
CLM006586,POL03272,PRG020,TRT070,2026-05-19,Open,256483.14
CLM006587,POL04443,PRG022,TRT096,2026-02-26,Open,194482.14
CLM006588,POL00967,PRG023,TRT020,2026-07-17,Closed,290187.17
CLM006589,POL07317,PRG016,TRT076,2026-08-07,Closed,72982.12
CLM006590,POL06661,PRG012,TRT030,2026-02-19,Pending,60600.67
CLM006591,POL07684,PRG023,TRT035,2026-02-02,Closed,70831.81
CLM006592,POL07870,PRG025,TRT025,2026-02-15,Closed,224052.81
CLM006593,POL09295,PRG006,TRT035,2026-07-26,Closed,12607.92
CLM006594,POL06951,PRG020,TRT008,2026-03-01,Pending,174611.48
CLM006595,POL08470,PRG002,TRT091,2026-05-20,Pending,132524.16
CLM006596,POL08175,PRG001,TRT044,2026-01-21,Open,39021.12
CLM006597,POL07285,PRG018,TRT098,2026-02-06,Pending,236329.39
CLM006598,POL08098,PRG009,TRT008,2026-05-08,Open,264947.25
CLM006599,POL01600,PRG003,TRT055,2026-01-01,Open,94025.22
CLM006600,POL07059,PRG007,TRT019,2026-06-22,Open,294196.19
CLM006601,POL06190,PRG008,TRT068,2026-03-31,Open,28246.45
CLM006602,POL07121,PRG015,TRT096,2026-05-24,Closed,208636.35
CLM006603,POL02415,PRG012,TRT017,2026-02-13,Closed,129599.09
CLM006604,POL04036,PRG011,TRT013,2026-04-19,Open,211574.79
CLM006605,POL08198,PRG008,TRT049,2026-04-15,Closed,251280.56
CLM006606,POL02391,PRG016,TRT080,2026-05-01,Pending,216048.86
CLM006607,POL03120,PRG007,TRT085,2026-07-03,Open,211685.79
CLM006608,POL02057,PRG007,TRT083,2026-02-11,Closed,287299.56
CLM006609,POL09880,PRG002,TRT039,2026-07-13,Pending,230446.67
CLM006610,POL03737,PRG017,TRT050,2026-03-09,Closed,214151.7
CLM006611,POL06606,PRG004,TRT004,2026-03-05,Pending,83101.42
CLM006612,POL07442,PRG010,TRT094,2026-05-08,Pending,119701.88
CLM006613,POL04909,PRG015,TRT051,2026-08-02,Closed,131605.52
CLM006614,POL09612,PRG002,TRT076,2026-06-15,Pending,108299.77
CLM006615,POL08826,PRG013,TRT023,2026-02-02,Closed,97031.0
CLM006616,POL01918,PRG001,TRT063,2026-07-08,Open,72701.73
CLM006617,POL01197,PRG009,TRT075,2026-06-07,Pending,194722.74
CLM006618,POL01515,PRG022,TRT048,2026-05-17,Open,134233.84
CLM006619,POL09855,PRG015,TRT088,2026-03-31,Closed,130285.08
CLM006620,POL03979,PRG017,TRT084,2026-02-03,Open,93548.83
CLM006621,POL06084,PRG017,TRT094,2026-06-30,Closed,102054.52
CLM006622,POL00267,PRG021,TRT099,2026-03-30,Closed,287655.85
CLM006623,POL09856,PRG017,TRT016,2026-05-20,Pending,103223.61
CLM006624,POL07727,PRG008,TRT067,2026-05-21,Pending,178474.64
CLM006625,POL02291,PRG014,TRT020,2026-02-27,Closed,195965.57
CLM006626,POL01960,PRG003,TRT040,2026-02-06,Pending,235690.29
CLM006627,POL04840,PRG024,TRT062,2026-07-16,Open,253488.74
CLM006628,POL09954,PRG009,TRT039,2026-05-15,Closed,107424.45
CLM006629,POL01114,PRG007,TRT024,2026-01-29,Open,202190.99
CLM006630,POL00293,PRG009,TRT089,2026-02-23,Pending,101570.06
CLM006631,POL06153,PRG004,TRT041,2026-05-29,Pending,172084.58
CLM006632,POL00047,PRG015,TRT029,2026-02-10,Pending,187078.79
CLM006633,POL03590,PRG025,TRT069,2026-02-14,Closed,23257.41
CLM006634,POL06127,PRG013,TRT098,2026-05-11,Closed,2235.23
CLM006635,POL09368,PRG002,TRT091,2026-02-05,Pending,167740.7
CLM006636,POL05941,PRG001,TRT045,2026-04-11,Open,13104.96
CLM006637,POL00153,PRG011,TRT022,2026-01-06,Open,284464.76
CLM006638,POL01621,PRG024,TRT019,2026-05-30,Open,50615.0
CLM006639,POL02853,PRG006,TRT039,2026-02-08,Pending,253736.86
CLM006640,POL02661,PRG010,TRT004,2026-08-18,Closed,85784.12
CLM006641,POL04252,PRG010,TRT025,2026-03-16,Pending,157379.9
CLM006642,POL02017,PRG017,TRT019,2026-05-03,Closed,28467.47
CLM006643,POL08365,PRG006,TRT033,2026-01-23,Open,65179.54
CLM006644,POL03907,PRG015,TRT075,2026-06-16,Closed,211111.64
CLM006645,POL00094,PRG012,TRT093,2026-05-12,Open,297388.97
CLM006646,POL03132,PRG001,TRT089,2026-02-24,Pending,159989.56
CLM006647,POL02298,PRG010,TRT080,2026-01-04,Closed,279514.92
CLM006648,POL06032,PRG010,TRT002,2026-05-18,Open,245465.27
CLM006649,POL01293,PRG009,TRT048,2026-03-26,Pending,101517.08
CLM006650,POL02540,PRG008,TRT019,2026-08-11,Pending,295428.31
CLM006651,POL00940,PRG002,TRT087,2026-01-05,Closed,292412.61
CLM006652,POL05092,PRG002,TRT011,2026-02-11,Pending,161775.41
CLM006653,POL09856,PRG017,TRT016,2026-07-30,Open,123227.75
CLM006654,POL02109,PRG006,TRT096,2026-08-25,Open,203990.11
CLM006655,POL01687,PRG012,TRT064,2026-02-11,Pending,59724.06
CLM006656,POL05773,PRG020,TRT092,2026-07-05,Open,157220.21
CLM006657,POL08327,PRG005,TRT056,2026-03-20,Open,269595.9
CLM006658,POL09335,PRG005,TRT031,2026-03-07,Pending,90979.69
CLM006659,POL00439,PRG008,TRT018,2026-02-22,Pending,52278.65
CLM006660,POL06211,PRG017,TRT045,2026-08-11,Open,86997.55
CLM006661,POL03675,PRG019,TRT024,2026-04-13,Pending,153643.87
CLM006662,POL01128,PRG001,TRT058,2026-06-07,Open,15959.03
CLM006663,POL00275,PRG020,TRT061,2026-07-10,Closed,103749.82
CLM006664,POL05867,PRG011,TRT034,2026-06-02,Closed,163442.48
CLM006665,POL04321,PRG006,TRT083,2026-07-27,Closed,275553.84
CLM006666,POL07963,PRG021,TRT029,2026-04-04,Closed,71183.18
CLM006667,POL03080,PRG013,TRT017,2026-07-29,Closed,203970.72
CLM006668,POL00856,PRG001,TRT061,2026-01-16,Open,194225.94
CLM006669,POL00930,PRG003,TRT077,2026-02-07,Pending,278627.83
CLM006670,POL07765,PRG005,TRT012,2026-05-04,Pending,236887.33
CLM006671,POL05556,PRG020,TRT070,2026-05-10,Pending,161960.44
CLM006672,POL07245,PRG016,TRT078,2026-08-05,Pending,53633.8
CLM006673,POL07755,PRG020,TRT072,2026-07-17,Open,143360.11
CLM006674,POL07435,PRG024,TRT005,2026-06-14,Open,45803.96
CLM006675,POL02276,PRG011,TRT053,2026-07-10,Open,99561.82
CLM006676,POL03019,PRG009,TRT062,2026-02-07,Closed,251693.71
CLM006677,POL09679,PRG001,TRT013,2026-05-05,Open,198285.02
CLM006678,POL03769,PRG005,TRT075,2026-02-01,Open,133941.28
CLM006679,POL09023,PRG004,TRT081,2026-07-08,Open,261098.27
CLM006680,POL05490,PRG024,TRT060,2026-08-02,Closed,111857.98
CLM006681,POL05578,PRG002,TRT065,2026-08-28,Pending,51612.57
CLM006682,POL07033,PRG011,TRT079,2026-05-06,Closed,270019.44
CLM006683,POL01390,PRG003,TRT038,2026-06-15,Open,273401.41
CLM006684,POL02437,PRG016,TRT011,2026-03-16,Closed,186983.32
CLM006685,POL02070,PRG010,TRT039,2026-07-14,Pending,221515.59
CLM006686,POL07761,PRG016,TRT081,2026-03-26,Closed,188425.7
CLM006687,POL00394,PRG011,TRT098,2026-04-11,Closed,153014.09
CLM006688,POL05721,PRG025,TRT093,2026-01-20,Closed,245481.29
CLM006689,POL05378,PRG015,TRT030,2026-04-14,Closed,131217.33
CLM006690,POL04908,PRG022,TRT033,2026-03-29,Open,264810.74
CLM006691,POL00929,PRG021,TRT009,2026-04-04,Open,49359.12
CLM006692,POL06147,PRG017,TRT035,2026-02-03,Open,289923.21
CLM006693,POL05802,PRG008,TRT019,2026-01-07,Closed,186261.29
CLM006694,POL02701,PRG015,TRT019,2026-01-14,Pending,128771.34
CLM006695,POL06719,PRG023,TRT015,2026-06-14,Pending,164475.02
CLM006696,POL01648,PRG013,TRT052,2026-08-14,Pending,96741.2
CLM006697,POL08569,PRG016,TRT015,2026-05-13,Pending,254084.4
CLM006698,POL01884,PRG003,TRT022,2026-05-11,Open,126144.43
CLM006699,POL08031,PRG015,TRT047,2026-05-15,Pending,50811.2
CLM006700,POL03199,PRG008,TRT032,2026-06-12,Pending,224357.27
CLM006701,POL07953,PRG022,TRT056,2026-08-28,Closed,7011.8
CLM006702,POL01635,PRG018,TRT024,2026-04-11,Closed,128858.63
CLM006703,POL02841,PRG011,TRT006,2026-08-03,Open,129715.58
CLM006704,POL08642,PRG021,TRT026,2026-04-19,Open,51226.79
CLM006705,POL03333,PRG010,TRT034,2026-06-18,Open,97590.96
CLM006706,POL02774,PRG022,TRT035,2026-05-23,Closed,271988.74
CLM006707,POL08890,PRG009,TRT047,2026-08-10,Pending,195673.81
CLM006708,POL07945,PRG015,TRT068,2026-08-06,Open,95861.44
CLM006709,POL04681,PRG002,TRT008,2026-03-22,Open,152217.56
CLM006710,POL06457,PRG022,TRT093,2026-02-13,Pending,118186.96
CLM006711,POL06189,PRG015,TRT011,2026-08-01,Closed,49947.9
CLM006712,POL08464,PRG003,TRT040,2026-03-17,Open,44861.48
CLM006713,POL01910,PRG016,TRT015,2026-05-22,Open,28823.7
CLM006714,POL09382,PRG005,TRT085,2026-08-14,Open,289887.15
CLM006715,POL00857,PRG003,TRT080,2026-04-27,Open,141433.55
CLM006716,POL02187,PRG003,TRT078,2026-06-01,Pending,155641.23
CLM006717,POL06812,PRG007,TRT063,2026-05-04,Pending,228641.66
CLM006718,POL00038,PRG018,TRT050,2026-03-03,Open,262410.79
CLM006719,POL07858,PRG004,TRT004,2026-08-01,Closed,93942.6
CLM006720,POL00952,PRG004,TRT041,2026-02-21,Open,236376.61
CLM006721,POL05295,PRG020,TRT076,2026-05-18,Open,238073.31
CLM006722,POL05011,PRG021,TRT033,2026-02-25,Open,12157.56
CLM006723,POL03474,PRG018,TRT058,2026-03-31,Open,198485.94
CLM006724,POL01586,PRG017,TRT099,2026-01-20,Closed,16258.51
CLM006725,POL03413,PRG010,TRT049,2026-06-15,Closed,14856.34
CLM006726,POL08091,PRG020,TRT047,2026-03-25,Open,189257.48
CLM006727,POL05291,PRG003,TRT048,2026-07-03,Pending,276798.21
CLM006728,POL09753,PRG010,TRT043,2026-01-01,Open,268160.26
CLM006729,POL00052,PRG012,TRT096,2026-04-05,Open,79661.41
CLM006730,POL01223,PRG019,TRT041,2026-02-11,Open,43241.95
CLM006731,POL04218,PRG002,TRT041,2026-07-27,Pending,285112.09
CLM006732,POL03633,PRG020,TRT066,2026-06-14,Pending,125377.26
CLM006733,POL00075,PRG021,TRT011,2026-01-20,Pending,95852.72
CLM006734,POL06616,PRG009,TRT046,2026-05-07,Closed,34401.36
CLM006735,POL07074,PRG025,TRT058,2026-05-11,Closed,137593.89
CLM006736,POL06584,PRG014,TRT085,2026-03-06,Closed,119253.69
CLM006737,POL05588,PRG004,TRT096,2026-08-07,Pending,240263.12
CLM006738,POL04499,PRG024,TRT010,2026-08-15,Open,278933.32
CLM006739,POL01296,PRG021,TRT080,2026-02-24,Open,237231.34
CLM006740,POL04319,PRG009,TRT067,2026-06-11,Pending,158147.42
CLM006741,POL02665,PRG014,TRT064,2026-01-30,Pending,61477.34
CLM006742,POL03938,PRG004,TRT074,2026-03-25,Pending,183390.11
CLM006743,POL05169,PRG004,TRT042,2026-03-23,Closed,292459.95
CLM006744,POL03844,PRG020,TRT051,2026-03-03,Open,173826.88
CLM006745,POL08483,PRG017,TRT052,2026-04-29,Pending,274726.95
CLM006746,POL04748,PRG007,TRT083,2026-08-05,Closed,73352.71
CLM006747,POL04453,PRG016,TRT092,2026-06-11,Open,293865.29
CLM006748,POL00095,PRG007,TRT037,2026-04-21,Closed,182154.6
CLM006749,POL02079,PRG013,TRT059,2026-05-08,Pending,30716.63
CLM006750,POL09931,PRG024,TRT041,2026-02-01,Open,48285.49
CLM006751,POL01657,PRG014,TRT083,2026-01-14,Pending,189290.47
CLM006752,POL08692,PRG005,TRT018,2026-06-09,Pending,8071.75
CLM006753,POL07857,PRG019,TRT058,2026-05-20,Closed,279117.95
CLM006754,POL08466,PRG024,TRT054,2026-01-06,Open,293866.56
CLM006755,POL09326,PRG014,TRT030,2026-08-25,Closed,177139.48
CLM006756,POL02014,PRG013,TRT013,2026-03-17,Open,285387.05
CLM006757,POL08478,PRG017,TRT003,2026-08-18,Open,2778.23
CLM006758,POL06979,PRG005,TRT016,2026-02-19,Closed,208110.22
CLM006759,POL05598,PRG012,TRT079,2026-01-02,Pending,175590.75
CLM006760,POL01900,PRG008,TRT065,2026-04-19,Pending,32889.69
CLM006761,POL09446,PRG010,TRT021,2026-06-01,Open,240504.23
CLM006762,POL09403,PRG013,TRT009,2026-04-16,Pending,153302.23
CLM006763,POL06592,PRG022,TRT008,2026-02-23,Pending,161204.1
CLM006764,POL08440,PRG001,TRT045,2026-08-01,Pending,41307.92
CLM006765,POL01057,PRG009,TRT079,2026-03-28,Pending,181083.78
CLM006766,POL08069,PRG001,TRT080,2026-06-24,Closed,15903.8
CLM006767,POL08639,PRG021,TRT052,2026-05-15,Pending,210446.3
CLM006768,POL04658,PRG002,TRT070,2026-05-21,Pending,85821.86
CLM006769,POL02991,PRG023,TRT055,2026-08-07,Closed,232562.64
CLM006770,POL02987,PRG014,TRT043,2026-04-22,Open,138310.49
CLM006771,POL02072,PRG011,TRT048,2026-07-14,Pending,18566.79
CLM006772,POL06963,PRG018,TRT078,2026-03-14,Closed,70196.19
CLM006773,POL08978,PRG004,TRT067,2026-01-05,Open,34770.0
CLM006774,POL03746,PRG009,TRT092,2026-01-09,Pending,88897.89
CLM006775,POL01733,PRG010,TRT052,2026-03-24,Pending,210232.1
CLM006776,POL00507,PRG005,TRT084,2026-05-19,Open,4654.22
CLM006777,POL06217,PRG010,TRT050,2026-06-11,Pending,255115.99
CLM006778,POL02236,PRG015,TRT017,2026-06-23,Closed,207823.5
CLM006779,POL00260,PRG019,TRT027,2026-06-17,Open,86055.48
CLM006780,POL05567,PRG007,TRT053,2026-05-06,Pending,70400.87
CLM006781,POL06910,PRG003,TRT043,2026-08-26,Open,31724.08
CLM006782,POL00304,PRG016,TRT003,2026-03-16,Closed,49237.81
CLM006783,POL05229,PRG003,TRT035,2026-03-10,Open,288294.71
CLM006784,POL05108,PRG022,TRT027,2026-06-05,Open,7176.65
CLM006785,POL08932,PRG004,TRT037,2026-03-07,Open,136587.6
CLM006786,POL00666,PRG025,TRT071,2026-04-05,Closed,164306.5
CLM006787,POL03119,PRG021,TRT094,2026-05-13,Pending,155509.9
CLM006788,POL07897,PRG002,TRT039,2026-04-14,Closed,269783.34
CLM006789,POL02288,PRG015,TRT008,2026-04-10,Pending,62385.96
CLM006790,POL09310,PRG011,TRT009,2026-05-23,Pending,206680.37
CLM006791,POL03856,PRG013,TRT022,2026-01-01,Pending,91701.15
CLM006792,POL03797,PRG017,TRT007,2026-01-01,Open,132460.95
CLM006793,POL04092,PRG003,TRT022,2026-02-08,Closed,225375.81
CLM006794,POL09530,PRG022,TRT066,2026-02-17,Closed,134818.9
CLM006795,POL04263,PRG016,TRT070,2026-01-24,Pending,50708.83
CLM006796,POL08094,PRG020,TRT073,2026-05-21,Open,263933.28
CLM006797,POL00209,PRG007,TRT038,2026-02-15,Open,252960.13
CLM006798,POL07395,PRG010,TRT034,2026-03-25,Open,153122.98
CLM006799,POL08733,PRG019,TRT019,2026-02-09,Open,211085.61
CLM006800,POL07507,PRG024,TRT011,2026-05-08,Open,169684.01
CLM006801,POL05328,PRG013,TRT027,2026-01-11,Closed,40932.85
CLM006802,POL00490,PRG020,TRT006,2026-02-07,Open,182270.4
CLM006803,POL02978,PRG013,TRT081,2026-06-20,Pending,106096.91
CLM006804,POL00738,PRG013,TRT085,2026-03-08,Closed,79251.67
CLM006805,POL06948,PRG007,TRT031,2026-07-06,Pending,178073.12
CLM006806,POL04488,PRG022,TRT006,2026-03-02,Open,269138.82
CLM006807,POL05046,PRG017,TRT065,2026-07-07,Open,5094.27
CLM006808,POL07587,PRG008,TRT035,2026-05-05,Pending,90526.09
CLM006809,POL09361,PRG008,TRT080,2026-08-26,Closed,163946.27
CLM006810,POL01157,PRG018,TRT094,2026-04-17,Closed,265119.92
CLM006811,POL08434,PRG010,TRT088,2026-03-07,Open,129932.35
CLM006812,POL03636,PRG005,TRT039,2026-06-17,Closed,78078.52
CLM006813,POL09119,PRG017,TRT050,2026-07-21,Pending,54350.0
CLM006814,POL04538,PRG011,TRT013,2026-02-08,Open,212610.63
CLM006815,POL06127,PRG013,TRT098,2026-01-27,Closed,101102.95
CLM006816,POL02481,PRG007,TRT059,2026-01-11,Pending,229829.32
CLM006817,POL05461,PRG007,TRT099,2026-04-22,Closed,294261.83
CLM006818,POL09990,PRG020,TRT023,2026-06-15,Closed,251701.17
CLM006819,POL00663,PRG008,TRT096,2026-01-12,Pending,48504.26
CLM006820,POL00737,PRG018,TRT036,2026-01-02,Open,40371.05
CLM006821,POL09750,PRG021,TRT091,2026-02-13,Closed,116511.09
CLM006822,POL06037,PRG016,TRT010,2026-05-29,Open,96050.41
CLM006823,POL08356,PRG019,TRT005,2026-05-05,Open,158783.2
CLM006824,POL00651,PRG001,TRT082,2026-06-14,Pending,42921.97
CLM006825,POL04281,PRG009,TRT085,2026-03-23,Pending,266669.57
CLM006826,POL09551,PRG005,TRT074,2026-03-29,Open,79620.66
CLM006827,POL01009,PRG002,TRT057,2026-08-03,Closed,157282.92
CLM006828,POL03694,PRG020,TRT067,2026-04-08,Open,185056.57
CLM006829,POL02786,PRG019,TRT037,2026-01-24,Pending,5707.41
CLM006830,POL02384,PRG017,TRT075,2026-02-25,Closed,239763.58
CLM006831,POL00002,PRG025,TRT050,2026-01-11,Closed,30561.07
CLM006832,POL07353,PRG012,TRT038,2026-03-23,Open,88751.23
CLM006833,POL00112,PRG016,TRT032,2026-01-24,Pending,268476.79
CLM006834,POL06895,PRG005,TRT081,2026-08-06,Open,257710.93
CLM006835,POL00300,PRG022,TRT071,2026-07-18,Closed,295011.15
CLM006836,POL06103,PRG005,TRT054,2026-06-15,Closed,263608.29
CLM006837,POL07996,PRG005,TRT012,2026-05-26,Pending,87504.64
CLM006838,POL04860,PRG022,TRT075,2026-01-30,Pending,67049.72
CLM006839,POL03948,PRG001,TRT026,2026-04-04,Open,285811.15
CLM006840,POL09163,PRG002,TRT070,2026-04-28,Open,197034.99
CLM006841,POL05178,PRG005,TRT083,2026-06-13,Pending,71928.42
CLM006842,POL05061,PRG016,TRT086,2026-05-30,Pending,214016.69
CLM006843,POL01550,PRG011,TRT061,2026-08-09,Open,274188.16
CLM006844,POL00108,PRG001,TRT043,2026-07-20,Open,230219.06
CLM006845,POL04765,PRG020,TRT016,2026-04-28,Open,274917.7
CLM006846,POL01943,PRG006,TRT089,2026-08-24,Pending,170889.68
CLM006847,POL04781,PRG022,TRT005,2026-06-04,Closed,251107.17
CLM006848,POL03207,PRG002,TRT044,2026-06-23,Closed,17555.06
CLM006849,POL00612,PRG014,TRT028,2026-02-15,Open,282453.48
CLM006850,POL05366,PRG002,TRT002,2026-05-05,Pending,79749.87
CLM006851,POL07785,PRG025,TRT014,2026-03-12,Pending,81934.37
CLM006852,POL08296,PRG021,TRT054,2026-03-06,Closed,43306.74
CLM006853,POL00786,PRG017,TRT092,2026-01-10,Pending,251830.51
CLM006854,POL04180,PRG001,TRT008,2026-04-24,Open,193213.82
CLM006855,POL06161,PRG023,TRT004,2026-07-09,Open,127394.71
CLM006856,POL00935,PRG002,TRT057,2026-03-15,Pending,181448.93
CLM006857,POL03300,PRG008,TRT063,2026-02-16,Closed,74377.52
CLM006858,POL04706,PRG019,TRT070,2026-03-05,Pending,162592.63
CLM006859,POL04180,PRG001,TRT008,2026-05-15,Open,45200.96
CLM006860,POL03403,PRG003,TRT021,2026-04-03,Open,169668.91
CLM006861,POL03877,PRG012,TRT073,2026-01-13,Closed,230721.98
CLM006862,POL07470,PRG018,TRT089,2026-03-12,Open,292793.54
CLM006863,POL05838,PRG004,TRT005,2026-05-08,Closed,102549.61
CLM006864,POL08554,PRG004,TRT015,2026-03-02,Pending,149370.99
CLM006865,POL07076,PRG015,TRT061,2026-04-03,Closed,166016.96
CLM006866,POL00855,PRG021,TRT067,2026-01-30,Closed,246921.68
CLM006867,POL01421,PRG012,TRT078,2026-08-13,Open,80387.36
CLM006868,POL05050,PRG011,TRT022,2026-01-16,Closed,186403.12
CLM006869,POL03835,PRG005,TRT062,2026-04-22,Open,8706.05
CLM006870,POL01997,PRG023,TRT024,2026-01-02,Open,77073.41
CLM006871,POL03943,PRG006,TRT048,2026-05-05,Pending,58205.15
CLM006872,POL08035,PRG007,TRT038,2026-03-08,Pending,216632.92
CLM006873,POL06627,PRG016,TRT093,2026-02-14,Closed,245919.98
CLM006874,POL06788,PRG024,TRT020,2026-07-28,Closed,40008.91
CLM006875,POL08090,PRG001,TRT016,2026-06-30,Pending,180987.77
CLM006876,POL08790,PRG024,TRT020,2026-03-08,Open,214843.11
CLM006877,POL09557,PRG023,TRT033,2026-04-13,Pending,126776.43
CLM006878,POL04330,PRG004,TRT031,2026-05-07,Pending,160582.59
CLM006879,POL05228,PRG022,TRT020,2026-05-21,Pending,124128.51
CLM006880,POL03502,PRG020,TRT052,2026-01-09,Open,271557.06
CLM006881,POL04545,PRG005,TRT099,2026-01-17,Open,35216.33
CLM006882,POL07022,PRG003,TRT004,2026-02-06,Closed,282420.8
CLM006883,POL07188,PRG017,TRT062,2026-03-12,Open,33674.01
CLM006884,POL03061,PRG015,TRT039,2026-06-25,Pending,40288.57
CLM006885,POL06344,PRG024,TRT069,2026-05-28,Closed,216118.94
CLM006886,POL07225,PRG013,TRT040,2026-07-11,Pending,103991.57
CLM006887,POL05796,PRG019,TRT039,2026-08-27,Pending,124784.51
CLM006888,POL01689,PRG021,TRT084,2026-08-17,Closed,45676.02
CLM006889,POL05745,PRG024,TRT044,2026-01-03,Closed,66971.12
CLM006890,POL07314,PRG012,TRT051,2026-08-12,Pending,179845.13
CLM006891,POL03364,PRG016,TRT039,2026-02-16,Closed,5391.89
CLM006892,POL03792,PRG011,TRT058,2026-06-05,Open,42958.36
CLM006893,POL08416,PRG002,TRT069,2026-03-06,Closed,131292.15
CLM006894,POL08144,PRG008,TRT043,2026-08-26,Pending,269726.04
CLM006895,POL05778,PRG019,TRT085,2026-05-11,Open,223175.6
CLM006896,POL06749,PRG003,TRT052,2026-01-03,Open,210763.97
CLM006897,POL03018,PRG010,TRT019,2026-02-16,Open,59019.43
CLM006898,POL00757,PRG006,TRT049,2026-03-19,Open,4626.17
CLM006899,POL08794,PRG004,TRT064,2026-05-21,Closed,182648.84
CLM006900,POL09957,PRG011,TRT040,2026-03-03,Open,99758.69
CLM006901,POL05064,PRG016,TRT001,2026-04-06,Closed,196521.24
CLM006902,POL07372,PRG009,TRT030,2026-02-16,Pending,248202.87
CLM006903,POL00548,PRG024,TRT097,2026-01-16,Open,102977.69
CLM006904,POL00753,PRG010,TRT035,2026-08-04,Open,186670.89
CLM006905,POL02540,PRG008,TRT019,2026-07-23,Pending,120844.67
CLM006906,POL05513,PRG020,TRT073,2026-04-27,Open,232757.25
CLM006907,POL04635,PRG004,TRT037,2026-08-01,Open,5581.98
CLM006908,POL01442,PRG002,TRT100,2026-04-26,Open,7420.31
CLM006909,POL07895,PRG002,TRT035,2026-03-04,Open,93854.47
CLM006910,POL08105,PRG001,TRT096,2026-02-26,Pending,293610.03
CLM006911,POL04961,PRG023,TRT089,2026-06-02,Pending,44752.61
CLM006912,POL06448,PRG025,TRT096,2026-04-30,Closed,99549.73
CLM006913,POL04899,PRG012,TRT025,2026-06-17,Open,190956.22
CLM006914,POL04589,PRG007,TRT056,2026-04-10,Pending,213732.05
CLM006915,POL03475,PRG023,TRT050,2026-04-04,Open,45475.4
CLM006916,POL08783,PRG012,TRT055,2026-05-30,Closed,32683.94
CLM006917,POL07923,PRG016,TRT094,2026-02-15,Open,25424.86
CLM006918,POL03109,PRG017,TRT012,2026-07-15,Pending,198199.08
CLM006919,POL04174,PRG007,TRT047,2026-02-12,Pending,177715.52
CLM006920,POL02635,PRG024,TRT084,2026-06-26,Open,151990.28
CLM006921,POL00071,PRG023,TRT026,2026-02-05,Pending,2803.09
CLM006922,POL01663,PRG019,TRT042,2026-01-05,Closed,245144.38
CLM006923,POL03263,PRG021,TRT021,2026-01-10,Closed,133562.62
CLM006924,POL08752,PRG021,TRT068,2026-01-06,Closed,194683.72
CLM006925,POL04042,PRG021,TRT068,2026-05-26,Closed,25905.31
CLM006926,POL02929,PRG015,TRT042,2026-02-15,Closed,219385.45
CLM006927,POL08968,PRG022,TRT019,2026-06-10,Closed,95501.84
CLM006928,POL09964,PRG019,TRT036,2026-07-05,Pending,282931.49
CLM006929,POL02676,PRG015,TRT057,2026-08-04,Closed,17242.77
CLM006930,POL01481,PRG022,TRT049,2026-08-05,Open,175124.7
CLM006931,POL01375,PRG001,TRT044,2026-08-02,Open,222736.75
CLM006932,POL03342,PRG020,TRT080,2026-08-07,Closed,204257.08
CLM006933,POL09258,PRG019,TRT098,2026-03-19,Open,30956.31
CLM006934,POL08802,PRG008,TRT014,2026-06-05,Closed,146219.53
CLM006935,POL07430,PRG022,TRT005,2026-06-22,Open,189585.95
CLM006936,POL00562,PRG018,TRT026,2026-06-25,Pending,96042.68
CLM006937,POL03648,PRG014,TRT082,2026-08-27,Pending,261216.24
CLM006938,POL08083,PRG015,TRT056,2026-08-05,Pending,21970.7
CLM006939,POL08012,PRG010,TRT091,2026-02-26,Pending,202477.92
CLM006940,POL05839,PRG012,TRT059,2026-03-28,Pending,128000.71
CLM006941,POL03788,PRG001,TRT066,2026-01-29,Open,297668.61
CLM006942,POL01203,PRG002,TRT057,2026-05-26,Closed,148584.54
CLM006943,POL05685,PRG024,TRT006,2026-03-22,Closed,88678.77
CLM006944,POL03135,PRG007,TRT030,2026-02-16,Pending,97664.72
CLM006945,POL05285,PRG025,TRT092,2026-05-10,Pending,65934.21
CLM006946,POL04246,PRG015,TRT070,2026-02-08,Pending,85965.53
CLM006947,POL00681,PRG010,TRT059,2026-01-27,Pending,242856.48
CLM006948,POL00328,PRG016,TRT014,2026-06-05,Pending,244049.05
CLM006949,POL01083,PRG004,TRT089,2026-01-18,Open,231533.06
CLM006950,POL03015,PRG021,TRT039,2026-06-25,Closed,86754.97
CLM006951,POL09461,PRG017,TRT090,2026-04-26,Open,26671.76
CLM006952,POL02917,PRG024,TRT089,2026-04-05,Pending,245414.8
CLM006953,POL07953,PRG022,TRT056,2026-07-23,Pending,269398.28
CLM006954,POL03504,PRG006,TRT035,2026-06-10,Open,79047.28
CLM006955,POL03550,PRG002,TRT076,2026-03-04,Pending,57494.6
CLM006956,POL08770,PRG005,TRT013,2026-08-16,Closed,142229.39
CLM006957,POL06939,PRG009,TRT020,2026-06-15,Closed,294635.11
CLM006958,POL06260,PRG022,TRT016,2026-03-06,Pending,245758.73
CLM006959,POL05000,PRG013,TRT098,2026-05-01,Open,34384.12
CLM006960,POL09803,PRG005,TRT061,2026-07-27,Pending,78700.47
CLM006961,POL05200,PRG025,TRT011,2026-04-29,Closed,19765.53
CLM006962,POL07389,PRG009,TRT033,2026-03-24,Pending,169523.45
CLM006963,POL00969,PRG001,TRT046,2026-06-06,Pending,146986.61
CLM006964,POL01175,PRG009,TRT019,2026-01-04,Closed,38473.47
CLM006965,POL01487,PRG010,TRT050,2026-06-28,Closed,94281.11
CLM006966,POL07370,PRG001,TRT080,2026-02-25,Open,286548.93
CLM006967,POL00369,PRG008,TRT073,2026-03-30,Closed,149338.73
CLM006968,POL05408,PRG019,TRT061,2026-05-28,Closed,191349.71
CLM006969,POL09200,PRG009,TRT030,2026-08-07,Open,41197.24
CLM006970,POL01832,PRG010,TRT088,2026-04-16,Pending,261985.52
CLM006971,POL00646,PRG024,TRT026,2026-05-26,Pending,295870.69
CLM006972,POL03190,PRG006,TRT060,2026-05-29,Open,226846.83
CLM006973,POL06275,PRG014,TRT038,2026-06-01,Pending,118719.52
CLM006974,POL06508,PRG003,TRT055,2026-02-22,Closed,264358.48
CLM006975,POL06546,PRG011,TRT052,2026-02-07,Pending,262713.68
CLM006976,POL03256,PRG015,TRT098,2026-03-15,Open,145838.84
CLM006977,POL02707,PRG017,TRT056,2026-06-18,Open,34491.73
CLM006978,POL09316,PRG022,TRT010,2026-06-06,Pending,182494.64
CLM006979,POL02898,PRG021,TRT016,2026-05-30,Pending,187812.86
CLM006980,POL02823,PRG024,TRT098,2026-07-07,Closed,252176.74
CLM006981,POL08426,PRG004,TRT041,2026-06-23,Open,270986.33
CLM006982,POL04489,PRG019,TRT043,2026-07-23,Pending,36997.4
CLM006983,POL03842,PRG007,TRT003,2026-07-24,Closed,293135.57
CLM006984,POL04265,PRG010,TRT019,2026-07-23,Open,291562.49
CLM006985,POL05217,PRG006,TRT002,2026-07-01,Closed,8030.5
CLM006986,POL07111,PRG006,TRT032,2026-01-09,Closed,200740.99
CLM006987,POL03492,PRG004,TRT100,2026-01-01,Open,284242.5
CLM006988,POL02384,PRG017,TRT075,2026-04-08,Open,125787.29
CLM006989,POL01975,PRG009,TRT085,2026-05-12,Open,182254.77
CLM006990,POL03007,PRG017,TRT019,2026-03-05,Closed,94424.46
CLM006991,POL07071,PRG003,TRT037,2026-06-16,Pending,88977.81
CLM006992,POL05345,PRG019,TRT022,2026-04-16,Pending,52334.87
CLM006993,POL02357,PRG023,TRT059,2026-07-24,Closed,160809.89
CLM006994,POL05513,PRG020,TRT073,2026-08-19,Closed,219016.69
CLM006995,POL06765,PRG004,TRT095,2026-03-18,Pending,62128.0
CLM006996,POL07318,PRG001,TRT098,2026-05-09,Open,260112.7
CLM006997,POL02774,PRG022,TRT035,2026-07-16,Pending,286231.33
CLM006998,POL04704,PRG008,TRT032,2026-04-13,Pending,151219.3
CLM006999,POL04601,PRG013,TRT069,2026-07-27,Pending,60797.41
CLM007000,POL09744,PRG023,TRT002,2026-07-10,Open,223081.88
CLM007001,POL05905,PRG013,TRT009,2026-05-27,Open,77325.81
CLM007002,POL02717,PRG023,TRT026,2026-05-17,Pending,281538.53
CLM007003,POL08554,PRG004,TRT015,2026-04-17,Closed,219542.72
CLM007004,POL07148,PRG002,TRT059,2026-03-14,Closed,239368.45
CLM007005,POL00976,PRG011,TRT061,2026-03-16,Open,283171.62
CLM007006,POL08721,PRG016,TRT005,2026-06-14,Pending,250939.31
CLM007007,POL07684,PRG023,TRT035,2026-05-28,Pending,21709.96
CLM007008,POL04738,PRG004,TRT072,2026-08-18,Closed,158700.66
CLM007009,POL06525,PRG019,TRT075,2026-04-28,Open,171498.95
CLM007010,POL04312,PRG014,TRT057,2026-06-25,Pending,296390.5
CLM007011,POL08088,PRG008,TRT017,2026-06-17,Pending,51765.95
CLM007012,POL06955,PRG010,TRT066,2026-07-10,Closed,122903.65
CLM007013,POL03516,PRG002,TRT011,2026-06-25,Pending,167007.83
CLM007014,POL07950,PRG011,TRT024,2026-04-02,Closed,97563.76
CLM007015,POL06001,PRG019,TRT023,2026-06-17,Closed,60665.63
CLM007016,POL05883,PRG021,TRT014,2026-07-09,Closed,164112.8
CLM007017,POL00565,PRG009,TRT085,2026-07-24,Closed,196720.04
CLM007018,POL09772,PRG008,TRT026,2026-06-07,Open,74518.65
CLM007019,POL06959,PRG016,TRT029,2026-03-15,Closed,27753.43
CLM007020,POL03183,PRG021,TRT036,2026-08-02,Open,184015.84
CLM007021,POL06180,PRG020,TRT006,2026-01-28,Open,278322.17
CLM007022,POL00469,PRG020,TRT003,2026-08-19,Open,253771.29
CLM007023,POL04146,PRG005,TRT055,2026-02-13,Pending,196005.11
CLM007024,POL09633,PRG009,TRT090,2026-08-06,Closed,32427.81
CLM007025,POL01210,PRG024,TRT047,2026-02-16,Pending,193962.22
CLM007026,POL07431,PRG012,TRT074,2026-07-13,Open,202929.71
CLM007027,POL06144,PRG017,TRT012,2026-03-16,Closed,92746.13
CLM007028,POL09737,PRG003,TRT023,2026-05-19,Pending,129138.36
CLM007029,POL08079,PRG022,TRT030,2026-06-26,Open,162896.88
CLM007030,POL00373,PRG010,TRT066,2026-02-15,Pending,262640.64
CLM007031,POL07654,PRG017,TRT008,2026-03-09,Pending,196667.47
CLM007032,POL03719,PRG008,TRT084,2026-06-17,Closed,219017.49
CLM007033,POL02004,PRG019,TRT040,2026-05-26,Pending,133164.2
CLM007034,POL03134,PRG019,TRT049,2026-05-04,Pending,278557.68
CLM007035,POL07840,PRG010,TRT065,2026-04-07,Closed,147728.55
CLM007036,POL07181,PRG020,TRT039,2026-05-24,Open,160081.18
CLM007037,POL06314,PRG013,TRT037,2026-05-12,Open,184840.39
CLM007038,POL02630,PRG007,TRT021,2026-03-17,Pending,163608.42
CLM007039,POL04777,PRG006,TRT062,2026-05-07,Closed,187410.63
CLM007040,POL05269,PRG004,TRT044,2026-08-07,Pending,29248.04
CLM007041,POL01768,PRG016,TRT100,2026-07-12,Closed,187318.99
CLM007042,POL00375,PRG017,TRT040,2026-01-03,Open,200984.27
CLM007043,POL04325,PRG018,TRT067,2026-01-16,Open,106378.2
CLM007044,POL06683,PRG020,TRT068,2026-07-03,Pending,180487.18
CLM007045,POL06859,PRG016,TRT058,2026-05-28,Open,67402.49
CLM007046,POL00290,PRG006,TRT086,2026-07-13,Pending,141463.38
CLM007047,POL05703,PRG019,TRT007,2026-03-08,Closed,260521.79
CLM007048,POL07131,PRG025,TRT092,2026-03-17,Open,147323.51
CLM007049,POL09569,PRG022,TRT047,2026-08-23,Pending,132983.36
CLM007050,POL00177,PRG017,TRT062,2026-08-09,Closed,130255.23
CLM007051,POL07952,PRG008,TRT060,2026-04-18,Open,34727.95
CLM007052,POL08378,PRG006,TRT045,2026-04-23,Open,140539.86
CLM007053,POL08380,PRG019,TRT068,2026-08-14,Open,255346.44
CLM007054,POL08421,PRG014,TRT099,2026-04-01,Open,107889.16
CLM007055,POL09673,PRG001,TRT083,2026-06-17,Open,226042.55
CLM007056,POL05665,PRG012,TRT030,2026-08-24,Open,123764.89
CLM007057,POL02841,PRG011,TRT006,2026-02-09,Closed,213324.85
CLM007058,POL07282,PRG005,TRT020,2026-05-07,Closed,292847.24
CLM007059,POL06625,PRG003,TRT024,2026-08-17,Open,69716.49
CLM007060,POL01354,PRG007,TRT100,2026-03-30,Open,267329.89
CLM007061,POL07214,PRG015,TRT083,2026-03-04,Open,23010.75
CLM007062,POL02868,PRG005,TRT051,2026-05-18,Closed,55538.92
CLM007063,POL01475,PRG022,TRT079,2026-06-10,Pending,71772.07
CLM007064,POL08343,PRG001,TRT029,2026-07-28,Closed,54673.9
CLM007065,POL08996,PRG007,TRT095,2026-03-26,Pending,76640.36
CLM007066,POL00919,PRG006,TRT088,2026-07-02,Pending,218872.02
CLM007067,POL06723,PRG018,TRT089,2026-06-17,Pending,75953.05
CLM007068,POL06533,PRG025,TRT097,2026-06-06,Open,243428.72
CLM007069,POL03761,PRG025,TRT006,2026-01-02,Open,229211.81
CLM007070,POL02511,PRG016,TRT022,2026-03-19,Closed,77937.29
CLM007071,POL06580,PRG002,TRT046,2026-03-03,Pending,13873.18
CLM007072,POL07984,PRG007,TRT088,2026-01-05,Pending,95527.61
CLM007073,POL06050,PRG023,TRT025,2026-01-24,Pending,210716.76
CLM007074,POL04416,PRG016,TRT020,2026-08-22,Pending,149516.83
CLM007075,POL01072,PRG023,TRT069,2026-01-04,Pending,58390.64
CLM007076,POL07609,PRG007,TRT020,2026-03-28,Closed,178749.6
CLM007077,POL02398,PRG008,TRT036,2026-02-13,Closed,250210.53
CLM007078,POL04855,PRG009,TRT074,2026-01-11,Closed,206466.91
CLM007079,POL07315,PRG006,TRT023,2026-04-25,Pending,85972.9
CLM007080,POL05052,PRG024,TRT076,2026-07-11,Open,13078.5
CLM007081,POL05454,PRG005,TRT001,2026-07-08,Open,29358.7
CLM007082,POL06414,PRG009,TRT046,2026-07-24,Closed,144010.01
CLM007083,POL09908,PRG016,TRT006,2026-02-22,Closed,251056.19
CLM007084,POL05680,PRG013,TRT010,2026-07-09,Closed,111263.38
CLM007085,POL02622,PRG023,TRT055,2026-02-21,Closed,167876.91
CLM007086,POL08246,PRG012,TRT098,2026-05-12,Closed,274158.86
CLM007087,POL06063,PRG010,TRT053,2026-07-19,Closed,143158.33
CLM007088,POL02858,PRG025,TRT100,2026-08-12,Pending,130683.39
CLM007089,POL09471,PRG012,TRT023,2026-05-26,Pending,132568.07
CLM007090,POL00989,PRG009,TRT078,2026-04-02,Pending,71804.07
CLM007091,POL07506,PRG015,TRT024,2026-03-02,Pending,29258.74
CLM007092,POL09090,PRG022,TRT021,2026-04-09,Closed,223583.05
CLM007093,POL05563,PRG022,TRT097,2026-04-06,Open,93651.73
CLM007094,POL01828,PRG022,TRT045,2026-07-22,Open,100759.52
CLM007095,POL03880,PRG008,TRT043,2026-01-30,Pending,215211.98
CLM007096,POL04834,PRG002,TRT056,2026-02-11,Pending,64615.05
CLM007097,POL07819,PRG012,TRT051,2026-05-02,Pending,108802.64
CLM007098,POL08823,PRG004,TRT035,2026-04-06,Open,212142.6
CLM007099,POL01237,PRG015,TRT072,2026-03-03,Closed,212340.39
CLM007100,POL02647,PRG022,TRT051,2026-04-30,Closed,136178.74
CLM007101,POL08571,PRG014,TRT061,2026-06-15,Pending,27970.85
CLM007102,POL02008,PRG014,TRT050,2026-01-22,Open,191216.66
CLM007103,POL05682,PRG007,TRT009,2026-01-18,Closed,267873.36
CLM007104,POL04219,PRG022,TRT006,2026-01-16,Open,265629.75
CLM007105,POL08559,PRG011,TRT044,2026-07-31,Closed,64768.92
CLM007106,POL03659,PRG001,TRT044,2026-01-10,Closed,190191.94
CLM007107,POL08649,PRG007,TRT064,2026-03-17,Pending,298961.1
CLM007108,POL03076,PRG007,TRT087,2026-04-04,Open,121427.62
CLM007109,POL00772,PRG006,TRT017,2026-05-27,Pending,77189.33
CLM007110,POL01016,PRG013,TRT039,2026-05-26,Open,226433.0
CLM007111,POL02033,PRG010,TRT078,2026-08-08,Open,122515.32
CLM007112,POL01235,PRG020,TRT038,2026-04-07,Open,240531.27
CLM007113,POL02593,PRG012,TRT096,2026-01-12,Closed,68453.22
CLM007114,POL04553,PRG016,TRT090,2026-04-08,Open,229466.64
CLM007115,POL00226,PRG004,TRT059,2026-02-02,Pending,292293.18
CLM007116,POL08789,PRG008,TRT029,2026-02-01,Closed,254765.45
CLM007117,POL05765,PRG008,TRT023,2026-03-13,Pending,263461.41
CLM007118,POL06286,PRG014,TRT089,2026-07-06,Closed,15946.35
CLM007119,POL05596,PRG022,TRT091,2026-03-06,Pending,103629.83
CLM007120,POL07422,PRG008,TRT065,2026-05-23,Open,71489.51
CLM007121,POL01458,PRG024,TRT022,2026-05-28,Open,19147.7
CLM007122,POL00077,PRG004,TRT028,2026-08-29,Closed,77287.35
CLM007123,POL09991,PRG006,TRT057,2026-05-20,Closed,282261.4
CLM007124,POL02550,PRG009,TRT082,2026-01-21,Pending,236631.74
CLM007125,POL08152,PRG009,TRT041,2026-07-17,Closed,128575.7
CLM007126,POL08287,PRG009,TRT048,2026-05-18,Pending,142791.68
CLM007127,POL08936,PRG015,TRT084,2026-07-13,Pending,267173.78
CLM007128,POL07927,PRG022,TRT066,2026-04-16,Pending,150903.17
CLM007129,POL00798,PRG020,TRT029,2026-05-07,Closed,211921.09
CLM007130,POL06946,PRG007,TRT032,2026-04-25,Open,163825.62
CLM007131,POL07709,PRG007,TRT073,2026-01-22,Pending,239123.34
CLM007132,POL09238,PRG006,TRT035,2026-03-15,Closed,73298.28
CLM007133,POL03131,PRG021,TRT016,2026-07-11,Closed,65106.81
CLM007134,POL04700,PRG022,TRT056,2026-04-04,Pending,202182.05
CLM007135,POL09099,PRG004,TRT016,2026-06-01,Closed,283720.94
CLM007136,POL00609,PRG024,TRT023,2026-03-26,Closed,79225.38
CLM007137,POL05969,PRG024,TRT073,2026-01-09,Closed,51055.93
CLM007138,POL03833,PRG009,TRT080,2026-07-03,Closed,198327.54
CLM007139,POL05327,PRG015,TRT013,2026-07-29,Closed,29955.68
CLM007140,POL09646,PRG025,TRT091,2026-06-04,Open,20990.61
CLM007141,POL02509,PRG008,TRT068,2026-04-18,Open,225797.35
CLM007142,POL09259,PRG003,TRT024,2026-07-09,Pending,100035.08
CLM007143,POL01505,PRG003,TRT088,2026-05-29,Closed,32670.21
CLM007144,POL09770,PRG007,TRT013,2026-05-25,Pending,266121.74
CLM007145,POL08367,PRG006,TRT004,2026-02-07,Pending,140986.7
CLM007146,POL03929,PRG011,TRT011,2026-03-20,Open,154248.58
CLM007147,POL01738,PRG010,TRT046,2026-08-19,Pending,265518.64
CLM007148,POL02364,PRG025,TRT031,2026-07-25,Open,210024.78
CLM007149,POL09939,PRG013,TRT013,2026-08-19,Open,297704.36
CLM007150,POL01477,PRG023,TRT058,2026-02-10,Closed,219434.81
CLM007151,POL02945,PRG012,TRT085,2026-04-11,Pending,62135.21
CLM007152,POL07531,PRG012,TRT057,2026-07-02,Closed,122965.49
CLM007153,POL09408,PRG010,TRT022,2026-08-18,Open,250050.18
CLM007154,POL08000,PRG015,TRT002,2026-02-21,Open,294626.94
CLM007155,POL01648,PRG013,TRT052,2026-06-21,Open,131533.11
CLM007156,POL09905,PRG017,TRT041,2026-06-08,Closed,105377.14
CLM007157,POL04897,PRG003,TRT001,2026-05-19,Pending,236854.2
CLM007158,POL06711,PRG002,TRT057,2026-01-17,Closed,283901.86
CLM007159,POL00537,PRG002,TRT034,2026-06-16,Open,73182.18
CLM007160,POL05978,PRG016,TRT039,2026-08-10,Pending,249140.96
CLM007161,POL00685,PRG022,TRT100,2026-08-28,Open,71492.41
CLM007162,POL08658,PRG010,TRT024,2026-04-29,Pending,10582.7
CLM007163,POL07704,PRG004,TRT004,2026-07-30,Pending,101223.68
CLM007164,POL03859,PRG009,TRT033,2026-08-12,Pending,46257.32
CLM007165,POL09699,PRG006,TRT033,2026-05-03,Pending,285061.44
CLM007166,POL06500,PRG017,TRT026,2026-02-18,Pending,179675.53
CLM007167,POL03299,PRG001,TRT099,2026-08-19,Open,5276.32
CLM007168,POL08662,PRG007,TRT028,2026-02-20,Pending,159422.11
CLM007169,POL05003,PRG002,TRT003,2026-05-29,Closed,140157.62
CLM007170,POL05609,PRG016,TRT051,2026-06-18,Pending,233290.73
CLM007171,POL02885,PRG011,TRT008,2026-05-16,Closed,292891.1
CLM007172,POL08481,PRG013,TRT092,2026-03-12,Open,68827.01
CLM007173,POL09434,PRG023,TRT094,2026-08-24,Pending,163243.37
CLM007174,POL02194,PRG016,TRT063,2026-03-13,Closed,111954.51
CLM007175,POL06429,PRG022,TRT002,2026-05-02,Pending,199484.27
CLM007176,POL03920,PRG015,TRT050,2026-01-18,Pending,39029.83
CLM007177,POL02584,PRG005,TRT037,2026-06-06,Closed,272835.55
CLM007178,POL03668,PRG021,TRT046,2026-07-29,Open,110380.96
CLM007179,POL00765,PRG011,TRT004,2026-05-28,Closed,30716.01
CLM007180,POL08010,PRG020,TRT055,2026-01-01,Open,182131.26
CLM007181,POL06348,PRG018,TRT025,2026-07-11,Closed,284329.57
CLM007182,POL00782,PRG018,TRT039,2026-06-03,Open,26161.67
CLM007183,POL04001,PRG012,TRT066,2026-08-27,Closed,111713.92
CLM007184,POL07245,PRG016,TRT078,2026-04-17,Pending,64227.06
CLM007185,POL05356,PRG019,TRT021,2026-03-12,Closed,203543.21
CLM007186,POL08526,PRG011,TRT007,2026-05-30,Open,37156.2
CLM007187,POL08232,PRG009,TRT011,2026-01-12,Closed,264243.24
CLM007188,POL08278,PRG006,TRT015,2026-06-05,Closed,178842.53
CLM007189,POL05522,PRG015,TRT043,2026-07-15,Pending,65417.12
CLM007190,POL06394,PRG009,TRT089,2026-01-21,Open,208058.13
CLM007191,POL06969,PRG020,TRT099,2026-06-22,Closed,243899.32
CLM007192,POL09015,PRG011,TRT019,2026-04-24,Closed,88237.62
CLM007193,POL05361,PRG025,TRT043,2026-02-26,Open,194295.04
CLM007194,POL02911,PRG011,TRT050,2026-02-01,Pending,237000.1
CLM007195,POL02765,PRG016,TRT050,2026-08-22,Open,197650.18
CLM007196,POL03736,PRG018,TRT046,2026-01-10,Closed,294209.24
CLM007197,POL09534,PRG005,TRT079,2026-01-09,Open,158037.78
CLM007198,POL08313,PRG007,TRT012,2026-01-30,Closed,31016.1
CLM007199,POL06172,PRG010,TRT060,2026-05-21,Pending,292632.72
CLM007200,POL00099,PRG007,TRT016,2026-03-18,Open,269805.73
CLM007201,POL07468,PRG010,TRT006,2026-05-20,Pending,23155.28
CLM007202,POL08995,PRG016,TRT076,2026-05-13,Open,76037.68
CLM007203,POL07411,PRG023,TRT034,2026-02-08,Open,84210.24
CLM007204,POL07308,PRG008,TRT006,2026-04-09,Pending,17200.27
CLM007205,POL07661,PRG015,TRT017,2026-08-09,Open,255580.18
CLM007206,POL01006,PRG024,TRT016,2026-03-06,Open,122414.81
CLM007207,POL05100,PRG008,TRT027,2026-01-19,Open,110926.0
CLM007208,POL06201,PRG009,TRT028,2026-06-16,Open,298655.79
CLM007209,POL08836,PRG011,TRT015,2026-03-23,Closed,181830.52
CLM007210,POL07764,PRG010,TRT094,2026-02-13,Closed,93015.97
CLM007211,POL04264,PRG006,TRT028,2026-04-22,Open,10748.54
CLM007212,POL03290,PRG006,TRT006,2026-02-10,Closed,289604.15
CLM007213,POL09259,PRG003,TRT024,2026-06-04,Pending,153393.21
CLM007214,POL06947,PRG002,TRT024,2026-04-01,Pending,75618.67
CLM007215,POL00944,PRG016,TRT039,2026-03-06,Pending,163782.28
CLM007216,POL02868,PRG005,TRT051,2026-08-15,Closed,160967.97
CLM007217,POL06984,PRG022,TRT092,2026-03-20,Open,165721.09
CLM007218,POL01274,PRG020,TRT026,2026-01-20,Open,223424.73
CLM007219,POL09213,PRG025,TRT049,2026-06-02,Pending,10101.56
CLM007220,POL00257,PRG013,TRT036,2026-05-22,Open,253824.22
CLM007221,POL02441,PRG004,TRT002,2026-02-21,Open,77278.88
CLM007222,POL05293,PRG025,TRT014,2026-06-07,Closed,91593.15
CLM007223,POL03479,PRG015,TRT031,2026-02-17,Open,298494.69
CLM007224,POL06814,PRG006,TRT052,2026-02-20,Closed,283844.46
CLM007225,POL07627,PRG014,TRT039,2026-02-01,Pending,229907.5
CLM007226,POL08144,PRG008,TRT043,2026-04-27,Closed,219214.26
CLM007227,POL01856,PRG004,TRT059,2026-08-06,Pending,258655.95
CLM007228,POL05216,PRG009,TRT009,2026-03-11,Pending,264129.72
CLM007229,POL02342,PRG017,TRT087,2026-03-13,Closed,260678.74
CLM007230,POL04153,PRG020,TRT004,2026-01-01,Pending,63692.44
CLM007231,POL01597,PRG007,TRT027,2026-02-02,Pending,123875.64
CLM007232,POL01929,PRG008,TRT013,2026-01-04,Closed,284274.08
CLM007233,POL07111,PRG006,TRT032,2026-02-07,Pending,299014.25
CLM007234,POL09836,PRG010,TRT074,2026-05-20,Closed,249623.59
CLM007235,POL07068,PRG009,TRT077,2026-05-21,Pending,35978.71
CLM007236,POL03268,PRG011,TRT053,2026-03-04,Closed,10533.29
CLM007237,POL05357,PRG023,TRT005,2026-04-28,Open,127635.12
CLM007238,POL03989,PRG019,TRT009,2026-07-30,Open,243088.49
CLM007239,POL09444,PRG012,TRT082,2026-06-22,Open,105336.63
CLM007240,POL07277,PRG012,TRT089,2026-07-03,Closed,82430.5
CLM007241,POL00424,PRG002,TRT052,2026-06-29,Open,34965.55
CLM007242,POL03280,PRG015,TRT030,2026-01-21,Closed,6608.01
CLM007243,POL08121,PRG005,TRT029,2026-06-25,Open,155025.69
CLM007244,POL04800,PRG021,TRT067,2026-07-26,Closed,65010.79
CLM007245,POL09915,PRG003,TRT084,2026-08-14,Open,120503.2
CLM007246,POL08328,PRG016,TRT060,2026-04-29,Closed,104994.34
CLM007247,POL01112,PRG006,TRT093,2026-07-20,Open,47587.34
CLM007248,POL09182,PRG011,TRT083,2026-04-10,Closed,252939.34
CLM007249,POL07429,PRG021,TRT018,2026-02-03,Open,190095.45
CLM007250,POL03695,PRG023,TRT050,2026-06-09,Pending,111218.2
CLM007251,POL01464,PRG008,TRT024,2026-05-15,Open,201125.93
CLM007252,POL02137,PRG012,TRT001,2026-07-02,Pending,183376.05
CLM007253,POL00678,PRG025,TRT063,2026-08-21,Open,121098.18
CLM007254,POL00001,PRG011,TRT004,2026-07-27,Pending,32351.84
CLM007255,POL03054,PRG014,TRT053,2026-08-08,Open,105851.45
CLM007256,POL03987,PRG008,TRT008,2026-06-07,Closed,296314.4
CLM007257,POL08358,PRG018,TRT049,2026-04-25,Pending,222727.79
CLM007258,POL00652,PRG009,TRT029,2026-06-26,Pending,272423.47
CLM007259,POL06993,PRG019,TRT016,2026-05-11,Pending,264002.46
CLM007260,POL04926,PRG018,TRT084,2026-06-19,Pending,161958.27
CLM007261,POL02109,PRG006,TRT096,2026-01-09,Open,179907.4
CLM007262,POL08531,PRG019,TRT003,2026-03-05,Open,11426.22
CLM007263,POL05433,PRG001,TRT097,2026-03-19,Open,37238.05
CLM007264,POL06535,PRG018,TRT090,2026-02-10,Pending,279676.56
CLM007265,POL00806,PRG008,TRT009,2026-01-27,Open,38604.79
CLM007266,POL02037,PRG020,TRT094,2026-04-25,Closed,193582.34
CLM007267,POL03246,PRG014,TRT031,2026-02-05,Open,163663.52
CLM007268,POL02424,PRG001,TRT080,2026-05-25,Open,9813.71
CLM007269,POL00733,PRG005,TRT030,2026-08-15,Closed,259519.94
CLM007270,POL08698,PRG022,TRT031,2026-05-26,Pending,25453.96
CLM007271,POL06122,PRG019,TRT021,2026-01-22,Pending,152968.87
CLM007272,POL08434,PRG010,TRT088,2026-07-22,Closed,75215.02
CLM007273,POL08789,PRG008,TRT029,2026-03-31,Open,106902.0
CLM007274,POL09522,PRG022,TRT090,2026-04-15,Pending,18951.89
CLM007275,POL04425,PRG016,TRT043,2026-01-05,Closed,84395.23
CLM007276,POL01026,PRG007,TRT014,2026-02-09,Pending,137793.02
CLM007277,POL03368,PRG009,TRT025,2026-08-01,Closed,120644.67
CLM007278,POL05949,PRG013,TRT099,2026-02-14,Pending,172511.35
CLM007279,POL02687,PRG019,TRT057,2026-08-18,Open,281061.69
CLM007280,POL06678,PRG001,TRT013,2026-01-29,Pending,113681.34
CLM007281,POL02301,PRG024,TRT070,2026-03-13,Pending,33611.1
CLM007282,POL08729,PRG003,TRT009,2026-04-18,Pending,206756.59
CLM007283,POL09103,PRG019,TRT037,2026-04-24,Closed,223143.3
CLM007284,POL07757,PRG004,TRT063,2026-08-12,Open,83568.8
CLM007285,POL05275,PRG004,TRT063,2026-06-06,Pending,85555.64
CLM007286,POL03279,PRG025,TRT048,2026-05-13,Open,15470.75
CLM007287,POL05148,PRG014,TRT087,2026-02-25,Open,177387.12
CLM007288,POL09887,PRG019,TRT041,2026-02-11,Pending,286128.76
CLM007289,POL01936,PRG009,TRT093,2026-05-08,Open,134023.33
CLM007290,POL02286,PRG019,TRT099,2026-04-21,Pending,284872.21
CLM007291,POL05450,PRG011,TRT011,2026-03-27,Pending,255798.41
CLM007292,POL06973,PRG016,TRT036,2026-03-07,Pending,175939.58
CLM007293,POL01236,PRG006,TRT063,2026-03-31,Closed,176547.04
CLM007294,POL08217,PRG009,TRT068,2026-07-07,Open,66845.84
CLM007295,POL07407,PRG017,TRT062,2026-06-02,Open,27830.4
CLM007296,POL06388,PRG008,TRT084,2026-05-10,Closed,56469.41
CLM007297,POL00897,PRG003,TRT016,2026-08-20,Pending,139227.38
CLM007298,POL09187,PRG021,TRT082,2026-06-09,Pending,246201.69
CLM007299,POL06847,PRG008,TRT055,2026-02-17,Pending,244766.31
CLM007300,POL06160,PRG015,TRT053,2026-06-17,Closed,181033.24
CLM007301,POL07966,PRG020,TRT045,2026-06-03,Pending,121056.04
CLM007302,POL06367,PRG008,TRT046,2026-08-07,Closed,113187.52
CLM007303,POL09678,PRG008,TRT038,2026-03-01,Pending,167642.04
CLM007304,POL09946,PRG002,TRT097,2026-07-28,Closed,241556.6
CLM007305,POL04420,PRG025,TRT041,2026-05-27,Pending,12293.74
CLM007306,POL00098,PRG006,TRT025,2026-01-16,Pending,159782.77
CLM007307,POL01322,PRG008,TRT005,2026-01-08,Open,41718.87
CLM007308,POL07883,PRG011,TRT022,2026-04-08,Pending,148954.11
CLM007309,POL08064,PRG011,TRT072,2026-03-23,Open,245246.26
CLM007310,POL04244,PRG009,TRT077,2026-03-05,Pending,120076.03
CLM007311,POL07944,PRG023,TRT074,2026-02-25,Open,43716.43
CLM007312,POL05348,PRG020,TRT037,2026-01-01,Closed,52723.12
CLM007313,POL04855,PRG009,TRT074,2026-06-01,Pending,115860.32
CLM007314,POL06481,PRG024,TRT027,2026-06-05,Closed,25806.94
CLM007315,POL07184,PRG009,TRT081,2026-01-31,Pending,216395.39
CLM007316,POL03611,PRG019,TRT057,2026-04-01,Pending,69184.75
CLM007317,POL02425,PRG024,TRT019,2026-01-13,Open,102279.12
CLM007318,POL08329,PRG024,TRT068,2026-04-18,Open,219585.65
CLM007319,POL06827,PRG024,TRT047,2026-05-15,Pending,265444.6
CLM007320,POL08909,PRG021,TRT061,2026-03-25,Closed,176682.38
CLM007321,POL06928,PRG021,TRT079,2026-07-17,Closed,206422.09
CLM007322,POL06363,PRG011,TRT055,2026-03-25,Closed,205491.56
CLM007323,POL02941,PRG008,TRT052,2026-01-10,Pending,171704.11
CLM007324,POL02396,PRG020,TRT083,2026-01-12,Closed,231549.13
CLM007325,POL08381,PRG019,TRT096,2026-06-11,Closed,190738.53
CLM007326,POL05451,PRG014,TRT071,2026-01-01,Closed,34740.7
CLM007327,POL09292,PRG021,TRT085,2026-03-08,Closed,189695.57
CLM007328,POL04671,PRG020,TRT045,2026-03-03,Open,272125.93
CLM007329,POL01265,PRG015,TRT051,2026-01-16,Closed,250229.2
CLM007330,POL02669,PRG025,TRT040,2026-05-03,Open,284445.98
CLM007331,POL07751,PRG023,TRT002,2026-05-18,Closed,163405.97
CLM007332,POL05769,PRG011,TRT068,2026-01-14,Open,287993.64
CLM007333,POL04915,PRG006,TRT098,2026-02-18,Open,253447.24
CLM007334,POL07873,PRG009,TRT040,2026-06-12,Open,25815.76
CLM007335,POL09039,PRG025,TRT014,2026-07-01,Pending,116424.51
CLM007336,POL03712,PRG010,TRT007,2026-03-04,Open,67060.36
CLM007337,POL00275,PRG020,TRT061,2026-05-18,Open,27873.0
CLM007338,POL08858,PRG004,TRT007,2026-01-21,Closed,102249.1
CLM007339,POL04807,PRG001,TRT064,2026-06-07,Closed,13271.33
CLM007340,POL01366,PRG011,TRT093,2026-06-06,Closed,75018.61
CLM007341,POL01864,PRG011,TRT039,2026-03-27,Closed,43413.95
CLM007342,POL09475,PRG001,TRT014,2026-06-12,Open,282192.08
CLM007343,POL06893,PRG002,TRT002,2026-05-16,Open,158726.35
CLM007344,POL02297,PRG023,TRT028,2026-05-25,Pending,164784.74
CLM007345,POL02608,PRG021,TRT031,2026-05-31,Closed,174030.67
CLM007346,POL01790,PRG017,TRT059,2026-03-17,Pending,210872.7
CLM007347,POL09786,PRG025,TRT031,2026-05-03,Pending,200163.15
CLM007348,POL08717,PRG007,TRT073,2026-06-18,Closed,65928.76
CLM007349,POL03526,PRG004,TRT078,2026-08-25,Pending,178566.57
CLM007350,POL03726,PRG011,TRT090,2026-02-02,Closed,211514.93
CLM007351,POL06735,PRG010,TRT066,2026-06-01,Pending,293242.62
CLM007352,POL08480,PRG019,TRT042,2026-06-04,Pending,19893.81
CLM007353,POL03663,PRG014,TRT011,2026-07-31,Closed,161263.31
CLM007354,POL00700,PRG017,TRT032,2026-01-03,Pending,145108.71
CLM007355,POL04797,PRG013,TRT018,2026-02-13,Open,257570.17
CLM007356,POL03740,PRG001,TRT068,2026-05-09,Open,140974.28
CLM007357,POL01707,PRG011,TRT072,2026-08-13,Open,87679.69
CLM007358,POL04089,PRG009,TRT019,2026-02-04,Open,219910.62
CLM007359,POL08264,PRG022,TRT043,2026-06-12,Open,136111.71
CLM007360,POL07953,PRG022,TRT056,2026-03-08,Pending,149391.92
CLM007361,POL08568,PRG003,TRT029,2026-05-01,Closed,92311.71
CLM007362,POL01912,PRG011,TRT072,2026-01-19,Open,107667.53
CLM007363,POL00314,PRG010,TRT081,2026-03-24,Open,111745.19
CLM007364,POL01342,PRG024,TRT044,2026-02-22,Closed,152222.1
CLM007365,POL01290,PRG016,TRT091,2026-02-12,Open,231367.76
CLM007366,POL03543,PRG006,TRT076,2026-01-10,Open,271096.83
CLM007367,POL04922,PRG022,TRT006,2026-02-20,Open,292452.67
CLM007368,POL03964,PRG015,TRT074,2026-02-06,Pending,246081.76
CLM007369,POL06872,PRG008,TRT072,2026-08-11,Pending,12509.72
CLM007370,POL09077,PRG005,TRT006,2026-01-13,Open,137340.99
CLM007371,POL09048,PRG021,TRT063,2026-04-30,Closed,85500.62
CLM007372,POL00821,PRG010,TRT058,2026-08-10,Closed,199367.37
CLM007373,POL06258,PRG012,TRT100,2026-04-12,Closed,250747.28
CLM007374,POL07700,PRG024,TRT057,2026-02-19,Pending,65132.34
CLM007375,POL00162,PRG001,TRT066,2026-07-22,Open,63353.04
CLM007376,POL01209,PRG007,TRT018,2026-01-29,Open,12605.77
CLM007377,POL00843,PRG022,TRT084,2026-08-19,Open,241981.21
CLM007378,POL04868,PRG017,TRT086,2026-07-03,Closed,218599.71
CLM007379,POL06634,PRG001,TRT050,2026-03-03,Closed,102080.94
CLM007380,POL01123,PRG007,TRT013,2026-08-25,Closed,217120.01
CLM007381,POL00102,PRG004,TRT008,2026-04-04,Closed,53823.69
CLM007382,POL03656,PRG014,TRT095,2026-04-04,Open,89792.76
CLM007383,POL04081,PRG016,TRT060,2026-01-13,Closed,294896.67
CLM007384,POL09661,PRG024,TRT009,2026-06-27,Closed,105784.68
CLM007385,POL00050,PRG008,TRT070,2026-01-30,Open,203132.49
CLM007386,POL03781,PRG004,TRT096,2026-01-12,Open,15823.84
CLM007387,POL04492,PRG017,TRT003,2026-02-13,Open,34498.52
CLM007388,POL08009,PRG018,TRT087,2026-02-13,Closed,137596.97
CLM007389,POL05720,PRG018,TRT024,2026-02-20,Open,162232.77
CLM007390,POL04479,PRG008,TRT026,2026-01-12,Open,126790.14
CLM007391,POL06506,PRG001,TRT021,2026-08-08,Closed,169629.46
CLM007392,POL08034,PRG004,TRT006,2026-01-30,Open,133435.04
CLM007393,POL08474,PRG017,TRT066,2026-04-06,Closed,254532.92
CLM007394,POL08114,PRG008,TRT010,2026-01-28,Pending,279796.45
CLM007395,POL05251,PRG017,TRT004,2026-06-01,Open,51546.78
CLM007396,POL07493,PRG019,TRT091,2026-01-31,Open,251443.75
CLM007397,POL06193,PRG017,TRT046,2026-01-30,Pending,189738.24
CLM007398,POL09052,PRG007,TRT043,2026-01-25,Open,94957.79
CLM007399,POL02251,PRG011,TRT032,2026-06-04,Pending,245192.07
CLM007400,POL01088,PRG015,TRT041,2026-03-04,Closed,218876.35
CLM007401,POL02149,PRG025,TRT098,2026-01-25,Closed,266444.17
CLM007402,POL09816,PRG021,TRT026,2026-02-26,Open,154102.92
CLM007403,POL00975,PRG009,TRT078,2026-03-07,Closed,26759.09
CLM007404,POL03516,PRG002,TRT011,2026-02-02,Closed,136801.06
CLM007405,POL06572,PRG021,TRT060,2026-04-18,Pending,209105.87
CLM007406,POL05102,PRG015,TRT050,2026-02-19,Pending,74488.31
CLM007407,POL08479,PRG024,TRT051,2026-02-19,Closed,169459.47
CLM007408,POL06081,PRG012,TRT073,2026-02-15,Closed,248642.78
CLM007409,POL03038,PRG021,TRT048,2026-06-17,Closed,179349.02
CLM007410,POL02924,PRG019,TRT023,2026-08-19,Closed,48454.13
CLM007411,POL00521,PRG003,TRT058,2026-06-02,Closed,134923.61
CLM007412,POL01889,PRG002,TRT009,2026-08-19,Open,275293.49
CLM007413,POL09292,PRG021,TRT085,2026-01-28,Open,100483.96
CLM007414,POL09925,PRG016,TRT025,2026-02-06,Open,130913.82
CLM007415,POL07896,PRG017,TRT054,2026-01-19,Pending,275713.89
CLM007416,POL03892,PRG007,TRT073,2026-02-21,Pending,196812.59
CLM007417,POL04141,PRG018,TRT072,2026-04-29,Closed,13875.58
CLM007418,POL09577,PRG019,TRT095,2026-04-18,Open,128316.15
CLM007419,POL08398,PRG008,TRT019,2026-01-11,Closed,144435.96
CLM007420,POL08817,PRG017,TRT067,2026-03-05,Open,91751.84
CLM007421,POL01958,PRG024,TRT093,2026-01-24,Pending,272647.62
CLM007422,POL00756,PRG011,TRT083,2026-07-06,Closed,1728.8
CLM007423,POL09289,PRG021,TRT012,2026-08-21,Pending,285081.08
CLM007424,POL08002,PRG013,TRT009,2026-03-04,Pending,278202.06
CLM007425,POL07315,PRG006,TRT023,2026-05-24,Open,66445.42
CLM007426,POL04961,PRG023,TRT089,2026-04-19,Open,62554.21
CLM007427,POL01642,PRG004,TRT045,2026-05-07,Pending,54724.76
CLM007428,POL05677,PRG010,TRT057,2026-05-31,Pending,8916.2
CLM007429,POL04097,PRG003,TRT075,2026-03-03,Open,260253.78
CLM007430,POL01427,PRG015,TRT072,2026-05-26,Closed,27454.98
CLM007431,POL01369,PRG005,TRT043,2026-08-29,Open,178543.41
CLM007432,POL04626,PRG014,TRT063,2026-07-07,Open,122191.8
CLM007433,POL07610,PRG012,TRT032,2026-04-07,Open,208827.74
CLM007434,POL03026,PRG017,TRT099,2026-01-24,Closed,124800.1
CLM007435,POL08606,PRG019,TRT011,2026-06-01,Closed,153089.58
CLM007436,POL09726,PRG009,TRT056,2026-01-17,Pending,58698.62
CLM007437,POL08417,PRG001,TRT021,2026-02-01,Open,288499.71
CLM007438,POL05572,PRG019,TRT008,2026-08-16,Pending,263130.32
CLM007439,POL09386,PRG011,TRT001,2026-08-16,Pending,3203.67
CLM007440,POL03600,PRG006,TRT062,2026-01-28,Pending,203378.11
CLM007441,POL04559,PRG019,TRT063,2026-01-04,Pending,254618.37
CLM007442,POL04538,PRG011,TRT013,2026-04-06,Pending,14327.68
CLM007443,POL06657,PRG017,TRT099,2026-03-25,Open,271322.19
CLM007444,POL09279,PRG019,TRT006,2026-01-08,Pending,51952.65
CLM007445,POL04860,PRG022,TRT075,2026-03-15,Closed,128636.33
CLM007446,POL06325,PRG021,TRT060,2026-07-09,Open,257392.75
CLM007447,POL09183,PRG016,TRT015,2026-01-29,Closed,150297.48
CLM007448,POL09230,PRG022,TRT076,2026-07-24,Pending,155614.89
CLM007449,POL00476,PRG012,TRT024,2026-04-01,Pending,247114.59
CLM007450,POL03166,PRG025,TRT007,2026-07-12,Pending,4451.16
CLM007451,POL02939,PRG022,TRT081,2026-05-27,Pending,41914.96
CLM007452,POL08472,PRG015,TRT017,2026-01-24,Pending,46425.58
CLM007453,POL08343,PRG001,TRT029,2026-05-22,Closed,68213.61
CLM007454,POL00247,PRG024,TRT081,2026-07-07,Pending,276561.02
CLM007455,POL01874,PRG001,TRT033,2026-07-14,Closed,110597.62
CLM007456,POL04552,PRG007,TRT066,2026-03-30,Closed,292638.97
CLM007457,POL08451,PRG013,TRT056,2026-07-18,Pending,262239.54
CLM007458,POL05693,PRG004,TRT067,2026-07-25,Open,74175.01
CLM007459,POL06301,PRG015,TRT084,2026-01-15,Pending,274595.74
CLM007460,POL00736,PRG011,TRT033,2026-03-26,Closed,205949.91
CLM007461,POL05930,PRG009,TRT030,2026-01-22,Closed,123750.59
CLM007462,POL04342,PRG007,TRT035,2026-04-04,Pending,75900.15
CLM007463,POL04564,PRG023,TRT093,2026-07-01,Closed,15207.29
CLM007464,POL04287,PRG012,TRT018,2026-01-10,Closed,245186.01
CLM007465,POL09704,PRG012,TRT067,2026-08-17,Open,284184.27
CLM007466,POL03329,PRG025,TRT061,2026-07-31,Pending,92666.8
CLM007467,POL07965,PRG025,TRT085,2026-03-26,Closed,57793.72
CLM007468,POL01707,PRG011,TRT072,2026-07-16,Closed,123921.71
CLM007469,POL05563,PRG022,TRT097,2026-02-24,Closed,12447.21
CLM007470,POL03401,PRG005,TRT039,2026-03-24,Pending,164068.5
CLM007471,POL09813,PRG015,TRT094,2026-05-04,Pending,247177.1
CLM007472,POL05091,PRG020,TRT074,2026-08-02,Open,236226.71
CLM007473,POL07991,PRG006,TRT038,2026-01-12,Pending,56895.31
CLM007474,POL06939,PRG009,TRT020,2026-05-07,Open,284459.59
CLM007475,POL03867,PRG002,TRT076,2026-04-11,Pending,237243.25
CLM007476,POL06864,PRG005,TRT021,2026-05-18,Open,87613.15
CLM007477,POL03807,PRG004,TRT067,2026-04-21,Closed,99364.25
CLM007478,POL08950,PRG022,TRT014,2026-03-07,Pending,299657.79
CLM007479,POL03143,PRG016,TRT066,2026-01-12,Closed,270312.17
CLM007480,POL05876,PRG006,TRT047,2026-04-17,Closed,38567.15
CLM007481,POL08107,PRG018,TRT021,2026-03-09,Closed,228493.74
CLM007482,POL09069,PRG019,TRT014,2026-06-12,Pending,231276.26
CLM007483,POL07468,PRG010,TRT006,2026-03-03,Open,179921.99
CLM007484,POL06299,PRG021,TRT009,2026-08-04,Closed,199593.25
CLM007485,POL07101,PRG025,TRT016,2026-04-04,Closed,25248.7
CLM007486,POL09679,PRG001,TRT013,2026-08-14,Open,256082.62
CLM007487,POL02627,PRG008,TRT033,2026-03-21,Closed,129250.05
CLM007488,POL04518,PRG008,TRT025,2026-06-30,Pending,75407.14
CLM007489,POL08144,PRG008,TRT043,2026-03-16,Pending,216721.27
CLM007490,POL00019,PRG020,TRT021,2026-04-06,Closed,148455.77
CLM007491,POL05891,PRG018,TRT094,2026-05-09,Closed,173921.08
CLM007492,POL07957,PRG001,TRT064,2026-05-14,Open,181585.25
CLM007493,POL05102,PRG015,TRT050,2026-04-27,Pending,171332.31
CLM007494,POL09274,PRG014,TRT051,2026-07-08,Open,118300.54
CLM007495,POL08393,PRG004,TRT043,2026-06-30,Pending,218008.68
CLM007496,POL01126,PRG018,TRT098,2026-02-13,Pending,25542.14
CLM007497,POL07090,PRG009,TRT050,2026-01-02,Closed,35586.69
CLM007498,POL01556,PRG013,TRT097,2026-04-08,Closed,137501.22
CLM007499,POL05225,PRG016,TRT083,2026-06-04,Open,170748.83
CLM007500,POL05392,PRG011,TRT087,2026-08-04,Open,26264.59
CLM007501,POL03309,PRG014,TRT050,2026-03-19,Closed,236550.28
CLM007502,POL07798,PRG019,TRT044,2026-02-16,Pending,243036.7
CLM007503,POL09068,PRG018,TRT061,2026-03-31,Closed,233827.02
CLM007504,POL08151,PRG025,TRT023,2026-07-06,Closed,107585.42
CLM007505,POL01615,PRG012,TRT074,2026-02-23,Closed,34582.77
CLM007506,POL00747,PRG017,TRT080,2026-07-11,Closed,152312.1
CLM007507,POL01132,PRG023,TRT058,2026-08-01,Pending,162106.73
CLM007508,POL05743,PRG015,TRT070,2026-02-17,Pending,88711.0
CLM007509,POL04862,PRG001,TRT006,2026-01-18,Pending,249516.86
CLM007510,POL05226,PRG025,TRT048,2026-05-15,Closed,208003.13
CLM007511,POL02753,PRG016,TRT094,2026-03-29,Pending,118320.09
CLM007512,POL09310,PRG011,TRT009,2026-01-04,Closed,244874.0
CLM007513,POL08140,PRG007,TRT040,2026-04-30,Open,59321.18
CLM007514,POL04442,PRG025,TRT012,2026-07-28,Open,144977.64
CLM007515,POL04369,PRG012,TRT060,2026-08-25,Closed,137809.26
CLM007516,POL03727,PRG003,TRT064,2026-08-12,Pending,55435.72
CLM007517,POL02589,PRG019,TRT070,2026-02-08,Pending,247721.05
CLM007518,POL05908,PRG021,TRT096,2026-01-23,Open,24057.0
CLM007519,POL08789,PRG008,TRT029,2026-03-28,Open,160554.44
CLM007520,POL00572,PRG016,TRT037,2026-04-03,Pending,232694.29
CLM007521,POL05901,PRG018,TRT087,2026-04-22,Open,271126.79
CLM007522,POL02207,PRG012,TRT055,2026-06-19,Closed,265742.06
CLM007523,POL04430,PRG014,TRT035,2026-03-18,Pending,62640.81
CLM007524,POL01319,PRG011,TRT040,2026-05-09,Closed,203371.85
CLM007525,POL08747,PRG020,TRT054,2026-07-13,Closed,228057.1
CLM007526,POL09920,PRG014,TRT058,2026-01-07,Closed,211806.02
CLM007527,POL05789,PRG006,TRT082,2026-03-01,Pending,260386.27
CLM007528,POL05987,PRG012,TRT093,2026-04-01,Pending,142206.36
CLM007529,POL05318,PRG006,TRT063,2026-01-08,Open,71101.21
CLM007530,POL04465,PRG024,TRT049,2026-06-27,Closed,106025.57
CLM007531,POL02301,PRG024,TRT070,2026-02-09,Closed,245906.48
CLM007532,POL03379,PRG006,TRT029,2026-04-30,Closed,229974.25
CLM007533,POL05527,PRG009,TRT028,2026-01-14,Pending,129690.58
CLM007534,POL04335,PRG009,TRT028,2026-08-29,Open,161692.58
CLM007535,POL05111,PRG009,TRT026,2026-08-02,Pending,138619.27
CLM007536,POL03687,PRG017,TRT091,2026-08-01,Pending,299161.95
CLM007537,POL05389,PRG005,TRT078,2026-08-04,Closed,113449.46
CLM007538,POL04473,PRG007,TRT079,2026-04-08,Pending,219330.5
CLM007539,POL08971,PRG020,TRT007,2026-04-30,Pending,193463.19
CLM007540,POL03785,PRG025,TRT060,2026-05-09,Closed,290721.51
CLM007541,POL05584,PRG018,TRT058,2026-08-04,Closed,25042.45
CLM007542,POL09391,PRG021,TRT086,2026-06-26,Closed,127916.66
CLM007543,POL04604,PRG013,TRT015,2026-02-20,Closed,291911.57
CLM007544,POL09030,PRG024,TRT047,2026-07-15,Pending,231730.31
CLM007545,POL08838,PRG021,TRT064,2026-07-13,Pending,268943.84
CLM007546,POL00448,PRG002,TRT096,2026-04-10,Closed,160917.49
CLM007547,POL06634,PRG001,TRT050,2026-07-20,Pending,180247.46
CLM007548,POL04344,PRG011,TRT090,2026-06-18,Open,137510.3
CLM007549,POL04155,PRG012,TRT053,2026-01-30,Pending,218901.53
CLM007550,POL06343,PRG011,TRT077,2026-08-24,Pending,83253.35
CLM007551,POL00389,PRG025,TRT008,2026-07-11,Pending,184512.49
CLM007552,POL08858,PRG004,TRT007,2026-04-16,Closed,212040.57
CLM007553,POL05045,PRG002,TRT067,2026-03-15,Open,169136.25
CLM007554,POL00313,PRG021,TRT062,2026-06-06,Pending,174909.49
CLM007555,POL02987,PRG014,TRT043,2026-06-08,Closed,94276.61
CLM007556,POL06504,PRG019,TRT006,2026-07-02,Open,174690.15
CLM007557,POL07498,PRG003,TRT029,2026-06-01,Closed,246841.38
CLM007558,POL04045,PRG006,TRT056,2026-03-24,Closed,118899.61
CLM007559,POL09518,PRG019,TRT069,2026-07-21,Open,117773.98
CLM007560,POL01976,PRG003,TRT051,2026-02-25,Open,163459.1
CLM007561,POL02957,PRG023,TRT011,2026-01-14,Pending,4277.92
CLM007562,POL00208,PRG017,TRT033,2026-08-13,Closed,231515.85
CLM007563,POL06357,PRG006,TRT073,2026-06-26,Open,293392.6
CLM007564,POL00411,PRG025,TRT039,2026-03-28,Open,28246.71
CLM007565,POL01233,PRG017,TRT092,2026-07-10,Pending,228753.66
CLM007566,POL07515,PRG019,TRT083,2026-01-26,Open,90683.0
CLM007567,POL02599,PRG013,TRT067,2026-04-05,Open,242236.97
CLM007568,POL05989,PRG012,TRT070,2026-03-17,Open,156307.71
CLM007569,POL04105,PRG025,TRT034,2026-07-15,Open,291009.91
CLM007570,POL00510,PRG018,TRT053,2026-08-10,Pending,270960.03
CLM007571,POL00910,PRG011,TRT061,2026-02-23,Pending,163253.85
CLM007572,POL00924,PRG013,TRT045,2026-03-12,Open,43950.57
CLM007573,POL08167,PRG021,TRT060,2026-02-06,Pending,92497.71
CLM007574,POL08113,PRG003,TRT033,2026-07-04,Open,203314.31
CLM007575,POL08921,PRG018,TRT091,2026-05-29,Open,66968.56
CLM007576,POL05021,PRG024,TRT077,2026-08-15,Open,210003.93
CLM007577,POL09146,PRG023,TRT023,2026-02-01,Open,81305.64
CLM007578,POL00332,PRG017,TRT006,2026-01-05,Open,21012.91
CLM007579,POL05495,PRG014,TRT014,2026-05-18,Pending,212349.77
CLM007580,POL00696,PRG007,TRT069,2026-05-31,Open,128628.83
CLM007581,POL05941,PRG001,TRT045,2026-07-20,Open,263134.34
CLM007582,POL09652,PRG017,TRT033,2026-03-30,Open,111856.27
CLM007583,POL05988,PRG010,TRT048,2026-02-13,Closed,271957.58
CLM007584,POL06686,PRG011,TRT085,2026-07-15,Closed,113448.21
CLM007585,POL01188,PRG011,TRT078,2026-08-29,Closed,125626.78
CLM007586,POL04489,PRG019,TRT043,2026-04-24,Open,159565.31
CLM007587,POL01454,PRG009,TRT096,2026-07-13,Open,186817.64
CLM007588,POL02642,PRG024,TRT004,2026-02-08,Pending,197217.11
CLM007589,POL04630,PRG017,TRT039,2026-02-22,Open,257658.62
CLM007590,POL06586,PRG022,TRT069,2026-06-18,Open,164636.1
CLM007591,POL08019,PRG016,TRT095,2026-08-29,Closed,238417.96
CLM007592,POL06084,PRG017,TRT094,2026-06-26,Open,191319.6
CLM007593,POL06513,PRG013,TRT005,2026-02-11,Open,105345.88
CLM007594,POL01853,PRG009,TRT071,2026-07-16,Closed,232709.99
CLM007595,POL02941,PRG008,TRT052,2026-04-05,Pending,269514.39
CLM007596,POL09070,PRG022,TRT094,2026-06-07,Open,252291.89
CLM007597,POL08266,PRG021,TRT025,2026-05-18,Pending,172217.82
CLM007598,POL07257,PRG011,TRT043,2026-07-28,Open,112334.35
CLM007599,POL04248,PRG010,TRT035,2026-07-15,Pending,149899.08
CLM007600,POL06777,PRG003,TRT026,2026-05-25,Pending,83175.55
CLM007601,POL07856,PRG006,TRT028,2026-06-27,Closed,92217.78
CLM007602,POL00736,PRG011,TRT033,2026-01-07,Open,12928.96
CLM007603,POL05637,PRG007,TRT022,2026-01-29,Closed,65712.96
CLM007604,POL07433,PRG012,TRT059,2026-06-27,Closed,172839.65
CLM007605,POL06642,PRG023,TRT025,2026-07-28,Open,121180.61
CLM007606,POL02094,PRG018,TRT034,2026-06-26,Closed,193235.62
CLM007607,POL09326,PRG014,TRT030,2026-07-18,Open,144356.02
CLM007608,POL05354,PRG022,TRT079,2026-06-12,Closed,267895.03
CLM007609,POL03146,PRG001,TRT027,2026-06-05,Pending,69304.63
CLM007610,POL00781,PRG015,TRT090,2026-03-02,Pending,30123.23
CLM007611,POL01979,PRG013,TRT049,2026-01-26,Closed,62129.4
CLM007612,POL06201,PRG009,TRT028,2026-04-05,Open,128113.67
CLM007613,POL09790,PRG025,TRT051,2026-05-03,Pending,70542.54
CLM007614,POL03369,PRG001,TRT071,2026-05-30,Pending,224744.75
CLM007615,POL07895,PRG002,TRT035,2026-02-09,Pending,222348.56
CLM007616,POL08055,PRG014,TRT072,2026-05-05,Open,227743.12
CLM007617,POL00944,PRG016,TRT039,2026-06-27,Pending,8163.11
CLM007618,POL08729,PRG003,TRT009,2026-01-05,Closed,281778.01
CLM007619,POL05318,PRG006,TRT063,2026-03-06,Closed,39098.74
CLM007620,POL09347,PRG007,TRT055,2026-02-10,Closed,275263.0
CLM007621,POL05820,PRG006,TRT037,2026-07-06,Closed,208306.33
CLM007622,POL02323,PRG003,TRT091,2026-05-16,Open,231362.32
CLM007623,POL02532,PRG007,TRT085,2026-05-18,Open,110868.85
CLM007624,POL01318,PRG020,TRT010,2026-08-10,Pending,199112.17
CLM007625,POL02050,PRG017,TRT004,2026-05-10,Open,121876.81
CLM007626,POL05403,PRG011,TRT042,2026-04-01,Closed,193248.65
CLM007627,POL04140,PRG025,TRT035,2026-08-05,Pending,31840.01
CLM007628,POL03023,PRG013,TRT029,2026-07-30,Closed,293851.76
CLM007629,POL09100,PRG011,TRT004,2026-08-01,Closed,59378.41
CLM007630,POL06606,PRG004,TRT004,2026-06-23,Pending,185105.59
CLM007631,POL09475,PRG001,TRT014,2026-02-14,Open,161745.53
CLM007632,POL01727,PRG003,TRT055,2026-07-05,Closed,74885.49
CLM007633,POL00532,PRG023,TRT012,2026-06-27,Closed,51223.17
CLM007634,POL02155,PRG020,TRT015,2026-08-02,Open,278160.21
CLM007635,POL09409,PRG018,TRT030,2026-07-20,Pending,121653.59
CLM007636,POL03751,PRG017,TRT075,2026-01-08,Closed,80650.69
CLM007637,POL06494,PRG014,TRT063,2026-02-25,Closed,263575.98
CLM007638,POL02274,PRG009,TRT060,2026-07-24,Open,195768.26
CLM007639,POL00810,PRG017,TRT075,2026-01-27,Open,5703.23
CLM007640,POL08049,PRG012,TRT092,2026-04-13,Pending,178227.38
CLM007641,POL09085,PRG006,TRT022,2026-04-11,Open,97179.32
CLM007642,POL03479,PRG015,TRT031,2026-06-16,Open,292824.17
CLM007643,POL06390,PRG007,TRT027,2026-01-26,Closed,152803.02
CLM007644,POL00071,PRG023,TRT026,2026-02-05,Pending,157983.57
CLM007645,POL02583,PRG020,TRT007,2026-02-21,Pending,16350.39
CLM007646,POL04777,PRG006,TRT062,2026-06-24,Closed,161253.3
CLM007647,POL02794,PRG013,TRT064,2026-03-06,Closed,298739.28
CLM007648,POL09841,PRG022,TRT017,2026-03-06,Closed,261394.29
CLM007649,POL01881,PRG024,TRT014,2026-03-08,Closed,151682.92
CLM007650,POL06855,PRG020,TRT032,2026-03-18,Pending,71661.5
CLM007651,POL00389,PRG025,TRT008,2026-04-04,Open,46648.44
CLM007652,POL08928,PRG015,TRT009,2026-07-15,Open,223090.45
CLM007653,POL01122,PRG020,TRT029,2026-04-26,Pending,205438.04
CLM007654,POL06125,PRG017,TRT001,2026-05-27,Closed,243891.21
CLM007655,POL02497,PRG002,TRT086,2026-08-19,Closed,209378.09
CLM007656,POL07383,PRG018,TRT017,2026-06-20,Closed,67232.7
CLM007657,POL05857,PRG023,TRT016,2026-05-24,Open,17956.32
CLM007658,POL01567,PRG006,TRT036,2026-08-02,Closed,83063.21
CLM007659,POL08109,PRG014,TRT065,2026-03-23,Closed,21612.53
CLM007660,POL07397,PRG019,TRT002,2026-04-15,Pending,79221.72
CLM007661,POL03424,PRG003,TRT089,2026-01-27,Open,204752.6
CLM007662,POL04467,PRG024,TRT053,2026-05-24,Closed,287779.91
CLM007663,POL00021,PRG017,TRT099,2026-01-28,Pending,128777.33
CLM007664,POL09135,PRG012,TRT086,2026-06-30,Pending,245227.34
CLM007665,POL04146,PRG005,TRT055,2026-01-30,Open,130406.67
CLM007666,POL00975,PRG009,TRT078,2026-02-10,Closed,222189.3
CLM007667,POL04078,PRG014,TRT086,2026-06-24,Closed,90029.41
CLM007668,POL01783,PRG001,TRT026,2026-05-16,Closed,111717.01
CLM007669,POL05056,PRG022,TRT021,2026-01-22,Open,295576.1
CLM007670,POL06797,PRG007,TRT066,2026-08-09,Open,216773.22
CLM007671,POL04927,PRG010,TRT094,2026-07-02,Pending,239185.46
CLM007672,POL04919,PRG003,TRT093,2026-03-20,Open,210613.37
CLM007673,POL09871,PRG020,TRT059,2026-06-08,Closed,62790.71
CLM007674,POL02588,PRG020,TRT043,2026-04-14,Closed,214907.34
CLM007675,POL03984,PRG012,TRT055,2026-04-20,Open,167370.85
CLM007676,POL03185,PRG019,TRT003,2026-03-29,Open,150520.21
CLM007677,POL02368,PRG023,TRT041,2026-01-23,Open,188469.15
CLM007678,POL06446,PRG003,TRT096,2026-04-25,Pending,3043.93
CLM007679,POL08919,PRG024,TRT055,2026-05-17,Closed,168797.59
CLM007680,POL01988,PRG009,TRT001,2026-07-05,Open,36237.8
CLM007681,POL05121,PRG006,TRT001,2026-03-06,Pending,169503.51
CLM007682,POL00125,PRG003,TRT084,2026-06-15,Closed,178612.48
CLM007683,POL09801,PRG013,TRT037,2026-03-21,Closed,214667.45
CLM007684,POL04526,PRG018,TRT030,2026-04-09,Closed,242206.5
CLM007685,POL00094,PRG012,TRT093,2026-06-23,Closed,100691.59
CLM007686,POL05294,PRG007,TRT074,2026-04-24,Closed,197785.47
CLM007687,POL01143,PRG005,TRT057,2026-03-15,Pending,228803.27
CLM007688,POL02935,PRG010,TRT064,2026-03-16,Open,277988.82
CLM007689,POL03244,PRG011,TRT087,2026-06-30,Open,7989.64
CLM007690,POL08336,PRG014,TRT025,2026-08-29,Pending,46594.55
CLM007691,POL00742,PRG022,TRT092,2026-03-13,Pending,195544.39
CLM007692,POL04870,PRG022,TRT092,2026-02-15,Pending,247766.66
CLM007693,POL04735,PRG008,TRT011,2026-06-22,Open,130533.24
CLM007694,POL09417,PRG015,TRT021,2026-08-03,Pending,141934.08
CLM007695,POL02221,PRG009,TRT024,2026-08-23,Open,5042.88
CLM007696,POL00449,PRG015,TRT051,2026-03-19,Open,65117.69
CLM007697,POL05947,PRG004,TRT051,2026-03-22,Pending,32922.69
CLM007698,POL04413,PRG007,TRT098,2026-07-25,Closed,164756.31
CLM007699,POL05122,PRG007,TRT083,2026-05-25,Pending,126815.25
CLM007700,POL02867,PRG022,TRT097,2026-06-20,Pending,194845.27
CLM007701,POL03607,PRG016,TRT020,2026-02-23,Pending,218979.49
CLM007702,POL03805,PRG009,TRT006,2026-05-09,Closed,145029.55
CLM007703,POL03238,PRG024,TRT093,2026-01-24,Pending,18524.53
CLM007704,POL06096,PRG021,TRT012,2026-02-06,Open,18014.22
CLM007705,POL07581,PRG024,TRT032,2026-04-01,Open,68120.42
CLM007706,POL03187,PRG005,TRT077,2026-05-01,Pending,212076.64
CLM007707,POL00724,PRG005,TRT003,2026-06-20,Pending,217884.56
CLM007708,POL03877,PRG012,TRT073,2026-01-15,Closed,227748.23
CLM007709,POL02654,PRG023,TRT054,2026-08-04,Pending,229723.59
CLM007710,POL04006,PRG025,TRT030,2026-05-12,Pending,225385.17
CLM007711,POL07457,PRG007,TRT088,2026-07-04,Closed,211297.01
CLM007712,POL06541,PRG003,TRT052,2026-07-24,Open,221279.08
CLM007713,POL02926,PRG013,TRT028,2026-08-11,Pending,45497.57
CLM007714,POL04174,PRG007,TRT047,2026-06-14,Open,85870.82
CLM007715,POL03123,PRG024,TRT080,2026-06-30,Open,22100.86
CLM007716,POL09798,PRG010,TRT073,2026-01-01,Open,270760.44
CLM007717,POL03705,PRG011,TRT063,2026-01-07,Pending,204435.72
CLM007718,POL03879,PRG019,TRT022,2026-06-04,Pending,51954.79
CLM007719,POL03881,PRG021,TRT017,2026-02-02,Open,183008.12
CLM007720,POL01849,PRG001,TRT033,2026-02-11,Pending,166778.13
CLM007721,POL01276,PRG018,TRT001,2026-02-20,Open,122084.09
CLM007722,POL04473,PRG007,TRT079,2026-03-30,Pending,189917.33
CLM007723,POL00993,PRG022,TRT014,2026-07-29,Open,160770.92
CLM007724,POL06659,PRG009,TRT009,2026-01-31,Pending,214503.1
CLM007725,POL07135,PRG006,TRT079,2026-08-05,Pending,210311.63
CLM007726,POL05825,PRG006,TRT068,2026-03-08,Closed,20324.21
CLM007727,POL03676,PRG022,TRT029,2026-04-23,Pending,83297.61
CLM007728,POL06348,PRG018,TRT025,2026-02-26,Pending,158137.83
CLM007729,POL06821,PRG024,TRT032,2026-06-29,Pending,74295.67
CLM007730,POL05258,PRG019,TRT066,2026-08-26,Open,280462.62
CLM007731,POL00543,PRG015,TRT004,2026-01-04,Closed,133243.37
CLM007732,POL08670,PRG016,TRT082,2026-03-25,Closed,54514.3
CLM007733,POL01623,PRG008,TRT098,2026-01-06,Open,27295.85
CLM007734,POL03950,PRG021,TRT094,2026-03-14,Open,115674.38
CLM007735,POL05940,PRG011,TRT006,2026-06-19,Pending,201480.12
CLM007736,POL09730,PRG014,TRT064,2026-03-24,Pending,182163.43
CLM007737,POL06463,PRG013,TRT044,2026-06-15,Closed,289397.98
CLM007738,POL02955,PRG019,TRT050,2026-01-16,Open,134938.41
CLM007739,POL09636,PRG022,TRT083,2026-01-29,Pending,106281.45
CLM007740,POL06494,PRG014,TRT063,2026-06-09,Pending,11440.91
CLM007741,POL09603,PRG006,TRT005,2026-02-14,Open,100255.29
CLM007742,POL03056,PRG005,TRT098,2026-06-07,Open,112559.75
CLM007743,POL00455,PRG022,TRT017,2026-08-25,Pending,180420.37
CLM007744,POL08758,PRG015,TRT020,2026-03-03,Open,61518.01
CLM007745,POL01524,PRG001,TRT010,2026-03-13,Pending,249116.97
CLM007746,POL08912,PRG018,TRT008,2026-03-04,Closed,6511.34
CLM007747,POL04089,PRG009,TRT019,2026-04-14,Open,4932.02
CLM007748,POL00949,PRG023,TRT033,2026-07-11,Closed,260232.39
CLM007749,POL00386,PRG014,TRT070,2026-01-17,Open,35588.76
CLM007750,POL04033,PRG004,TRT038,2026-05-21,Pending,278533.03
CLM007751,POL05989,PRG012,TRT070,2026-01-18,Open,287499.95
CLM007752,POL03415,PRG011,TRT054,2026-03-08,Pending,295641.87
CLM007753,POL04406,PRG014,TRT074,2026-07-06,Pending,210961.15
CLM007754,POL02696,PRG020,TRT071,2026-02-17,Closed,97473.19
CLM007755,POL07654,PRG017,TRT008,2026-03-18,Open,261229.61
CLM007756,POL04572,PRG009,TRT087,2026-07-03,Open,27975.99
CLM007757,POL01580,PRG023,TRT016,2026-08-27,Closed,139976.17
CLM007758,POL05560,PRG005,TRT006,2026-08-22,Open,158745.39
CLM007759,POL05557,PRG018,TRT002,2026-01-15,Pending,298535.96
CLM007760,POL09578,PRG023,TRT001,2026-05-29,Pending,206739.77
CLM007761,POL08557,PRG018,TRT010,2026-06-12,Closed,200517.6
CLM007762,POL02538,PRG025,TRT010,2026-07-30,Open,241876.28
CLM007763,POL07723,PRG001,TRT075,2026-02-07,Pending,180459.21
CLM007764,POL01582,PRG024,TRT031,2026-07-12,Open,3464.36
CLM007765,POL04612,PRG016,TRT086,2026-08-05,Pending,206878.58
CLM007766,POL02693,PRG008,TRT047,2026-08-27,Pending,203442.77
CLM007767,POL02904,PRG002,TRT002,2026-03-12,Open,35372.4
CLM007768,POL02240,PRG013,TRT008,2026-01-01,Pending,134753.05
CLM007769,POL04072,PRG001,TRT021,2026-03-16,Closed,144119.65
CLM007770,POL07014,PRG012,TRT071,2026-03-01,Open,291007.53
CLM007771,POL09614,PRG020,TRT091,2026-02-27,Pending,277944.14
CLM007772,POL08765,PRG002,TRT070,2026-07-12,Closed,196500.6
CLM007773,POL07693,PRG012,TRT030,2026-02-06,Pending,199524.23
CLM007774,POL00938,PRG016,TRT097,2026-01-07,Pending,228003.43
CLM007775,POL04053,PRG006,TRT067,2026-02-28,Pending,17146.61
CLM007776,POL00826,PRG025,TRT065,2026-08-23,Closed,114186.77
CLM007777,POL04004,PRG011,TRT090,2026-08-03,Closed,18749.36
CLM007778,POL06483,PRG002,TRT006,2026-02-03,Open,84749.68
CLM007779,POL06590,PRG010,TRT085,2026-02-16,Closed,178247.48
CLM007780,POL01024,PRG006,TRT086,2026-05-18,Pending,298339.23
CLM007781,POL05696,PRG023,TRT050,2026-06-13,Pending,111835.0
CLM007782,POL07801,PRG023,TRT019,2026-05-05,Open,123309.81
CLM007783,POL06127,PRG013,TRT098,2026-04-05,Closed,8100.98
CLM007784,POL00051,PRG018,TRT090,2026-04-02,Pending,293507.92
CLM007785,POL07978,PRG006,TRT086,2026-06-17,Pending,190618.02
CLM007786,POL02164,PRG020,TRT075,2026-02-27,Open,237227.14
CLM007787,POL01555,PRG001,TRT001,2026-06-23,Pending,290463.36
CLM007788,POL04829,PRG017,TRT044,2026-01-29,Open,60901.12
CLM007789,POL06583,PRG015,TRT070,2026-07-02,Open,255351.67
CLM007790,POL01375,PRG001,TRT044,2026-08-20,Closed,5507.3
CLM007791,POL03197,PRG016,TRT003,2026-04-29,Closed,231430.92
CLM007792,POL02684,PRG010,TRT060,2026-03-13,Open,273943.57
CLM007793,POL00662,PRG008,TRT047,2026-01-08,Pending,105497.45
CLM007794,POL00400,PRG009,TRT067,2026-04-10,Open,168568.33
CLM007795,POL06197,PRG020,TRT087,2026-03-05,Closed,226177.37
CLM007796,POL06780,PRG016,TRT062,2026-08-08,Pending,47678.26
CLM007797,POL05469,PRG019,TRT027,2026-05-15,Pending,18504.53
CLM007798,POL02301,PRG024,TRT070,2026-02-27,Open,256669.21
CLM007799,POL09271,PRG010,TRT078,2026-01-18,Closed,179131.26
CLM007800,POL08975,PRG010,TRT091,2026-07-02,Open,249083.08
CLM007801,POL07494,PRG008,TRT032,2026-02-17,Closed,21113.89
CLM007802,POL01207,PRG017,TRT069,2026-05-15,Open,247003.49
CLM007803,POL01892,PRG025,TRT017,2026-08-24,Closed,58791.26
CLM007804,POL08117,PRG012,TRT033,2026-02-25,Pending,55530.43
CLM007805,POL09135,PRG012,TRT086,2026-02-21,Open,49460.47
CLM007806,POL02859,PRG012,TRT076,2026-01-12,Open,212133.85
CLM007807,POL06273,PRG018,TRT069,2026-03-01,Closed,35023.12
CLM007808,POL04161,PRG014,TRT035,2026-06-30,Pending,164805.08
CLM007809,POL05269,PRG004,TRT044,2026-06-03,Closed,48982.83
CLM007810,POL00542,PRG015,TRT060,2026-07-05,Open,111298.05
CLM007811,POL01201,PRG015,TRT070,2026-05-17,Open,23689.11
CLM007812,POL08797,PRG017,TRT006,2026-07-17,Closed,223665.42
CLM007813,POL01774,PRG024,TRT044,2026-02-06,Pending,10375.9
CLM007814,POL07078,PRG010,TRT089,2026-01-02,Closed,126174.81
CLM007815,POL09063,PRG025,TRT071,2026-03-04,Pending,102343.45
CLM007816,POL08883,PRG010,TRT081,2026-03-28,Open,15489.08
CLM007817,POL01113,PRG014,TRT055,2026-08-16,Open,85258.65
CLM007818,POL07129,PRG017,TRT047,2026-01-03,Pending,144873.98
CLM007819,POL04410,PRG015,TRT015,2026-01-14,Pending,41317.92
CLM007820,POL08077,PRG001,TRT009,2026-06-23,Open,29532.07
CLM007821,POL04720,PRG019,TRT031,2026-07-28,Open,262734.16
CLM007822,POL08948,PRG006,TRT064,2026-04-12,Open,289142.76
CLM007823,POL07858,PRG004,TRT004,2026-07-18,Closed,4348.11
CLM007824,POL00894,PRG015,TRT013,2026-04-04,Pending,224353.79
CLM007825,POL00345,PRG010,TRT069,2026-01-22,Closed,51281.87
CLM007826,POL00123,PRG014,TRT020,2026-08-04,Pending,173014.78
CLM007827,POL03038,PRG021,TRT048,2026-08-04,Closed,112958.54
CLM007828,POL02903,PRG025,TRT006,2026-01-26,Pending,204602.08
CLM007829,POL01882,PRG007,TRT019,2026-08-05,Pending,33057.06
CLM007830,POL08302,PRG021,TRT096,2026-02-08,Open,169587.44
CLM007831,POL07439,PRG007,TRT078,2026-02-01,Closed,135060.2
CLM007832,POL06319,PRG017,TRT065,2026-07-18,Open,233837.19
CLM007833,POL09893,PRG025,TRT041,2026-01-15,Closed,176245.14
CLM007834,POL08469,PRG003,TRT031,2026-07-17,Open,289657.66
CLM007835,POL08674,PRG023,TRT017,2026-08-01,Pending,156530.99
CLM007836,POL03070,PRG013,TRT022,2026-04-20,Closed,192124.47
CLM007837,POL03266,PRG004,TRT047,2026-05-11,Closed,131798.91
CLM007838,POL07391,PRG007,TRT002,2026-08-19,Pending,270039.62
CLM007839,POL07372,PRG009,TRT030,2026-02-24,Closed,295809.1
CLM007840,POL04683,PRG021,TRT085,2026-01-13,Open,232081.05
CLM007841,POL07079,PRG009,TRT006,2026-01-26,Closed,40304.52
CLM007842,POL04029,PRG019,TRT042,2026-06-22,Pending,17387.09
CLM007843,POL07415,PRG011,TRT026,2026-01-15,Closed,258144.44
CLM007844,POL09958,PRG006,TRT100,2026-01-30,Closed,284473.82
CLM007845,POL01984,PRG011,TRT007,2026-08-03,Pending,33379.86
CLM007846,POL01753,PRG019,TRT069,2026-01-09,Closed,158559.97
CLM007847,POL04278,PRG022,TRT093,2026-06-01,Open,34378.73
CLM007848,POL09989,PRG016,TRT073,2026-02-21,Closed,168287.59
CLM007849,POL08401,PRG001,TRT003,2026-08-24,Closed,81369.18
CLM007850,POL05343,PRG005,TRT009,2026-05-01,Closed,143127.76
CLM007851,POL03078,PRG024,TRT077,2026-05-08,Closed,227843.07
CLM007852,POL00762,PRG023,TRT004,2026-03-18,Open,117131.21
CLM007853,POL01938,PRG017,TRT071,2026-03-23,Open,106024.87
CLM007854,POL00430,PRG003,TRT003,2026-04-29,Open,127463.84
CLM007855,POL06569,PRG011,TRT085,2026-08-06,Open,218676.45
CLM007856,POL07806,PRG007,TRT064,2026-08-20,Closed,229412.68
CLM007857,POL01448,PRG016,TRT027,2026-07-05,Closed,134803.83
CLM007858,POL06353,PRG005,TRT011,2026-04-10,Pending,13314.24
CLM007859,POL05604,PRG006,TRT067,2026-06-21,Closed,97713.52
CLM007860,POL07973,PRG001,TRT099,2026-01-10,Closed,101103.11
CLM007861,POL07561,PRG015,TRT078,2026-05-26,Pending,248949.29
CLM007862,POL08913,PRG021,TRT095,2026-01-30,Open,24262.24
CLM007863,POL00072,PRG020,TRT078,2026-04-16,Pending,177638.72
CLM007864,POL09166,PRG011,TRT023,2026-07-05,Pending,211573.98
CLM007865,POL05725,PRG010,TRT013,2026-01-13,Closed,174367.24
CLM007866,POL05538,PRG010,TRT030,2026-08-06,Pending,183743.3
CLM007867,POL09732,PRG011,TRT084,2026-06-04,Open,77591.51
CLM007868,POL05523,PRG018,TRT038,2026-06-02,Pending,241736.49
CLM007869,POL02850,PRG016,TRT041,2026-02-07,Pending,103906.86
CLM007870,POL07242,PRG011,TRT009,2026-02-05,Closed,254871.15
CLM007871,POL09257,PRG004,TRT023,2026-02-02,Pending,275575.03
CLM007872,POL08236,PRG021,TRT030,2026-08-11,Open,163254.51
CLM007873,POL09274,PRG014,TRT051,2026-06-30,Open,218343.85
CLM007874,POL02576,PRG018,TRT041,2026-06-02,Closed,37933.51
CLM007875,POL04075,PRG005,TRT061,2026-05-28,Pending,193300.89
CLM007876,POL00216,PRG019,TRT033,2026-06-07,Closed,201724.67
CLM007877,POL08799,PRG005,TRT021,2026-08-28,Open,151451.19
CLM007878,POL04635,PRG004,TRT037,2026-03-15,Open,172781.2
CLM007879,POL07571,PRG011,TRT074,2026-07-25,Closed,54312.96
CLM007880,POL07378,PRG013,TRT088,2026-01-08,Pending,76217.35
CLM007881,POL07287,PRG019,TRT083,2026-07-24,Open,131042.03
CLM007882,POL00401,PRG025,TRT025,2026-01-15,Closed,30315.24
CLM007883,POL02959,PRG003,TRT040,2026-06-03,Open,222019.68
CLM007884,POL06853,PRG016,TRT033,2026-05-05,Pending,12491.59
CLM007885,POL01263,PRG014,TRT051,2026-06-21,Closed,87214.63
CLM007886,POL07296,PRG021,TRT026,2026-08-22,Pending,10409.16
CLM007887,POL04252,PRG010,TRT025,2026-05-21,Open,188854.51
CLM007888,POL03985,PRG008,TRT060,2026-01-25,Pending,145315.69
CLM007889,POL06018,PRG009,TRT059,2026-03-03,Open,77865.36
CLM007890,POL02293,PRG004,TRT035,2026-03-28,Closed,25322.31
CLM007891,POL03662,PRG003,TRT029,2026-04-18,Closed,280667.34
CLM007892,POL00359,PRG007,TRT022,2026-05-08,Pending,113450.07
CLM007893,POL05188,PRG025,TRT088,2026-07-09,Closed,233139.19
CLM007894,POL07431,PRG012,TRT074,2026-02-22,Closed,185998.66
CLM007895,POL09782,PRG008,TRT036,2026-08-22,Closed,162639.65
CLM007896,POL05550,PRG018,TRT075,2026-06-10,Closed,180332.34
CLM007897,POL08288,PRG014,TRT009,2026-04-07,Pending,60229.55
CLM007898,POL04126,PRG005,TRT065,2026-03-04,Closed,225830.88
CLM007899,POL06344,PRG024,TRT069,2026-03-01,Closed,40568.64
CLM007900,POL08582,PRG008,TRT075,2026-03-14,Open,240166.34
CLM007901,POL02277,PRG011,TRT040,2026-07-20,Pending,75616.99
CLM007902,POL06861,PRG008,TRT053,2026-04-22,Pending,221584.99
CLM007903,POL03921,PRG002,TRT047,2026-03-21,Pending,275332.37
CLM007904,POL02819,PRG012,TRT087,2026-07-08,Pending,153691.8
CLM007905,POL00254,PRG012,TRT083,2026-05-01,Open,292958.8
CLM007906,POL07041,PRG022,TRT085,2026-03-26,Open,25064.19
CLM007907,POL03448,PRG002,TRT099,2026-08-11,Closed,231401.13
CLM007908,POL08382,PRG002,TRT070,2026-07-20,Closed,214759.04
CLM007909,POL06114,PRG009,TRT093,2026-08-04,Closed,289055.44
CLM007910,POL02976,PRG023,TRT021,2026-07-14,Pending,117997.08
CLM007911,POL03539,PRG004,TRT059,2026-07-24,Open,227890.34
CLM007912,POL01610,PRG001,TRT068,2026-07-12,Closed,24122.15
CLM007913,POL04570,PRG025,TRT014,2026-05-22,Closed,231426.7
CLM007914,POL02298,PRG010,TRT080,2026-07-11,Open,111431.88
CLM007915,POL02107,PRG009,TRT024,2026-01-11,Pending,117297.99
CLM007916,POL02560,PRG008,TRT089,2026-01-05,Open,296673.84
CLM007917,POL05738,PRG004,TRT084,2026-03-21,Pending,238144.14
CLM007918,POL08412,PRG011,TRT088,2026-06-29,Open,200061.6
CLM007919,POL00885,PRG023,TRT083,2026-02-17,Pending,134831.92
CLM007920,POL10000,PRG019,TRT046,2026-05-31,Open,139825.52
CLM007921,POL06947,PRG002,TRT024,2026-03-18,Closed,145101.67
CLM007922,POL01286,PRG014,TRT020,2026-03-14,Closed,247566.18
CLM007923,POL06479,PRG001,TRT028,2026-05-12,Open,299937.57
CLM007924,POL06764,PRG021,TRT073,2026-07-04,Open,209967.34
CLM007925,POL01509,PRG020,TRT022,2026-03-20,Open,204709.54
CLM007926,POL04984,PRG002,TRT091,2026-02-13,Open,178788.89
CLM007927,POL02661,PRG010,TRT004,2026-03-08,Pending,55111.33
CLM007928,POL08541,PRG005,TRT007,2026-03-04,Pending,22480.31
CLM007929,POL01959,PRG011,TRT051,2026-05-21,Closed,22176.62
CLM007930,POL05458,PRG024,TRT083,2026-02-26,Open,12815.38
CLM007931,POL02808,PRG007,TRT075,2026-07-16,Closed,80686.55
CLM007932,POL02239,PRG001,TRT009,2026-05-07,Pending,43617.23
CLM007933,POL08184,PRG014,TRT033,2026-06-24,Open,11753.53
CLM007934,POL06917,PRG004,TRT034,2026-01-20,Pending,166411.97
CLM007935,POL08098,PRG009,TRT008,2026-07-10,Closed,7708.08
CLM007936,POL00495,PRG015,TRT010,2026-07-18,Pending,234575.68
CLM007937,POL06535,PRG018,TRT090,2026-08-23,Pending,88440.28
CLM007938,POL00867,PRG005,TRT029,2026-02-27,Pending,50531.69
CLM007939,POL07370,PRG001,TRT080,2026-07-15,Closed,201658.07
CLM007940,POL05020,PRG020,TRT011,2026-03-26,Closed,162025.69
CLM007941,POL07112,PRG024,TRT003,2026-03-18,Closed,195798.52
CLM007942,POL09895,PRG014,TRT032,2026-02-05,Pending,46381.76
CLM007943,POL08749,PRG025,TRT074,2026-02-12,Pending,57042.91
CLM007944,POL09055,PRG009,TRT021,2026-07-23,Closed,295097.59
CLM007945,POL00941,PRG022,TRT043,2026-01-03,Closed,110992.77
CLM007946,POL04403,PRG012,TRT006,2026-05-20,Closed,201707.22
CLM007947,POL06344,PRG024,TRT069,2026-02-04,Pending,200877.42
CLM007948,POL07295,PRG008,TRT016,2026-04-23,Closed,53656.15
CLM007949,POL02231,PRG004,TRT007,2026-02-20,Pending,122815.13
CLM007950,POL06915,PRG015,TRT051,2026-05-08,Open,216520.12
CLM007951,POL09780,PRG013,TRT016,2026-01-01,Open,243981.42
CLM007952,POL06458,PRG022,TRT012,2026-02-26,Pending,22652.64
CLM007953,POL08203,PRG009,TRT036,2026-04-09,Pending,160425.5
CLM007954,POL07892,PRG008,TRT060,2026-02-02,Closed,266337.16
CLM007955,POL07775,PRG017,TRT050,2026-07-18,Closed,104549.12
CLM007956,POL07767,PRG005,TRT067,2026-01-16,Open,36561.29
CLM007957,POL00301,PRG008,TRT053,2026-01-01,Closed,268954.31
CLM007958,POL03919,PRG022,TRT059,2026-07-10,Closed,182724.72
CLM007959,POL08059,PRG005,TRT076,2026-07-23,Closed,257058.84
CLM007960,POL03711,PRG019,TRT004,2026-01-24,Closed,201299.92
CLM007961,POL03438,PRG002,TRT086,2026-02-03,Closed,65487.23
CLM007962,POL05725,PRG010,TRT013,2026-01-08,Pending,228551.42
CLM007963,POL07211,PRG022,TRT002,2026-08-03,Closed,108164.61
CLM007964,POL04904,PRG004,TRT026,2026-06-06,Pending,171993.31
CLM007965,POL09948,PRG020,TRT081,2026-05-14,Pending,135206.78
CLM007966,POL09253,PRG019,TRT007,2026-05-29,Open,144877.91
CLM007967,POL04133,PRG012,TRT090,2026-02-13,Pending,236844.13
CLM007968,POL02044,PRG021,TRT053,2026-03-20,Pending,148299.01
CLM007969,POL05078,PRG017,TRT068,2026-03-25,Pending,271155.29
CLM007970,POL00642,PRG019,TRT018,2026-06-13,Open,88735.98
CLM007971,POL04283,PRG015,TRT098,2026-07-26,Open,247031.82
CLM007972,POL08599,PRG002,TRT063,2026-07-26,Pending,283853.72
CLM007973,POL00570,PRG006,TRT032,2026-06-08,Open,73308.72
CLM007974,POL02760,PRG013,TRT007,2026-08-23,Closed,269696.38
CLM007975,POL06039,PRG004,TRT019,2026-04-18,Open,78713.29
CLM007976,POL08595,PRG015,TRT066,2026-03-29,Open,142388.45
CLM007977,POL07777,PRG017,TRT043,2026-06-13,Open,37103.19
CLM007978,POL03673,PRG022,TRT005,2026-08-11,Closed,184140.55
CLM007979,POL06143,PRG025,TRT007,2026-02-26,Closed,279601.92
CLM007980,POL07671,PRG009,TRT084,2026-06-13,Closed,294597.69
CLM007981,POL07587,PRG008,TRT035,2026-06-12,Closed,43078.36
CLM007982,POL08055,PRG014,TRT072,2026-02-09,Closed,256741.81
CLM007983,POL04711,PRG014,TRT035,2026-03-09,Open,26709.37
CLM007984,POL07952,PRG008,TRT060,2026-06-20,Pending,128781.15
CLM007985,POL01314,PRG001,TRT081,2026-06-30,Closed,108849.57
CLM007986,POL03352,PRG009,TRT016,2026-05-08,Pending,167657.91
CLM007987,POL04955,PRG009,TRT049,2026-03-20,Pending,82477.21
CLM007988,POL00650,PRG005,TRT025,2026-06-29,Pending,239286.82
CLM007989,POL00344,PRG004,TRT029,2026-04-26,Open,269055.04
CLM007990,POL08480,PRG019,TRT042,2026-05-31,Closed,121216.66
CLM007991,POL05289,PRG013,TRT080,2026-08-15,Pending,101613.34
CLM007992,POL01872,PRG011,TRT073,2026-07-01,Open,299127.39
CLM007993,POL03512,PRG020,TRT074,2026-08-14,Pending,4420.88
CLM007994,POL08861,PRG012,TRT045,2026-01-13,Closed,217746.07
CLM007995,POL09105,PRG007,TRT026,2026-02-03,Closed,143841.26
CLM007996,POL00040,PRG001,TRT005,2026-07-07,Open,284888.33
CLM007997,POL00346,PRG017,TRT032,2026-03-20,Open,135411.24
CLM007998,POL09891,PRG004,TRT074,2026-02-03,Pending,59818.91
CLM007999,POL00237,PRG011,TRT011,2026-07-02,Open,129414.33
CLM008000,POL01163,PRG007,TRT044,2026-05-15,Closed,264288.63
CLM008001,POL07964,PRG008,TRT093,2026-07-13,Closed,194729.09
CLM008002,POL08089,PRG025,TRT009,2026-02-02,Closed,280088.98
CLM008003,POL07053,PRG020,TRT038,2026-05-19,Pending,130411.74
CLM008004,POL02095,PRG011,TRT094,2026-04-09,Open,3361.29
CLM008005,POL08458,PRG021,TRT052,2026-05-31,Pending,198663.38
CLM008006,POL04553,PRG016,TRT090,2026-01-28,Open,253543.41
CLM008007,POL01673,PRG001,TRT007,2026-03-01,Closed,205853.17
CLM008008,POL05585,PRG005,TRT035,2026-08-27,Open,87437.5
CLM008009,POL05253,PRG018,TRT019,2026-07-27,Closed,119324.78
CLM008010,POL05315,PRG011,TRT023,2026-02-03,Closed,184745.43
CLM008011,POL04987,PRG017,TRT029,2026-06-19,Closed,6246.87
CLM008012,POL07515,PRG019,TRT083,2026-02-26,Pending,226865.99
CLM008013,POL02037,PRG020,TRT094,2026-06-21,Closed,240396.81
CLM008014,POL01703,PRG025,TRT048,2026-04-24,Pending,216898.34
CLM008015,POL04894,PRG018,TRT094,2026-02-24,Pending,43646.7
CLM008016,POL07932,PRG014,TRT016,2026-06-08,Open,295716.68
CLM008017,POL09831,PRG022,TRT081,2026-02-15,Pending,259383.82
CLM008018,POL04007,PRG024,TRT022,2026-03-26,Closed,228354.51
CLM008019,POL08568,PRG003,TRT029,2026-07-08,Pending,169893.12
CLM008020,POL02510,PRG023,TRT036,2026-07-26,Closed,252500.43
CLM008021,POL07486,PRG020,TRT086,2026-03-06,Open,30924.62
CLM008022,POL03267,PRG007,TRT052,2026-03-15,Pending,224553.63
CLM008023,POL08621,PRG016,TRT085,2026-03-06,Closed,251340.12
CLM008024,POL06473,PRG010,TRT024,2026-07-21,Pending,147937.72
CLM008025,POL09753,PRG010,TRT043,2026-04-12,Pending,220293.13
CLM008026,POL00843,PRG022,TRT084,2026-07-28,Open,99936.98
CLM008027,POL09508,PRG006,TRT003,2026-05-06,Closed,252469.25
CLM008028,POL05591,PRG012,TRT043,2026-06-05,Pending,177037.17
CLM008029,POL06510,PRG006,TRT045,2026-01-04,Open,147408.04
CLM008030,POL03132,PRG001,TRT089,2026-05-01,Closed,235672.45
CLM008031,POL04354,PRG003,TRT053,2026-08-05,Closed,16008.95
CLM008032,POL05736,PRG016,TRT052,2026-05-11,Closed,52804.2
CLM008033,POL06817,PRG012,TRT025,2026-06-03,Open,208978.87
CLM008034,POL00834,PRG006,TRT063,2026-06-21,Open,86289.77
CLM008035,POL01266,PRG020,TRT035,2026-02-11,Open,193335.25
CLM008036,POL09007,PRG004,TRT012,2026-02-28,Closed,36101.39
CLM008037,POL07605,PRG003,TRT070,2026-03-10,Open,136048.88
CLM008038,POL08651,PRG009,TRT002,2026-05-03,Pending,8337.04
CLM008039,POL01974,PRG013,TRT037,2026-07-03,Open,82720.1
CLM008040,POL01729,PRG009,TRT053,2026-06-04,Closed,141289.96
CLM008041,POL01289,PRG017,TRT009,2026-06-23,Pending,44222.01
CLM008042,POL04897,PRG003,TRT001,2026-08-15,Open,215185.94
CLM008043,POL02867,PRG022,TRT097,2026-07-17,Open,4916.39
CLM008044,POL09809,PRG020,TRT094,2026-07-24,Pending,25269.87
CLM008045,POL06792,PRG010,TRT037,2026-05-28,Open,170029.05
CLM008046,POL08632,PRG010,TRT071,2026-01-15,Open,207228.26
CLM008047,POL05561,PRG020,TRT085,2026-05-06,Pending,260139.27
CLM008048,POL00182,PRG024,TRT010,2026-04-07,Closed,287022.82
CLM008049,POL05052,PRG024,TRT076,2026-03-09,Pending,87460.78
CLM008050,POL05107,PRG009,TRT083,2026-04-17,Pending,191453.49
CLM008051,POL09705,PRG005,TRT064,2026-03-18,Closed,106785.7
CLM008052,POL05140,PRG025,TRT093,2026-04-14,Pending,25034.55
CLM008053,POL03227,PRG025,TRT052,2026-04-09,Pending,115225.17
CLM008054,POL01902,PRG016,TRT008,2026-04-18,Open,141655.22
CLM008055,POL00606,PRG001,TRT079,2026-08-28,Closed,267607.87
CLM008056,POL02617,PRG012,TRT028,2026-03-24,Closed,104658.49
CLM008057,POL06742,PRG016,TRT072,2026-05-16,Closed,210173.3
CLM008058,POL08976,PRG010,TRT028,2026-04-26,Closed,89108.84
CLM008059,POL03824,PRG012,TRT037,2026-06-18,Closed,140334.98
CLM008060,POL09901,PRG016,TRT097,2026-02-03,Pending,162146.86
CLM008061,POL00442,PRG005,TRT044,2026-05-04,Closed,52803.88
CLM008062,POL00284,PRG004,TRT074,2026-08-04,Open,40407.24
CLM008063,POL03571,PRG023,TRT100,2026-06-04,Closed,187093.26
CLM008064,POL08551,PRG007,TRT023,2026-06-28,Closed,147595.79
CLM008065,POL03413,PRG010,TRT049,2026-08-29,Closed,68587.0
CLM008066,POL07219,PRG019,TRT031,2026-03-07,Pending,203594.82
CLM008067,POL01912,PRG011,TRT072,2026-02-16,Open,5513.18
CLM008068,POL04626,PRG014,TRT063,2026-08-16,Pending,114249.16
CLM008069,POL06149,PRG001,TRT060,2026-08-27,Open,77840.01
CLM008070,POL08927,PRG016,TRT001,2026-05-29,Pending,7687.9
CLM008071,POL07269,PRG015,TRT090,2026-01-31,Open,87973.04
CLM008072,POL09181,PRG007,TRT100,2026-03-12,Closed,62527.56
CLM008073,POL08286,PRG024,TRT004,2026-07-06,Open,124638.35
CLM008074,POL07837,PRG023,TRT034,2026-03-27,Open,190460.84
CLM008075,POL08988,PRG001,TRT095,2026-06-19,Open,220211.34
CLM008076,POL09441,PRG004,TRT072,2026-05-30,Open,278977.48
CLM008077,POL05431,PRG025,TRT025,2026-07-27,Open,204457.53
CLM008078,POL04462,PRG009,TRT019,2026-05-06,Open,144831.71
CLM008079,POL02730,PRG018,TRT005,2026-05-30,Pending,2930.57
CLM008080,POL06611,PRG012,TRT065,2026-05-06,Pending,164681.6
CLM008081,POL09100,PRG011,TRT004,2026-04-27,Open,220016.29
CLM008082,POL03939,PRG024,TRT011,2026-07-22,Open,16888.87
CLM008083,POL05511,PRG004,TRT058,2026-04-26,Pending,62770.79
CLM008084,POL05817,PRG005,TRT073,2026-02-27,Open,63288.01
CLM008085,POL04090,PRG007,TRT016,2026-07-03,Open,245624.65
CLM008086,POL03931,PRG020,TRT030,2026-08-14,Open,124701.87
CLM008087,POL01962,PRG024,TRT083,2026-02-26,Open,165238.14
CLM008088,POL08926,PRG021,TRT079,2026-06-11,Pending,217646.74
CLM008089,POL08575,PRG003,TRT087,2026-03-19,Open,245175.68
CLM008090,POL02851,PRG016,TRT033,2026-06-01,Closed,105506.64
CLM008091,POL03639,PRG015,TRT043,2026-02-15,Open,261304.61
CLM008092,POL05846,PRG010,TRT051,2026-06-23,Open,200364.43
CLM008093,POL00047,PRG015,TRT029,2026-04-20,Pending,289122.95
CLM008094,POL00570,PRG006,TRT032,2026-08-22,Closed,235516.23
CLM008095,POL09990,PRG020,TRT023,2026-08-27,Closed,142630.23
CLM008096,POL05030,PRG017,TRT066,2026-01-16,Open,39519.25
CLM008097,POL06320,PRG015,TRT093,2026-03-07,Closed,142940.82
CLM008098,POL02910,PRG012,TRT002,2026-08-28,Open,290447.07
CLM008099,POL04920,PRG015,TRT059,2026-03-18,Open,51293.58
CLM008100,POL07620,PRG017,TRT029,2026-05-08,Open,9740.66
CLM008101,POL05270,PRG009,TRT009,2026-04-20,Closed,52748.22
CLM008102,POL03193,PRG010,TRT088,2026-03-03,Closed,234345.07
CLM008103,POL04495,PRG010,TRT067,2026-06-23,Open,280070.09
CLM008104,POL06714,PRG002,TRT075,2026-05-19,Pending,118856.81
CLM008105,POL01183,PRG006,TRT018,2026-03-22,Open,24561.89
CLM008106,POL07008,PRG004,TRT032,2026-01-26,Closed,116455.75
CLM008107,POL05363,PRG010,TRT084,2026-06-21,Closed,42234.72
CLM008108,POL00450,PRG018,TRT057,2026-06-24,Pending,43128.61
CLM008109,POL06888,PRG015,TRT069,2026-03-06,Pending,78872.18
CLM008110,POL02740,PRG019,TRT036,2026-04-22,Pending,43678.27
CLM008111,POL07688,PRG018,TRT016,2026-06-02,Pending,129541.16
CLM008112,POL08771,PRG006,TRT076,2026-02-27,Closed,201712.86
CLM008113,POL02381,PRG008,TRT086,2026-02-04,Pending,236059.92
CLM008114,POL04284,PRG004,TRT065,2026-01-06,Open,117177.08
CLM008115,POL05191,PRG021,TRT044,2026-05-06,Open,277994.52
CLM008116,POL02968,PRG004,TRT028,2026-06-16,Pending,119516.97
CLM008117,POL05951,PRG005,TRT025,2026-07-21,Open,59630.64
CLM008118,POL00446,PRG019,TRT008,2026-02-10,Pending,185329.02
CLM008119,POL09538,PRG019,TRT093,2026-08-20,Pending,69815.9
CLM008120,POL06778,PRG003,TRT040,2026-06-23,Closed,62857.41
CLM008121,POL05810,PRG017,TRT088,2026-06-17,Closed,116631.6
CLM008122,POL05718,PRG014,TRT082,2026-07-16,Pending,104354.47
CLM008123,POL00491,PRG015,TRT096,2026-06-17,Closed,162077.65
CLM008124,POL02614,PRG015,TRT080,2026-08-27,Open,147000.46
CLM008125,POL04542,PRG014,TRT049,2026-05-03,Closed,244696.21
CLM008126,POL01956,PRG004,TRT020,2026-04-10,Open,44364.14
CLM008127,POL05311,PRG011,TRT003,2026-01-04,Open,157824.39
CLM008128,POL01131,PRG015,TRT002,2026-05-14,Closed,76824.11
CLM008129,POL00269,PRG005,TRT018,2026-07-30,Open,236161.08
CLM008130,POL04507,PRG009,TRT056,2026-07-17,Pending,249532.8
CLM008131,POL02747,PRG001,TRT046,2026-08-23,Closed,119246.44
CLM008132,POL05655,PRG024,TRT038,2026-02-08,Closed,217583.64
CLM008133,POL01043,PRG003,TRT055,2026-02-16,Open,193489.16
CLM008134,POL06740,PRG016,TRT020,2026-05-21,Closed,288029.68
CLM008135,POL02030,PRG023,TRT068,2026-06-22,Open,150640.5
CLM008136,POL00622,PRG017,TRT082,2026-04-03,Pending,116286.3
CLM008137,POL03561,PRG005,TRT034,2026-02-28,Pending,295705.9
CLM008138,POL01551,PRG006,TRT014,2026-01-05,Open,82377.74
CLM008139,POL02614,PRG015,TRT080,2026-02-28,Closed,58039.61
CLM008140,POL09423,PRG015,TRT035,2026-04-04,Closed,236366.02
CLM008141,POL00244,PRG022,TRT054,2026-07-13,Pending,221877.11
CLM008142,POL05406,PRG013,TRT081,2026-02-28,Pending,63203.84
CLM008143,POL09367,PRG015,TRT047,2026-04-22,Open,109402.98
CLM008144,POL05620,PRG003,TRT090,2026-05-09,Pending,144698.42
CLM008145,POL06854,PRG018,TRT017,2026-03-08,Open,23698.26
CLM008146,POL00001,PRG011,TRT004,2026-04-26,Pending,260332.7
CLM008147,POL08077,PRG001,TRT009,2026-05-16,Open,83841.83
CLM008148,POL04573,PRG011,TRT003,2026-07-28,Pending,298054.63
CLM008149,POL01064,PRG016,TRT018,2026-07-20,Closed,166392.59
CLM008150,POL03707,PRG012,TRT055,2026-04-21,Pending,65317.02
CLM008151,POL06954,PRG010,TRT047,2026-05-06,Pending,215425.3
CLM008152,POL02151,PRG006,TRT073,2026-02-06,Open,196131.79
CLM008153,POL03056,PRG005,TRT098,2026-03-31,Pending,182066.06
CLM008154,POL02747,PRG001,TRT046,2026-06-08,Pending,63170.52
CLM008155,POL06937,PRG005,TRT061,2026-05-28,Closed,131038.68
CLM008156,POL03972,PRG002,TRT006,2026-02-21,Open,41732.44
CLM008157,POL04057,PRG011,TRT056,2026-06-14,Pending,96493.08
CLM008158,POL00347,PRG006,TRT011,2026-08-02,Pending,298000.21
CLM008159,POL09895,PRG014,TRT032,2026-01-31,Pending,101676.23
CLM008160,POL05898,PRG015,TRT096,2026-02-02,Open,128736.15
CLM008161,POL08863,PRG005,TRT066,2026-04-11,Pending,130732.96
CLM008162,POL08840,PRG008,TRT034,2026-01-18,Pending,145997.78
CLM008163,POL03458,PRG025,TRT026,2026-01-24,Closed,130402.73
CLM008164,POL02038,PRG017,TRT001,2026-06-01,Closed,166123.36
CLM008165,POL02279,PRG005,TRT038,2026-07-29,Closed,45792.09
CLM008166,POL02216,PRG008,TRT064,2026-08-03,Closed,136389.49
CLM008167,POL02332,PRG007,TRT027,2026-03-13,Open,124684.72
CLM008168,POL02673,PRG024,TRT041,2026-04-09,Pending,43231.33
CLM008169,POL04372,PRG013,TRT054,2026-02-10,Closed,181245.61
CLM008170,POL02005,PRG019,TRT021,2026-06-22,Pending,274788.69
CLM008171,POL03573,PRG012,TRT044,2026-04-16,Pending,117239.56
CLM008172,POL06875,PRG011,TRT091,2026-04-11,Pending,277347.38
CLM008173,POL00402,PRG006,TRT040,2026-08-06,Closed,118876.01
CLM008174,POL02237,PRG008,TRT093,2026-06-04,Closed,229829.04
CLM008175,POL01294,PRG024,TRT039,2026-06-02,Closed,133118.88
CLM008176,POL00018,PRG025,TRT080,2026-07-04,Closed,133776.42
CLM008177,POL06720,PRG009,TRT069,2026-03-24,Pending,252436.93
CLM008178,POL01993,PRG001,TRT049,2026-06-26,Pending,287463.19
CLM008179,POL02619,PRG024,TRT065,2026-05-29,Open,90602.1
CLM008180,POL06541,PRG003,TRT052,2026-01-01,Pending,187527.05
CLM008181,POL03660,PRG024,TRT069,2026-02-13,Open,97830.23
CLM008182,POL02452,PRG001,TRT012,2026-05-24,Pending,282458.33
CLM008183,POL08406,PRG021,TRT079,2026-06-10,Closed,158477.04
CLM008184,POL01036,PRG010,TRT045,2026-05-03,Open,237476.42
CLM008185,POL00089,PRG005,TRT030,2026-06-23,Closed,262696.38
CLM008186,POL01541,PRG014,TRT020,2026-05-13,Open,240912.45
CLM008187,POL06497,PRG015,TRT023,2026-06-07,Open,238483.21
CLM008188,POL06691,PRG007,TRT038,2026-05-26,Pending,186104.03
CLM008189,POL04457,PRG017,TRT043,2026-03-23,Pending,263546.73
CLM008190,POL01847,PRG024,TRT011,2026-03-28,Pending,294283.52
CLM008191,POL03624,PRG018,TRT062,2026-07-31,Closed,290368.58
CLM008192,POL02592,PRG005,TRT008,2026-06-11,Closed,257521.54
CLM008193,POL06902,PRG017,TRT044,2026-06-22,Pending,174354.95
CLM008194,POL06498,PRG012,TRT054,2026-08-26,Open,88235.33
CLM008195,POL05434,PRG023,TRT018,2026-01-20,Closed,78705.47
CLM008196,POL01891,PRG019,TRT004,2026-06-25,Pending,276113.52
CLM008197,POL01227,PRG008,TRT060,2026-03-05,Pending,67037.63
CLM008198,POL01544,PRG008,TRT081,2026-08-06,Open,261891.19
CLM008199,POL01439,PRG016,TRT066,2026-02-25,Closed,128305.4
CLM008200,POL05306,PRG019,TRT035,2026-06-02,Pending,22193.77
CLM008201,POL01186,PRG018,TRT024,2026-06-07,Pending,232658.55
CLM008202,POL02298,PRG010,TRT080,2026-07-28,Pending,66743.8
CLM008203,POL02587,PRG007,TRT069,2026-02-25,Open,74586.44
CLM008204,POL08662,PRG007,TRT028,2026-06-23,Closed,295989.75
CLM008205,POL03801,PRG018,TRT094,2026-08-28,Pending,295782.61
CLM008206,POL06016,PRG022,TRT045,2026-01-08,Open,130524.71
CLM008207,POL00781,PRG015,TRT090,2026-02-18,Pending,162566.41
CLM008208,POL03126,PRG013,TRT072,2026-08-01,Pending,4986.77
CLM008209,POL02830,PRG004,TRT045,2026-05-05,Pending,80862.76
CLM008210,POL03242,PRG003,TRT056,2026-02-18,Pending,263233.68
CLM008211,POL02266,PRG013,TRT078,2026-06-08,Open,93206.11
CLM008212,POL07912,PRG006,TRT067,2026-05-22,Closed,139319.51
CLM008213,POL05839,PRG012,TRT059,2026-05-07,Open,69606.9
CLM008214,POL00819,PRG007,TRT028,2026-07-19,Closed,86530.52
CLM008215,POL05268,PRG001,TRT098,2026-03-18,Pending,144413.95
CLM008216,POL03662,PRG003,TRT029,2026-08-11,Pending,91330.63
CLM008217,POL03161,PRG023,TRT029,2026-02-20,Closed,14253.0
CLM008218,POL08964,PRG003,TRT012,2026-08-08,Open,213698.39
CLM008219,POL06735,PRG010,TRT066,2026-07-11,Pending,71224.76
CLM008220,POL08238,PRG022,TRT073,2026-08-13,Open,214616.65
CLM008221,POL07624,PRG016,TRT050,2026-06-26,Pending,159823.76
CLM008222,POL05294,PRG007,TRT074,2026-07-01,Open,246494.04
CLM008223,POL06295,PRG014,TRT079,2026-01-22,Pending,82262.87
CLM008224,POL09383,PRG019,TRT066,2026-04-26,Closed,269748.54
CLM008225,POL01968,PRG025,TRT041,2026-05-18,Pending,60058.64
CLM008226,POL08598,PRG024,TRT085,2026-06-05,Pending,109764.07
CLM008227,POL03277,PRG011,TRT020,2026-07-16,Open,93815.56
CLM008228,POL06216,PRG003,TRT094,2026-08-19,Open,89150.86
CLM008229,POL07462,PRG003,TRT019,2026-01-23,Open,267145.78
CLM008230,POL06199,PRG018,TRT033,2026-08-11,Pending,28261.37
CLM008231,POL01944,PRG014,TRT069,2026-02-12,Closed,161656.76
CLM008232,POL02618,PRG016,TRT031,2026-07-12,Open,193143.01
CLM008233,POL07155,PRG015,TRT011,2026-06-15,Open,283590.02
CLM008234,POL06385,PRG017,TRT060,2026-04-05,Open,169716.33
CLM008235,POL03954,PRG016,TRT085,2026-06-25,Closed,217176.71
CLM008236,POL07592,PRG015,TRT010,2026-03-25,Open,155298.27
CLM008237,POL07235,PRG007,TRT088,2026-06-06,Pending,282978.11
CLM008238,POL06928,PRG021,TRT079,2026-06-03,Closed,4258.69
CLM008239,POL03831,PRG014,TRT050,2026-07-31,Closed,68111.24
CLM008240,POL03732,PRG024,TRT049,2026-08-12,Pending,22805.31
CLM008241,POL07012,PRG021,TRT085,2026-06-18,Closed,150171.48
CLM008242,POL06571,PRG017,TRT049,2026-07-09,Pending,36399.18
CLM008243,POL06802,PRG013,TRT036,2026-01-15,Open,146808.81
CLM008244,POL04451,PRG009,TRT071,2026-06-13,Closed,164570.51
CLM008245,POL07129,PRG017,TRT047,2026-03-17,Open,8889.81
CLM008246,POL06183,PRG013,TRT085,2026-03-12,Closed,292100.66
CLM008247,POL01317,PRG002,TRT089,2026-06-02,Closed,221668.58
CLM008248,POL06440,PRG018,TRT052,2026-05-06,Closed,294303.68
CLM008249,POL01394,PRG013,TRT009,2026-04-26,Closed,241727.93
CLM008250,POL02359,PRG017,TRT079,2026-08-20,Closed,136576.05
CLM008251,POL03192,PRG025,TRT016,2026-04-19,Closed,273642.88
CLM008252,POL08439,PRG011,TRT035,2026-02-11,Closed,219447.59
CLM008253,POL04788,PRG025,TRT051,2026-07-15,Pending,40345.21
CLM008254,POL08586,PRG005,TRT067,2026-05-30,Pending,263402.28
CLM008255,POL06655,PRG006,TRT091,2026-06-09,Pending,119319.92
CLM008256,POL05565,PRG004,TRT009,2026-02-14,Closed,10767.77
CLM008257,POL09355,PRG009,TRT081,2026-07-17,Pending,215269.29
CLM008258,POL04254,PRG013,TRT046,2026-02-22,Open,178531.62
CLM008259,POL09770,PRG007,TRT013,2026-03-06,Closed,92503.13
CLM008260,POL06500,PRG017,TRT026,2026-06-19,Pending,139970.47
CLM008261,POL06121,PRG016,TRT040,2026-05-09,Pending,18026.62
CLM008262,POL06952,PRG023,TRT036,2026-02-14,Open,261719.29
CLM008263,POL09453,PRG018,TRT015,2026-06-19,Closed,209919.14
CLM008264,POL01446,PRG024,TRT005,2026-02-02,Open,59884.79
CLM008265,POL01187,PRG003,TRT079,2026-04-30,Open,9191.73
CLM008266,POL03296,PRG023,TRT016,2026-03-19,Open,153042.42
CLM008267,POL05783,PRG007,TRT050,2026-08-22,Pending,228654.94
CLM008268,POL00600,PRG022,TRT006,2026-07-30,Closed,207342.54
CLM008269,POL06329,PRG007,TRT075,2026-06-08,Open,143972.6
CLM008270,POL02542,PRG007,TRT098,2026-05-23,Closed,189731.54
CLM008271,POL05209,PRG004,TRT049,2026-03-03,Open,159581.12
CLM008272,POL06499,PRG025,TRT088,2026-06-04,Open,265271.11
CLM008273,POL02716,PRG022,TRT054,2026-04-22,Open,239528.94
CLM008274,POL07693,PRG012,TRT030,2026-05-07,Pending,182089.8
CLM008275,POL00976,PRG011,TRT061,2026-05-03,Open,115883.49
CLM008276,POL08879,PRG018,TRT019,2026-03-17,Closed,37136.83
CLM008277,POL03560,PRG022,TRT012,2026-02-28,Pending,137529.71
CLM008278,POL07813,PRG017,TRT011,2026-07-02,Open,105061.97
CLM008279,POL00672,PRG015,TRT074,2026-04-16,Closed,152521.96
CLM008280,POL08301,PRG025,TRT009,2026-02-25,Pending,139262.45
CLM008281,POL06569,PRG011,TRT085,2026-08-11,Closed,108727.01
CLM008282,POL01842,PRG003,TRT057,2026-07-07,Closed,153188.83
CLM008283,POL05113,PRG019,TRT049,2026-04-29,Closed,243582.76
CLM008284,POL04328,PRG014,TRT085,2026-02-18,Open,24410.53
CLM008285,POL09726,PRG009,TRT056,2026-08-19,Pending,186346.94
CLM008286,POL05418,PRG020,TRT052,2026-04-26,Open,125874.97
CLM008287,POL06673,PRG025,TRT020,2026-07-16,Open,75988.2
CLM008288,POL04451,PRG009,TRT071,2026-05-22,Pending,139736.35
CLM008289,POL05370,PRG014,TRT068,2026-04-22,Pending,167236.13
CLM008290,POL05772,PRG021,TRT042,2026-08-24,Pending,40159.03
CLM008291,POL08075,PRG007,TRT081,2026-02-24,Open,198865.64
CLM008292,POL00065,PRG025,TRT060,2026-05-02,Closed,166224.54
CLM008293,POL07563,PRG013,TRT028,2026-08-16,Open,38447.14
CLM008294,POL09719,PRG015,TRT058,2026-01-10,Open,289111.16
CLM008295,POL06773,PRG021,TRT079,2026-03-22,Open,192167.0
CLM008296,POL09831,PRG022,TRT081,2026-06-07,Closed,159450.99
CLM008297,POL02613,PRG021,TRT099,2026-07-27,Closed,96920.65
CLM008298,POL06487,PRG001,TRT046,2026-04-01,Closed,8368.47
CLM008299,POL09800,PRG019,TRT009,2026-03-10,Pending,165564.57
CLM008300,POL05377,PRG008,TRT094,2026-06-28,Closed,166961.52
CLM008301,POL00569,PRG004,TRT028,2026-08-20,Closed,66602.97
CLM008302,POL05492,PRG003,TRT052,2026-06-05,Open,36617.67
CLM008303,POL05549,PRG011,TRT098,2026-01-18,Closed,147377.14
CLM008304,POL01495,PRG014,TRT040,2026-04-10,Pending,164823.96
CLM008305,POL02163,PRG009,TRT027,2026-05-16,Pending,154079.23
CLM008306,POL00420,PRG006,TRT028,2026-06-01,Open,246318.36
CLM008307,POL00510,PRG018,TRT053,2026-04-16,Open,129515.24
CLM008308,POL06968,PRG012,TRT006,2026-08-18,Pending,153816.66
CLM008309,POL05003,PRG002,TRT003,2026-04-20,Closed,279287.15
CLM008310,POL09175,PRG021,TRT028,2026-06-09,Pending,229962.27
CLM008311,POL03786,PRG010,TRT014,2026-08-05,Closed,271729.79
CLM008312,POL02684,PRG010,TRT060,2026-02-09,Open,244571.73
CLM008313,POL03321,PRG012,TRT009,2026-07-13,Open,74773.82
CLM008314,POL08339,PRG021,TRT043,2026-05-24,Open,291609.19
CLM008315,POL07173,PRG021,TRT019,2026-01-19,Closed,28192.33
CLM008316,POL00067,PRG009,TRT094,2026-07-02,Closed,223803.55
CLM008317,POL04499,PRG024,TRT010,2026-04-01,Closed,59164.99
CLM008318,POL07496,PRG003,TRT015,2026-08-15,Open,96915.95
CLM008319,POL04857,PRG005,TRT001,2026-08-13,Pending,246977.87
CLM008320,POL00548,PRG024,TRT097,2026-05-21,Closed,163746.71
CLM008321,POL06856,PRG020,TRT016,2026-07-20,Pending,214332.3
CLM008322,POL01550,PRG011,TRT061,2026-06-30,Open,184232.03
CLM008323,POL01208,PRG012,TRT024,2026-08-08,Closed,81708.85
CLM008324,POL03578,PRG009,TRT088,2026-03-08,Pending,99237.02
CLM008325,POL02911,PRG011,TRT050,2026-07-29,Open,134874.98
CLM008326,POL07487,PRG003,TRT091,2026-08-27,Open,103297.11
CLM008327,POL07751,PRG023,TRT002,2026-05-22,Closed,220508.33
CLM008328,POL00739,PRG008,TRT036,2026-02-25,Open,108219.6
CLM008329,POL01110,PRG019,TRT037,2026-05-29,Pending,279584.37
CLM008330,POL09750,PRG021,TRT091,2026-05-22,Pending,158828.08
CLM008331,POL08213,PRG005,TRT050,2026-04-18,Pending,77574.25
CLM008332,POL01609,PRG020,TRT079,2026-03-29,Open,35431.0
CLM008333,POL06866,PRG015,TRT080,2026-04-12,Open,93151.24
CLM008334,POL01062,PRG002,TRT057,2026-05-07,Pending,164391.83
CLM008335,POL08065,PRG023,TRT070,2026-05-04,Open,229912.39
CLM008336,POL03973,PRG005,TRT007,2026-06-23,Open,66111.74
CLM008337,POL03637,PRG001,TRT081,2026-03-30,Pending,170120.16
CLM008338,POL01009,PRG002,TRT057,2026-07-21,Pending,14126.41
CLM008339,POL03039,PRG017,TRT089,2026-07-18,Pending,286491.59
CLM008340,POL04910,PRG023,TRT064,2026-04-04,Open,49419.13
CLM008341,POL03700,PRG011,TRT019,2026-01-13,Pending,191508.23
CLM008342,POL00772,PRG006,TRT017,2026-03-31,Pending,134889.91
CLM008343,POL06765,PRG004,TRT095,2026-07-01,Pending,148049.67
CLM008344,POL02704,PRG003,TRT005,2026-01-22,Closed,243757.53
CLM008345,POL04222,PRG016,TRT072,2026-05-13,Open,137286.21
CLM008346,POL04085,PRG003,TRT092,2026-02-19,Closed,19514.3
CLM008347,POL03069,PRG013,TRT014,2026-03-15,Open,156261.25
CLM008348,POL03070,PRG013,TRT022,2026-03-04,Open,290379.05
CLM008349,POL03894,PRG025,TRT095,2026-08-08,Closed,13621.35
CLM008350,POL07821,PRG016,TRT081,2026-04-26,Closed,186430.48
CLM008351,POL05293,PRG025,TRT014,2026-04-14,Closed,56731.3
CLM008352,POL08981,PRG012,TRT001,2026-01-22,Open,187213.08
CLM008353,POL02898,PRG021,TRT016,2026-03-28,Open,13955.1
CLM008354,POL03921,PRG002,TRT047,2026-08-25,Pending,181310.85
CLM008355,POL01347,PRG021,TRT020,2026-03-22,Pending,31266.03
CLM008356,POL02609,PRG009,TRT084,2026-08-07,Open,266309.7
CLM008357,POL03368,PRG009,TRT025,2026-01-30,Open,91691.54
CLM008358,POL02120,PRG008,TRT028,2026-05-14,Closed,11889.96
CLM008359,POL04300,PRG001,TRT061,2026-05-04,Closed,47858.43
CLM008360,POL08103,PRG018,TRT078,2026-08-18,Closed,292864.39
CLM008361,POL05723,PRG022,TRT048,2026-01-19,Open,292108.01
CLM008362,POL07543,PRG018,TRT097,2026-07-08,Closed,117371.63
CLM008363,POL01665,PRG004,TRT041,2026-07-31,Pending,265118.4
CLM008364,POL00761,PRG020,TRT011,2026-01-29,Closed,115884.22
CLM008365,POL01206,PRG017,TRT028,2026-05-23,Open,162438.85
CLM008366,POL03412,PRG007,TRT065,2026-04-26,Pending,233201.58
CLM008367,POL05528,PRG013,TRT071,2026-07-03,Open,202313.96
CLM008368,POL08159,PRG010,TRT087,2026-03-05,Closed,1186.15
CLM008369,POL02734,PRG010,TRT017,2026-01-22,Open,4606.76
CLM008370,POL02129,PRG025,TRT035,2026-07-07,Pending,31704.71
CLM008371,POL05424,PRG004,TRT010,2026-03-03,Pending,113361.78
CLM008372,POL06439,PRG011,TRT090,2026-06-09,Pending,7225.17
CLM008373,POL05770,PRG013,TRT073,2026-04-06,Open,81803.43
CLM008374,POL06733,PRG018,TRT070,2026-02-08,Closed,37724.15
CLM008375,POL06812,PRG007,TRT063,2026-05-04,Open,239826.15
CLM008376,POL04461,PRG007,TRT073,2026-07-19,Closed,151983.48
CLM008377,POL00802,PRG013,TRT032,2026-01-22,Open,18129.44
CLM008378,POL04409,PRG007,TRT006,2026-03-07,Pending,54512.8
CLM008379,POL05653,PRG020,TRT081,2026-01-14,Closed,179577.84
CLM008380,POL02848,PRG003,TRT088,2026-04-05,Closed,234944.21
CLM008381,POL05977,PRG019,TRT073,2026-02-13,Open,162181.42
CLM008382,POL07709,PRG007,TRT073,2026-01-16,Pending,232461.63
CLM008383,POL01071,PRG018,TRT072,2026-03-08,Pending,38697.61
CLM008384,POL04294,PRG025,TRT028,2026-08-02,Closed,194476.21
CLM008385,POL02098,PRG016,TRT033,2026-08-28,Pending,159550.54
CLM008386,POL03461,PRG019,TRT098,2026-05-30,Pending,88606.87
CLM008387,POL05911,PRG014,TRT100,2026-07-11,Closed,94167.43
CLM008388,POL06340,PRG005,TRT049,2026-06-14,Closed,295927.42
CLM008389,POL05636,PRG018,TRT056,2026-05-19,Open,231870.75
CLM008390,POL00038,PRG018,TRT050,2026-08-17,Pending,53177.48
CLM008391,POL06479,PRG001,TRT028,2026-07-14,Closed,268863.16
CLM008392,POL00386,PRG014,TRT070,2026-03-08,Pending,127479.33
CLM008393,POL05249,PRG018,TRT029,2026-06-04,Pending,199364.02
CLM008394,POL08909,PRG021,TRT061,2026-03-31,Closed,292178.2
CLM008395,POL09510,PRG004,TRT038,2026-03-10,Pending,185794.61
CLM008396,POL05370,PRG014,TRT068,2026-01-31,Pending,28830.23
CLM008397,POL00454,PRG022,TRT080,2026-07-08,Pending,125742.58
CLM008398,POL09555,PRG005,TRT007,2026-03-26,Pending,43292.56
CLM008399,POL06756,PRG007,TRT087,2026-07-09,Closed,113117.27
CLM008400,POL04064,PRG023,TRT011,2026-04-30,Closed,66621.16
CLM008401,POL06802,PRG013,TRT036,2026-03-29,Open,110249.33
CLM008402,POL09285,PRG016,TRT036,2026-07-10,Open,91877.52
CLM008403,POL09339,PRG002,TRT075,2026-08-03,Closed,242891.27
CLM008404,POL00528,PRG017,TRT059,2026-06-12,Closed,21437.8
CLM008405,POL00273,PRG019,TRT010,2026-01-20,Open,87556.25
CLM008406,POL06050,PRG023,TRT025,2026-07-21,Closed,132468.06
CLM008407,POL03602,PRG017,TRT037,2026-04-21,Pending,294699.94
CLM008408,POL01302,PRG025,TRT009,2026-01-06,Open,186336.42
CLM008409,POL05345,PRG019,TRT022,2026-08-10,Open,248008.38
CLM008410,POL06936,PRG005,TRT065,2026-05-19,Open,175395.66
CLM008411,POL02857,PRG005,TRT008,2026-07-31,Open,77999.32
CLM008412,POL02242,PRG007,TRT061,2026-04-06,Closed,178947.38
CLM008413,POL02733,PRG024,TRT045,2026-02-04,Pending,40158.28
CLM008414,POL09260,PRG003,TRT021,2026-07-27,Closed,174207.38
CLM008415,POL07539,PRG001,TRT097,2026-05-30,Pending,295683.24
CLM008416,POL03230,PRG008,TRT095,2026-01-01,Open,270006.37
CLM008417,POL02915,PRG023,TRT066,2026-05-25,Open,277999.61
CLM008418,POL03875,PRG009,TRT074,2026-05-03,Closed,28723.1
CLM008419,POL01121,PRG023,TRT078,2026-01-17,Closed,193418.38
CLM008420,POL06423,PRG007,TRT091,2026-06-16,Closed,38233.9
CLM008421,POL00837,PRG001,TRT053,2026-04-25,Pending,88591.28
CLM008422,POL01550,PRG011,TRT061,2026-04-21,Open,262998.97
CLM008423,POL08845,PRG012,TRT025,2026-07-16,Closed,122675.71
CLM008424,POL03701,PRG004,TRT057,2026-05-06,Pending,259107.25
CLM008425,POL03563,PRG015,TRT081,2026-04-08,Closed,62779.24
CLM008426,POL08240,PRG021,TRT004,2026-08-28,Closed,56341.7
CLM008427,POL07746,PRG013,TRT075,2026-01-16,Closed,141190.08
CLM008428,POL03574,PRG019,TRT096,2026-02-27,Pending,156218.03
CLM008429,POL00468,PRG024,TRT036,2026-06-29,Open,263640.6
CLM008430,POL04701,PRG016,TRT091,2026-04-29,Pending,288738.17
CLM008431,POL02961,PRG023,TRT093,2026-08-13,Closed,129165.69
CLM008432,POL01841,PRG013,TRT076,2026-05-02,Open,117370.74
CLM008433,POL08769,PRG021,TRT008,2026-07-12,Closed,34832.43
CLM008434,POL08313,PRG007,TRT012,2026-07-04,Closed,75503.0
CLM008435,POL06654,PRG009,TRT018,2026-06-17,Open,295435.5
CLM008436,POL05006,PRG021,TRT077,2026-08-01,Closed,115638.59
CLM008437,POL04542,PRG014,TRT049,2026-01-21,Pending,187756.63
CLM008438,POL00656,PRG005,TRT005,2026-03-08,Closed,22343.77
CLM008439,POL01054,PRG017,TRT027,2026-08-20,Closed,196265.97
CLM008440,POL06501,PRG022,TRT048,2026-01-22,Open,283458.5
CLM008441,POL01126,PRG018,TRT098,2026-03-09,Pending,82437.49
CLM008442,POL08413,PRG012,TRT026,2026-06-26,Closed,30101.2
CLM008443,POL07176,PRG023,TRT068,2026-07-11,Pending,240351.68
CLM008444,POL09164,PRG019,TRT037,2026-08-20,Open,274559.47
CLM008445,POL07122,PRG021,TRT049,2026-01-05,Open,5936.11
CLM008446,POL06562,PRG012,TRT068,2026-06-19,Closed,130171.9
CLM008447,POL03440,PRG020,TRT021,2026-05-11,Closed,40624.76
CLM008448,POL05759,PRG002,TRT001,2026-01-29,Pending,47960.38
CLM008449,POL01375,PRG001,TRT044,2026-04-03,Open,267931.3
CLM008450,POL07895,PRG002,TRT035,2026-01-20,Pending,67449.39
CLM008451,POL00675,PRG015,TRT033,2026-04-29,Open,233813.59
CLM008452,POL01724,PRG025,TRT063,2026-08-24,Closed,253081.19
CLM008453,POL06540,PRG012,TRT045,2026-03-19,Open,127913.72
CLM008454,POL02475,PRG004,TRT029,2026-08-21,Closed,74614.12
CLM008455,POL08296,PRG021,TRT054,2026-01-17,Open,11399.09
CLM008456,POL06565,PRG008,TRT072,2026-04-04,Closed,182311.8
CLM008457,POL00563,PRG001,TRT080,2026-06-14,Pending,114379.53
CLM008458,POL06465,PRG004,TRT050,2026-05-19,Open,28756.08
CLM008459,POL00752,PRG015,TRT036,2026-05-17,Pending,58804.56
CLM008460,POL09396,PRG010,TRT003,2026-02-11,Closed,151318.21
CLM008461,POL09767,PRG022,TRT027,2026-08-10,Closed,165214.79
CLM008462,POL08662,PRG007,TRT028,2026-07-16,Closed,291728.51
CLM008463,POL06535,PRG018,TRT090,2026-05-30,Open,90689.79
CLM008464,POL03055,PRG022,TRT041,2026-03-25,Open,268407.6
CLM008465,POL09021,PRG007,TRT048,2026-08-21,Pending,154703.59
CLM008466,POL02481,PRG007,TRT059,2026-08-14,Open,259398.7
CLM008467,POL05466,PRG023,TRT015,2026-06-14,Closed,134782.24
CLM008468,POL08627,PRG009,TRT005,2026-04-09,Pending,88656.71
CLM008469,POL03335,PRG024,TRT088,2026-06-27,Open,22355.58
CLM008470,POL05654,PRG020,TRT099,2026-04-21,Open,299118.31
CLM008471,POL07451,PRG016,TRT023,2026-03-16,Open,152999.6
CLM008472,POL02898,PRG021,TRT016,2026-06-27,Open,210740.33
CLM008473,POL02522,PRG013,TRT001,2026-08-19,Open,108506.82
CLM008474,POL00302,PRG007,TRT060,2026-03-19,Closed,93942.68
CLM008475,POL00891,PRG024,TRT009,2026-06-05,Closed,167168.87
CLM008476,POL01883,PRG018,TRT041,2026-02-13,Open,110862.4
CLM008477,POL01586,PRG017,TRT099,2026-06-25,Closed,80208.28
CLM008478,POL00772,PRG006,TRT017,2026-04-08,Open,114201.57
CLM008479,POL07254,PRG011,TRT068,2026-04-18,Closed,197474.75
CLM008480,POL07140,PRG003,TRT077,2026-07-10,Pending,59621.81
CLM008481,POL01777,PRG016,TRT080,2026-08-05,Open,142742.47
CLM008482,POL07269,PRG015,TRT090,2026-02-07,Closed,34957.94
CLM008483,POL00681,PRG010,TRT059,2026-07-18,Pending,174518.98
CLM008484,POL05990,PRG024,TRT060,2026-04-21,Open,197422.92
CLM008485,POL02900,PRG012,TRT027,2026-01-12,Pending,296884.78
CLM008486,POL09321,PRG016,TRT074,2026-06-16,Open,41131.74
CLM008487,POL09765,PRG021,TRT079,2026-04-04,Pending,90577.11
CLM008488,POL05750,PRG015,TRT082,2026-06-01,Closed,298293.58
CLM008489,POL04195,PRG009,TRT009,2026-05-24,Open,262509.61
CLM008490,POL08219,PRG014,TRT086,2026-01-28,Open,269348.05
CLM008491,POL06384,PRG020,TRT100,2026-02-14,Pending,4748.52
CLM008492,POL09905,PRG017,TRT041,2026-03-23,Closed,56233.18
CLM008493,POL03195,PRG005,TRT047,2026-07-11,Pending,73083.49
CLM008494,POL05008,PRG004,TRT033,2026-01-19,Open,39999.01
CLM008495,POL00836,PRG013,TRT097,2026-01-08,Open,136670.63
CLM008496,POL04966,PRG003,TRT085,2026-01-08,Pending,147883.13
CLM008497,POL01314,PRG001,TRT081,2026-03-22,Closed,240925.24
CLM008498,POL04302,PRG016,TRT041,2026-01-16,Open,221838.05
CLM008499,POL03225,PRG009,TRT064,2026-04-27,Pending,220901.35
CLM008500,POL02499,PRG025,TRT052,2026-05-02,Pending,209030.86
CLM008501,POL09333,PRG021,TRT035,2026-06-11,Pending,233679.75
CLM008502,POL04451,PRG009,TRT071,2026-01-23,Open,272436.19
CLM008503,POL09178,PRG007,TRT008,2026-02-03,Pending,154289.83
CLM008504,POL04778,PRG016,TRT004,2026-07-02,Open,287725.46
CLM008505,POL07833,PRG018,TRT043,2026-06-11,Closed,181418.15
CLM008506,POL08518,PRG023,TRT088,2026-07-27,Closed,298585.52
CLM008507,POL03015,PRG021,TRT039,2026-07-03,Open,248726.84
CLM008508,POL04045,PRG006,TRT056,2026-01-27,Closed,113819.08
CLM008509,POL03883,PRG013,TRT100,2026-02-14,Open,110773.38
CLM008510,POL04890,PRG003,TRT019,2026-07-04,Closed,238706.63
CLM008511,POL00628,PRG001,TRT024,2026-05-27,Open,70505.63
CLM008512,POL07596,PRG018,TRT007,2026-07-23,Open,266775.75
CLM008513,POL01684,PRG020,TRT062,2026-02-06,Open,93131.61
CLM008514,POL05515,PRG008,TRT067,2026-07-26,Open,148126.47
CLM008515,POL00215,PRG017,TRT028,2026-05-08,Pending,205011.25
CLM008516,POL02597,PRG023,TRT050,2026-02-08,Open,118763.55
CLM008517,POL00369,PRG008,TRT073,2026-02-01,Closed,124272.86
CLM008518,POL00991,PRG016,TRT071,2026-03-01,Open,170611.86
CLM008519,POL06167,PRG018,TRT021,2026-04-21,Closed,226963.87
CLM008520,POL00703,PRG012,TRT049,2026-08-08,Closed,234299.15
CLM008521,POL09385,PRG022,TRT078,2026-07-16,Closed,242874.16
CLM008522,POL01951,PRG012,TRT046,2026-08-10,Pending,185287.88
CLM008523,POL08547,PRG025,TRT034,2026-05-09,Closed,203022.42
CLM008524,POL07741,PRG021,TRT097,2026-06-21,Pending,7198.69
CLM008525,POL06347,PRG011,TRT006,2026-04-10,Open,280041.32
CLM008526,POL05248,PRG004,TRT033,2026-01-27,Pending,9741.38
CLM008527,POL03685,PRG010,TRT036,2026-07-09,Closed,242622.29
CLM008528,POL06295,PRG014,TRT079,2026-05-09,Open,227108.68
CLM008529,POL04085,PRG003,TRT092,2026-07-04,Open,287452.88
CLM008530,POL00385,PRG011,TRT098,2026-02-21,Closed,259257.47
CLM008531,POL05782,PRG004,TRT051,2026-05-13,Closed,76741.51
CLM008532,POL00538,PRG023,TRT019,2026-06-03,Pending,106123.77
CLM008533,POL01853,PRG009,TRT071,2026-05-19,Open,118980.46
CLM008534,POL02796,PRG024,TRT031,2026-04-08,Open,158027.02
CLM008535,POL09185,PRG004,TRT066,2026-04-01,Pending,148545.2
CLM008536,POL09406,PRG012,TRT061,2026-03-15,Pending,283446.43
CLM008537,POL07519,PRG005,TRT040,2026-07-14,Pending,252203.87
CLM008538,POL07040,PRG025,TRT090,2026-03-08,Open,269614.83
CLM008539,POL01204,PRG014,TRT022,2026-03-26,Closed,120634.29
CLM008540,POL04024,PRG019,TRT100,2026-02-18,Pending,21176.15
CLM008541,POL05299,PRG022,TRT076,2026-08-26,Pending,101835.11
CLM008542,POL06867,PRG005,TRT012,2026-06-15,Open,118578.94
CLM008543,POL03834,PRG020,TRT042,2026-06-30,Open,25248.32
CLM008544,POL09174,PRG023,TRT048,2026-08-01,Pending,154947.14
CLM008545,POL06881,PRG007,TRT012,2026-03-01,Open,93331.08
CLM008546,POL03900,PRG007,TRT075,2026-07-19,Pending,81204.84
CLM008547,POL09912,PRG014,TRT027,2026-08-28,Pending,208709.39
CLM008548,POL02834,PRG009,TRT047,2026-08-23,Pending,287070.73
CLM008549,POL04162,PRG018,TRT069,2026-04-29,Pending,5413.79
CLM008550,POL09802,PRG009,TRT097,2026-04-27,Closed,214170.64
CLM008551,POL00626,PRG017,TRT091,2026-06-26,Closed,24287.86
CLM008552,POL01019,PRG019,TRT096,2026-08-26,Open,206192.41
CLM008553,POL02716,PRG022,TRT054,2026-01-12,Open,107631.32
CLM008554,POL03392,PRG022,TRT091,2026-05-24,Open,12167.28
CLM008555,POL07087,PRG009,TRT022,2026-06-19,Pending,154374.96
CLM008556,POL07440,PRG025,TRT014,2026-04-05,Open,295937.77
CLM008557,POL05969,PRG024,TRT073,2026-05-02,Open,119992.23
CLM008558,POL06282,PRG009,TRT012,2026-04-13,Closed,190715.63
CLM008559,POL05511,PRG004,TRT058,2026-04-17,Open,26458.13
CLM008560,POL03177,PRG006,TRT043,2026-03-08,Pending,160181.25
CLM008561,POL00742,PRG022,TRT092,2026-02-22,Pending,195712.79
CLM008562,POL03746,PRG009,TRT092,2026-03-18,Closed,204596.76
CLM008563,POL06379,PRG016,TRT087,2026-07-18,Open,186475.99
CLM008564,POL02421,PRG014,TRT090,2026-02-27,Pending,254123.29
CLM008565,POL04921,PRG019,TRT064,2026-08-06,Open,246248.87
CLM008566,POL08148,PRG014,TRT079,2026-05-26,Closed,253306.9
CLM008567,POL08253,PRG018,TRT007,2026-06-26,Open,8635.97
CLM008568,POL04046,PRG017,TRT034,2026-02-20,Pending,295497.63
CLM008569,POL07419,PRG018,TRT033,2026-08-22,Pending,221977.93
CLM008570,POL02175,PRG024,TRT015,2026-04-08,Open,255348.75
CLM008571,POL01820,PRG009,TRT021,2026-02-18,Open,75559.45
CLM008572,POL05020,PRG020,TRT011,2026-08-03,Open,38218.61
CLM008573,POL01049,PRG017,TRT053,2026-03-01,Closed,296398.76
CLM008574,POL05594,PRG021,TRT003,2026-06-16,Closed,193359.19
CLM008575,POL03468,PRG007,TRT073,2026-03-11,Closed,43061.16
CLM008576,POL02995,PRG004,TRT028,2026-05-28,Open,123777.89
CLM008577,POL06525,PRG019,TRT075,2026-07-04,Pending,70087.51
CLM008578,POL07381,PRG008,TRT032,2026-06-02,Open,261678.56
CLM008579,POL09818,PRG018,TRT029,2026-05-23,Closed,82307.02
CLM008580,POL05296,PRG008,TRT036,2026-08-03,Open,242568.78
CLM008581,POL07583,PRG003,TRT074,2026-01-10,Pending,267583.14
CLM008582,POL01915,PRG016,TRT010,2026-06-27,Closed,20544.0
CLM008583,POL09079,PRG012,TRT068,2026-04-10,Pending,177869.42
CLM008584,POL02312,PRG002,TRT011,2026-05-01,Pending,6633.93
CLM008585,POL04288,PRG006,TRT047,2026-02-12,Pending,115052.87
CLM008586,POL01326,PRG008,TRT083,2026-03-01,Closed,63000.21
CLM008587,POL06843,PRG022,TRT074,2026-08-09,Pending,67160.72
CLM008588,POL05911,PRG014,TRT100,2026-06-18,Closed,89817.96
CLM008589,POL08145,PRG012,TRT061,2026-06-28,Open,101879.54
CLM008590,POL08370,PRG001,TRT076,2026-01-11,Pending,134510.87
CLM008591,POL05652,PRG019,TRT074,2026-07-24,Pending,151077.72
CLM008592,POL04103,PRG019,TRT031,2026-02-21,Open,258290.64
CLM008593,POL05229,PRG003,TRT035,2026-05-17,Pending,143510.51
CLM008594,POL01489,PRG018,TRT022,2026-02-03,Pending,81837.93
CLM008595,POL01233,PRG017,TRT092,2026-01-09,Pending,47027.65
CLM008596,POL00283,PRG021,TRT020,2026-05-24,Closed,124058.27
CLM008597,POL09964,PRG019,TRT036,2026-04-01,Open,73899.09
CLM008598,POL04989,PRG020,TRT008,2026-01-11,Closed,55955.21
CLM008599,POL08577,PRG017,TRT013,2026-08-19,Closed,199323.46
CLM008600,POL05791,PRG019,TRT055,2026-07-05,Open,115073.4
CLM008601,POL00064,PRG007,TRT082,2026-05-06,Pending,256842.35
CLM008602,POL04401,PRG018,TRT002,2026-03-15,Pending,84023.98
CLM008603,POL00620,PRG018,TRT048,2026-01-13,Pending,39614.99
CLM008604,POL07385,PRG014,TRT081,2026-02-21,Closed,111480.12
CLM008605,POL09953,PRG023,TRT064,2026-07-20,Open,198072.7
CLM008606,POL09029,PRG010,TRT075,2026-03-10,Pending,3420.44
CLM008607,POL08741,PRG025,TRT023,2026-08-15,Pending,55879.23
CLM008608,POL07994,PRG002,TRT017,2026-04-11,Open,142462.59
CLM008609,POL00683,PRG025,TRT093,2026-02-28,Pending,110572.34
CLM008610,POL01557,PRG021,TRT046,2026-03-30,Closed,126006.54
CLM008611,POL05750,PRG015,TRT082,2026-03-08,Pending,278461.59
CLM008612,POL03243,PRG010,TRT080,2026-02-03,Pending,14614.69
CLM008613,POL00878,PRG006,TRT006,2026-05-08,Open,108292.64
CLM008614,POL08320,PRG020,TRT013,2026-02-27,Closed,13511.97
CLM008615,POL05456,PRG004,TRT074,2026-06-08,Pending,198976.43
CLM008616,POL07445,PRG022,TRT008,2026-05-22,Open,147822.36
CLM008617,POL01703,PRG025,TRT048,2026-02-25,Open,233087.52
CLM008618,POL00816,PRG004,TRT008,2026-04-20,Pending,202404.87
CLM008619,POL01873,PRG013,TRT005,2026-04-13,Open,287684.08
CLM008620,POL05066,PRG010,TRT009,2026-03-13,Closed,71332.07
CLM008621,POL01578,PRG005,TRT010,2026-05-02,Closed,92529.91
CLM008622,POL02949,PRG023,TRT081,2026-06-01,Closed,240257.32
CLM008623,POL02881,PRG022,TRT040,2026-06-05,Closed,96467.09
CLM008624,POL09633,PRG009,TRT090,2026-07-20,Open,282897.62
CLM008625,POL00610,PRG014,TRT060,2026-03-18,Open,105141.49
CLM008626,POL02508,PRG001,TRT007,2026-03-22,Pending,237145.91
CLM008627,POL03230,PRG008,TRT095,2026-02-23,Pending,177886.22
CLM008628,POL09846,PRG024,TRT075,2026-04-25,Pending,264956.47
CLM008629,POL05634,PRG014,TRT092,2026-08-13,Closed,102084.6
CLM008630,POL01379,PRG020,TRT014,2026-07-14,Open,2317.55
CLM008631,POL01379,PRG020,TRT014,2026-04-11,Pending,95138.52
CLM008632,POL03848,PRG022,TRT017,2026-02-18,Pending,267952.93
CLM008633,POL02429,PRG001,TRT038,2026-06-04,Pending,37747.02
CLM008634,POL00982,PRG019,TRT014,2026-08-17,Pending,211796.64
CLM008635,POL01780,PRG014,TRT012,2026-05-27,Pending,144312.05
CLM008636,POL01999,PRG025,TRT057,2026-04-10,Closed,255659.07
CLM008637,POL07245,PRG016,TRT078,2026-04-18,Open,108872.76
CLM008638,POL01958,PRG024,TRT093,2026-06-06,Closed,90992.62
CLM008639,POL00725,PRG016,TRT080,2026-05-16,Open,60866.84
CLM008640,POL07835,PRG017,TRT009,2026-06-17,Closed,201808.81
CLM008641,POL09886,PRG020,TRT024,2026-01-14,Pending,32890.07
CLM008642,POL02869,PRG023,TRT014,2026-01-21,Closed,16945.55
CLM008643,POL05049,PRG021,TRT054,2026-06-09,Open,256194.33
CLM008644,POL02543,PRG022,TRT053,2026-03-27,Closed,80940.57
CLM008645,POL02552,PRG021,TRT079,2026-08-22,Open,236180.03
CLM008646,POL08247,PRG024,TRT046,2026-07-13,Closed,88827.5
CLM008647,POL09771,PRG013,TRT006,2026-02-05,Pending,198912.11
CLM008648,POL03535,PRG006,TRT076,2026-03-02,Pending,113769.24
CLM008649,POL03379,PRG006,TRT029,2026-04-11,Pending,261616.44
CLM008650,POL07700,PRG024,TRT057,2026-08-21,Pending,278762.19
CLM008651,POL07762,PRG019,TRT002,2026-06-23,Closed,220712.66
CLM008652,POL00980,PRG024,TRT071,2026-07-08,Open,14982.2
CLM008653,POL06987,PRG008,TRT084,2026-04-10,Open,49535.71
CLM008654,POL04026,PRG015,TRT084,2026-03-27,Open,155265.1
CLM008655,POL07836,PRG002,TRT032,2026-05-24,Pending,138511.25
CLM008656,POL05999,PRG020,TRT077,2026-04-29,Pending,95841.93
CLM008657,POL09904,PRG025,TRT080,2026-02-06,Pending,114101.51
CLM008658,POL04703,PRG009,TRT032,2026-03-15,Closed,220871.33
CLM008659,POL03196,PRG011,TRT065,2026-03-29,Pending,235053.92
CLM008660,POL02206,PRG018,TRT038,2026-05-11,Open,22271.44
CLM008661,POL04548,PRG025,TRT022,2026-02-28,Pending,52377.6
CLM008662,POL06977,PRG024,TRT032,2026-08-11,Closed,218880.13
CLM008663,POL08394,PRG024,TRT071,2026-02-21,Open,202103.98
CLM008664,POL09092,PRG020,TRT077,2026-03-21,Closed,290854.59
CLM008665,POL08990,PRG013,TRT044,2026-04-25,Open,86303.28
CLM008666,POL03048,PRG004,TRT056,2026-07-12,Open,43976.47
CLM008667,POL02344,PRG008,TRT093,2026-07-03,Closed,111255.24
CLM008668,POL07364,PRG016,TRT069,2026-01-13,Closed,253217.19
CLM008669,POL00390,PRG012,TRT020,2026-06-18,Closed,288473.17
CLM008670,POL04841,PRG004,TRT008,2026-05-18,Closed,96316.2
CLM008671,POL05147,PRG002,TRT081,2026-05-25,Closed,273496.17
CLM008672,POL06598,PRG003,TRT088,2026-06-12,Open,129980.57
CLM008673,POL05226,PRG025,TRT048,2026-02-22,Pending,16768.69
CLM008674,POL09365,PRG024,TRT015,2026-06-01,Closed,202207.7
CLM008675,POL01634,PRG024,TRT005,2026-02-02,Pending,180982.22
CLM008676,POL00448,PRG002,TRT096,2026-04-29,Open,265947.96
CLM008677,POL05952,PRG008,TRT016,2026-04-25,Pending,195685.67
CLM008678,POL04714,PRG005,TRT048,2026-08-03,Open,45206.27
CLM008679,POL07417,PRG011,TRT017,2026-07-03,Closed,228510.28
CLM008680,POL03593,PRG017,TRT014,2026-04-05,Pending,227736.65
CLM008681,POL01610,PRG001,TRT068,2026-02-24,Open,39598.17
CLM008682,POL02932,PRG021,TRT098,2026-03-20,Closed,72404.5
CLM008683,POL09047,PRG015,TRT062,2026-08-03,Pending,51982.68
CLM008684,POL00288,PRG023,TRT012,2026-08-04,Open,41783.16
CLM008685,POL05904,PRG012,TRT009,2026-01-30,Pending,86799.69
CLM008686,POL04123,PRG024,TRT087,2026-06-22,Open,41330.14
CLM008687,POL00580,PRG011,TRT004,2026-01-15,Open,173784.69
CLM008688,POL06372,PRG018,TRT030,2026-03-05,Pending,270032.02
CLM008689,POL01748,PRG012,TRT034,2026-01-10,Open,19592.44
CLM008690,POL02534,PRG004,TRT073,2026-04-15,Closed,43992.67
CLM008691,POL07571,PRG011,TRT074,2026-01-04,Closed,178473.42
CLM008692,POL04174,PRG007,TRT047,2026-04-29,Open,272264.76
CLM008693,POL03282,PRG012,TRT008,2026-05-27,Pending,145082.94
CLM008694,POL00882,PRG002,TRT023,2026-07-26,Closed,223798.28
CLM008695,POL04477,PRG016,TRT100,2026-04-04,Pending,230433.34
CLM008696,POL08125,PRG017,TRT034,2026-05-27,Closed,179064.28
CLM008697,POL03387,PRG018,TRT039,2026-05-05,Pending,239049.66
CLM008698,POL04825,PRG004,TRT091,2026-03-28,Closed,21413.96
CLM008699,POL05059,PRG009,TRT067,2026-02-23,Closed,96215.15
CLM008700,POL08317,PRG003,TRT043,2026-03-16,Open,18465.38
CLM008701,POL09022,PRG024,TRT036,2026-05-20,Open,43506.51
CLM008702,POL02155,PRG020,TRT015,2026-07-08,Pending,52312.53
CLM008703,POL04378,PRG012,TRT093,2026-02-08,Pending,209070.38
CLM008704,POL08521,PRG013,TRT002,2026-04-13,Open,74150.33
CLM008705,POL07336,PRG004,TRT073,2026-07-21,Open,232657.16
CLM008706,POL09687,PRG012,TRT058,2026-01-27,Pending,230121.61
CLM008707,POL07602,PRG004,TRT033,2026-04-18,Open,265873.03
CLM008708,POL02620,PRG017,TRT050,2026-06-15,Closed,161448.03
CLM008709,POL04235,PRG015,TRT077,2026-01-10,Pending,57203.13
CLM008710,POL06764,PRG021,TRT073,2026-04-18,Closed,54511.98
CLM008711,POL07382,PRG019,TRT038,2026-02-14,Open,205717.67
CLM008712,POL09323,PRG020,TRT099,2026-06-24,Open,67233.93
CLM008713,POL05411,PRG011,TRT067,2026-07-17,Open,169554.46
CLM008714,POL04975,PRG009,TRT028,2026-03-11,Closed,203831.47
CLM008715,POL06729,PRG016,TRT022,2026-01-07,Pending,182205.66
CLM008716,POL07559,PRG009,TRT064,2026-08-29,Open,121450.04
CLM008717,POL07361,PRG003,TRT080,2026-02-01,Open,13717.65
CLM008718,POL06140,PRG012,TRT100,2026-01-07,Pending,11425.05
CLM008719,POL02345,PRG020,TRT072,2026-07-02,Open,212213.53
CLM008720,POL05945,PRG019,TRT048,2026-02-10,Open,26064.22
CLM008721,POL02966,PRG005,TRT047,2026-01-11,Open,27441.3
CLM008722,POL02911,PRG011,TRT050,2026-04-26,Pending,148542.26
CLM008723,POL08253,PRG018,TRT007,2026-06-21,Pending,75174.46
CLM008724,POL05550,PRG018,TRT075,2026-07-19,Closed,245337.25
CLM008725,POL02818,PRG005,TRT015,2026-01-25,Pending,295833.53
CLM008726,POL04518,PRG008,TRT025,2026-07-01,Open,163707.04
CLM008727,POL01866,PRG024,TRT052,2026-08-20,Pending,100795.95
CLM008728,POL07230,PRG004,TRT028,2026-03-08,Pending,12993.15
CLM008729,POL00946,PRG013,TRT036,2026-01-05,Closed,134803.04
CLM008730,POL01671,PRG013,TRT098,2026-05-18,Open,146734.17
CLM008731,POL02392,PRG010,TRT038,2026-03-29,Closed,170465.49
CLM008732,POL02376,PRG022,TRT023,2026-04-14,Closed,125975.22
CLM008733,POL05147,PRG002,TRT081,2026-05-15,Pending,128666.74
CLM008734,POL04958,PRG005,TRT011,2026-03-19,Closed,95662.27
CLM008735,POL06206,PRG025,TRT092,2026-03-02,Closed,104030.62
CLM008736,POL07384,PRG011,TRT040,2026-02-08,Pending,190097.3
CLM008737,POL05324,PRG002,TRT073,2026-02-02,Open,131053.26
CLM008738,POL06779,PRG023,TRT075,2026-05-13,Closed,169547.07
CLM008739,POL01417,PRG013,TRT065,2026-05-27,Pending,175362.86
CLM008740,POL02693,PRG008,TRT047,2026-01-23,Pending,299653.69
CLM008741,POL01393,PRG020,TRT052,2026-04-18,Closed,274735.74
CLM008742,POL01619,PRG024,TRT036,2026-02-26,Open,65743.67
CLM008743,POL08270,PRG010,TRT030,2026-05-30,Open,75703.66
CLM008744,POL03133,PRG025,TRT068,2026-02-12,Pending,201307.22
CLM008745,POL06747,PRG014,TRT035,2026-03-28,Closed,189087.28
CLM008746,POL00559,PRG023,TRT088,2026-06-16,Pending,31739.29
CLM008747,POL08403,PRG021,TRT080,2026-04-30,Open,51068.18
CLM008748,POL07268,PRG011,TRT030,2026-05-11,Open,128024.93
CLM008749,POL06123,PRG009,TRT010,2026-07-10,Open,175015.5
CLM008750,POL04184,PRG014,TRT074,2026-01-23,Closed,173745.44
CLM008751,POL03466,PRG011,TRT052,2026-08-25,Pending,298689.33
CLM008752,POL04143,PRG013,TRT071,2026-01-10,Open,57829.97
CLM008753,POL00854,PRG007,TRT034,2026-02-01,Pending,206940.48
CLM008754,POL08034,PRG004,TRT006,2026-04-08,Pending,120342.98
CLM008755,POL01417,PRG013,TRT065,2026-06-17,Pending,270966.3
CLM008756,POL07143,PRG015,TRT022,2026-01-15,Closed,155063.06
CLM008757,POL01606,PRG005,TRT002,2026-04-04,Open,80903.81
CLM008758,POL05978,PRG016,TRT039,2026-03-19,Closed,268454.46
CLM008759,POL07403,PRG015,TRT054,2026-02-14,Pending,127899.38
CLM008760,POL07352,PRG011,TRT033,2026-08-24,Closed,119134.26
CLM008761,POL08222,PRG010,TRT015,2026-08-21,Closed,125482.22
CLM008762,POL03293,PRG008,TRT028,2026-07-26,Open,67860.02
CLM008763,POL05982,PRG003,TRT083,2026-04-25,Pending,207256.91
CLM008764,POL07269,PRG015,TRT090,2026-05-27,Closed,246651.6
CLM008765,POL03010,PRG006,TRT030,2026-08-14,Closed,58029.49
CLM008766,POL02143,PRG001,TRT091,2026-03-05,Pending,132271.21
CLM008767,POL04549,PRG003,TRT007,2026-01-09,Open,7047.17
CLM008768,POL06557,PRG008,TRT033,2026-07-26,Open,13457.29
CLM008769,POL02849,PRG010,TRT041,2026-06-06,Closed,231672.65
CLM008770,POL02927,PRG012,TRT003,2026-05-23,Pending,243451.41
CLM008771,POL02578,PRG013,TRT003,2026-03-29,Open,39385.5
CLM008772,POL01658,PRG007,TRT044,2026-08-21,Closed,51310.71
CLM008773,POL00758,PRG002,TRT042,2026-07-25,Closed,210065.09
CLM008774,POL00805,PRG009,TRT061,2026-04-18,Pending,134666.12
CLM008775,POL01862,PRG021,TRT019,2026-07-09,Open,299787.94
CLM008776,POL06860,PRG011,TRT100,2026-05-02,Closed,141454.34
CLM008777,POL04727,PRG023,TRT051,2026-03-31,Open,11165.15
CLM008778,POL00367,PRG019,TRT051,2026-01-11,Pending,134955.87
CLM008779,POL07358,PRG004,TRT064,2026-05-26,Open,5509.19
CLM008780,POL09596,PRG005,TRT077,2026-07-29,Closed,28598.99
CLM008781,POL03480,PRG009,TRT036,2026-05-29,Open,175692.02
CLM008782,POL06464,PRG002,TRT011,2026-07-16,Closed,210580.24
CLM008783,POL01391,PRG017,TRT037,2026-05-29,Pending,174454.22
CLM008784,POL05579,PRG015,TRT078,2026-07-10,Open,227687.89
CLM008785,POL03913,PRG022,TRT069,2026-07-31,Pending,105319.17
CLM008786,POL08124,PRG020,TRT043,2026-04-27,Open,281702.2
CLM008787,POL02555,PRG010,TRT012,2026-05-02,Open,299229.76
CLM008788,POL08728,PRG014,TRT050,2026-05-27,Closed,210544.39
CLM008789,POL01842,PRG003,TRT057,2026-05-27,Closed,170040.15
CLM008790,POL09829,PRG013,TRT074,2026-01-19,Open,123430.59
CLM008791,POL00865,PRG005,TRT016,2026-01-30,Closed,51246.1
CLM008792,POL01754,PRG010,TRT042,2026-02-28,Closed,159696.54
CLM008793,POL08226,PRG024,TRT074,2026-01-31,Pending,257026.23
CLM008794,POL01051,PRG007,TRT074,2026-04-30,Closed,182625.66
CLM008795,POL00833,PRG016,TRT074,2026-05-18,Open,177936.47
CLM008796,POL04831,PRG006,TRT031,2026-06-05,Closed,179436.99
CLM008797,POL00777,PRG018,TRT021,2026-03-30,Open,192735.06
CLM008798,POL03708,PRG013,TRT022,2026-07-26,Closed,186293.59
CLM008799,POL05727,PRG025,TRT025,2026-03-25,Open,144912.76
CLM008800,POL06426,PRG012,TRT046,2026-01-18,Open,282564.52
CLM008801,POL05477,PRG020,TRT090,2026-04-18,Open,264115.32
CLM008802,POL02067,PRG003,TRT048,2026-04-23,Closed,4489.73
CLM008803,POL02623,PRG019,TRT070,2026-04-25,Closed,203919.68
CLM008804,POL06604,PRG021,TRT049,2026-06-17,Closed,38939.5
CLM008805,POL08421,PRG014,TRT099,2026-07-07,Pending,88448.01
CLM008806,POL01445,PRG013,TRT022,2026-04-02,Closed,26435.77
CLM008807,POL00195,PRG001,TRT077,2026-02-27,Closed,48571.88
CLM008808,POL02305,PRG024,TRT028,2026-06-30,Closed,156474.1
CLM008809,POL01666,PRG001,TRT028,2026-01-13,Closed,83273.38
CLM008810,POL08257,PRG023,TRT054,2026-02-21,Open,127451.8
CLM008811,POL01784,PRG017,TRT077,2026-04-03,Open,27053.41
CLM008812,POL02518,PRG013,TRT096,2026-06-16,Open,97554.41
CLM008813,POL01124,PRG021,TRT058,2026-02-22,Open,165429.0
CLM008814,POL00501,PRG025,TRT006,2026-07-13,Open,152547.78
CLM008815,POL01019,PRG019,TRT096,2026-03-23,Closed,72427.27
CLM008816,POL09994,PRG021,TRT058,2026-05-19,Pending,203313.96
CLM008817,POL04981,PRG001,TRT026,2026-08-19,Pending,168574.49
CLM008818,POL09136,PRG007,TRT048,2026-02-22,Pending,143833.36
CLM008819,POL07649,PRG011,TRT083,2026-08-27,Pending,69632.68
CLM008820,POL04259,PRG012,TRT060,2026-02-19,Pending,271866.9
CLM008821,POL00795,PRG023,TRT051,2026-06-19,Open,182870.65
CLM008822,POL04397,PRG011,TRT007,2026-02-07,Pending,271514.28
CLM008823,POL04014,PRG004,TRT004,2026-01-03,Open,292628.94
CLM008824,POL06165,PRG001,TRT002,2026-03-23,Closed,244201.1
CLM008825,POL08428,PRG004,TRT033,2026-07-15,Open,277493.4
CLM008826,POL07416,PRG004,TRT058,2026-03-13,Open,72424.04
CLM008827,POL08245,PRG001,TRT099,2026-04-21,Closed,213287.49
CLM008828,POL01513,PRG016,TRT087,2026-08-12,Closed,140632.73
CLM008829,POL03421,PRG006,TRT011,2026-01-31,Open,36784.58
CLM008830,POL00035,PRG012,TRT057,2026-06-18,Closed,249761.3
CLM008831,POL01358,PRG003,TRT082,2026-07-17,Closed,154520.83
CLM008832,POL09356,PRG001,TRT005,2026-01-22,Open,7612.11
CLM008833,POL03605,PRG017,TRT099,2026-01-04,Closed,239634.33
CLM008834,POL08378,PRG006,TRT045,2026-04-02,Pending,219509.78
CLM008835,POL01589,PRG004,TRT096,2026-01-27,Closed,17729.19
CLM008836,POL00631,PRG010,TRT037,2026-05-19,Closed,234166.11
CLM008837,POL09389,PRG010,TRT010,2026-04-08,Closed,96686.52
CLM008838,POL08144,PRG008,TRT043,2026-01-29,Open,56611.35
CLM008839,POL01303,PRG002,TRT039,2026-08-25,Closed,284676.23
CLM008840,POL01820,PRG009,TRT021,2026-04-25,Closed,58140.72
CLM008841,POL04785,PRG012,TRT035,2026-02-06,Open,247482.18
CLM008842,POL08864,PRG012,TRT055,2026-07-13,Open,297526.9
CLM008843,POL05672,PRG014,TRT049,2026-01-04,Open,4485.5
CLM008844,POL05339,PRG021,TRT046,2026-07-05,Pending,17303.15
CLM008845,POL06538,PRG023,TRT077,2026-08-23,Closed,17014.49
CLM008846,POL00532,PRG023,TRT012,2026-03-26,Open,98538.18
CLM008847,POL05049,PRG021,TRT054,2026-05-19,Closed,209700.69
CLM008848,POL01614,PRG023,TRT011,2026-08-27,Pending,250489.16
CLM008849,POL04378,PRG012,TRT093,2026-06-25,Pending,93558.81
CLM008850,POL09608,PRG010,TRT030,2026-06-27,Open,104562.92
CLM008851,POL04865,PRG001,TRT013,2026-05-31,Open,91880.85
CLM008852,POL08029,PRG005,TRT084,2026-01-08,Open,29753.02
CLM008853,POL06961,PRG014,TRT064,2026-01-09,Open,261174.1
CLM008854,POL01819,PRG014,TRT029,2026-07-31,Closed,136027.8
CLM008855,POL09401,PRG006,TRT080,2026-03-17,Open,216151.12
CLM008856,POL00969,PRG001,TRT046,2026-05-25,Closed,136742.88
CLM008857,POL06494,PRG014,TRT063,2026-02-02,Closed,160850.58
CLM008858,POL03581,PRG021,TRT095,2026-03-25,Open,38027.24
CLM008859,POL06007,PRG015,TRT097,2026-04-17,Pending,47412.41
CLM008860,POL08149,PRG024,TRT088,2026-01-24,Open,298458.89
CLM008861,POL05189,PRG022,TRT039,2026-06-12,Pending,163481.94
CLM008862,POL07821,PRG016,TRT081,2026-03-01,Pending,228879.83
CLM008863,POL04210,PRG018,TRT014,2026-01-29,Closed,275735.08
CLM008864,POL01894,PRG003,TRT057,2026-05-23,Pending,80799.61
CLM008865,POL04779,PRG009,TRT014,2026-05-23,Pending,158159.48
CLM008866,POL06158,PRG015,TRT025,2026-04-22,Open,81521.91
CLM008867,POL01394,PRG013,TRT009,2026-08-28,Pending,75024.64
CLM008868,POL05297,PRG017,TRT075,2026-04-06,Closed,188454.66
CLM008869,POL04013,PRG008,TRT058,2026-05-19,Open,276849.55
CLM008870,POL07405,PRG002,TRT084,2026-03-16,Open,33912.79
CLM008871,POL01165,PRG012,TRT061,2026-06-11,Closed,162056.55
CLM008872,POL09383,PRG019,TRT066,2026-04-19,Pending,107121.19
CLM008873,POL09904,PRG025,TRT080,2026-03-24,Pending,12725.39
CLM008874,POL03744,PRG006,TRT001,2026-04-08,Pending,200193.34
CLM008875,POL06827,PRG024,TRT047,2026-04-29,Pending,208934.56
CLM008876,POL08985,PRG024,TRT100,2026-01-30,Closed,211383.03
CLM008877,POL05554,PRG003,TRT001,2026-08-13,Closed,280591.43
CLM008878,POL04085,PRG003,TRT092,2026-07-19,Pending,266181.99
CLM008879,POL07702,PRG001,TRT092,2026-04-05,Closed,73205.96
CLM008880,POL08726,PRG002,TRT053,2026-07-09,Open,190978.94
CLM008881,POL02831,PRG001,TRT073,2026-01-26,Pending,35379.53
CLM008882,POL02450,PRG009,TRT068,2026-01-06,Open,66609.71
CLM008883,POL03728,PRG010,TRT016,2026-03-17,Open,218065.54
CLM008884,POL04371,PRG010,TRT024,2026-03-10,Pending,125517.16
CLM008885,POL07168,PRG016,TRT044,2026-06-21,Pending,277012.92
CLM008886,POL02417,PRG005,TRT099,2026-04-23,Closed,295369.71
CLM008887,POL02619,PRG024,TRT065,2026-01-28,Open,245281.99
CLM008888,POL01830,PRG006,TRT083,2026-02-19,Pending,148930.59
CLM008889,POL05580,PRG020,TRT026,2026-08-14,Closed,18780.21
CLM008890,POL07263,PRG005,TRT076,2026-06-12,Open,53418.89
CLM008891,POL09546,PRG016,TRT008,2026-01-04,Closed,182109.74
CLM008892,POL02560,PRG008,TRT089,2026-03-08,Pending,125066.06
CLM008893,POL01893,PRG004,TRT099,2026-08-17,Pending,99275.57
CLM008894,POL05398,PRG001,TRT022,2026-03-07,Open,10189.15
CLM008895,POL02739,PRG002,TRT027,2026-07-20,Closed,48976.85
CLM008896,POL00106,PRG020,TRT081,2026-05-24,Pending,254866.74
CLM008897,POL06615,PRG012,TRT074,2026-05-20,Pending,195883.46
CLM008898,POL04456,PRG006,TRT012,2026-03-01,Pending,175138.47
CLM008899,POL06605,PRG015,TRT099,2026-04-30,Open,58216.7
CLM008900,POL06359,PRG017,TRT046,2026-01-11,Open,75721.72
CLM008901,POL01231,PRG013,TRT033,2026-08-10,Closed,37137.69
CLM008902,POL01683,PRG023,TRT067,2026-05-07,Pending,191046.27
CLM008903,POL01016,PRG013,TRT039,2026-05-29,Closed,157218.41
CLM008904,POL04579,PRG016,TRT061,2026-02-04,Pending,152891.79
CLM008905,POL06715,PRG021,TRT016,2026-01-10,Open,198694.05
CLM008906,POL02239,PRG001,TRT009,2026-08-04,Pending,277849.49
CLM008907,POL09346,PRG013,TRT068,2026-05-19,Open,87406.82
CLM008908,POL01785,PRG010,TRT068,2026-03-17,Pending,47337.41
CLM008909,POL05714,PRG014,TRT018,2026-06-06,Closed,44134.88
CLM008910,POL02829,PRG019,TRT019,2026-06-13,Closed,110111.52
CLM008911,POL09126,PRG005,TRT064,2026-04-01,Open,138204.97
CLM008912,POL03934,PRG007,TRT001,2026-04-07,Closed,184598.06
CLM008913,POL08939,PRG006,TRT051,2026-02-04,Closed,236746.86
CLM008914,POL04406,PRG014,TRT074,2026-04-22,Open,141321.92
CLM008915,POL02441,PRG004,TRT002,2026-07-04,Pending,38941.24
CLM008916,POL07008,PRG004,TRT032,2026-06-18,Open,216193.06
CLM008917,POL00095,PRG007,TRT037,2026-01-19,Open,33013.78
CLM008918,POL03101,PRG001,TRT040,2026-03-17,Open,63097.29
CLM008919,POL08048,PRG004,TRT058,2026-02-06,Open,170571.49
CLM008920,POL08806,PRG016,TRT071,2026-07-23,Pending,114384.28
CLM008921,POL04506,PRG015,TRT010,2026-03-29,Pending,204527.16
CLM008922,POL08679,PRG023,TRT073,2026-01-13,Pending,19944.1
CLM008923,POL04312,PRG014,TRT057,2026-08-02,Closed,123469.35
CLM008924,POL03736,PRG018,TRT046,2026-03-29,Closed,35756.63
CLM008925,POL03971,PRG021,TRT080,2026-08-17,Pending,249985.19
CLM008926,POL04024,PRG019,TRT100,2026-04-22,Closed,118534.69
CLM008927,POL09054,PRG007,TRT051,2026-01-26,Open,96360.95
CLM008928,POL08551,PRG007,TRT023,2026-06-25,Closed,163020.04
CLM008929,POL03824,PRG012,TRT037,2026-08-01,Pending,9561.29
CLM008930,POL07065,PRG022,TRT048,2026-04-13,Closed,197515.54
CLM008931,POL04186,PRG010,TRT001,2026-07-29,Open,133731.78
CLM008932,POL03872,PRG022,TRT045,2026-04-21,Closed,286605.88
CLM008933,POL04955,PRG009,TRT049,2026-05-01,Open,237673.72
CLM008934,POL09038,PRG022,TRT091,2026-03-12,Pending,42288.37
CLM008935,POL05984,PRG025,TRT035,2026-08-29,Pending,265640.23
CLM008936,POL08623,PRG001,TRT059,2026-04-19,Open,24201.68
CLM008937,POL06470,PRG001,TRT023,2026-04-16,Pending,150243.42
CLM008938,POL00259,PRG002,TRT031,2026-07-29,Pending,148003.1
CLM008939,POL03916,PRG016,TRT091,2026-05-28,Open,174839.19
CLM008940,POL00763,PRG023,TRT050,2026-07-13,Closed,106380.14
CLM008941,POL06531,PRG014,TRT072,2026-04-27,Open,62941.22
CLM008942,POL09748,PRG016,TRT067,2026-08-02,Closed,241911.78
CLM008943,POL01913,PRG015,TRT015,2026-03-26,Open,163061.49
CLM008944,POL01829,PRG012,TRT090,2026-06-10,Open,236225.97
CLM008945,POL05046,PRG017,TRT065,2026-03-10,Open,161452.39
CLM008946,POL03359,PRG001,TRT009,2026-02-17,Open,109770.72
CLM008947,POL08656,PRG015,TRT053,2026-03-25,Pending,118454.53
CLM008948,POL06668,PRG017,TRT032,2026-05-18,Closed,228928.04
CLM008949,POL03825,PRG007,TRT057,2026-06-22,Open,248865.83
CLM008950,POL03118,PRG007,TRT009,2026-01-26,Open,148527.65
CLM008951,POL09366,PRG001,TRT082,2026-08-08,Closed,233449.5
CLM008952,POL03994,PRG022,TRT049,2026-07-29,Closed,158028.98
CLM008953,POL05876,PRG006,TRT047,2026-06-28,Closed,131703.71
CLM008954,POL00294,PRG004,TRT047,2026-04-13,Closed,213353.35
CLM008955,POL05324,PRG002,TRT073,2026-01-30,Open,165000.53
CLM008956,POL05694,PRG004,TRT022,2026-08-19,Pending,8465.27
CLM008957,POL09305,PRG020,TRT067,2026-04-08,Pending,60839.94
CLM008958,POL01998,PRG013,TRT054,2026-05-10,Open,279408.47
CLM008959,POL06668,PRG017,TRT032,2026-01-21,Open,175305.79
CLM008960,POL05625,PRG007,TRT073,2026-06-27,Closed,116473.4
CLM008961,POL00421,PRG006,TRT071,2026-06-02,Pending,166904.18
CLM008962,POL06772,PRG008,TRT013,2026-02-23,Closed,118790.54
CLM008963,POL07299,PRG023,TRT024,2026-04-26,Closed,237041.56
CLM008964,POL05273,PRG025,TRT037,2026-01-03,Closed,185019.32
CLM008965,POL00574,PRG014,TRT065,2026-01-03,Pending,80705.18
CLM008966,POL08118,PRG001,TRT041,2026-01-02,Closed,271988.77
CLM008967,POL09416,PRG021,TRT003,2026-07-31,Pending,288414.22
CLM008968,POL09658,PRG007,TRT086,2026-03-07,Pending,241327.89
CLM008969,POL02856,PRG010,TRT073,2026-08-09,Open,144628.01
CLM008970,POL03089,PRG016,TRT062,2026-02-16,Pending,49074.96
CLM008971,POL04307,PRG004,TRT027,2026-07-27,Pending,214022.94
CLM008972,POL07311,PRG024,TRT096,2026-02-06,Pending,127131.06
CLM008973,POL06498,PRG012,TRT054,2026-05-16,Open,242005.45
CLM008974,POL05007,PRG002,TRT011,2026-03-08,Open,81362.29
CLM008975,POL04014,PRG004,TRT004,2026-03-12,Closed,277799.65
CLM008976,POL06492,PRG012,TRT069,2026-07-04,Open,70838.04
CLM008977,POL09893,PRG025,TRT041,2026-08-15,Open,30916.0
CLM008978,POL08534,PRG025,TRT061,2026-05-05,Pending,56254.65
CLM008979,POL02871,PRG016,TRT006,2026-03-21,Pending,45295.23
CLM008980,POL06027,PRG004,TRT008,2026-04-27,Open,153873.02
CLM008981,POL00303,PRG021,TRT082,2026-02-06,Open,189862.2
CLM008982,POL05264,PRG004,TRT034,2026-08-03,Open,85771.2
CLM008983,POL08827,PRG005,TRT093,2026-01-06,Open,207059.06
CLM008984,POL02378,PRG017,TRT082,2026-01-20,Closed,286544.0
CLM008985,POL04050,PRG014,TRT018,2026-03-01,Pending,35094.44
CLM008986,POL01898,PRG008,TRT043,2026-02-09,Closed,256071.66
CLM008987,POL01712,PRG004,TRT014,2026-03-30,Pending,198682.0
CLM008988,POL08376,PRG024,TRT066,2026-05-11,Pending,46830.43
CLM008989,POL01014,PRG003,TRT080,2026-06-16,Pending,41696.83
CLM008990,POL05645,PRG020,TRT018,2026-06-20,Pending,190198.01
CLM008991,POL08469,PRG003,TRT031,2026-01-03,Open,95307.82
CLM008992,POL07008,PRG004,TRT032,2026-02-23,Open,147837.93
CLM008993,POL00361,PRG019,TRT032,2026-06-15,Pending,254822.93
CLM008994,POL04372,PRG013,TRT054,2026-01-04,Closed,78470.07
CLM008995,POL06646,PRG004,TRT025,2026-02-10,Pending,221953.26
CLM008996,POL00693,PRG017,TRT018,2026-04-20,Open,38627.66
CLM008997,POL07424,PRG016,TRT014,2026-07-05,Open,87416.87
CLM008998,POL03506,PRG019,TRT092,2026-05-04,Closed,187502.39
CLM008999,POL01981,PRG018,TRT049,2026-01-07,Open,178383.65
CLM009000,POL03612,PRG025,TRT036,2026-02-26,Open,289544.13
CLM009001,POL05488,PRG010,TRT060,2026-01-09,Closed,263343.32
CLM009002,POL04147,PRG014,TRT062,2026-03-22,Open,266463.69
CLM009003,POL01146,PRG018,TRT037,2026-07-11,Pending,202471.81
CLM009004,POL01572,PRG025,TRT048,2026-06-06,Pending,53186.88
CLM009005,POL00847,PRG025,TRT098,2026-01-13,Closed,187513.91
CLM009006,POL04383,PRG012,TRT036,2026-04-01,Pending,9957.73
CLM009007,POL03643,PRG025,TRT082,2026-08-16,Pending,140464.43
CLM009008,POL07770,PRG008,TRT030,2026-07-19,Pending,66396.42
CLM009009,POL02870,PRG020,TRT057,2026-04-17,Open,2077.55
CLM009010,POL00590,PRG013,TRT056,2026-05-04,Pending,298940.61
CLM009011,POL01074,PRG009,TRT072,2026-04-29,Open,192671.82
CLM009012,POL04311,PRG012,TRT064,2026-06-15,Closed,293925.5
CLM009013,POL04478,PRG015,TRT087,2026-04-24,Pending,297157.41
CLM009014,POL05023,PRG024,TRT076,2026-08-01,Open,214371.49
CLM009015,POL03911,PRG002,TRT099,2026-03-05,Pending,83788.87
CLM009016,POL06183,PRG013,TRT085,2026-05-17,Closed,97177.23
CLM009017,POL08792,PRG013,TRT078,2026-04-11,Pending,190386.74
CLM009018,POL06192,PRG006,TRT087,2026-01-21,Open,229792.84
CLM009019,POL03313,PRG017,TRT050,2026-05-14,Pending,104098.43
CLM009020,POL00606,PRG001,TRT079,2026-03-22,Pending,268044.54
CLM009021,POL00041,PRG003,TRT018,2026-05-19,Pending,60477.79
CLM009022,POL03328,PRG018,TRT065,2026-01-08,Pending,243449.21
CLM009023,POL07260,PRG022,TRT045,2026-06-23,Pending,13402.02
CLM009024,POL03832,PRG004,TRT019,2026-02-04,Closed,172461.8
CLM009025,POL07011,PRG020,TRT055,2026-02-20,Open,206973.14
CLM009026,POL06709,PRG005,TRT034,2026-01-19,Pending,139607.93
CLM009027,POL04893,PRG013,TRT059,2026-01-10,Open,165797.81
CLM009028,POL07004,PRG018,TRT021,2026-06-17,Pending,265263.5
CLM009029,POL06756,PRG007,TRT087,2026-06-21,Open,50692.7
CLM009030,POL03872,PRG022,TRT045,2026-03-25,Closed,150817.8
CLM009031,POL05936,PRG007,TRT060,2026-08-26,Open,171730.17
CLM009032,POL03705,PRG011,TRT063,2026-08-27,Closed,169872.62
CLM009033,POL09654,PRG009,TRT036,2026-08-06,Closed,79419.68
CLM009034,POL04628,PRG025,TRT026,2026-03-25,Open,8791.43
CLM009035,POL07158,PRG024,TRT064,2026-08-04,Closed,273631.23
CLM009036,POL01475,PRG022,TRT079,2026-08-24,Pending,180011.42
CLM009037,POL09033,PRG007,TRT018,2026-03-28,Closed,199603.76
CLM009038,POL00119,PRG021,TRT075,2026-01-23,Open,16785.46
CLM009039,POL04590,PRG011,TRT054,2026-05-27,Pending,214579.85
CLM009040,POL06832,PRG020,TRT030,2026-06-08,Open,140580.2
CLM009041,POL08400,PRG019,TRT073,2026-07-08,Pending,102354.76
CLM009042,POL04874,PRG008,TRT098,2026-01-26,Pending,75841.74
CLM009043,POL09954,PRG009,TRT039,2026-06-25,Open,242542.24
CLM009044,POL00066,PRG001,TRT071,2026-03-17,Closed,240495.9
CLM009045,POL02916,PRG008,TRT007,2026-02-01,Pending,174455.39
CLM009046,POL00711,PRG002,TRT079,2026-07-16,Closed,225581.66
CLM009047,POL09537,PRG020,TRT040,2026-03-26,Closed,169822.9
CLM009048,POL08834,PRG014,TRT066,2026-01-07,Pending,66840.02
CLM009049,POL08253,PRG018,TRT007,2026-06-26,Pending,81961.58
CLM009050,POL08050,PRG012,TRT040,2026-03-11,Closed,172679.41
CLM009051,POL06230,PRG003,TRT044,2026-05-07,Pending,175397.37
CLM009052,POL04960,PRG008,TRT068,2026-03-22,Open,108144.5
CLM009053,POL06670,PRG013,TRT087,2026-06-23,Open,112682.82
CLM009054,POL06619,PRG005,TRT007,2026-04-15,Pending,58322.38
CLM009055,POL00392,PRG017,TRT090,2026-07-15,Open,290422.28
CLM009056,POL05175,PRG002,TRT011,2026-02-07,Pending,176517.39
CLM009057,POL01085,PRG024,TRT069,2026-06-22,Closed,145142.06
CLM009058,POL08545,PRG012,TRT074,2026-08-12,Closed,172736.14
CLM009059,POL04229,PRG024,TRT063,2026-08-23,Closed,119482.83
CLM009060,POL04541,PRG013,TRT027,2026-08-08,Open,47327.23
CLM009061,POL00763,PRG023,TRT050,2026-07-05,Open,20728.17
CLM009062,POL06817,PRG012,TRT025,2026-07-04,Pending,126193.02
CLM009063,POL01598,PRG009,TRT078,2026-02-20,Closed,52381.65
CLM009064,POL06732,PRG004,TRT064,2026-07-03,Open,68732.83
CLM009065,POL00845,PRG009,TRT066,2026-07-13,Pending,215431.91
CLM009066,POL03259,PRG007,TRT082,2026-02-13,Closed,277707.31
CLM009067,POL05939,PRG018,TRT011,2026-01-11,Closed,257205.36
CLM009068,POL01399,PRG001,TRT092,2026-02-08,Open,218836.58
CLM009069,POL05809,PRG018,TRT091,2026-03-16,Closed,4153.81
CLM009070,POL05179,PRG022,TRT062,2026-05-15,Open,127221.82
CLM009071,POL04065,PRG011,TRT073,2026-08-15,Closed,265748.64
CLM009072,POL06488,PRG022,TRT039,2026-01-10,Pending,110001.64
CLM009073,POL09633,PRG009,TRT090,2026-03-26,Pending,88532.12
CLM009074,POL00929,PRG021,TRT009,2026-07-24,Open,123882.39
CLM009075,POL09465,PRG004,TRT044,2026-08-01,Pending,30015.18
CLM009076,POL07355,PRG004,TRT080,2026-08-25,Closed,216766.05
CLM009077,POL05135,PRG012,TRT002,2026-01-28,Open,55790.18
CLM009078,POL03170,PRG019,TRT015,2026-07-07,Open,137431.01
CLM009079,POL08650,PRG017,TRT016,2026-07-07,Pending,102694.77
CLM009080,POL04970,PRG007,TRT009,2026-07-04,Closed,210530.85
CLM009081,POL01737,PRG005,TRT031,2026-07-05,Pending,100841.75
CLM009082,POL02173,PRG022,TRT095,2026-02-25,Closed,45545.0
CLM009083,POL06635,PRG001,TRT059,2026-05-22,Closed,145408.91
CLM009084,POL01252,PRG024,TRT087,2026-02-01,Closed,171226.59
CLM009085,POL04580,PRG016,TRT047,2026-05-13,Closed,34391.51
CLM009086,POL04484,PRG018,TRT080,2026-02-09,Open,116788.55
CLM009087,POL04848,PRG001,TRT043,2026-07-23,Closed,13019.42
CLM009088,POL07247,PRG008,TRT041,2026-04-23,Closed,76537.5
CLM009089,POL05433,PRG001,TRT097,2026-03-21,Pending,156463.04
CLM009090,POL04551,PRG013,TRT031,2026-08-08,Pending,203250.19
CLM009091,POL09607,PRG019,TRT047,2026-05-05,Pending,12272.86
CLM009092,POL06195,PRG013,TRT093,2026-01-31,Closed,266615.25
CLM009093,POL06088,PRG001,TRT029,2026-01-20,Pending,45586.23
CLM009094,POL00089,PRG005,TRT030,2026-07-09,Open,52558.87
CLM009095,POL07883,PRG011,TRT022,2026-06-15,Pending,46309.93
CLM009096,POL05188,PRG025,TRT088,2026-04-25,Open,199216.14
CLM009097,POL07389,PRG009,TRT033,2026-06-15,Closed,38516.23
CLM009098,POL04725,PRG016,TRT033,2026-03-21,Closed,152377.66
CLM009099,POL08905,PRG011,TRT038,2026-07-26,Open,16792.8
CLM009100,POL08630,PRG014,TRT068,2026-04-05,Open,45614.93
CLM009101,POL00011,PRG022,TRT046,2026-03-18,Pending,279482.62
CLM009102,POL03008,PRG003,TRT068,2026-06-05,Pending,171333.44
CLM009103,POL07502,PRG025,TRT034,2026-02-16,Pending,40380.94
CLM009104,POL02045,PRG008,TRT044,2026-03-05,Closed,146834.56
CLM009105,POL02602,PRG016,TRT092,2026-01-11,Pending,77648.66
CLM009106,POL01835,PRG001,TRT099,2026-02-28,Closed,73140.6
CLM009107,POL05077,PRG025,TRT076,2026-05-28,Pending,99386.74
CLM009108,POL06288,PRG020,TRT041,2026-08-19,Pending,82929.24
CLM009109,POL01085,PRG024,TRT069,2026-04-04,Pending,159408.89
CLM009110,POL01645,PRG019,TRT043,2026-07-06,Open,52938.91
CLM009111,POL08416,PRG002,TRT069,2026-05-02,Open,116515.59
CLM009112,POL09249,PRG007,TRT079,2026-07-24,Pending,235755.65
CLM009113,POL05331,PRG019,TRT097,2026-01-13,Pending,168011.15
CLM009114,POL04726,PRG009,TRT057,2026-04-03,Open,212169.58
CLM009115,POL09590,PRG002,TRT096,2026-03-13,Open,298216.86
CLM009116,POL03864,PRG015,TRT022,2026-03-10,Open,17356.83
CLM009117,POL01682,PRG002,TRT100,2026-03-07,Open,66030.2
CLM009118,POL04095,PRG025,TRT091,2026-01-30,Closed,264279.76
CLM009119,POL09293,PRG022,TRT042,2026-03-02,Open,224331.19
CLM009120,POL04687,PRG014,TRT006,2026-01-15,Pending,40940.58
CLM009121,POL05019,PRG023,TRT010,2026-04-02,Open,269255.38
CLM009122,POL01056,PRG003,TRT096,2026-03-29,Closed,176311.66
CLM009123,POL08006,PRG022,TRT035,2026-01-05,Pending,288063.77
CLM009124,POL07063,PRG005,TRT011,2026-03-24,Pending,85665.33
CLM009125,POL04362,PRG009,TRT037,2026-03-27,Pending,99098.17
CLM009126,POL08908,PRG022,TRT077,2026-03-14,Open,183421.24
CLM009127,POL02944,PRG023,TRT033,2026-06-25,Pending,119500.2
CLM009128,POL03728,PRG010,TRT016,2026-05-22,Open,259585.39
CLM009129,POL00191,PRG012,TRT024,2026-08-24,Pending,256054.8
CLM009130,POL06828,PRG020,TRT034,2026-06-15,Closed,106852.98
CLM009131,POL01520,PRG018,TRT095,2026-02-05,Closed,211081.45
CLM009132,POL05683,PRG016,TRT096,2026-03-31,Open,194248.89
CLM009133,POL01522,PRG024,TRT099,2026-06-17,Pending,17582.02
CLM009134,POL08564,PRG012,TRT047,2026-08-06,Closed,199086.09
CLM009135,POL02554,PRG003,TRT028,2026-01-05,Closed,144656.62
CLM009136,POL04974,PRG007,TRT009,2026-04-03,Pending,9159.17
CLM009137,POL06171,PRG024,TRT078,2026-05-16,Closed,47330.51
CLM009138,POL06261,PRG018,TRT098,2026-05-27,Open,36279.4
CLM009139,POL06001,PRG019,TRT023,2026-03-10,Pending,221677.24
CLM009140,POL06911,PRG019,TRT034,2026-01-30,Closed,176117.5
CLM009141,POL05455,PRG021,TRT035,2026-02-06,Closed,299095.61
CLM009142,POL08583,PRG003,TRT096,2026-07-17,Pending,93323.03
CLM009143,POL01398,PRG013,TRT092,2026-08-17,Closed,182665.92
CLM009144,POL08916,PRG003,TRT012,2026-04-04,Open,293710.21
CLM009145,POL02333,PRG007,TRT098,2026-03-24,Closed,255815.59
CLM009146,POL09487,PRG020,TRT063,2026-08-29,Closed,247989.31
CLM009147,POL09654,PRG009,TRT036,2026-04-24,Pending,237197.06
CLM009148,POL08068,PRG009,TRT050,2026-01-04,Closed,264767.29
CLM009149,POL09166,PRG011,TRT023,2026-04-15,Closed,134589.71
CLM009150,POL09538,PRG019,TRT093,2026-03-13,Closed,169005.32
CLM009151,POL03722,PRG024,TRT017,2026-02-26,Closed,103210.72
CLM009152,POL05960,PRG008,TRT059,2026-02-04,Closed,269839.07
CLM009153,POL00020,PRG022,TRT032,2026-04-17,Open,114212.2
CLM009154,POL09956,PRG016,TRT095,2026-03-14,Open,265942.69
CLM009155,POL00082,PRG022,TRT024,2026-06-03,Open,71880.75
CLM009156,POL07256,PRG018,TRT010,2026-08-12,Open,127919.97
CLM009157,POL04287,PRG012,TRT018,2026-08-16,Closed,97113.45
CLM009158,POL09236,PRG022,TRT033,2026-04-25,Open,41772.13
CLM009159,POL06601,PRG019,TRT049,2026-05-22,Pending,24822.94
CLM009160,POL02627,PRG008,TRT033,2026-05-29,Open,273670.25
CLM009161,POL08704,PRG019,TRT088,2026-06-15,Pending,18958.18
CLM009162,POL06955,PRG010,TRT066,2026-01-21,Closed,166687.68
CLM009163,POL05761,PRG016,TRT054,2026-03-29,Pending,267308.7
CLM009164,POL02047,PRG011,TRT066,2026-01-03,Open,264347.0
CLM009165,POL06973,PRG016,TRT036,2026-04-28,Closed,147081.97
CLM009166,POL07637,PRG014,TRT082,2026-05-01,Closed,219908.17
CLM009167,POL06849,PRG022,TRT032,2026-01-28,Closed,174925.0
CLM009168,POL01133,PRG001,TRT068,2026-01-26,Pending,209905.48
CLM009169,POL09263,PRG002,TRT088,2026-04-12,Closed,45593.91
CLM009170,POL02351,PRG015,TRT080,2026-04-27,Open,276660.48
CLM009171,POL00187,PRG006,TRT015,2026-05-11,Pending,206994.12
CLM009172,POL01118,PRG006,TRT028,2026-01-15,Closed,72238.85
CLM009173,POL02164,PRG020,TRT075,2026-04-24,Closed,196231.73
CLM009174,POL08198,PRG008,TRT049,2026-05-15,Closed,154855.33
CLM009175,POL01935,PRG016,TRT001,2026-08-28,Open,112453.66
CLM009176,POL05039,PRG010,TRT051,2026-03-05,Pending,110667.53
CLM009177,POL09868,PRG022,TRT078,2026-05-23,Open,258590.81
CLM009178,POL03320,PRG004,TRT024,2026-03-09,Open,149237.54
CLM009179,POL07118,PRG011,TRT075,2026-03-06,Open,274274.63
CLM009180,POL09033,PRG007,TRT018,2026-05-09,Closed,86535.01
CLM009181,POL03735,PRG004,TRT025,2026-03-20,Pending,96750.24
CLM009182,POL02944,PRG023,TRT033,2026-01-27,Open,93481.74
CLM009183,POL08920,PRG013,TRT021,2026-02-04,Pending,42490.95
CLM009184,POL08027,PRG005,TRT042,2026-07-08,Closed,258645.53
CLM009185,POL02127,PRG011,TRT018,2026-02-26,Closed,246921.24
CLM009186,POL05727,PRG025,TRT025,2026-07-31,Closed,152910.54
CLM009187,POL04875,PRG015,TRT033,2026-02-17,Pending,120940.44
CLM009188,POL06640,PRG022,TRT078,2026-05-06,Pending,252029.9
CLM009189,POL04516,PRG014,TRT040,2026-03-08,Pending,226350.4
CLM009190,POL06620,PRG020,TRT099,2026-07-17,Pending,130141.25
CLM009191,POL06881,PRG007,TRT012,2026-03-26,Closed,228410.12
CLM009192,POL03398,PRG003,TRT080,2026-06-23,Open,237984.51
CLM009193,POL04103,PRG019,TRT031,2026-03-26,Open,120151.54
CLM009194,POL03192,PRG025,TRT016,2026-02-13,Closed,153702.17
CLM009195,POL05024,PRG007,TRT075,2026-03-22,Closed,129157.69
CLM009196,POL04577,PRG010,TRT023,2026-01-31,Pending,277464.82
CLM009197,POL04976,PRG022,TRT012,2026-04-03,Pending,247625.79
CLM009198,POL00948,PRG013,TRT027,2026-01-21,Closed,175013.4
CLM009199,POL08858,PRG004,TRT007,2026-02-03,Closed,121655.92
CLM009200,POL00778,PRG001,TRT073,2026-07-24,Open,58960.52
CLM009201,POL07846,PRG009,TRT054,2026-04-12,Closed,120192.58
CLM009202,POL08198,PRG008,TRT049,2026-01-18,Pending,75827.98
CLM009203,POL06858,PRG010,TRT051,2026-01-04,Closed,279360.66
CLM009204,POL02993,PRG004,TRT013,2026-01-09,Closed,187259.43
CLM009205,POL02414,PRG015,TRT016,2026-03-21,Closed,121852.67
CLM009206,POL01860,PRG018,TRT038,2026-03-25,Open,18538.52
CLM009207,POL09616,PRG009,TRT028,2026-03-31,Pending,138547.98
CLM009208,POL09544,PRG010,TRT015,2026-04-14,Pending,268048.73
CLM009209,POL00989,PRG009,TRT078,2026-02-11,Pending,212467.15
CLM009210,POL03946,PRG024,TRT003,2026-08-19,Closed,73671.25
CLM009211,POL03181,PRG023,TRT094,2026-07-06,Closed,125587.62
CLM009212,POL07323,PRG001,TRT063,2026-06-02,Pending,195038.07
CLM009213,POL02587,PRG007,TRT069,2026-06-24,Open,209856.45
CLM009214,POL07195,PRG004,TRT014,2026-05-28,Closed,100700.36
CLM009215,POL08917,PRG023,TRT046,2026-06-26,Open,154264.66
CLM009216,POL02848,PRG003,TRT088,2026-05-26,Pending,273286.32
CLM009217,POL00829,PRG011,TRT023,2026-07-02,Pending,246988.64
CLM009218,POL02600,PRG003,TRT083,2026-02-22,Pending,263691.69
CLM009219,POL03631,PRG004,TRT045,2026-03-22,Pending,117458.41
CLM009220,POL00480,PRG006,TRT092,2026-01-05,Closed,195627.93
CLM009221,POL08037,PRG010,TRT042,2026-01-15,Open,56740.82
CLM009222,POL09591,PRG010,TRT071,2026-03-14,Closed,19394.74
CLM009223,POL04041,PRG014,TRT088,2026-05-08,Pending,195492.37
CLM009224,POL04587,PRG021,TRT099,2026-05-03,Closed,190729.8
CLM009225,POL00081,PRG023,TRT028,2026-02-01,Open,45425.7
CLM009226,POL02485,PRG021,TRT092,2026-08-04,Closed,32950.0
CLM009227,POL06084,PRG017,TRT094,2026-02-05,Closed,295059.98
CLM009228,POL06074,PRG008,TRT071,2026-08-21,Open,126961.4
CLM009229,POL09582,PRG016,TRT097,2026-02-13,Closed,246588.92
CLM009230,POL05036,PRG004,TRT070,2026-04-19,Open,249547.27
CLM009231,POL08781,PRG021,TRT032,2026-05-12,Pending,125352.07
CLM009232,POL04453,PRG016,TRT092,2026-04-16,Closed,1722.33
CLM009233,POL09672,PRG004,TRT056,2026-05-28,Pending,83780.95
CLM009234,POL01047,PRG001,TRT080,2026-07-27,Open,253960.39
CLM009235,POL02931,PRG007,TRT033,2026-04-17,Pending,157766.19
CLM009236,POL00348,PRG021,TRT092,2026-07-30,Open,20176.65
CLM009237,POL06582,PRG025,TRT095,2026-06-10,Closed,274676.57
CLM009238,POL02662,PRG012,TRT076,2026-07-06,Closed,5120.95
CLM009239,POL09097,PRG025,TRT075,2026-03-01,Pending,256190.23
CLM009240,POL03169,PRG001,TRT051,2026-04-27,Closed,104101.94
CLM009241,POL00459,PRG008,TRT004,2026-02-02,Closed,147556.43
CLM009242,POL00826,PRG025,TRT065,2026-07-02,Closed,250807.71
CLM009243,POL00533,PRG020,TRT017,2026-02-19,Open,248586.03
CLM009244,POL04254,PRG013,TRT046,2026-07-14,Open,125163.06
CLM009245,POL02798,PRG003,TRT080,2026-02-13,Open,272736.57
CLM009246,POL00931,PRG012,TRT093,2026-04-15,Closed,20419.8
CLM009247,POL03171,PRG004,TRT032,2026-01-18,Pending,133611.22
CLM009248,POL07218,PRG009,TRT080,2026-05-08,Pending,241385.68
CLM009249,POL00704,PRG024,TRT001,2026-06-09,Closed,14724.43
CLM009250,POL08254,PRG005,TRT077,2026-06-15,Open,292180.57
CLM009251,POL01059,PRG007,TRT004,2026-07-08,Closed,149747.52
CLM009252,POL00805,PRG009,TRT061,2026-01-23,Pending,84392.32
CLM009253,POL02121,PRG013,TRT002,2026-06-26,Pending,212374.13
CLM009254,POL06986,PRG022,TRT044,2026-02-16,Closed,91863.82
CLM009255,POL09471,PRG012,TRT023,2026-08-11,Closed,203191.9
CLM009256,POL00921,PRG022,TRT034,2026-03-08,Closed,197129.85
CLM009257,POL08596,PRG019,TRT076,2026-01-06,Pending,196549.74
CLM009258,POL07636,PRG015,TRT069,2026-03-18,Pending,257974.66
CLM009259,POL05610,PRG011,TRT094,2026-02-25,Pending,102256.95
CLM009260,POL05324,PRG002,TRT073,2026-02-02,Pending,299790.29
CLM009261,POL05716,PRG001,TRT074,2026-02-10,Closed,126227.02
CLM009262,POL03581,PRG021,TRT095,2026-04-12,Closed,78989.02
CLM009263,POL05230,PRG020,TRT062,2026-08-12,Pending,107821.51
CLM009264,POL03591,PRG010,TRT010,2026-07-29,Pending,255467.89
CLM009265,POL07216,PRG010,TRT006,2026-01-24,Closed,56812.88
CLM009266,POL09454,PRG016,TRT010,2026-05-06,Pending,13553.1
CLM009267,POL06757,PRG020,TRT074,2026-07-03,Closed,218419.97
CLM009268,POL03181,PRG023,TRT094,2026-05-07,Closed,66953.26
CLM009269,POL08617,PRG015,TRT032,2026-08-24,Pending,66897.9
CLM009270,POL00056,PRG024,TRT081,2026-02-25,Pending,293614.05
CLM009271,POL03532,PRG021,TRT058,2026-04-09,Closed,75084.94
CLM009272,POL05067,PRG022,TRT053,2026-06-15,Closed,152262.66
CLM009273,POL06383,PRG017,TRT029,2026-01-04,Closed,126134.62
CLM009274,POL00198,PRG014,TRT083,2026-01-18,Open,268282.06
CLM009275,POL05544,PRG008,TRT051,2026-06-22,Open,183420.67
CLM009276,POL00747,PRG017,TRT080,2026-05-15,Open,212622.63
CLM009277,POL03369,PRG001,TRT071,2026-06-04,Pending,9903.34
CLM009278,POL07547,PRG011,TRT017,2026-04-22,Pending,203828.15
CLM009279,POL02854,PRG023,TRT012,2026-01-12,Closed,72900.16
CLM009280,POL06996,PRG024,TRT037,2026-02-28,Open,253547.59
CLM009281,POL00467,PRG007,TRT050,2026-07-02,Closed,189016.52
CLM009282,POL00030,PRG001,TRT070,2026-06-07,Pending,216128.31
CLM009283,POL03479,PRG015,TRT031,2026-01-21,Closed,193592.42
CLM009284,POL06965,PRG010,TRT019,2026-06-30,Open,101848.27
CLM009285,POL05795,PRG007,TRT069,2026-08-25,Pending,3890.89
CLM009286,POL05724,PRG011,TRT060,2026-07-19,Closed,56074.49
CLM009287,POL09948,PRG020,TRT081,2026-01-03,Closed,116486.85
CLM009288,POL04417,PRG006,TRT049,2026-07-06,Pending,124795.15
CLM009289,POL07906,PRG016,TRT088,2026-05-06,Open,90460.41
CLM009290,POL02701,PRG015,TRT019,2026-02-18,Open,209503.42
CLM009291,POL02929,PRG015,TRT042,2026-05-04,Pending,4754.45
CLM009292,POL06248,PRG010,TRT091,2026-02-22,Closed,107888.42
CLM009293,POL09363,PRG012,TRT096,2026-06-05,Open,4788.29
CLM009294,POL00550,PRG005,TRT057,2026-07-18,Open,142643.84
CLM009295,POL09521,PRG018,TRT001,2026-01-18,Pending,81284.14
CLM009296,POL06702,PRG003,TRT002,2026-03-31,Pending,48253.32
CLM009297,POL03396,PRG016,TRT088,2026-05-21,Closed,259938.62
CLM009298,POL03941,PRG021,TRT039,2026-06-13,Closed,7408.43
CLM009299,POL05369,PRG011,TRT053,2026-03-11,Pending,130538.87
CLM009300,POL07526,PRG001,TRT027,2026-04-08,Closed,288672.1
CLM009301,POL09331,PRG006,TRT061,2026-01-01,Pending,91217.33
CLM009302,POL01404,PRG012,TRT003,2026-01-23,Closed,80528.93
CLM009303,POL08622,PRG024,TRT020,2026-05-14,Open,234509.0
CLM009304,POL02196,PRG003,TRT004,2026-03-14,Open,224943.17
CLM009305,POL00919,PRG006,TRT088,2026-07-12,Closed,192124.89
CLM009306,POL00849,PRG005,TRT037,2026-03-01,Closed,48565.78
CLM009307,POL08390,PRG022,TRT057,2026-03-08,Open,185249.27
CLM009308,POL06155,PRG024,TRT007,2026-08-18,Open,179503.15
CLM009309,POL01534,PRG020,TRT047,2026-03-22,Closed,165704.3
CLM009310,POL02456,PRG014,TRT039,2026-05-05,Pending,63423.68
CLM009311,POL06341,PRG023,TRT015,2026-01-06,Open,31125.05
CLM009312,POL08633,PRG021,TRT072,2026-07-06,Open,11657.19
CLM009313,POL07133,PRG006,TRT021,2026-08-25,Closed,215989.74
CLM009314,POL04312,PRG014,TRT057,2026-04-25,Open,265728.24
CLM009315,POL00787,PRG015,TRT082,2026-03-21,Closed,188963.24
CLM009316,POL09545,PRG024,TRT037,2026-06-26,Pending,297080.52
CLM009317,POL06773,PRG021,TRT079,2026-06-15,Closed,284337.81
CLM009318,POL09992,PRG002,TRT046,2026-03-05,Closed,128860.25
CLM009319,POL09103,PRG019,TRT037,2026-05-09,Pending,252512.79
CLM009320,POL00932,PRG022,TRT008,2026-04-14,Open,128922.94
CLM009321,POL04180,PRG001,TRT008,2026-01-28,Open,77623.98
CLM009322,POL07428,PRG007,TRT071,2026-03-12,Pending,115294.83
CLM009323,POL06591,PRG019,TRT002,2026-03-10,Open,103237.95
CLM009324,POL02560,PRG008,TRT089,2026-03-24,Closed,280396.54
CLM009325,POL06921,PRG021,TRT028,2026-01-20,Open,5974.81
CLM009326,POL06641,PRG023,TRT057,2026-05-04,Open,8705.75
CLM009327,POL01791,PRG025,TRT071,2026-07-11,Closed,163178.27
CLM009328,POL02808,PRG007,TRT075,2026-01-20,Open,115463.65
CLM009329,POL00704,PRG024,TRT001,2026-02-25,Open,280793.69
CLM009330,POL06200,PRG017,TRT044,2026-07-21,Pending,1072.87
CLM009331,POL00534,PRG015,TRT013,2026-02-26,Closed,98265.67
CLM009332,POL01489,PRG018,TRT022,2026-07-01,Pending,209394.44
CLM009333,POL03624,PRG018,TRT062,2026-01-25,Closed,283266.18
CLM009334,POL04747,PRG025,TRT007,2026-04-15,Pending,210387.72
CLM009335,POL06759,PRG017,TRT076,2026-04-12,Open,29741.56
CLM009336,POL01542,PRG007,TRT047,2026-02-04,Pending,240668.34
CLM009337,POL07001,PRG008,TRT037,2026-06-12,Pending,248792.95
CLM009338,POL08721,PRG016,TRT005,2026-08-10,Pending,39240.14
CLM009339,POL08316,PRG005,TRT091,2026-06-19,Pending,176434.77
CLM009340,POL02465,PRG017,TRT041,2026-07-02,Pending,46600.83
CLM009341,POL06336,PRG013,TRT072,2026-05-26,Open,178088.19
CLM009342,POL04494,PRG016,TRT007,2026-04-14,Pending,228006.32
CLM009343,POL09890,PRG011,TRT080,2026-01-05,Open,116509.38
CLM009344,POL02398,PRG008,TRT036,2026-06-07,Closed,181592.67
CLM009345,POL07850,PRG022,TRT083,2026-06-03,Open,35230.73
CLM009346,POL00444,PRG004,TRT048,2026-01-02,Open,299273.15
CLM009347,POL06358,PRG025,TRT077,2026-08-06,Pending,148154.14
CLM009348,POL03221,PRG012,TRT038,2026-05-21,Open,49029.77
CLM009349,POL09876,PRG001,TRT024,2026-07-22,Pending,163954.98
CLM009350,POL09501,PRG011,TRT072,2026-03-07,Closed,27894.32
CLM009351,POL06894,PRG014,TRT094,2026-08-04,Closed,28329.99
CLM009352,POL03771,PRG022,TRT072,2026-03-13,Pending,280515.8
CLM009353,POL08512,PRG015,TRT083,2026-07-10,Pending,295341.79
CLM009354,POL08363,PRG020,TRT067,2026-02-03,Pending,80546.42
CLM009355,POL04506,PRG015,TRT010,2026-04-20,Open,52523.44
CLM009356,POL03109,PRG017,TRT012,2026-08-29,Pending,32492.82
CLM009357,POL04879,PRG024,TRT023,2026-05-31,Open,149156.98
CLM009358,POL04789,PRG020,TRT058,2026-06-24,Closed,220363.22
CLM009359,POL01865,PRG008,TRT082,2026-02-26,Open,147664.75
CLM009360,POL04994,PRG016,TRT080,2026-05-01,Open,236172.21
CLM009361,POL08938,PRG019,TRT032,2026-04-05,Closed,34475.18
CLM009362,POL09578,PRG023,TRT001,2026-07-14,Open,269978.09
CLM009363,POL06550,PRG016,TRT096,2026-07-27,Pending,162959.99
CLM009364,POL00780,PRG014,TRT066,2026-04-21,Closed,5715.64
CLM009365,POL03174,PRG001,TRT073,2026-07-11,Open,58706.81
CLM009366,POL06821,PRG024,TRT032,2026-07-26,Closed,99126.58
CLM009367,POL08937,PRG015,TRT083,2026-07-11,Open,89356.92
CLM009368,POL09375,PRG013,TRT056,2026-08-10,Pending,264292.23
CLM009369,POL09409,PRG018,TRT030,2026-05-07,Closed,228394.23
CLM009370,POL03960,PRG006,TRT085,2026-01-08,Closed,87064.38
CLM009371,POL08658,PRG010,TRT024,2026-05-30,Closed,137263.24
CLM009372,POL08281,PRG024,TRT053,2026-02-11,Closed,117444.33
CLM009373,POL04152,PRG004,TRT051,2026-04-30,Pending,244433.6
CLM009374,POL03459,PRG008,TRT100,2026-03-01,Open,24517.91
CLM009375,POL00649,PRG019,TRT018,2026-03-02,Pending,269526.79
CLM009376,POL01820,PRG009,TRT021,2026-03-08,Pending,31605.19
CLM009377,POL06912,PRG024,TRT073,2026-01-31,Pending,79798.21
CLM009378,POL08389,PRG004,TRT064,2026-07-27,Pending,1348.27
CLM009379,POL09852,PRG007,TRT065,2026-04-21,Pending,102459.51
CLM009380,POL03671,PRG021,TRT066,2026-05-01,Pending,178468.74
CLM009381,POL00536,PRG008,TRT003,2026-02-21,Pending,218222.53
CLM009382,POL05094,PRG020,TRT058,2026-05-09,Closed,210985.76
CLM009383,POL02408,PRG013,TRT010,2026-06-08,Closed,86657.63
CLM009384,POL06520,PRG012,TRT047,2026-05-30,Open,190479.01
CLM009385,POL03560,PRG022,TRT012,2026-06-29,Closed,32257.9
CLM009386,POL06217,PRG010,TRT050,2026-03-15,Open,234155.17
CLM009387,POL09452,PRG021,TRT098,2026-02-11,Open,84019.31
CLM009388,POL05293,PRG025,TRT014,2026-05-19,Pending,241253.11
CLM009389,POL08957,PRG015,TRT026,2026-02-18,Open,278675.65
CLM009390,POL00982,PRG019,TRT014,2026-03-25,Open,207860.96
CLM009391,POL04420,PRG025,TRT041,2026-08-03,Open,1325.21
CLM009392,POL04337,PRG019,TRT039,2026-06-20,Pending,211722.64
CLM009393,POL06985,PRG003,TRT078,2026-06-20,Open,12308.13
CLM009394,POL09761,PRG019,TRT041,2026-04-24,Closed,99484.48
CLM009395,POL02404,PRG011,TRT069,2026-01-13,Pending,220911.75
CLM009396,POL02016,PRG002,TRT072,2026-07-17,Open,22479.75
CLM009397,POL03145,PRG021,TRT049,2026-07-03,Pending,40797.44
CLM009398,POL04710,PRG014,TRT096,2026-06-13,Open,293148.83
CLM009399,POL00952,PRG004,TRT041,2026-05-11,Open,222056.86
CLM009400,POL04444,PRG019,TRT050,2026-01-03,Open,64950.76
CLM009401,POL01793,PRG024,TRT047,2026-03-20,Open,97766.24
CLM009402,POL06260,PRG022,TRT016,2026-03-27,Pending,222748.2
CLM009403,POL06504,PRG019,TRT006,2026-08-07,Closed,132739.27
CLM009404,POL04660,PRG015,TRT083,2026-08-19,Closed,119755.7
CLM009405,POL07884,PRG013,TRT081,2026-06-08,Open,194684.89
CLM009406,POL05082,PRG021,TRT096,2026-06-07,Open,148371.75
CLM009407,POL09188,PRG012,TRT089,2026-01-31,Open,46421.58
CLM009408,POL00176,PRG006,TRT056,2026-01-26,Closed,145445.88
CLM009409,POL08521,PRG013,TRT002,2026-02-21,Open,274874.71
CLM009410,POL01825,PRG014,TRT011,2026-06-12,Closed,122462.59
CLM009411,POL07534,PRG009,TRT059,2026-04-16,Open,32329.34
CLM009412,POL06028,PRG010,TRT053,2026-05-04,Pending,299310.91
CLM009413,POL02162,PRG019,TRT056,2026-07-01,Pending,23792.0
CLM009414,POL01167,PRG009,TRT096,2026-05-21,Closed,291888.18
CLM009415,POL04372,PRG013,TRT054,2026-05-12,Open,201333.99
CLM009416,POL02618,PRG016,TRT031,2026-04-28,Open,30108.4
CLM009417,POL02332,PRG007,TRT027,2026-02-24,Pending,129165.19
CLM009418,POL02497,PRG002,TRT086,2026-03-03,Open,106240.11
CLM009419,POL03956,PRG025,TRT093,2026-06-05,Open,9002.76
CLM009420,POL04310,PRG022,TRT091,2026-06-18,Closed,230445.65
CLM009421,POL00444,PRG004,TRT048,2026-04-04,Pending,101068.09
CLM009422,POL06430,PRG012,TRT063,2026-04-02,Closed,218181.67
CLM009423,POL00298,PRG015,TRT039,2026-05-10,Pending,136487.58
CLM009424,POL06843,PRG022,TRT074,2026-04-03,Open,4435.23
CLM009425,POL01591,PRG010,TRT044,2026-01-30,Closed,247676.77
CLM009426,POL05487,PRG007,TRT025,2026-03-29,Closed,86256.06
CLM009427,POL06881,PRG007,TRT012,2026-03-05,Pending,182233.84
CLM009428,POL08778,PRG018,TRT090,2026-03-26,Closed,79776.23
CLM009429,POL01354,PRG007,TRT100,2026-02-07,Closed,65934.31
CLM009430,POL09770,PRG007,TRT013,2026-08-24,Open,128634.04
CLM009431,POL09812,PRG014,TRT056,2026-07-20,Open,278210.15
CLM009432,POL09923,PRG003,TRT008,2026-03-01,Closed,106685.22
CLM009433,POL08810,PRG014,TRT071,2026-04-30,Closed,244810.76
CLM009434,POL08512,PRG015,TRT083,2026-08-15,Closed,2704.28
CLM009435,POL09183,PRG016,TRT015,2026-01-31,Open,279463.7
CLM009436,POL00169,PRG005,TRT077,2026-07-17,Open,200720.63
CLM009437,POL09163,PRG002,TRT070,2026-08-05,Closed,192972.82
CLM009438,POL05185,PRG006,TRT017,2026-04-19,Pending,117552.89
CLM009439,POL02022,PRG003,TRT070,2026-01-30,Open,75207.27
CLM009440,POL05395,PRG012,TRT067,2026-08-03,Closed,39249.47
CLM009441,POL03546,PRG010,TRT024,2026-04-03,Pending,224779.56
CLM009442,POL04370,PRG011,TRT020,2026-02-09,Open,296583.44
CLM009443,POL09036,PRG023,TRT020,2026-03-03,Pending,55608.28
CLM009444,POL06304,PRG019,TRT054,2026-08-15,Closed,80882.45
CLM009445,POL07982,PRG013,TRT061,2026-07-24,Pending,224110.97
CLM009446,POL09666,PRG001,TRT046,2026-06-23,Open,111148.47
CLM009447,POL01720,PRG002,TRT028,2026-05-20,Open,37173.9
CLM009448,POL03867,PRG002,TRT076,2026-06-27,Pending,18623.41
CLM009449,POL01355,PRG006,TRT082,2026-08-09,Pending,12389.81
CLM009450,POL01368,PRG011,TRT066,2026-04-07,Closed,53227.36
CLM009451,POL05685,PRG024,TRT006,2026-06-11,Pending,115115.39
CLM009452,POL06782,PRG012,TRT028,2026-01-18,Open,245665.43
CLM009453,POL02363,PRG018,TRT040,2026-08-03,Open,25473.37
CLM009454,POL01196,PRG020,TRT046,2026-07-28,Open,156109.78
CLM009455,POL00770,PRG023,TRT037,2026-08-25,Closed,259917.38
CLM009456,POL07000,PRG016,TRT042,2026-06-15,Closed,225250.15
CLM009457,POL05741,PRG018,TRT056,2026-03-25,Pending,95046.04
CLM009458,POL04016,PRG015,TRT085,2026-08-22,Pending,18507.35
CLM009459,POL00306,PRG002,TRT064,2026-02-16,Pending,16602.6
CLM009460,POL08802,PRG008,TRT014,2026-05-09,Pending,117160.93
CLM009461,POL08569,PRG016,TRT015,2026-02-22,Closed,295980.16
CLM009462,POL03676,PRG022,TRT029,2026-04-22,Open,108445.78
CLM009463,POL04729,PRG017,TRT067,2026-05-16,Pending,180972.53
CLM009464,POL06307,PRG024,TRT093,2026-08-13,Open,197882.13
CLM009465,POL03956,PRG025,TRT093,2026-08-26,Pending,112658.96
CLM009466,POL03689,PRG015,TRT075,2026-02-16,Open,12856.55
CLM009467,POL04226,PRG003,TRT013,2026-06-05,Open,161434.86
CLM009468,POL08992,PRG021,TRT002,2026-06-02,Pending,76283.72
CLM009469,POL03553,PRG021,TRT012,2026-06-14,Closed,3980.52
CLM009470,POL00978,PRG003,TRT054,2026-07-02,Pending,168842.03
CLM009471,POL07571,PRG011,TRT074,2026-07-05,Pending,214891.3
CLM009472,POL09040,PRG008,TRT032,2026-04-21,Open,292160.58
CLM009473,POL02713,PRG014,TRT054,2026-05-27,Closed,62953.01
CLM009474,POL02128,PRG021,TRT007,2026-03-30,Closed,207651.41
CLM009475,POL03772,PRG017,TRT099,2026-08-09,Closed,278734.66
CLM009476,POL07112,PRG024,TRT003,2026-01-25,Pending,72094.3
CLM009477,POL06588,PRG020,TRT041,2026-02-19,Open,96536.05
CLM009478,POL05834,PRG021,TRT046,2026-06-12,Pending,234617.86
CLM009479,POL00186,PRG007,TRT029,2026-06-07,Closed,205789.24
CLM009480,POL00506,PRG017,TRT057,2026-05-25,Closed,205371.7
CLM009481,POL01320,PRG025,TRT002,2026-01-12,Open,140711.97
CLM009482,POL05680,PRG013,TRT010,2026-07-20,Open,135477.49
CLM009483,POL07946,PRG011,TRT021,2026-08-16,Closed,51576.38
CLM009484,POL05964,PRG010,TRT088,2026-04-09,Pending,256904.43
CLM009485,POL02854,PRG023,TRT012,2026-06-05,Pending,191338.64
CLM009486,POL06318,PRG016,TRT013,2026-03-25,Open,110673.53
CLM009487,POL00798,PRG020,TRT029,2026-04-13,Closed,14049.13
CLM009488,POL08743,PRG005,TRT016,2026-07-23,Open,176161.96
CLM009489,POL04525,PRG006,TRT018,2026-06-18,Pending,274384.53
CLM009490,POL05183,PRG019,TRT022,2026-08-18,Closed,16146.28
CLM009491,POL04922,PRG022,TRT006,2026-06-17,Closed,252901.92
CLM009492,POL08554,PRG004,TRT015,2026-03-06,Closed,12898.7
CLM009493,POL06141,PRG014,TRT054,2026-07-03,Pending,8151.37
CLM009494,POL00944,PRG016,TRT039,2026-08-12,Open,264781.67
CLM009495,POL03175,PRG007,TRT081,2026-03-05,Open,168546.61
CLM009496,POL08588,PRG004,TRT016,2026-06-12,Pending,219310.06
CLM009497,POL08001,PRG007,TRT023,2026-05-27,Open,95893.11
CLM009498,POL04106,PRG005,TRT062,2026-08-29,Pending,4269.08
CLM009499,POL01965,PRG014,TRT070,2026-04-30,Open,114563.68
CLM009500,POL06745,PRG016,TRT055,2026-02-15,Open,283694.69
CLM009501,POL05562,PRG010,TRT002,2026-04-16,Open,125935.22
CLM009502,POL01881,PRG024,TRT014,2026-01-04,Closed,243342.98
CLM009503,POL03627,PRG015,TRT015,2026-05-23,Open,100851.51
CLM009504,POL02781,PRG011,TRT030,2026-06-08,Closed,182826.05
CLM009505,POL00098,PRG006,TRT025,2026-06-21,Pending,144824.61
CLM009506,POL02341,PRG022,TRT080,2026-08-14,Pending,241976.3
CLM009507,POL07678,PRG002,TRT088,2026-06-23,Closed,147453.12
CLM009508,POL09170,PRG025,TRT049,2026-04-29,Pending,18096.94
CLM009509,POL05254,PRG021,TRT075,2026-05-29,Closed,156527.38
CLM009510,POL09025,PRG024,TRT082,2026-07-25,Open,166572.41
CLM009511,POL02902,PRG017,TRT001,2026-03-26,Closed,230680.61
CLM009512,POL04736,PRG022,TRT052,2026-01-11,Open,91486.15
CLM009513,POL02158,PRG003,TRT099,2026-05-26,Open,121760.84
CLM009514,POL03073,PRG017,TRT090,2026-08-22,Closed,220715.34
CLM009515,POL05585,PRG005,TRT035,2026-03-08,Pending,13474.24
CLM009516,POL01703,PRG025,TRT048,2026-07-11,Open,120476.18
CLM009517,POL01009,PRG002,TRT057,2026-05-03,Open,66749.82
CLM009518,POL05290,PRG020,TRT011,2026-06-09,Pending,224164.27
CLM009519,POL08600,PRG001,TRT038,2026-06-19,Closed,156031.54
CLM009520,POL08283,PRG019,TRT067,2026-08-24,Closed,47186.19
CLM009521,POL07059,PRG007,TRT019,2026-01-13,Pending,231292.88
CLM009522,POL01757,PRG012,TRT026,2026-03-23,Closed,275081.85
CLM009523,POL01998,PRG013,TRT054,2026-05-21,Pending,189379.69
CLM009524,POL03192,PRG025,TRT016,2026-01-25,Pending,158865.08
CLM009525,POL05777,PRG021,TRT058,2026-05-10,Closed,47997.7
CLM009526,POL07080,PRG011,TRT004,2026-07-01,Closed,68768.66
CLM009527,POL02427,PRG011,TRT086,2026-07-12,Open,9985.14
CLM009528,POL08278,PRG006,TRT015,2026-07-25,Closed,43195.51
CLM009529,POL06928,PRG021,TRT079,2026-07-27,Closed,246719.62
CLM009530,POL07530,PRG025,TRT038,2026-02-24,Closed,190990.04
CLM009531,POL00441,PRG016,TRT061,2026-05-01,Open,23524.54
CLM009532,POL06495,PRG025,TRT013,2026-04-03,Pending,59301.93
CLM009533,POL00125,PRG003,TRT084,2026-04-12,Pending,155008.75
CLM009534,POL09068,PRG018,TRT061,2026-06-12,Pending,95358.27
CLM009535,POL03140,PRG008,TRT093,2026-08-09,Closed,229606.94
CLM009536,POL05478,PRG010,TRT090,2026-05-06,Closed,272656.39
CLM009537,POL02169,PRG023,TRT088,2026-02-13,Closed,190761.78
CLM009538,POL09274,PRG014,TRT051,2026-04-04,Open,289934.56
CLM009539,POL07529,PRG005,TRT081,2026-05-26,Pending,219351.69
CLM009540,POL08316,PRG005,TRT091,2026-05-28,Closed,234834.68
CLM009541,POL07083,PRG020,TRT003,2026-06-19,Pending,272387.33
CLM009542,POL08006,PRG022,TRT035,2026-02-12,Closed,62916.85
CLM009543,POL09536,PRG021,TRT070,2026-02-26,Open,260495.86
CLM009544,POL06010,PRG010,TRT008,2026-03-13,Open,60401.34
CLM009545,POL07531,PRG012,TRT057,2026-05-26,Pending,286537.07
CLM009546,POL02764,PRG018,TRT043,2026-04-29,Open,133600.43
CLM009547,POL08433,PRG017,TRT085,2026-07-20,Pending,139362.47
CLM009548,POL08203,PRG009,TRT036,2026-06-27,Open,73997.5
CLM009549,POL01762,PRG018,TRT063,2026-01-17,Pending,292790.13
CLM009550,POL09321,PRG016,TRT074,2026-02-28,Closed,40682.54
CLM009551,POL06447,PRG022,TRT045,2026-05-01,Open,264445.49
CLM009552,POL05920,PRG019,TRT063,2026-02-08,Closed,200867.64
CLM009553,POL04933,PRG025,TRT073,2026-08-22,Pending,194435.77
CLM009554,POL00806,PRG008,TRT009,2026-08-12,Pending,107259.03
CLM009555,POL01082,PRG020,TRT074,2026-02-26,Open,286784.79
CLM009556,POL07429,PRG021,TRT018,2026-03-13,Open,173155.4
CLM009557,POL08933,PRG020,TRT079,2026-08-23,Open,10249.18
CLM009558,POL09247,PRG011,TRT023,2026-07-15,Pending,82440.09
CLM009559,POL08009,PRG018,TRT087,2026-05-24,Open,225528.02
CLM009560,POL08995,PRG016,TRT076,2026-01-07,Closed,71367.98
CLM009561,POL01215,PRG001,TRT069,2026-08-12,Open,89624.06
CLM009562,POL02743,PRG018,TRT063,2026-06-22,Open,48247.7
CLM009563,POL09741,PRG015,TRT022,2026-08-05,Open,223775.52
CLM009564,POL00695,PRG022,TRT020,2026-07-14,Open,196808.34
CLM009565,POL07919,PRG014,TRT035,2026-02-01,Open,198452.0
CLM009566,POL03969,PRG011,TRT042,2026-03-21,Open,288660.28
CLM009567,POL06947,PRG002,TRT024,2026-01-03,Pending,55970.0
CLM009568,POL07732,PRG018,TRT089,2026-08-10,Closed,44144.01
CLM009569,POL09618,PRG020,TRT056,2026-06-09,Open,70412.43
CLM009570,POL09485,PRG008,TRT022,2026-07-19,Pending,136053.57
CLM009571,POL01083,PRG004,TRT089,2026-05-14,Closed,4960.21
CLM009572,POL06053,PRG007,TRT081,2026-01-04,Pending,205375.15
CLM009573,POL02871,PRG016,TRT006,2026-01-10,Open,135124.47
CLM009574,POL06154,PRG015,TRT049,2026-01-29,Open,34197.04
CLM009575,POL06166,PRG022,TRT054,2026-02-24,Open,92112.58
CLM009576,POL02446,PRG023,TRT025,2026-05-30,Closed,204541.26
CLM009577,POL01432,PRG013,TRT005,2026-08-17,Closed,206970.07
CLM009578,POL01751,PRG024,TRT043,2026-08-26,Pending,68923.68
CLM009579,POL05855,PRG008,TRT011,2026-01-13,Closed,42077.13
CLM009580,POL01240,PRG008,TRT009,2026-08-25,Closed,245419.87
CLM009581,POL08423,PRG003,TRT022,2026-08-21,Pending,296492.96
CLM009582,POL09600,PRG022,TRT096,2026-05-06,Pending,73896.11
CLM009583,POL02229,PRG002,TRT010,2026-01-05,Open,83175.73
CLM009584,POL01918,PRG001,TRT063,2026-03-31,Open,3722.69
CLM009585,POL03822,PRG009,TRT056,2026-04-18,Open,28469.37
CLM009586,POL06754,PRG022,TRT085,2026-02-15,Pending,281099.57
CLM009587,POL03007,PRG017,TRT019,2026-06-21,Open,1933.45
CLM009588,POL02815,PRG008,TRT025,2026-04-13,Pending,250176.14
CLM009589,POL03185,PRG019,TRT003,2026-02-14,Closed,108132.82
CLM009590,POL03428,PRG001,TRT064,2026-05-23,Closed,94542.75
CLM009591,POL05482,PRG019,TRT099,2026-02-15,Closed,200018.0
CLM009592,POL05783,PRG007,TRT050,2026-05-19,Pending,123391.19
CLM009593,POL08064,PRG011,TRT072,2026-08-28,Closed,124373.11
CLM009594,POL00789,PRG018,TRT049,2026-03-03,Open,195374.68
CLM009595,POL04764,PRG008,TRT055,2026-02-14,Pending,197897.32
CLM009596,POL00715,PRG006,TRT050,2026-03-15,Pending,24485.73
CLM009597,POL05143,PRG020,TRT089,2026-07-20,Closed,45331.57
CLM009598,POL07085,PRG012,TRT095,2026-04-14,Open,173357.08
CLM009599,POL06590,PRG010,TRT085,2026-07-11,Pending,283431.82
CLM009600,POL03667,PRG022,TRT092,2026-02-19,Open,18100.89
CLM009601,POL02755,PRG023,TRT035,2026-05-12,Pending,271471.24
CLM009602,POL07868,PRG003,TRT085,2026-02-21,Pending,7769.02
CLM009603,POL05387,PRG021,TRT009,2026-08-10,Pending,146003.2
CLM009604,POL03119,PRG021,TRT094,2026-08-24,Open,272334.03
CLM009605,POL03367,PRG006,TRT090,2026-06-03,Pending,153270.83
CLM009606,POL03773,PRG008,TRT010,2026-06-06,Pending,173372.85
CLM009607,POL07712,PRG007,TRT089,2026-01-11,Pending,299690.21
CLM009608,POL03179,PRG004,TRT085,2026-01-26,Pending,260665.97
CLM009609,POL00632,PRG025,TRT076,2026-04-29,Open,116064.39
CLM009610,POL07669,PRG018,TRT086,2026-03-17,Pending,283462.1
CLM009611,POL06995,PRG012,TRT084,2026-07-22,Closed,27306.88
CLM009612,POL07117,PRG023,TRT053,2026-08-01,Pending,25227.28
CLM009613,POL05776,PRG010,TRT063,2026-03-15,Pending,295509.5
CLM009614,POL09297,PRG005,TRT085,2026-01-25,Open,224259.05
CLM009615,POL05380,PRG004,TRT089,2026-07-20,Open,101758.2
CLM009616,POL02181,PRG022,TRT083,2026-06-29,Pending,238610.52
CLM009617,POL02041,PRG024,TRT055,2026-04-17,Open,227220.93
CLM009618,POL03790,PRG010,TRT012,2026-08-04,Open,162251.14
CLM009619,POL04273,PRG001,TRT072,2026-08-21,Closed,113587.64
CLM009620,POL09599,PRG006,TRT054,2026-06-09,Pending,31645.63
CLM009621,POL09343,PRG025,TRT031,2026-04-04,Pending,270617.66
CLM009622,POL06489,PRG024,TRT065,2026-06-24,Open,195506.99
CLM009623,POL00024,PRG016,TRT063,2026-02-17,Pending,292902.52
CLM009624,POL09684,PRG011,TRT071,2026-04-14,Closed,82665.55
CLM009625,POL09601,PRG025,TRT054,2026-05-09,Pending,170769.45
CLM009626,POL00672,PRG015,TRT074,2026-02-17,Open,177575.72
CLM009627,POL02497,PRG002,TRT086,2026-01-13,Pending,9644.93
CLM009628,POL00737,PRG018,TRT036,2026-03-30,Open,273879.24
CLM009629,POL00044,PRG017,TRT085,2026-06-05,Pending,28629.94
CLM009630,POL05445,PRG014,TRT073,2026-07-31,Closed,254079.84
CLM009631,POL08016,PRG018,TRT088,2026-05-06,Open,181106.9
CLM009632,POL00214,PRG007,TRT009,2026-06-19,Pending,244856.89
CLM009633,POL01088,PRG015,TRT041,2026-04-29,Open,158509.49
CLM009634,POL09147,PRG005,TRT064,2026-06-11,Open,190237.85
CLM009635,POL02789,PRG006,TRT064,2026-05-18,Open,92802.43
CLM009636,POL00412,PRG022,TRT035,2026-07-31,Closed,55241.67
CLM009637,POL01150,PRG007,TRT095,2026-03-08,Pending,151984.12
CLM009638,POL01132,PRG023,TRT058,2026-05-09,Closed,164100.39
CLM009639,POL06684,PRG022,TRT068,2026-04-25,Pending,284011.74
CLM009640,POL05612,PRG025,TRT089,2026-06-20,Pending,256248.87
CLM009641,POL07546,PRG021,TRT085,2026-01-23,Pending,115807.94
CLM009642,POL05541,PRG005,TRT004,2026-07-18,Open,4607.17
CLM009643,POL01456,PRG010,TRT001,2026-02-24,Pending,12494.14
CLM009644,POL07883,PRG011,TRT022,2026-03-09,Pending,214748.29
CLM009645,POL08836,PRG011,TRT015,2026-07-22,Closed,101625.95
CLM009646,POL00873,PRG016,TRT033,2026-06-09,Open,48996.67
CLM009647,POL07827,PRG013,TRT071,2026-07-07,Pending,249932.99
CLM009648,POL02051,PRG007,TRT003,2026-04-26,Pending,128177.93
CLM009649,POL06772,PRG008,TRT013,2026-06-10,Closed,146077.86
CLM009650,POL04720,PRG019,TRT031,2026-06-25,Pending,274622.96
CLM009651,POL05025,PRG016,TRT084,2026-03-04,Pending,284865.27
CLM009652,POL01613,PRG010,TRT096,2026-08-23,Closed,206153.93
CLM009653,POL05810,PRG017,TRT088,2026-05-13,Open,279256.75
CLM009654,POL06988,PRG024,TRT038,2026-06-30,Open,108636.61
CLM009655,POL02076,PRG017,TRT097,2026-02-24,Open,259766.48
CLM009656,POL02486,PRG003,TRT059,2026-06-30,Closed,31972.53
CLM009657,POL08812,PRG008,TRT049,2026-06-24,Closed,285876.04
CLM009658,POL04126,PRG005,TRT065,2026-05-22,Open,215899.02
CLM009659,POL06319,PRG017,TRT065,2026-01-12,Open,255542.13
CLM009660,POL04182,PRG003,TRT096,2026-03-14,Open,218072.78
CLM009661,POL00212,PRG024,TRT040,2026-08-29,Closed,63419.62
CLM009662,POL03925,PRG015,TRT009,2026-04-12,Closed,164507.64
CLM009663,POL08643,PRG020,TRT081,2026-07-19,Open,25035.98
CLM009664,POL08747,PRG020,TRT054,2026-01-07,Closed,168881.9
CLM009665,POL09034,PRG018,TRT034,2026-07-24,Pending,27446.58
CLM009666,POL09622,PRG002,TRT023,2026-06-13,Pending,7452.01
CLM009667,POL09633,PRG009,TRT090,2026-05-14,Closed,18999.12
CLM009668,POL04190,PRG001,TRT097,2026-06-23,Closed,91356.26
CLM009669,POL00276,PRG016,TRT094,2026-06-18,Closed,56912.94
CLM009670,POL04597,PRG003,TRT061,2026-04-21,Pending,285925.47
CLM009671,POL02964,PRG015,TRT098,2026-06-01,Closed,132503.44
CLM009672,POL00518,PRG008,TRT069,2026-08-05,Closed,260229.7
CLM009673,POL01579,PRG003,TRT016,2026-08-08,Pending,88692.46
CLM009674,POL00494,PRG002,TRT087,2026-07-20,Closed,36685.48
CLM009675,POL06711,PRG002,TRT057,2026-08-21,Pending,298639.23
CLM009676,POL05464,PRG006,TRT058,2026-03-22,Closed,288265.04
CLM009677,POL01738,PRG010,TRT046,2026-06-25,Pending,235851.28
CLM009678,POL04245,PRG010,TRT071,2026-06-15,Pending,20016.66
CLM009679,POL02130,PRG005,TRT064,2026-01-19,Closed,189798.64
CLM009680,POL09398,PRG001,TRT003,2026-03-03,Pending,290253.82
CLM009681,POL03311,PRG015,TRT042,2026-03-18,Open,157678.78
CLM009682,POL01078,PRG015,TRT097,2026-03-03,Open,248934.5
CLM009683,POL07571,PRG011,TRT074,2026-07-09,Open,218227.1
CLM009684,POL04028,PRG010,TRT069,2026-06-12,Closed,160444.93
CLM009685,POL04954,PRG018,TRT050,2026-04-11,Open,144828.45
CLM009686,POL07276,PRG014,TRT080,2026-05-18,Closed,165615.3
CLM009687,POL03382,PRG003,TRT056,2026-06-15,Closed,75428.88
CLM009688,POL00959,PRG020,TRT073,2026-08-23,Closed,126352.69
CLM009689,POL08567,PRG016,TRT004,2026-02-26,Closed,45915.63
CLM009690,POL08210,PRG006,TRT049,2026-06-25,Pending,68361.85
CLM009691,POL05615,PRG017,TRT027,2026-03-11,Open,165099.02
CLM009692,POL00331,PRG007,TRT071,2026-04-21,Closed,78626.97
CLM009693,POL04537,PRG009,TRT052,2026-04-23,Open,255619.75
CLM009694,POL06375,PRG018,TRT072,2026-07-07,Open,63395.03
CLM009695,POL04064,PRG023,TRT011,2026-01-01,Pending,89342.65
CLM009696,POL03764,PRG019,TRT018,2026-01-09,Open,119622.37
CLM009697,POL02939,PRG022,TRT081,2026-03-26,Closed,256362.06
CLM009698,POL06396,PRG021,TRT042,2026-07-16,Open,65231.63
CLM009699,POL03385,PRG013,TRT043,2026-06-14,Open,21847.17
CLM009700,POL01349,PRG008,TRT037,2026-06-11,Open,214007.32
CLM009701,POL05005,PRG004,TRT049,2026-07-04,Closed,211765.73
CLM009702,POL07754,PRG015,TRT013,2026-02-14,Closed,256129.73
CLM009703,POL08874,PRG024,TRT033,2026-07-09,Closed,250500.06
CLM009704,POL01035,PRG017,TRT004,2026-06-30,Closed,299024.1
CLM009705,POL03137,PRG006,TRT071,2026-02-27,Open,130127.64
CLM009706,POL04823,PRG003,TRT005,2026-08-26,Closed,246613.29
CLM009707,POL02221,PRG009,TRT024,2026-05-23,Open,115146.09
CLM009708,POL05913,PRG011,TRT008,2026-03-15,Open,263515.44
CLM009709,POL01371,PRG013,TRT016,2026-04-13,Open,114752.08
CLM009710,POL01604,PRG005,TRT076,2026-07-05,Closed,254223.69
CLM009711,POL03425,PRG010,TRT084,2026-01-06,Pending,243879.93
CLM009712,POL05769,PRG011,TRT068,2026-01-11,Closed,84854.39
CLM009713,POL01528,PRG019,TRT025,2026-02-01,Pending,213155.85
CLM009714,POL03860,PRG002,TRT022,2026-06-27,Closed,33729.38
CLM009715,POL02377,PRG002,TRT035,2026-03-13,Open,291793.58
CLM009716,POL05828,PRG005,TRT037,2026-07-19,Open,58475.16
CLM009717,POL08490,PRG021,TRT090,2026-02-21,Open,220676.2
CLM009718,POL03431,PRG012,TRT022,2026-08-01,Pending,213294.98
CLM009719,POL02300,PRG018,TRT028,2026-01-16,Pending,213761.44
CLM009720,POL04113,PRG024,TRT037,2026-07-29,Closed,146908.35
CLM009721,POL09472,PRG020,TRT039,2026-06-14,Closed,150597.09
CLM009722,POL07968,PRG011,TRT030,2026-02-13,Closed,145249.09
CLM009723,POL07576,PRG007,TRT061,2026-05-15,Pending,299881.63
CLM009724,POL02736,PRG013,TRT071,2026-08-24,Open,228412.13
CLM009725,POL06115,PRG010,TRT020,2026-01-07,Closed,269148.33
CLM009726,POL00294,PRG004,TRT047,2026-07-21,Open,59245.37
CLM009727,POL00414,PRG014,TRT090,2026-04-05,Closed,176894.82
CLM009728,POL04106,PRG005,TRT062,2026-06-25,Open,249731.52
CLM009729,POL04266,PRG002,TRT069,2026-03-12,Pending,128161.37
CLM009730,POL01550,PRG011,TRT061,2026-04-08,Closed,190248.4
CLM009731,POL02246,PRG017,TRT062,2026-01-09,Pending,11715.07
CLM009732,POL03990,PRG001,TRT050,2026-04-18,Closed,227462.31
CLM009733,POL03022,PRG002,TRT088,2026-01-18,Closed,285343.7
CLM009734,POL07322,PRG015,TRT077,2026-05-31,Pending,284989.06
CLM009735,POL05955,PRG009,TRT091,2026-01-02,Pending,136464.04
CLM009736,POL04818,PRG008,TRT093,2026-08-19,Pending,113776.37
CLM009737,POL01384,PRG010,TRT048,2026-02-20,Pending,138052.17
CLM009738,POL06298,PRG017,TRT046,2026-02-22,Closed,176559.59
CLM009739,POL09675,PRG010,TRT061,2026-04-02,Pending,286179.02
CLM009740,POL06408,PRG019,TRT069,2026-05-23,Closed,52276.06
CLM009741,POL07301,PRG023,TRT036,2026-03-25,Pending,92605.36
CLM009742,POL05303,PRG020,TRT057,2026-03-28,Pending,49335.71
CLM009743,POL03186,PRG014,TRT082,2026-08-01,Open,190782.35
CLM009744,POL03696,PRG019,TRT047,2026-03-25,Open,91436.86
CLM009745,POL01641,PRG016,TRT009,2026-02-12,Open,254238.54
CLM009746,POL07706,PRG004,TRT071,2026-01-31,Closed,19356.49
CLM009747,POL07157,PRG025,TRT094,2026-05-07,Closed,193311.29
CLM009748,POL02969,PRG006,TRT056,2026-05-07,Pending,61391.57
CLM009749,POL08013,PRG025,TRT016,2026-04-16,Open,21978.55
CLM009750,POL01346,PRG012,TRT072,2026-07-06,Pending,256151.5
CLM009751,POL01815,PRG020,TRT035,2026-01-23,Closed,62824.41
CLM009752,POL05394,PRG012,TRT076,2026-04-28,Pending,290275.57
CLM009753,POL04536,PRG003,TRT093,2026-02-06,Pending,214424.19
CLM009754,POL03057,PRG018,TRT079,2026-01-09,Open,185144.36
CLM009755,POL02422,PRG014,TRT044,2026-08-06,Pending,260083.68
CLM009756,POL02885,PRG011,TRT008,2026-06-21,Open,152035.22
CLM009757,POL08922,PRG009,TRT007,2026-02-21,Closed,295961.73
CLM009758,POL09754,PRG001,TRT097,2026-01-09,Open,273262.99
CLM009759,POL02396,PRG020,TRT083,2026-01-20,Pending,59626.79
CLM009760,POL00119,PRG021,TRT075,2026-05-24,Pending,293384.53
CLM009761,POL07374,PRG010,TRT098,2026-06-28,Closed,93538.62
CLM009762,POL00612,PRG014,TRT028,2026-07-25,Closed,234313.91
CLM009763,POL08121,PRG005,TRT029,2026-04-23,Closed,278645.29
CLM009764,POL09981,PRG012,TRT005,2026-04-02,Open,65497.98
CLM009765,POL02176,PRG017,TRT059,2026-08-05,Closed,17689.06
CLM009766,POL03157,PRG025,TRT095,2026-07-08,Pending,104872.29
CLM009767,POL04943,PRG003,TRT029,2026-01-07,Pending,294281.89
CLM009768,POL01210,PRG024,TRT047,2026-04-23,Closed,109502.23
CLM009769,POL06842,PRG012,TRT029,2026-05-05,Open,188714.12
CLM009770,POL05625,PRG007,TRT073,2026-04-19,Pending,130622.6
CLM009771,POL08655,PRG025,TRT021,2026-06-23,Closed,243567.51
CLM009772,POL09564,PRG002,TRT074,2026-01-11,Closed,164739.1
CLM009773,POL04283,PRG015,TRT098,2026-05-09,Open,25004.18
CLM009774,POL02124,PRG013,TRT018,2026-02-16,Open,141669.21
CLM009775,POL08504,PRG005,TRT002,2026-04-22,Open,126826.49
CLM009776,POL04764,PRG008,TRT055,2026-05-19,Pending,84594.19
CLM009777,POL02029,PRG014,TRT084,2026-01-06,Closed,193907.47
CLM009778,POL02724,PRG001,TRT023,2026-04-09,Pending,32265.65
CLM009779,POL00364,PRG009,TRT060,2026-08-11,Closed,80830.4
CLM009780,POL05020,PRG020,TRT011,2026-02-27,Closed,128363.53
CLM009781,POL09586,PRG012,TRT057,2026-05-24,Closed,47284.99
CLM009782,POL04182,PRG003,TRT096,2026-01-26,Pending,207549.25
CLM009783,POL03542,PRG007,TRT074,2026-08-03,Closed,165986.4
CLM009784,POL01797,PRG019,TRT035,2026-06-20,Closed,137072.05
CLM009785,POL00781,PRG015,TRT090,2026-08-08,Closed,189296.15
CLM009786,POL01966,PRG011,TRT031,2026-04-09,Closed,92377.06
CLM009787,POL05328,PRG013,TRT027,2026-01-28,Closed,182996.01
CLM009788,POL00561,PRG007,TRT057,2026-04-05,Open,41562.51
CLM009789,POL04671,PRG020,TRT045,2026-06-30,Closed,107836.68
CLM009790,POL09383,PRG019,TRT066,2026-01-29,Closed,129136.53
CLM009791,POL06625,PRG003,TRT024,2026-01-23,Pending,56099.25
CLM009792,POL06155,PRG024,TRT007,2026-05-22,Open,215976.19
CLM009793,POL07025,PRG001,TRT098,2026-06-17,Pending,87063.92
CLM009794,POL05733,PRG011,TRT020,2026-05-11,Closed,205388.35
CLM009795,POL00714,PRG009,TRT060,2026-01-31,Open,42580.47
CLM009796,POL01729,PRG009,TRT053,2026-01-18,Open,115787.26
CLM009797,POL07065,PRG022,TRT048,2026-08-02,Closed,179592.2
CLM009798,POL03327,PRG004,TRT069,2026-06-13,Pending,281397.95
CLM009799,POL02622,PRG023,TRT055,2026-07-23,Closed,291396.45
CLM009800,POL05847,PRG017,TRT070,2026-06-10,Pending,78152.65
CLM009801,POL08015,PRG004,TRT091,2026-07-27,Closed,71066.98
CLM009802,POL00320,PRG017,TRT049,2026-03-15,Open,251114.98
CLM009803,POL07448,PRG009,TRT087,2026-07-12,Open,44077.28
CLM009804,POL01039,PRG008,TRT020,2026-07-30,Open,46167.35
CLM009805,POL05335,PRG023,TRT015,2026-02-03,Open,18311.18
CLM009806,POL03762,PRG021,TRT020,2026-07-19,Pending,51627.23
CLM009807,POL00908,PRG012,TRT077,2026-04-16,Open,143741.11
CLM009808,POL04410,PRG015,TRT015,2026-05-25,Closed,260309.58
CLM009809,POL07654,PRG017,TRT008,2026-05-11,Closed,264035.59
CLM009810,POL03135,PRG007,TRT030,2026-02-06,Pending,262669.58
CLM009811,POL08761,PRG015,TRT092,2026-06-16,Open,187082.29
CLM009812,POL07324,PRG012,TRT080,2026-07-21,Open,132229.27
CLM009813,POL01706,PRG017,TRT091,2026-02-25,Pending,207030.12
CLM009814,POL01426,PRG003,TRT047,2026-08-10,Pending,2753.83
CLM009815,POL08650,PRG017,TRT016,2026-01-22,Closed,4082.48
CLM009816,POL01269,PRG010,TRT057,2026-04-16,Open,5799.83
CLM009817,POL05517,PRG009,TRT025,2026-07-23,Pending,105875.48
CLM009818,POL05791,PRG019,TRT055,2026-05-22,Closed,269096.38
CLM009819,POL07150,PRG001,TRT094,2026-07-19,Open,5146.93
CLM009820,POL09924,PRG004,TRT092,2026-06-23,Open,112103.84
CLM009821,POL00841,PRG003,TRT078,2026-08-15,Pending,17370.74
CLM009822,POL04422,PRG015,TRT071,2026-02-18,Closed,295278.59
CLM009823,POL01779,PRG003,TRT009,2026-08-06,Pending,223440.67
CLM009824,POL01703,PRG025,TRT048,2026-05-22,Pending,216528.16
CLM009825,POL04197,PRG020,TRT044,2026-06-16,Open,152237.32
CLM009826,POL04541,PRG013,TRT027,2026-03-12,Pending,254655.21
CLM009827,POL04596,PRG003,TRT077,2026-04-26,Open,78822.21
CLM009828,POL04695,PRG011,TRT001,2026-02-11,Pending,86939.71
CLM009829,POL05588,PRG004,TRT096,2026-04-30,Pending,141963.91
CLM009830,POL05065,PRG010,TRT063,2026-06-15,Closed,258761.71
CLM009831,POL04027,PRG012,TRT097,2026-02-25,Closed,230756.61
CLM009832,POL07517,PRG008,TRT020,2026-08-02,Pending,144121.13
CLM009833,POL00424,PRG002,TRT052,2026-05-28,Closed,236242.94
CLM009834,POL06522,PRG001,TRT011,2026-08-12,Pending,212912.02
CLM009835,POL03162,PRG011,TRT092,2026-08-06,Open,52126.98
CLM009836,POL06917,PRG004,TRT034,2026-04-15,Closed,243731.85
CLM009837,POL09473,PRG018,TRT031,2026-06-29,Open,243423.73
CLM009838,POL03518,PRG009,TRT091,2026-05-03,Closed,201379.89
CLM009839,POL06939,PRG009,TRT020,2026-05-05,Closed,192282.16
CLM009840,POL00423,PRG006,TRT099,2026-03-08,Open,112517.02
CLM009841,POL06832,PRG020,TRT030,2026-07-28,Pending,286883.34
CLM009842,POL01210,PRG024,TRT047,2026-08-05,Pending,95768.45
CLM009843,POL03428,PRG001,TRT064,2026-01-15,Closed,94945.28
CLM009844,POL01084,PRG018,TRT015,2026-05-04,Closed,8983.13
CLM009845,POL02392,PRG010,TRT038,2026-02-24,Closed,135113.23
CLM009846,POL05973,PRG006,TRT054,2026-08-08,Pending,166448.6
CLM009847,POL00107,PRG015,TRT097,2026-05-22,Pending,178659.19
CLM009848,POL01350,PRG025,TRT017,2026-02-02,Pending,234896.38
CLM009849,POL04360,PRG014,TRT083,2026-04-14,Open,183229.16
CLM009850,POL01295,PRG022,TRT071,2026-01-03,Open,23536.88
CLM009851,POL09646,PRG025,TRT091,2026-03-09,Open,162419.97
CLM009852,POL05478,PRG010,TRT090,2026-07-09,Pending,111421.19
CLM009853,POL08661,PRG021,TRT003,2026-07-20,Pending,64121.41
CLM009854,POL00739,PRG008,TRT036,2026-07-17,Open,56493.84
CLM009855,POL05978,PRG016,TRT039,2026-01-18,Open,199264.25
CLM009856,POL04828,PRG022,TRT040,2026-01-17,Pending,5809.56
CLM009857,POL05602,PRG024,TRT023,2026-02-09,Open,207346.49
CLM009858,POL08189,PRG013,TRT054,2026-08-27,Closed,167183.08
CLM009859,POL06675,PRG002,TRT018,2026-02-12,Open,257520.22
CLM009860,POL01545,PRG016,TRT024,2026-06-24,Open,41666.51
CLM009861,POL03455,PRG013,TRT051,2026-04-10,Open,191594.63
CLM009862,POL08774,PRG001,TRT054,2026-01-17,Closed,62723.84
CLM009863,POL05059,PRG009,TRT067,2026-04-24,Pending,132979.25
CLM009864,POL08285,PRG003,TRT048,2026-01-04,Pending,221393.66
CLM009865,POL03930,PRG003,TRT056,2026-02-18,Pending,149745.74
CLM009866,POL01271,PRG004,TRT011,2026-03-22,Pending,38066.24
CLM009867,POL00373,PRG010,TRT066,2026-06-01,Closed,226274.78
CLM009868,POL07711,PRG003,TRT059,2026-05-23,Closed,32222.73
CLM009869,POL09462,PRG010,TRT004,2026-04-07,Pending,129673.29
CLM009870,POL05391,PRG007,TRT032,2026-01-29,Pending,53909.07
CLM009871,POL09341,PRG024,TRT061,2026-02-21,Pending,91175.06
CLM009872,POL03365,PRG023,TRT030,2026-03-28,Open,283088.97
CLM009873,POL05824,PRG024,TRT080,2026-02-05,Pending,297077.67
CLM009874,POL06507,PRG009,TRT080,2026-08-26,Closed,191259.78
CLM009875,POL04020,PRG020,TRT072,2026-06-23,Open,238421.12
CLM009876,POL04007,PRG024,TRT022,2026-05-05,Open,254759.28
CLM009877,POL05030,PRG017,TRT066,2026-06-09,Open,127265.85
CLM009878,POL06259,PRG002,TRT043,2026-02-04,Pending,161839.63
CLM009879,POL07221,PRG001,TRT077,2026-08-02,Closed,49010.57
CLM009880,POL02202,PRG016,TRT057,2026-03-07,Closed,156252.71
CLM009881,POL04404,PRG010,TRT091,2026-04-24,Closed,111411.06
CLM009882,POL06958,PRG006,TRT043,2026-08-15,Pending,24333.9
CLM009883,POL09334,PRG015,TRT083,2026-02-14,Open,265515.29
CLM009884,POL01327,PRG021,TRT079,2026-06-14,Closed,245698.24
CLM009885,POL00401,PRG025,TRT025,2026-03-10,Open,185926.25
CLM009886,POL00471,PRG017,TRT025,2026-02-07,Pending,137736.94
CLM009887,POL02393,PRG008,TRT025,2026-07-19,Pending,211766.58
CLM009888,POL06636,PRG008,TRT043,2026-07-06,Closed,271162.36
CLM009889,POL08549,PRG022,TRT041,2026-03-19,Pending,111482.93
CLM009890,POL00981,PRG006,TRT089,2026-01-17,Pending,292134.38
CLM009891,POL07026,PRG005,TRT052,2026-03-25,Pending,275541.23
CLM009892,POL02839,PRG018,TRT078,2026-07-13,Open,179036.9
CLM009893,POL03382,PRG003,TRT056,2026-05-04,Open,71949.65
CLM009894,POL03819,PRG022,TRT012,2026-06-14,Pending,221392.54
CLM009895,POL06139,PRG011,TRT018,2026-07-15,Closed,154605.77
CLM009896,POL00953,PRG009,TRT032,2026-03-14,Open,159901.77
CLM009897,POL05718,PRG014,TRT082,2026-05-30,Pending,267978.71
CLM009898,POL00548,PRG024,TRT097,2026-04-04,Pending,297521.42
CLM009899,POL07749,PRG021,TRT013,2026-07-24,Open,261255.86
CLM009900,POL02392,PRG010,TRT038,2026-08-17,Closed,231269.41
CLM009901,POL06244,PRG019,TRT038,2026-01-24,Closed,238446.55
CLM009902,POL08415,PRG022,TRT067,2026-02-21,Open,172787.26
CLM009903,POL06731,PRG010,TRT001,2026-02-03,Closed,278524.83
CLM009904,POL07063,PRG005,TRT011,2026-04-07,Closed,106079.32
CLM009905,POL06153,PRG004,TRT041,2026-06-11,Pending,247908.94
CLM009906,POL03258,PRG021,TRT012,2026-06-14,Pending,132767.85
CLM009907,POL03829,PRG017,TRT084,2026-01-23,Pending,26150.91
CLM009908,POL08878,PRG022,TRT072,2026-07-03,Pending,74057.86
CLM009909,POL09110,PRG019,TRT086,2026-04-22,Pending,176181.69
CLM009910,POL00229,PRG017,TRT079,2026-02-14,Open,213091.27
CLM009911,POL08514,PRG012,TRT058,2026-05-24,Closed,20471.16
CLM009912,POL00009,PRG008,TRT018,2026-05-28,Pending,94898.09
CLM009913,POL03381,PRG013,TRT044,2026-07-28,Closed,185606.98
CLM009914,POL00114,PRG024,TRT041,2026-08-27,Closed,152558.63
CLM009915,POL08661,PRG021,TRT003,2026-06-16,Closed,231665.92
CLM009916,POL01462,PRG017,TRT054,2026-03-26,Open,231537.28
CLM009917,POL00470,PRG005,TRT079,2026-01-22,Open,155221.3
CLM009918,POL01657,PRG014,TRT083,2026-04-13,Open,239313.72
CLM009919,POL08382,PRG002,TRT070,2026-08-22,Pending,120851.93
CLM009920,POL08632,PRG010,TRT071,2026-04-17,Pending,52447.82
CLM009921,POL04694,PRG007,TRT027,2026-03-18,Pending,139657.67
CLM009922,POL09479,PRG007,TRT016,2026-06-20,Pending,199836.13
CLM009923,POL03025,PRG020,TRT028,2026-02-13,Open,87351.75
CLM009924,POL00620,PRG018,TRT048,2026-05-07,Closed,43825.94
CLM009925,POL04797,PRG013,TRT018,2026-07-23,Pending,189876.7
CLM009926,POL05682,PRG007,TRT009,2026-08-03,Closed,168915.13
CLM009927,POL07268,PRG011,TRT030,2026-01-24,Closed,19007.81
CLM009928,POL06210,PRG003,TRT060,2026-02-20,Closed,170346.85
CLM009929,POL01314,PRG001,TRT081,2026-03-13,Pending,281965.33
CLM009930,POL01547,PRG003,TRT034,2026-07-09,Pending,174438.13
CLM009931,POL08076,PRG022,TRT097,2026-06-21,Open,26785.85
CLM009932,POL02488,PRG024,TRT091,2026-02-28,Pending,171039.69
CLM009933,POL06888,PRG015,TRT069,2026-06-21,Pending,15033.39
CLM009934,POL01803,PRG001,TRT005,2026-03-14,Pending,178644.68
CLM009935,POL03150,PRG006,TRT039,2026-03-27,Closed,125868.82
CLM009936,POL09671,PRG012,TRT095,2026-02-19,Open,113260.12
CLM009937,POL06785,PRG018,TRT086,2026-05-18,Open,228959.68
CLM009938,POL02631,PRG012,TRT060,2026-07-22,Open,205345.37
CLM009939,POL00712,PRG004,TRT090,2026-08-21,Closed,57234.3
CLM009940,POL09736,PRG014,TRT056,2026-02-14,Pending,124282.09
CLM009941,POL02667,PRG001,TRT024,2026-04-19,Open,231745.07
CLM009942,POL00749,PRG011,TRT081,2026-07-07,Pending,17929.31
CLM009943,POL04470,PRG021,TRT056,2026-04-19,Open,274048.12
CLM009944,POL01693,PRG017,TRT073,2026-04-22,Closed,150026.45
CLM009945,POL09514,PRG016,TRT018,2026-02-27,Open,180552.37
CLM009946,POL01762,PRG018,TRT063,2026-04-21,Open,11451.65
CLM009947,POL09098,PRG017,TRT037,2026-05-28,Closed,155933.13
CLM009948,POL05140,PRG025,TRT093,2026-08-06,Open,6063.38
CLM009949,POL04848,PRG001,TRT043,2026-04-15,Pending,122402.06
CLM009950,POL00384,PRG025,TRT089,2026-08-25,Pending,61259.48
CLM009951,POL00755,PRG016,TRT056,2026-05-31,Open,86981.06
CLM009952,POL02877,PRG014,TRT020,2026-03-21,Pending,235068.02
CLM009953,POL09948,PRG020,TRT081,2026-03-11,Closed,148879.51
CLM009954,POL09076,PRG020,TRT048,2026-05-08,Pending,254672.55
CLM009955,POL06613,PRG023,TRT058,2026-08-26,Closed,240217.36
CLM009956,POL02097,PRG008,TRT079,2026-03-12,Open,283871.92
CLM009957,POL07267,PRG009,TRT013,2026-01-21,Closed,23657.53
CLM009958,POL07151,PRG005,TRT027,2026-07-08,Pending,292657.77
CLM009959,POL08766,PRG024,TRT087,2026-03-03,Open,214448.76
CLM009960,POL01242,PRG001,TRT073,2026-07-22,Pending,66796.46
CLM009961,POL08528,PRG022,TRT014,2026-01-24,Closed,85122.98
CLM009962,POL09777,PRG006,TRT055,2026-08-21,Closed,15412.06
CLM009963,POL02366,PRG010,TRT064,2026-03-09,Closed,128311.86
CLM009964,POL09090,PRG022,TRT021,2026-08-12,Open,287905.86
CLM009965,POL00397,PRG021,TRT079,2026-08-21,Pending,291554.13
CLM009966,POL09416,PRG021,TRT003,2026-01-15,Closed,93317.91
CLM009967,POL06323,PRG023,TRT021,2026-06-23,Pending,68944.55
CLM009968,POL00771,PRG018,TRT067,2026-05-25,Open,196221.63
CLM009969,POL04786,PRG018,TRT005,2026-07-02,Pending,200263.79
CLM009970,POL02942,PRG019,TRT055,2026-07-01,Pending,111982.98
CLM009971,POL04912,PRG024,TRT008,2026-02-25,Open,283855.96
CLM009972,POL02658,PRG010,TRT008,2026-02-15,Pending,275342.28
CLM009973,POL07237,PRG014,TRT004,2026-08-27,Closed,180333.2
CLM009974,POL02559,PRG024,TRT069,2026-03-05,Closed,66654.08
CLM009975,POL08658,PRG010,TRT024,2026-08-17,Closed,108733.13
CLM009976,POL01868,PRG012,TRT098,2026-03-26,Closed,8297.36
CLM009977,POL08990,PRG013,TRT044,2026-02-20,Closed,132126.43
CLM009978,POL08619,PRG002,TRT041,2026-07-07,Open,184738.1
CLM009979,POL09797,PRG018,TRT099,2026-03-06,Closed,20458.66
CLM009980,POL05690,PRG022,TRT028,2026-01-21,Closed,110924.63
CLM009981,POL03421,PRG006,TRT011,2026-06-23,Open,265747.47
CLM009982,POL01277,PRG004,TRT094,2026-05-10,Closed,297147.62
CLM009983,POL00958,PRG016,TRT047,2026-08-01,Open,28700.78
CLM009984,POL04773,PRG005,TRT014,2026-04-05,Closed,226239.95
CLM009985,POL06102,PRG022,TRT067,2026-06-12,Pending,100127.43
CLM009986,POL03093,PRG021,TRT098,2026-07-27,Pending,12021.89
CLM009987,POL06789,PRG005,TRT002,2026-07-27,Open,52785.71
CLM009988,POL04814,PRG019,TRT017,2026-03-28,Pending,192060.71
CLM009989,POL06575,PRG002,TRT058,2026-08-07,Open,22322.88
CLM009990,POL06675,PRG002,TRT018,2026-01-18,Open,29105.93
CLM009991,POL07187,PRG020,TRT079,2026-08-22,Pending,76224.19
CLM009992,POL03798,PRG016,TRT057,2026-03-03,Pending,89008.49
CLM009993,POL07375,PRG020,TRT036,2026-01-15,Open,217735.49
CLM009994,POL01924,PRG005,TRT006,2026-01-22,Closed,54645.8
CLM009995,POL04491,PRG013,TRT095,2026-05-16,Open,179356.67
CLM009996,POL07406,PRG017,TRT076,2026-07-05,Pending,285231.13
CLM009997,POL08238,PRG022,TRT073,2026-03-24,Open,75220.34
CLM009998,POL02355,PRG012,TRT024,2026-04-14,Pending,62799.79
CLM009999,POL05850,PRG017,TRT018,2026-03-07,Pending,70441.58
CLM010000,POL01626,PRG018,TRT051,2026-03-29,Pending,217740.44
