Policy_ID,Program_ID,Treaty_ID,Effective_Date,Expiry_Date,Premium,Region,Risk_Category
POL00001,PRG011,TRT004,2025-05-09,2026-04-10,59572.33,South,Critical
POL00002,PRG025,TRT050,2025-06-15,2026-03-15,60377.07,West,Critical
POL00003,PRG004,TRT011,2026-07-13,2028-01-05,315536.78,North,Critical
POL00004,PRG010,TRT059,2026-07-23,2027-04-27,143973.77,East,Medium
POL00005,PRG019,TRT037,2026-12-20,2027-07-04,292946.39,East,Critical
POL00006,PRG013,TRT010,2026-12-28,2028-10-23,176092.94,West,High
POL00007,PRG015,TRT040,2025-12-17,2027-09-26,62992.35,North,Medium
POL00008,PRG016,TRT017,2025-04-01,2026-08-11,233754.19,East,Low
POL00009,PRG008,TRT018,2026-03-08,2028-01-22,56082.56,South,High
POL00010,PRG008,TRT018,2026-12-01,2028-11-29,383901.41,East,Critical
POL00011,PRG022,TRT046,2025-08-30,2026-05-13,461338.05,East,Low
POL00012,PRG018,TRT061,2026-06-24,2027-02-19,72941.7,West,High
POL00013,PRG018,TRT096,2025-10-12,2027-06-27,455392.82,West,Medium
POL00014,PRG017,TRT067,2025-05-30,2026-08-23,403509.23,North,Medium
POL00015,PRG019,TRT051,2025-01-05,2025-07-13,454048.55,South,Critical
POL00016,PRG019,TRT100,2025-12-06,2026-12-15,197866.31,North,High
POL00017,PRG020,TRT062,2025-11-20,2027-02-12,164032.64,South,Low
POL00018,PRG025,TRT080,2025-07-16,2026-03-05,384451.25,West,High
POL00019,PRG020,TRT021,2025-04-29,2025-11-16,35034.55,West,Medium
POL00020,PRG022,TRT032,2026-08-03,2027-02-19,455656.02,East,High
POL00021,PRG017,TRT099,2026-02-25,2027-03-18,435560.34,East,Critical
POL00022,PRG012,TRT063,2026-04-22,2028-03-12,168654.51,North,Low
POL00023,PRG005,TRT023,2026-01-24,2028-01-12,49248.93,West,Medium
POL00024,PRG016,TRT063,2026-08-30,2027-03-26,101010.0,East,Medium
POL00025,PRG012,TRT076,2026-06-23,2027-06-04,183638.67,East,Critical
POL00026,PRG008,TRT018,2025-05-28,2026-03-07,296680.14,West,Low
POL00027,PRG002,TRT067,2025-06-20,2026-08-31,277151.35,South,Critical
POL00028,PRG020,TRT038,2025-08-01,2026-09-24,126392.63,South,Low
POL00029,PRG011,TRT022,2026-02-12,2026-09-21,95669.23,East,High
POL00030,PRG001,TRT070,2025-06-13,2026-04-09,18995.76,South,Critical
POL00031,PRG022,TRT010,2026-01-07,2026-10-12,266643.21,North,High
POL00032,PRG001,TRT001,2025-09-09,2027-08-10,418364.6,East,Critical
POL00033,PRG010,TRT093,2026-04-29,2028-04-16,48396.47,South,Low
POL00034,PRG007,TRT024,2026-09-17,2027-10-01,146555.5,South,High
POL00035,PRG012,TRT057,2025-04-13,2026-08-01,319954.52,East,Critical
POL00036,PRG019,TRT008,2026-12-31,2028-09-29,19213.32,North,Critical
POL00037,PRG003,TRT086,2026-07-16,2027-12-29,132644.12,East,High
POL00038,PRG018,TRT050,2025-05-21,2027-05-06,15699.08,North,Critical
POL00039,PRG017,TRT043,2026-02-22,2027-07-26,70490.06,South,High
POL00040,PRG001,TRT005,2026-01-26,2027-09-27,374136.76,West,High
POL00041,PRG003,TRT018,2025-10-27,2026-06-03,14421.45,North,Critical
POL00042,PRG023,TRT094,2026-11-03,2027-12-15,224404.86,North,Medium
POL00043,PRG020,TRT067,2025-02-06,2026-12-05,166159.06,West,Critical
POL00044,PRG017,TRT085,2026-03-30,2026-11-29,356819.23,West,Critical
POL00045,PRG009,TRT037,2025-08-15,2026-08-27,205065.96,South,High
POL00046,PRG001,TRT009,2025-10-31,2027-06-07,255196.25,North,Critical
POL00047,PRG015,TRT029,2026-12-08,2028-02-13,280409.24,South,Low
POL00048,PRG011,TRT018,2026-09-10,2027-03-28,37766.07,South,Critical
POL00049,PRG006,TRT084,2026-06-07,2027-12-26,357790.6,South,High
POL00050,PRG008,TRT070,2026-08-10,2027-02-15,439064.92,North,High
POL00051,PRG018,TRT090,2025-10-29,2026-12-22,157853.41,North,Low
POL00052,PRG012,TRT096,2026-09-15,2027-04-23,258390.63,East,Critical
POL00053,PRG012,TRT057,2025-03-30,2026-11-12,351720.57,South,Critical
POL00054,PRG011,TRT096,2025-07-15,2026-07-22,224921.77,East,Critical
POL00055,PRG003,TRT046,2026-09-18,2028-06-14,395287.72,South,Critical
POL00056,PRG024,TRT081,2025-01-22,2026-08-09,71442.1,West,Medium
POL00057,PRG006,TRT046,2025-01-01,2026-10-30,455746.44,South,High
POL00058,PRG021,TRT015,2025-02-25,2026-02-05,439593.94,North,Medium
POL00059,PRG010,TRT077,2026-11-19,2027-06-07,173762.95,West,High
POL00060,PRG011,TRT021,2025-09-14,2027-07-07,170902.69,West,Low
POL00061,PRG018,TRT084,2026-01-27,2027-12-15,108446.92,West,Low
POL00062,PRG013,TRT088,2025-05-04,2026-09-25,413450.52,West,High
POL00063,PRG008,TRT098,2026-12-21,2028-05-03,242154.46,East,Low
POL00064,PRG007,TRT082,2026-02-05,2026-08-13,277037.92,North,Critical
POL00065,PRG025,TRT060,2026-02-25,2027-06-02,94097.66,West,Low
POL00066,PRG001,TRT071,2025-04-18,2026-10-09,213498.45,West,Medium
POL00067,PRG009,TRT094,2025-09-29,2026-07-10,194144.26,East,Critical
POL00068,PRG005,TRT048,2026-05-30,2027-01-24,111085.81,East,High
POL00069,PRG004,TRT049,2026-04-21,2027-06-19,286308.05,West,Low
POL00070,PRG008,TRT092,2026-09-21,2028-04-22,443272.8,North,Low
POL00071,PRG023,TRT026,2026-04-02,2026-12-09,187929.29,East,Low
POL00072,PRG020,TRT078,2026-02-07,2026-08-28,433597.42,South,Medium
POL00073,PRG006,TRT088,2025-05-09,2027-02-25,414526.18,West,Low
POL00074,PRG018,TRT098,2025-03-15,2025-11-17,173827.79,North,Medium
POL00075,PRG021,TRT011,2026-11-29,2027-07-20,275994.41,West,Medium
POL00076,PRG013,TRT030,2025-09-21,2026-12-12,239512.77,West,Critical
POL00077,PRG004,TRT028,2026-05-06,2027-06-14,383378.04,South,Low
POL00078,PRG013,TRT014,2026-06-04,2027-02-19,475743.71,North,Critical
POL00079,PRG007,TRT095,2025-01-19,2026-11-18,448449.84,East,Critical
POL00080,PRG002,TRT021,2025-05-22,2027-01-29,63056.48,East,Critical
POL00081,PRG023,TRT028,2025-12-02,2026-11-29,292692.73,West,Medium
POL00082,PRG022,TRT024,2025-11-07,2027-04-07,218579.0,South,Low
POL00083,PRG023,TRT073,2025-02-27,2026-02-11,468411.68,East,Medium
POL00084,PRG020,TRT075,2025-12-31,2026-07-16,221862.16,South,Medium
POL00085,PRG004,TRT047,2026-04-19,2026-12-21,493718.46,South,Medium
POL00086,PRG025,TRT055,2026-04-01,2027-12-10,246919.17,East,Critical
POL00087,PRG017,TRT078,2025-08-07,2027-06-18,89736.02,West,Low
POL00088,PRG006,TRT053,2026-04-01,2028-02-23,206937.56,East,Medium
POL00089,PRG005,TRT030,2026-12-15,2028-05-09,328222.44,West,Critical
POL00090,PRG001,TRT058,2025-12-12,2026-07-01,146267.01,West,Critical
POL00091,PRG003,TRT019,2025-02-13,2026-09-28,406434.01,East,Medium
POL00092,PRG021,TRT052,2025-03-17,2025-12-16,411892.18,East,Medium
POL00093,PRG002,TRT015,2025-12-05,2026-11-10,33444.6,West,Medium
POL00094,PRG012,TRT093,2026-09-02,2028-07-30,471969.32,East,Critical
POL00095,PRG007,TRT037,2026-04-30,2027-01-30,197570.87,North,Low
POL00096,PRG004,TRT003,2026-06-21,2028-01-13,333099.81,South,High
POL00097,PRG018,TRT034,2026-03-06,2027-05-07,450754.72,South,Medium
POL00098,PRG006,TRT025,2025-02-12,2026-04-25,326012.91,North,Medium
POL00099,PRG007,TRT016,2026-01-12,2026-11-01,440707.0,North,Low
POL00100,PRG011,TRT007,2026-11-22,2027-09-21,352573.34,North,Medium
POL00101,PRG003,TRT017,2026-11-01,2027-11-16,78174.24,South,Critical
POL00102,PRG004,TRT008,2026-12-23,2027-11-24,347079.57,South,Medium
POL00103,PRG014,TRT032,2025-01-08,2025-11-11,342921.13,South,Low
POL00104,PRG007,TRT100,2026-06-19,2028-04-29,373972.77,West,Critical
POL00105,PRG023,TRT071,2025-04-28,2026-07-24,42202.22,East,Low
POL00106,PRG020,TRT081,2026-04-09,2027-03-10,237863.05,West,Medium
POL00107,PRG015,TRT097,2026-11-25,2027-07-12,241796.22,West,High
POL00108,PRG001,TRT043,2026-10-06,2027-07-10,225045.15,South,High
POL00109,PRG004,TRT084,2025-08-11,2026-04-16,266797.65,North,Low
POL00110,PRG019,TRT018,2026-02-16,2027-02-04,111300.52,North,Critical
POL00111,PRG011,TRT015,2026-12-28,2028-02-12,324868.2,North,Critical
POL00112,PRG016,TRT032,2026-11-03,2027-07-11,337358.7,North,Medium
POL00113,PRG014,TRT098,2026-03-11,2026-10-05,135069.46,West,High
POL00114,PRG024,TRT041,2026-05-17,2027-10-28,234665.31,South,Low
POL00115,PRG003,TRT078,2025-11-04,2027-09-23,243590.08,East,High
POL00116,PRG014,TRT085,2026-04-13,2027-06-22,322233.58,South,Low
POL00117,PRG014,TRT026,2026-09-08,2027-06-05,455415.15,North,Medium
POL00118,PRG023,TRT018,2026-03-15,2027-05-02,298896.24,West,Medium
POL00119,PRG021,TRT075,2025-05-15,2026-08-10,257662.85,North,Critical
POL00120,PRG007,TRT007,2026-04-15,2026-12-09,89415.4,North,Low
POL00121,PRG003,TRT038,2025-09-14,2026-12-07,495992.11,East,High
POL00122,PRG007,TRT100,2025-09-24,2027-01-15,72912.92,East,Medium
POL00123,PRG014,TRT020,2025-08-08,2027-01-25,461214.97,South,Critical
POL00124,PRG025,TRT094,2025-11-03,2027-07-05,137399.38,West,Low
POL00125,PRG003,TRT084,2026-04-05,2027-04-22,356241.33,East,Low
POL00126,PRG022,TRT061,2026-05-12,2027-04-21,322569.05,West,Low
POL00127,PRG015,TRT094,2025-11-08,2026-06-08,421728.1,West,High
POL00128,PRG018,TRT086,2026-03-25,2027-09-18,126916.75,North,Medium
POL00129,PRG012,TRT079,2026-01-29,2027-08-04,344267.12,South,Critical
POL00130,PRG015,TRT035,2026-04-29,2027-08-14,387865.42,South,Low
POL00131,PRG001,TRT056,2025-08-22,2026-08-23,292856.78,West,Critical
POL00132,PRG011,TRT026,2025-08-21,2027-07-29,295408.97,South,Critical
POL00133,PRG002,TRT089,2026-09-10,2028-05-23,344579.84,North,Medium
POL00134,PRG022,TRT080,2026-07-24,2028-02-15,45550.48,South,Medium
POL00135,PRG013,TRT087,2025-10-26,2027-05-03,367043.96,East,Medium
POL00136,PRG014,TRT055,2026-09-19,2028-04-03,471137.26,South,High
POL00137,PRG015,TRT032,2025-06-11,2026-02-19,213494.89,North,High
POL00138,PRG016,TRT063,2026-08-22,2028-08-21,95921.09,North,Critical
POL00139,PRG011,TRT093,2025-02-06,2026-07-25,78705.54,West,Critical
POL00140,PRG003,TRT100,2025-11-21,2026-10-31,340435.1,North,Low
POL00141,PRG023,TRT085,2025-09-20,2027-04-08,477613.0,North,Critical
POL00142,PRG018,TRT087,2026-05-07,2027-10-23,426370.34,East,Medium
POL00143,PRG014,TRT078,2026-11-11,2027-12-22,414471.59,South,Low
POL00144,PRG021,TRT058,2025-09-10,2027-05-16,252087.66,West,High
POL00145,PRG015,TRT020,2025-01-18,2026-04-28,41458.38,South,Critical
POL00146,PRG004,TRT008,2025-02-01,2026-11-18,360971.44,South,Low
POL00147,PRG016,TRT051,2026-07-04,2028-04-01,441830.42,North,Low
POL00148,PRG015,TRT001,2026-08-05,2027-09-25,454169.19,West,Critical
POL00149,PRG020,TRT026,2025-02-02,2027-01-07,29592.52,West,High
POL00150,PRG014,TRT011,2026-10-20,2028-06-25,123941.07,West,Medium
POL00151,PRG011,TRT043,2025-12-29,2027-11-01,222860.97,East,Low
POL00152,PRG020,TRT084,2026-07-31,2027-08-04,96754.64,East,Critical
POL00153,PRG011,TRT022,2026-11-29,2028-08-08,140194.72,South,Low
POL00154,PRG021,TRT052,2025-12-02,2027-09-27,184165.24,West,Critical
POL00155,PRG019,TRT015,2025-05-16,2026-01-31,277494.11,East,Critical
POL00156,PRG004,TRT005,2025-10-28,2026-08-18,172463.02,North,High
POL00157,PRG014,TRT019,2025-05-31,2025-12-23,288637.6,West,Low
POL00158,PRG013,TRT090,2026-09-19,2028-08-23,361407.18,South,Low
POL00159,PRG001,TRT082,2026-06-14,2027-10-30,208610.47,West,Critical
POL00160,PRG009,TRT001,2025-08-20,2026-03-14,32179.47,West,Medium
POL00161,PRG023,TRT016,2026-03-24,2027-12-12,13991.94,East,Medium
POL00162,PRG001,TRT066,2025-04-29,2027-01-29,60376.66,North,Critical
POL00163,PRG015,TRT007,2026-06-13,2026-12-31,319819.32,North,Low
POL00164,PRG003,TRT026,2025-03-05,2026-07-17,96448.71,South,Critical
POL00165,PRG021,TRT069,2025-07-06,2027-01-21,329155.04,West,Low
POL00166,PRG008,TRT090,2025-02-14,2026-07-18,358473.95,South,Critical
POL00167,PRG022,TRT054,2025-05-08,2026-06-25,395523.56,South,High
POL00168,PRG020,TRT046,2026-09-09,2027-03-13,168767.07,East,Critical
POL00169,PRG005,TRT077,2026-07-17,2027-11-30,103820.96,North,Critical
POL00170,PRG021,TRT057,2026-06-13,2027-01-07,183919.39,North,High
POL00171,PRG014,TRT015,2025-03-13,2026-07-02,156268.56,East,Medium
POL00172,PRG023,TRT070,2026-03-28,2026-10-04,167276.03,North,Medium
POL00173,PRG009,TRT058,2025-07-12,2026-12-28,347748.98,West,Critical
POL00174,PRG005,TRT074,2026-01-16,2027-11-14,495885.39,West,High
POL00175,PRG018,TRT042,2025-08-19,2026-06-22,234946.69,East,Critical
POL00176,PRG006,TRT056,2026-07-13,2027-05-08,225234.11,East,High
POL00177,PRG017,TRT062,2025-12-07,2027-04-21,463204.43,North,Low
POL00178,PRG005,TRT045,2025-10-25,2026-10-20,105943.77,South,Critical
POL00179,PRG001,TRT084,2026-08-18,2027-11-13,257695.6,North,Critical
POL00180,PRG024,TRT080,2025-01-18,2025-08-22,186450.38,North,Critical
POL00181,PRG002,TRT029,2025-02-21,2026-11-07,209954.54,North,Medium
POL00182,PRG024,TRT010,2026-08-17,2027-05-29,467159.43,North,Medium
POL00183,PRG011,TRT003,2025-07-16,2027-04-27,433879.89,South,High
POL00184,PRG009,TRT046,2025-09-14,2026-11-05,367655.06,East,High
POL00185,PRG001,TRT011,2026-01-13,2026-10-28,248356.31,East,Critical
POL00186,PRG007,TRT029,2026-01-07,2026-10-08,445261.19,South,Medium
POL00187,PRG006,TRT015,2026-09-12,2027-04-26,354321.47,East,High
POL00188,PRG025,TRT008,2026-02-21,2026-12-20,208536.02,East,Medium
POL00189,PRG021,TRT084,2026-06-20,2027-05-07,163510.99,North,Medium
POL00190,PRG019,TRT078,2025-02-13,2026-12-20,379090.62,South,Critical
POL00191,PRG012,TRT024,2025-04-12,2027-04-02,275300.0,West,High
POL00192,PRG016,TRT097,2025-02-07,2026-01-04,304915.1,North,High
POL00193,PRG009,TRT049,2025-11-20,2026-09-29,204686.77,West,Critical
POL00194,PRG021,TRT035,2026-02-22,2027-11-22,156962.73,South,Low
POL00195,PRG001,TRT077,2026-04-15,2027-09-14,143516.3,South,High
POL00196,PRG015,TRT025,2026-05-22,2027-03-23,103084.87,West,Low
POL00197,PRG024,TRT039,2025-07-14,2026-06-08,225301.3,East,Medium
POL00198,PRG014,TRT083,2026-03-25,2027-10-31,352829.54,West,Low
POL00199,PRG016,TRT049,2026-12-15,2028-07-10,381147.95,West,Medium
POL00200,PRG020,TRT063,2026-09-09,2028-03-21,441212.88,North,Critical
POL00201,PRG024,TRT010,2025-09-29,2026-09-06,107143.44,East,Low
POL00202,PRG019,TRT023,2025-01-22,2026-10-25,155146.73,East,Critical
POL00203,PRG010,TRT075,2026-05-12,2027-10-26,372565.93,South,Medium
POL00204,PRG006,TRT075,2025-12-03,2026-07-23,366699.2,South,High
POL00205,PRG025,TRT053,2025-02-04,2025-09-07,422980.98,East,High
POL00206,PRG006,TRT095,2025-09-04,2026-10-12,261540.77,North,Low
POL00207,PRG024,TRT044,2025-11-24,2027-08-12,336444.51,East,Medium
POL00208,PRG017,TRT033,2026-09-27,2028-08-11,297753.81,North,High
POL00209,PRG007,TRT038,2025-03-16,2027-02-23,256933.14,South,Critical
POL00210,PRG022,TRT012,2026-07-28,2027-02-05,372248.22,East,Critical
POL00211,PRG019,TRT075,2025-02-27,2026-05-06,492653.14,East,High
POL00212,PRG024,TRT040,2025-09-19,2027-03-17,210836.28,North,Medium
POL00213,PRG024,TRT013,2025-09-08,2026-08-16,77154.87,West,Low
POL00214,PRG007,TRT009,2026-03-08,2027-07-18,13167.13,South,Medium
POL00215,PRG017,TRT028,2025-09-19,2027-06-03,103950.92,West,Medium
POL00216,PRG019,TRT033,2025-07-13,2026-07-05,288892.52,North,Critical
POL00217,PRG010,TRT033,2025-05-11,2025-11-21,243140.59,South,Medium
POL00218,PRG018,TRT062,2025-11-05,2026-10-03,467745.8,East,Medium
POL00219,PRG015,TRT005,2026-03-21,2027-06-16,16359.56,North,High
POL00220,PRG017,TRT047,2026-07-14,2027-05-18,18633.97,East,Critical
POL00221,PRG023,TRT096,2025-10-23,2027-04-23,94393.2,North,High
POL00222,PRG006,TRT052,2026-07-12,2028-06-14,170271.79,North,High
POL00223,PRG017,TRT088,2025-06-11,2026-11-10,198987.93,North,Critical
POL00224,PRG011,TRT034,2025-07-19,2026-07-15,60432.54,West,Medium
POL00225,PRG003,TRT018,2026-02-04,2027-08-13,398993.77,North,Low
POL00226,PRG004,TRT059,2026-06-12,2027-12-23,249371.16,West,High
POL00227,PRG003,TRT059,2025-07-13,2027-03-29,409669.79,West,Low
POL00228,PRG009,TRT071,2026-12-16,2027-12-28,493567.31,East,High
POL00229,PRG017,TRT079,2025-03-11,2026-03-20,465256.1,West,High
POL00230,PRG015,TRT050,2025-08-10,2026-06-07,414608.66,West,Low
POL00231,PRG021,TRT045,2025-11-21,2026-11-25,217333.97,West,Low
POL00232,PRG021,TRT029,2026-06-20,2027-04-27,262531.57,South,Low
POL00233,PRG001,TRT034,2025-09-13,2026-11-12,289760.29,North,High
POL00234,PRG021,TRT025,2025-04-21,2027-01-28,337766.53,East,Medium
POL00235,PRG001,TRT053,2025-09-05,2026-07-25,106793.09,North,High
POL00236,PRG020,TRT050,2025-01-01,2026-12-16,206285.33,South,High
POL00237,PRG011,TRT011,2026-09-07,2028-06-18,303476.24,East,High
POL00238,PRG023,TRT048,2025-07-14,2027-01-14,73783.29,South,Critical
POL00239,PRG015,TRT068,2025-07-21,2027-03-30,163659.06,East,High
POL00240,PRG021,TRT012,2026-06-03,2027-12-12,263753.73,West,Medium
POL00241,PRG014,TRT098,2025-01-03,2026-12-22,477998.7,West,Medium
POL00242,PRG008,TRT096,2026-01-21,2027-02-25,121746.84,South,High
POL00243,PRG006,TRT018,2025-06-09,2027-02-06,226842.09,South,Medium
POL00244,PRG022,TRT054,2026-03-15,2027-01-28,341229.5,North,Medium
POL00245,PRG001,TRT087,2026-03-18,2026-11-23,66000.01,South,High
POL00246,PRG013,TRT086,2026-02-10,2027-06-26,265030.37,East,Medium
POL00247,PRG024,TRT081,2026-08-22,2028-05-29,27013.47,South,Low
POL00248,PRG018,TRT084,2025-03-25,2025-12-07,269694.65,West,Medium
POL00249,PRG007,TRT071,2026-01-02,2026-07-24,292809.52,South,High
POL00250,PRG007,TRT025,2025-02-19,2026-12-09,314488.26,South,Medium
POL00251,PRG014,TRT045,2026-09-26,2027-03-29,200708.47,North,High
POL00252,PRG022,TRT092,2025-08-10,2026-05-12,462011.06,West,High
POL00253,PRG002,TRT074,2026-05-30,2028-03-15,69934.46,West,Critical
POL00254,PRG012,TRT083,2026-10-27,2027-05-04,389447.46,West,High
POL00255,PRG004,TRT008,2025-01-21,2026-02-17,72435.56,East,High
POL00256,PRG014,TRT018,2026-07-30,2027-02-16,294909.44,South,Medium
POL00257,PRG013,TRT036,2025-08-05,2027-03-22,202091.74,North,Medium
POL00258,PRG022,TRT012,2026-02-12,2026-09-12,157629.18,East,High
POL00259,PRG002,TRT031,2025-06-29,2027-01-20,367063.41,West,Medium
POL00260,PRG019,TRT027,2026-09-10,2028-04-12,371743.44,West,Critical
POL00261,PRG023,TRT011,2025-07-25,2026-11-23,93845.97,North,Medium
POL00262,PRG012,TRT098,2026-09-13,2027-10-16,233147.76,West,High
POL00263,PRG013,TRT076,2026-04-01,2027-04-05,279569.32,East,Critical
POL00264,PRG019,TRT032,2025-03-01,2026-01-17,272528.54,West,Critical
POL00265,PRG009,TRT067,2026-04-03,2027-09-30,361259.53,East,Critical
POL00266,PRG015,TRT075,2025-10-26,2027-04-11,87054.08,South,High
POL00267,PRG021,TRT099,2026-12-05,2027-06-10,165958.45,East,Medium
POL00268,PRG018,TRT008,2025-11-25,2026-07-03,229963.73,West,Low
POL00269,PRG005,TRT018,2026-07-30,2028-03-29,178765.37,South,High
POL00270,PRG017,TRT030,2025-11-24,2026-10-03,367461.93,East,High
POL00271,PRG010,TRT096,2026-01-29,2026-07-28,290732.41,East,Medium
POL00272,PRG006,TRT035,2026-11-26,2028-11-11,143407.76,East,High
POL00273,PRG019,TRT010,2025-05-07,2026-06-16,250629.27,East,High
POL00274,PRG015,TRT004,2025-06-16,2026-07-26,48608.5,South,Low
POL00275,PRG020,TRT061,2025-01-28,2026-05-29,350505.57,West,Medium
POL00276,PRG016,TRT094,2026-04-02,2027-11-18,429571.1,North,Low
POL00277,PRG011,TRT095,2026-03-14,2028-01-29,473426.88,West,Low
POL00278,PRG004,TRT033,2025-06-02,2027-01-29,151692.02,South,Critical
POL00279,PRG024,TRT065,2025-05-13,2026-04-10,368730.74,South,Critical
POL00280,PRG024,TRT070,2026-09-14,2027-11-20,62025.65,West,Critical
POL00281,PRG018,TRT008,2025-03-02,2026-12-12,461895.46,East,Critical
POL00282,PRG012,TRT023,2025-06-18,2027-02-22,230452.66,West,Low
POL00283,PRG021,TRT020,2026-10-22,2027-10-13,44823.11,West,High
POL00284,PRG004,TRT074,2025-09-01,2027-06-02,389953.05,North,Medium
POL00285,PRG012,TRT068,2025-02-18,2026-11-29,133478.02,West,Medium
POL00286,PRG014,TRT086,2025-06-09,2027-02-05,98266.48,East,Critical
POL00287,PRG016,TRT070,2026-01-17,2027-12-21,203341.9,South,Low
POL00288,PRG023,TRT012,2025-04-28,2026-02-24,130850.76,South,High
POL00289,PRG008,TRT014,2026-06-25,2027-11-23,416035.62,West,Low
POL00290,PRG006,TRT086,2026-10-02,2028-09-24,43430.62,East,High
POL00291,PRG022,TRT046,2026-04-22,2027-05-21,433909.94,West,Critical
POL00292,PRG007,TRT087,2025-05-27,2027-05-19,292803.92,East,Low
POL00293,PRG009,TRT089,2025-06-27,2026-10-19,347820.83,North,Low
POL00294,PRG004,TRT047,2025-02-18,2026-11-23,354876.78,North,High
POL00295,PRG005,TRT080,2026-09-08,2028-08-20,72708.0,West,Critical
POL00296,PRG011,TRT083,2025-07-31,2026-06-11,18515.01,East,Critical
POL00297,PRG004,TRT046,2026-02-25,2027-07-19,22972.89,West,Low
POL00298,PRG015,TRT039,2025-02-03,2026-03-09,163398.78,North,Critical
POL00299,PRG007,TRT007,2025-11-05,2027-10-28,154791.88,South,Low
POL00300,PRG022,TRT071,2025-02-15,2026-10-25,50833.42,North,Medium
POL00301,PRG008,TRT053,2026-09-02,2027-06-14,131019.51,West,Critical
POL00302,PRG007,TRT060,2026-01-21,2027-09-09,178570.58,South,Low
POL00303,PRG021,TRT082,2026-03-05,2027-10-04,188538.43,East,Critical
POL00304,PRG016,TRT003,2025-01-09,2025-07-11,110549.51,West,Medium
POL00305,PRG018,TRT006,2026-11-09,2027-06-22,111369.33,North,High
POL00306,PRG002,TRT064,2025-08-02,2027-03-18,431775.23,South,Low
POL00307,PRG022,TRT088,2025-03-08,2026-05-11,245078.83,South,High
POL00308,PRG004,TRT069,2025-01-26,2026-07-05,30003.97,North,Medium
POL00309,PRG002,TRT039,2025-11-20,2027-06-08,25561.08,North,Low
POL00310,PRG014,TRT059,2025-12-08,2027-08-23,225643.03,North,Critical
POL00311,PRG015,TRT053,2025-12-12,2027-03-09,453692.12,South,Medium
POL00312,PRG008,TRT072,2025-08-10,2026-03-09,452515.88,North,High
POL00313,PRG021,TRT062,2026-01-26,2026-08-30,118918.49,North,Low
POL00314,PRG010,TRT081,2025-04-21,2026-04-14,141843.0,South,Low
POL00315,PRG012,TRT035,2026-08-24,2027-03-07,195405.22,East,Critical
POL00316,PRG024,TRT043,2025-06-02,2027-05-26,255383.78,South,High
POL00317,PRG023,TRT012,2025-06-17,2027-03-16,469237.91,South,Critical
POL00318,PRG002,TRT047,2026-08-09,2028-06-07,87756.15,West,Low
POL00319,PRG012,TRT001,2026-06-01,2027-08-08,236127.38,South,Low
POL00320,PRG017,TRT049,2025-05-17,2026-09-22,195575.07,South,Low
POL00321,PRG020,TRT001,2026-02-26,2027-04-17,477853.46,South,Critical
POL00322,PRG001,TRT084,2025-04-22,2026-05-07,490155.52,North,Medium
POL00323,PRG016,TRT002,2026-03-25,2027-12-05,209819.75,West,Critical
POL00324,PRG008,TRT022,2026-11-14,2028-01-28,79375.03,South,Critical
POL00325,PRG007,TRT084,2025-04-05,2025-11-10,148839.3,East,High
POL00326,PRG023,TRT070,2025-10-22,2026-12-19,265985.28,East,Medium
POL00327,PRG003,TRT034,2026-03-02,2027-01-07,173872.64,South,High
POL00328,PRG016,TRT014,2026-03-10,2026-12-18,177302.01,West,Critical
POL00329,PRG021,TRT069,2026-02-22,2027-04-07,377987.94,West,High
POL00330,PRG018,TRT003,2026-05-15,2027-10-06,43137.62,South,Critical
POL00331,PRG007,TRT071,2025-03-22,2026-09-19,139110.81,East,High
POL00332,PRG017,TRT006,2025-01-06,2025-11-14,499659.29,East,High
POL00333,PRG008,TRT011,2026-09-11,2028-03-21,26823.22,North,Critical
POL00334,PRG024,TRT023,2025-04-23,2026-07-01,155188.92,North,Critical
POL00335,PRG024,TRT066,2026-09-29,2027-07-17,395214.48,East,High
POL00336,PRG022,TRT002,2026-04-20,2026-12-19,373574.36,East,Medium
POL00337,PRG018,TRT100,2026-04-08,2027-03-23,8988.42,North,Medium
POL00338,PRG016,TRT049,2025-10-23,2027-03-12,454347.11,West,Low
POL00339,PRG019,TRT044,2026-10-20,2027-11-02,277263.6,East,Medium
POL00340,PRG011,TRT098,2026-02-04,2027-05-21,113058.93,South,Low
POL00341,PRG009,TRT099,2026-09-29,2028-08-03,389340.13,North,High
POL00342,PRG006,TRT097,2025-02-06,2026-05-11,85620.42,South,High
POL00343,PRG003,TRT064,2025-02-04,2025-10-20,362736.97,West,High
POL00344,PRG004,TRT029,2025-06-28,2027-05-27,152728.19,North,Medium
POL00345,PRG010,TRT069,2026-06-21,2028-03-24,415399.24,West,Critical
POL00346,PRG017,TRT032,2025-02-25,2026-08-23,147225.44,East,Low
POL00347,PRG006,TRT011,2025-08-16,2027-04-29,439746.86,North,Medium
POL00348,PRG021,TRT092,2026-11-07,2028-09-23,379915.83,East,Critical
POL00349,PRG024,TRT046,2025-01-20,2026-09-09,101942.74,East,Critical
POL00350,PRG001,TRT062,2026-02-23,2027-02-11,13819.9,West,High
POL00351,PRG018,TRT001,2026-09-24,2028-02-28,214376.07,South,Medium
POL00352,PRG018,TRT084,2025-01-14,2027-01-06,464936.4,North,Low
POL00353,PRG022,TRT059,2026-10-06,2028-02-27,116426.12,South,High
POL00354,PRG015,TRT001,2025-12-28,2026-12-25,220516.11,West,Medium
POL00355,PRG023,TRT004,2026-05-24,2028-03-05,304746.2,West,Low
POL00356,PRG001,TRT008,2026-02-10,2027-11-22,419608.95,South,High
POL00357,PRG006,TRT070,2026-08-03,2027-07-26,297189.2,South,Medium
POL00358,PRG006,TRT058,2025-08-02,2026-07-10,54917.32,West,Critical
POL00359,PRG007,TRT022,2025-09-26,2026-08-28,422373.58,North,Critical
POL00360,PRG023,TRT060,2025-01-04,2025-11-18,287475.89,North,High
POL00361,PRG019,TRT032,2026-02-12,2027-08-18,42889.54,North,Critical
POL00362,PRG011,TRT041,2025-12-24,2026-11-06,45439.51,West,Low
POL00363,PRG002,TRT091,2025-10-25,2026-12-20,82514.18,North,Low
POL00364,PRG009,TRT060,2025-06-22,2026-09-29,19082.35,West,Low
POL00365,PRG005,TRT096,2026-06-29,2027-05-01,391768.89,West,Medium
POL00366,PRG010,TRT050,2026-01-07,2026-08-10,159758.28,North,High
POL00367,PRG019,TRT051,2025-07-20,2026-05-10,381400.25,South,Critical
POL00368,PRG007,TRT057,2026-09-15,2028-02-20,161619.93,East,Medium
POL00369,PRG008,TRT073,2025-03-31,2026-11-05,98603.17,East,Critical
POL00370,PRG025,TRT092,2025-07-17,2026-11-11,428990.68,West,Critical
POL00371,PRG015,TRT044,2026-08-28,2028-01-15,36105.8,West,High
POL00372,PRG020,TRT029,2026-01-16,2027-04-01,441456.94,North,Medium
POL00373,PRG010,TRT066,2026-12-12,2027-09-15,114685.42,West,Critical
POL00374,PRG012,TRT065,2025-10-09,2026-06-03,326990.96,West,High
POL00375,PRG017,TRT040,2025-09-27,2027-05-22,87243.78,South,Medium
POL00376,PRG004,TRT082,2026-10-08,2028-08-10,499457.98,South,High
POL00377,PRG003,TRT024,2025-07-05,2026-09-07,208466.89,East,Critical
POL00378,PRG009,TRT072,2025-11-08,2026-06-15,40086.32,North,High
POL00379,PRG011,TRT067,2026-02-03,2027-11-02,158235.04,South,High
POL00380,PRG011,TRT035,2026-06-15,2027-07-22,57178.04,West,High
POL00381,PRG022,TRT040,2025-01-25,2026-10-03,208333.82,North,Low
POL00382,PRG004,TRT036,2025-09-22,2026-07-29,29492.18,East,Critical
POL00383,PRG009,TRT089,2025-09-22,2026-08-05,445166.87,East,Medium
POL00384,PRG025,TRT089,2025-09-07,2026-08-10,281570.63,South,Critical
POL00385,PRG011,TRT098,2026-01-15,2026-08-07,374741.36,East,Low
POL00386,PRG014,TRT070,2026-05-07,2027-11-29,94597.59,West,High
POL00387,PRG015,TRT022,2025-08-19,2026-08-16,481801.4,North,Medium
POL00388,PRG007,TRT027,2026-01-07,2027-11-15,238288.62,North,Low
POL00389,PRG025,TRT008,2026-09-03,2027-06-03,454970.3,South,Low
POL00390,PRG012,TRT020,2026-07-24,2027-10-13,477147.35,South,High
POL00391,PRG016,TRT073,2026-09-23,2028-08-11,484855.53,North,Medium
POL00392,PRG017,TRT090,2026-02-13,2028-02-13,181088.43,South,Critical
POL00393,PRG019,TRT044,2026-12-23,2027-08-28,425073.55,West,Critical
POL00394,PRG011,TRT098,2026-12-28,2028-01-19,214625.81,North,High
POL00395,PRG015,TRT002,2025-12-04,2027-02-12,246704.92,East,High
POL00396,PRG006,TRT073,2026-12-10,2028-01-25,351360.72,West,Medium
POL00397,PRG021,TRT079,2025-01-30,2025-08-26,103508.81,West,Critical
POL00398,PRG002,TRT006,2025-06-24,2027-06-17,128122.69,East,Medium
POL00399,PRG016,TRT080,2026-03-19,2027-12-17,377314.8,East,Low
POL00400,PRG009,TRT067,2025-09-23,2026-06-12,360636.01,East,Medium
POL00401,PRG025,TRT025,2026-05-15,2027-01-05,107224.46,North,Critical
POL00402,PRG006,TRT040,2025-11-11,2027-05-10,72661.02,East,High
POL00403,PRG022,TRT100,2025-05-22,2026-12-01,84900.35,East,Medium
POL00404,PRG009,TRT081,2026-11-03,2028-03-31,406115.93,South,Critical
POL00405,PRG014,TRT084,2026-09-17,2028-05-19,495025.33,North,Critical
POL00406,PRG001,TRT009,2025-08-28,2026-05-19,211025.93,South,Low
POL00407,PRG022,TRT070,2025-01-31,2026-07-25,341349.44,East,High
POL00408,PRG022,TRT025,2025-03-02,2026-02-24,70464.55,East,Medium
POL00409,PRG013,TRT049,2026-04-09,2028-01-13,231299.75,West,High
POL00410,PRG002,TRT008,2026-06-02,2028-05-01,470260.06,West,Low
POL00411,PRG025,TRT039,2026-09-07,2028-02-06,405542.52,South,Medium
POL00412,PRG022,TRT035,2026-12-19,2028-01-27,351003.93,West,High
POL00413,PRG008,TRT087,2026-01-01,2027-08-04,379950.66,South,Medium
POL00414,PRG014,TRT090,2026-07-12,2027-06-08,58026.91,East,Critical
POL00415,PRG013,TRT013,2025-09-11,2027-09-02,78157.73,South,High
POL00416,PRG007,TRT028,2026-12-12,2028-09-25,166132.32,North,Low
POL00417,PRG004,TRT046,2025-08-02,2026-12-03,108763.88,South,Medium
POL00418,PRG003,TRT016,2025-12-16,2026-09-19,312149.8,South,High
POL00419,PRG015,TRT052,2026-02-08,2026-10-24,105745.65,West,High
POL00420,PRG006,TRT028,2025-10-24,2026-05-09,128831.37,North,High
POL00421,PRG006,TRT071,2026-11-01,2028-04-26,163652.9,West,Medium
POL00422,PRG009,TRT096,2026-03-28,2028-03-13,406596.52,South,Low
POL00423,PRG006,TRT099,2026-01-31,2027-08-30,443202.04,South,High
POL00424,PRG002,TRT052,2025-10-20,2027-07-31,434225.52,West,Critical
POL00425,PRG008,TRT077,2026-01-05,2026-11-01,65456.34,North,High
POL00426,PRG003,TRT029,2025-12-24,2026-06-28,41650.56,East,Critical
POL00427,PRG024,TRT032,2025-01-22,2027-01-06,24061.85,South,Low
POL00428,PRG010,TRT087,2026-07-20,2027-01-25,469226.87,South,High
POL00429,PRG023,TRT058,2026-01-22,2027-07-08,6267.71,East,Medium
POL00430,PRG003,TRT003,2026-10-06,2028-08-05,404332.34,East,Medium
POL00431,PRG003,TRT073,2025-01-23,2025-11-17,289094.76,West,Low
POL00432,PRG011,TRT066,2026-05-29,2027-06-20,256295.14,East,Low
POL00433,PRG003,TRT076,2025-08-23,2026-09-22,244677.24,West,Critical
POL00434,PRG015,TRT100,2026-08-26,2027-02-24,255694.35,East,Critical
POL00435,PRG021,TRT097,2025-04-24,2026-02-16,81671.16,North,Low
POL00436,PRG006,TRT048,2026-03-02,2026-11-07,436361.8,East,Medium
POL00437,PRG014,TRT022,2026-08-31,2027-05-04,420380.33,North,Low
POL00438,PRG012,TRT084,2026-07-22,2027-04-16,411464.38,South,High
POL00439,PRG008,TRT018,2026-06-14,2027-06-22,469672.69,North,Medium
POL00440,PRG015,TRT023,2025-05-02,2026-06-10,186438.51,South,High
POL00441,PRG016,TRT061,2026-11-03,2028-06-23,175043.33,West,Medium
POL00442,PRG005,TRT044,2026-06-30,2028-02-25,358231.08,East,Medium
POL00443,PRG021,TRT053,2026-08-20,2028-01-02,401900.55,South,High
POL00444,PRG004,TRT048,2025-01-27,2025-08-08,59786.57,West,Medium
POL00445,PRG004,TRT085,2025-02-08,2026-04-07,478203.29,West,Critical
POL00446,PRG019,TRT008,2026-08-27,2028-02-07,219110.09,South,Medium
POL00447,PRG014,TRT008,2026-10-07,2027-10-08,352742.67,South,Critical
POL00448,PRG002,TRT096,2025-12-17,2026-07-06,237955.76,North,High
POL00449,PRG015,TRT051,2026-04-06,2027-01-30,135535.58,South,Medium
POL00450,PRG018,TRT057,2025-09-20,2027-01-30,7427.04,South,Low
POL00451,PRG002,TRT004,2025-04-11,2025-11-11,358119.63,West,Medium
POL00452,PRG015,TRT041,2026-01-30,2027-06-30,409569.56,East,Low
POL00453,PRG014,TRT055,2026-11-09,2028-10-07,173707.98,East,Low
POL00454,PRG022,TRT080,2025-11-30,2027-06-19,428798.71,East,Medium
POL00455,PRG022,TRT017,2025-03-26,2025-11-19,111582.42,South,Critical
POL00456,PRG002,TRT092,2026-05-13,2027-05-26,74694.07,South,Low
POL00457,PRG012,TRT003,2026-07-20,2027-01-26,269703.2,South,Medium
POL00458,PRG014,TRT054,2026-02-07,2027-09-03,92813.72,East,Medium
POL00459,PRG008,TRT004,2026-07-08,2027-07-06,71214.38,South,High
POL00460,PRG008,TRT080,2026-08-23,2027-11-28,205361.49,South,Medium
POL00461,PRG015,TRT070,2026-10-24,2028-06-09,90396.44,West,Medium
POL00462,PRG014,TRT059,2026-11-29,2027-09-23,102385.33,North,High
POL00463,PRG017,TRT090,2026-03-15,2027-08-25,204188.42,South,Low
POL00464,PRG022,TRT021,2025-05-03,2026-09-08,428719.44,West,High
POL00465,PRG006,TRT077,2025-12-19,2027-05-12,323635.6,East,Medium
POL00466,PRG006,TRT085,2025-05-18,2027-01-06,43236.88,North,High
POL00467,PRG007,TRT050,2026-08-23,2028-07-17,52085.46,South,Low
POL00468,PRG024,TRT036,2026-12-14,2028-07-04,496834.61,West,High
POL00469,PRG020,TRT003,2025-01-06,2025-10-02,177523.3,West,Critical
POL00470,PRG005,TRT079,2025-12-07,2026-11-19,27195.39,West,Medium
POL00471,PRG017,TRT025,2025-03-31,2026-12-31,320961.77,North,Medium
POL00472,PRG014,TRT076,2026-06-14,2027-01-01,68576.12,South,High
POL00473,PRG014,TRT031,2026-06-05,2026-12-28,13363.24,North,High
POL00474,PRG021,TRT062,2025-01-29,2026-12-16,216042.82,East,High
POL00475,PRG024,TRT013,2026-06-27,2027-11-04,456959.39,South,Critical
POL00476,PRG012,TRT024,2026-11-14,2027-11-26,41784.92,North,High
POL00477,PRG003,TRT088,2026-04-06,2027-12-11,112415.87,East,High
POL00478,PRG001,TRT015,2026-04-17,2027-12-13,406854.66,North,Low
POL00479,PRG017,TRT052,2026-07-04,2028-02-17,330266.09,North,Medium
POL00480,PRG006,TRT092,2026-02-09,2027-07-16,63168.34,East,High
POL00481,PRG006,TRT071,2025-02-23,2026-08-08,30763.8,North,High
POL00482,PRG013,TRT003,2026-06-30,2027-05-10,207031.49,West,Medium
POL00483,PRG003,TRT066,2026-07-02,2027-02-01,421489.55,North,Low
POL00484,PRG015,TRT013,2026-10-11,2027-09-14,217943.96,North,Medium
POL00485,PRG015,TRT078,2026-10-05,2027-06-14,122195.84,South,Critical
POL00486,PRG009,TRT048,2026-09-01,2028-05-25,428021.0,East,Critical
POL00487,PRG021,TRT095,2025-10-27,2027-04-12,316189.33,South,Low
POL00488,PRG002,TRT006,2026-11-20,2027-10-24,342067.97,East,Critical
POL00489,PRG017,TRT038,2025-02-17,2027-02-04,265565.89,North,High
POL00490,PRG020,TRT006,2025-11-26,2027-09-13,458866.0,North,Medium
POL00491,PRG015,TRT096,2026-09-14,2028-06-16,278772.27,East,Critical
POL00492,PRG018,TRT056,2025-08-24,2027-05-29,342601.36,North,High
POL00493,PRG003,TRT038,2025-12-10,2026-06-26,176981.29,West,Critical
POL00494,PRG002,TRT087,2025-05-31,2027-05-23,176539.79,North,Critical
POL00495,PRG015,TRT010,2025-03-10,2026-05-14,16346.72,East,Critical
POL00496,PRG002,TRT051,2026-11-04,2028-03-12,38744.04,West,Medium
POL00497,PRG018,TRT026,2025-12-21,2026-11-13,330577.42,South,Critical
POL00498,PRG018,TRT035,2026-05-28,2027-07-22,452834.38,East,High
POL00499,PRG016,TRT019,2025-04-24,2026-12-04,447502.05,South,High
POL00500,PRG023,TRT069,2026-08-25,2028-06-11,440952.03,West,Medium
POL00501,PRG025,TRT006,2025-01-18,2026-09-22,13363.61,East,Medium
POL00502,PRG025,TRT048,2026-04-11,2027-06-29,371646.84,West,Low
POL00503,PRG001,TRT016,2026-12-02,2028-05-13,255944.36,South,Low
POL00504,PRG005,TRT072,2026-05-27,2027-11-24,355232.64,West,Low
POL00505,PRG019,TRT048,2025-07-01,2026-01-28,256833.14,West,Critical
POL00506,PRG017,TRT057,2025-08-21,2027-07-15,185562.51,North,High
POL00507,PRG005,TRT084,2025-08-03,2027-01-09,160133.8,West,Low
POL00508,PRG019,TRT032,2025-08-18,2027-03-19,117301.94,North,Low
POL00509,PRG013,TRT097,2026-02-03,2027-04-08,105999.88,East,Critical
POL00510,PRG018,TRT053,2026-07-12,2027-08-22,331918.62,West,Medium
POL00511,PRG013,TRT034,2025-11-04,2027-04-18,260918.69,North,Low
POL00512,PRG004,TRT020,2025-07-17,2026-07-26,184365.04,East,Critical
POL00513,PRG025,TRT083,2025-06-14,2026-08-31,47929.4,West,Medium
POL00514,PRG009,TRT056,2026-04-27,2027-06-26,424392.91,East,High
POL00515,PRG025,TRT032,2025-04-29,2025-12-12,8352.21,South,Medium
POL00516,PRG016,TRT017,2026-04-10,2027-12-24,222072.96,South,Medium
POL00517,PRG005,TRT053,2026-11-05,2027-06-09,338679.65,North,Medium
POL00518,PRG008,TRT069,2025-08-09,2026-08-09,485035.42,East,Low
POL00519,PRG014,TRT069,2025-02-23,2026-08-20,30485.47,West,Critical
POL00520,PRG003,TRT072,2025-07-08,2026-08-14,258462.47,East,Medium
POL00521,PRG003,TRT058,2025-10-01,2027-09-25,92369.04,South,High
POL00522,PRG019,TRT050,2026-05-16,2027-09-27,6179.07,North,Critical
POL00523,PRG016,TRT066,2025-09-10,2027-05-10,161872.84,North,Critical
POL00524,PRG025,TRT088,2026-10-09,2028-09-21,12772.35,West,Medium
POL00525,PRG008,TRT031,2026-07-31,2027-11-29,348661.41,South,Medium
POL00526,PRG003,TRT038,2026-10-18,2028-02-20,133794.98,North,Critical
POL00527,PRG010,TRT053,2025-03-23,2027-03-16,287150.64,South,Medium
POL00528,PRG017,TRT059,2026-10-23,2028-04-21,393795.87,West,High
POL00529,PRG003,TRT001,2025-06-23,2027-04-02,357767.36,South,Medium
POL00530,PRG010,TRT057,2025-08-13,2027-06-17,175964.91,South,Low
POL00531,PRG003,TRT003,2025-01-03,2026-12-11,407077.58,North,High
POL00532,PRG023,TRT012,2025-01-06,2025-12-25,194000.57,West,High
POL00533,PRG020,TRT017,2026-05-13,2027-06-14,492985.73,South,Critical
POL00534,PRG015,TRT013,2025-04-07,2026-04-07,177456.78,North,Critical
POL00535,PRG013,TRT054,2026-05-22,2028-04-17,316878.21,North,Medium
POL00536,PRG008,TRT003,2026-02-16,2026-12-19,347993.31,West,Medium
POL00537,PRG002,TRT034,2026-03-09,2027-09-22,89804.01,East,Low
POL00538,PRG023,TRT019,2025-03-29,2026-09-09,400390.06,North,Low
POL00539,PRG011,TRT021,2026-11-02,2027-10-29,451718.4,West,Low
POL00540,PRG018,TRT043,2026-09-18,2027-08-13,312635.01,East,Low
POL00541,PRG007,TRT015,2026-10-07,2028-08-28,36923.49,South,Medium
POL00542,PRG015,TRT060,2026-05-12,2027-08-01,430221.29,East,High
POL00543,PRG015,TRT004,2025-11-12,2026-06-03,55829.02,South,Medium
POL00544,PRG019,TRT096,2026-04-15,2027-02-03,495255.5,West,Medium
POL00545,PRG005,TRT028,2026-09-20,2028-04-18,150813.7,South,Medium
POL00546,PRG024,TRT030,2025-08-26,2026-06-30,117410.04,West,Low
POL00547,PRG004,TRT004,2026-11-29,2028-09-27,101302.49,North,Low
POL00548,PRG024,TRT097,2026-03-29,2028-02-27,164186.07,North,High
POL00549,PRG024,TRT028,2025-12-29,2027-12-26,5727.21,North,Medium
POL00550,PRG005,TRT057,2025-12-30,2027-06-26,232969.92,East,High
POL00551,PRG023,TRT038,2026-01-22,2028-01-22,369790.21,North,Low
POL00552,PRG005,TRT016,2026-02-11,2027-08-28,337741.25,West,Medium
POL00553,PRG021,TRT094,2026-12-02,2027-12-29,351664.26,West,Critical
POL00554,PRG018,TRT081,2026-07-07,2028-06-03,70116.44,North,Low
POL00555,PRG010,TRT099,2026-09-02,2028-02-08,426206.87,North,Critical
POL00556,PRG007,TRT030,2026-10-23,2027-11-05,404499.56,West,Critical
POL00557,PRG011,TRT057,2026-04-18,2027-08-30,287671.11,West,Medium
POL00558,PRG025,TRT021,2025-03-24,2026-07-19,379115.95,West,High
POL00559,PRG023,TRT088,2026-12-19,2027-10-17,129306.7,East,High
POL00560,PRG005,TRT057,2026-09-08,2028-07-23,350693.62,North,Critical
POL00561,PRG007,TRT057,2026-04-29,2027-06-01,449358.02,West,High
POL00562,PRG018,TRT026,2026-07-09,2027-05-31,452637.44,North,Critical
POL00563,PRG001,TRT080,2026-09-15,2027-09-12,262595.5,South,Low
POL00564,PRG006,TRT035,2026-01-21,2026-10-30,217871.14,North,High
POL00565,PRG009,TRT085,2026-05-24,2026-12-12,477807.35,East,Medium
POL00566,PRG023,TRT081,2026-07-30,2028-06-02,56917.38,West,Low
POL00567,PRG010,TRT033,2026-07-19,2028-04-09,225407.66,East,Medium
POL00568,PRG023,TRT051,2026-06-20,2028-02-13,364739.42,South,Low
POL00569,PRG004,TRT028,2026-07-27,2027-02-24,118673.39,East,Medium
POL00570,PRG006,TRT032,2025-03-27,2026-07-24,474814.7,South,Critical
POL00571,PRG020,TRT035,2025-05-17,2026-08-05,327315.88,North,Critical
POL00572,PRG016,TRT037,2025-06-20,2027-02-02,90909.33,West,High
POL00573,PRG024,TRT082,2025-07-23,2026-12-06,185911.83,West,High
POL00574,PRG014,TRT065,2025-12-17,2027-11-28,26140.14,West,High
POL00575,PRG003,TRT074,2025-12-09,2026-07-28,359641.1,South,Low
POL00576,PRG007,TRT053,2025-10-01,2026-11-22,367475.09,West,Medium
POL00577,PRG001,TRT012,2025-11-12,2027-11-03,67912.05,South,Low
POL00578,PRG003,TRT057,2026-03-06,2026-10-25,105182.77,South,Low
POL00579,PRG005,TRT054,2026-01-11,2027-06-29,132281.34,South,Medium
POL00580,PRG011,TRT004,2025-03-26,2025-12-01,59139.39,West,Critical
POL00581,PRG016,TRT047,2026-03-04,2026-10-27,441240.8,South,High
POL00582,PRG019,TRT014,2025-05-25,2026-01-03,174383.37,East,High
POL00583,PRG004,TRT027,2026-05-19,2027-05-29,25921.12,East,Low
POL00584,PRG022,TRT089,2026-03-04,2027-02-18,207559.09,North,High
POL00585,PRG008,TRT002,2026-05-06,2027-07-02,357279.18,South,High
POL00586,PRG016,TRT047,2025-10-27,2027-01-23,272485.05,South,Low
POL00587,PRG025,TRT082,2025-06-15,2026-10-24,161473.23,South,Critical
POL00588,PRG001,TRT039,2025-05-04,2026-12-27,224093.77,North,Low
POL00589,PRG015,TRT001,2025-03-19,2026-08-10,299188.44,South,Medium
POL00590,PRG013,TRT056,2025-02-02,2026-04-29,301074.86,North,Low
POL00591,PRG013,TRT028,2025-11-22,2027-11-18,431643.39,South,Medium
POL00592,PRG025,TRT067,2026-03-17,2027-06-06,442923.78,North,High
POL00593,PRG015,TRT064,2026-11-07,2027-12-29,303091.29,East,Low
POL00594,PRG013,TRT043,2026-05-23,2027-03-02,305680.2,East,Critical
POL00595,PRG022,TRT013,2026-10-06,2028-03-11,483432.61,East,Low
POL00596,PRG010,TRT057,2026-01-05,2026-10-26,194759.8,East,Medium
POL00597,PRG025,TRT001,2025-05-07,2026-10-29,42596.54,South,Low
POL00598,PRG024,TRT010,2025-07-04,2027-05-11,273403.5,East,Medium
POL00599,PRG025,TRT039,2026-04-22,2028-02-18,158398.51,West,Critical
POL00600,PRG022,TRT006,2025-08-25,2026-04-16,317671.82,East,Critical
POL00601,PRG022,TRT071,2026-02-11,2027-11-02,70476.92,South,Low
POL00602,PRG003,TRT071,2025-07-20,2026-01-23,435045.75,North,High
POL00603,PRG004,TRT057,2026-08-17,2027-12-13,46869.12,South,Medium
POL00604,PRG005,TRT022,2025-08-28,2027-08-06,269320.58,South,High
POL00605,PRG008,TRT003,2025-05-10,2027-04-17,146037.93,North,Critical
POL00606,PRG001,TRT079,2026-05-05,2026-11-28,89513.34,West,High
POL00607,PRG014,TRT037,2025-04-27,2026-07-09,245110.07,South,Medium
POL00608,PRG022,TRT093,2026-08-07,2027-03-20,107223.22,East,Medium
POL00609,PRG024,TRT023,2026-08-07,2028-03-08,365993.84,West,High
POL00610,PRG014,TRT060,2026-08-17,2028-02-17,204248.62,North,Low
POL00611,PRG001,TRT034,2025-07-07,2026-12-29,255220.27,South,High
POL00612,PRG014,TRT028,2025-03-07,2026-07-08,96142.34,East,Critical
POL00613,PRG016,TRT067,2025-03-03,2026-08-02,28711.11,South,Critical
POL00614,PRG004,TRT073,2025-08-19,2026-03-06,192453.9,West,Medium
POL00615,PRG015,TRT094,2025-11-12,2027-04-02,365192.04,South,High
POL00616,PRG017,TRT058,2025-11-08,2026-05-12,285443.59,East,Medium
POL00617,PRG011,TRT053,2025-01-15,2025-10-09,73901.86,South,High
POL00618,PRG019,TRT100,2026-04-07,2027-10-02,498668.83,West,High
POL00619,PRG009,TRT049,2025-05-24,2026-06-28,132637.83,East,Low
POL00620,PRG018,TRT048,2026-09-05,2027-08-22,123310.12,West,Low
POL00621,PRG021,TRT082,2026-01-21,2027-07-29,69835.34,North,High
POL00622,PRG017,TRT082,2025-05-19,2027-05-11,125780.72,North,High
POL00623,PRG017,TRT011,2026-11-14,2028-06-02,486807.65,East,Low
POL00624,PRG002,TRT035,2026-06-17,2028-03-30,494461.86,South,Medium
POL00625,PRG003,TRT004,2026-01-11,2026-11-10,327016.9,South,Medium
POL00626,PRG017,TRT091,2026-04-25,2028-02-02,499783.1,North,Critical
POL00627,PRG011,TRT010,2025-05-02,2027-02-26,324676.04,East,Low
POL00628,PRG001,TRT024,2026-02-02,2027-09-29,48888.61,South,Low
POL00629,PRG011,TRT003,2025-10-27,2027-10-17,465999.2,East,High
POL00630,PRG004,TRT086,2026-06-28,2027-10-25,216158.64,West,High
POL00631,PRG010,TRT037,2026-07-20,2027-11-04,297614.87,South,Medium
POL00632,PRG025,TRT076,2025-01-22,2026-05-10,68219.44,East,Medium
POL00633,PRG018,TRT093,2026-09-29,2028-02-27,274661.83,East,Medium
POL00634,PRG013,TRT024,2026-12-24,2027-06-28,115968.21,South,High
POL00635,PRG024,TRT053,2025-11-14,2027-06-09,425701.12,West,High
POL00636,PRG014,TRT018,2027-01-01,2027-08-07,483694.31,North,Medium
POL00637,PRG007,TRT040,2026-02-11,2027-05-12,183533.5,West,High
POL00638,PRG018,TRT044,2026-04-04,2026-11-10,451803.67,South,Critical
POL00639,PRG010,TRT025,2025-08-24,2027-07-04,493988.49,North,Low
POL00640,PRG007,TRT085,2026-01-01,2026-07-03,404698.84,South,Low
POL00641,PRG017,TRT066,2025-09-16,2026-11-03,221660.51,North,Critical
POL00642,PRG019,TRT018,2026-04-12,2027-03-24,162117.01,North,Critical
POL00643,PRG005,TRT051,2025-03-27,2026-07-15,19953.43,North,Critical
POL00644,PRG014,TRT072,2026-10-20,2028-09-29,191526.77,North,High
POL00645,PRG011,TRT039,2026-04-09,2027-02-17,132723.05,North,Critical
POL00646,PRG024,TRT026,2026-04-07,2027-07-13,246930.44,South,High
POL00647,PRG006,TRT049,2025-10-13,2026-10-04,31386.51,South,Medium
POL00648,PRG003,TRT086,2025-10-21,2026-06-15,146349.52,North,Medium
POL00649,PRG019,TRT018,2026-09-17,2027-10-24,7307.27,West,High
POL00650,PRG005,TRT025,2026-03-07,2028-01-28,359291.99,West,Medium
POL00651,PRG001,TRT082,2025-01-16,2025-10-11,227006.68,East,Critical
POL00652,PRG009,TRT029,2026-08-16,2027-09-05,333710.1,West,Low
POL00653,PRG003,TRT079,2025-11-25,2026-06-12,340901.12,East,Medium
POL00654,PRG005,TRT035,2026-09-09,2027-08-26,232477.72,West,Low
POL00655,PRG020,TRT065,2025-07-04,2026-09-15,73001.59,South,Low
POL00656,PRG005,TRT005,2025-03-01,2027-01-03,316210.58,West,Medium
POL00657,PRG011,TRT089,2026-06-25,2027-09-06,230022.51,West,Low
POL00658,PRG016,TRT097,2026-08-15,2028-01-29,306238.0,North,High
POL00659,PRG021,TRT051,2025-06-17,2027-02-14,100507.52,West,Medium
POL00660,PRG014,TRT047,2025-11-24,2026-07-24,222351.16,North,High
POL00661,PRG003,TRT035,2026-02-20,2027-01-16,13407.51,North,High
POL00662,PRG008,TRT047,2026-03-17,2027-11-12,124013.53,North,Critical
POL00663,PRG008,TRT096,2025-08-22,2027-05-22,281163.22,West,Low
POL00664,PRG022,TRT090,2025-02-22,2026-01-18,214701.76,West,High
POL00665,PRG005,TRT037,2026-08-01,2028-05-21,342702.45,West,High
POL00666,PRG025,TRT071,2025-06-27,2027-04-26,20602.35,East,High
POL00667,PRG011,TRT013,2026-11-26,2028-01-01,196904.86,South,Critical
POL00668,PRG006,TRT084,2025-08-01,2027-01-05,270404.41,North,Critical
POL00669,PRG003,TRT009,2025-02-13,2027-02-09,421592.11,West,Critical
POL00670,PRG004,TRT043,2026-05-30,2027-04-29,392762.69,West,Medium
POL00671,PRG003,TRT053,2026-11-10,2028-06-03,324163.56,East,Medium
POL00672,PRG015,TRT074,2025-04-01,2026-08-12,72606.2,North,Low
POL00673,PRG003,TRT098,2026-06-18,2027-10-05,181352.67,South,High
POL00674,PRG015,TRT011,2026-07-22,2027-05-23,422448.03,East,Critical
POL00675,PRG015,TRT033,2026-04-07,2027-12-02,146569.56,East,Low
POL00676,PRG020,TRT027,2026-06-05,2027-05-09,16799.19,South,High
POL00677,PRG012,TRT059,2025-01-08,2025-07-10,139364.74,East,Medium
POL00678,PRG025,TRT063,2025-01-16,2025-09-09,488518.96,North,High
POL00679,PRG006,TRT092,2025-06-05,2026-03-23,436548.09,South,Critical
POL00680,PRG006,TRT015,2025-03-16,2026-04-10,120173.81,East,High
POL00681,PRG010,TRT059,2025-01-19,2026-02-03,473489.6,East,Critical
POL00682,PRG018,TRT048,2025-09-27,2026-10-25,261490.1,North,Low
POL00683,PRG025,TRT093,2025-04-22,2026-02-05,258736.45,South,Critical
POL00684,PRG018,TRT030,2025-03-20,2027-03-02,317502.36,West,Medium
POL00685,PRG022,TRT100,2026-12-20,2028-01-13,173651.45,East,Low
POL00686,PRG004,TRT026,2026-06-18,2026-12-16,47004.54,East,Medium
POL00687,PRG018,TRT033,2025-02-12,2026-09-29,481482.86,South,Medium
POL00688,PRG012,TRT080,2026-06-23,2028-02-23,407726.79,East,Low
POL00689,PRG003,TRT031,2026-02-03,2026-11-10,291892.79,South,High
POL00690,PRG019,TRT002,2025-08-13,2027-05-07,365044.07,North,High
POL00691,PRG001,TRT099,2025-02-18,2027-02-14,424453.33,North,Low
POL00692,PRG008,TRT035,2026-04-27,2027-02-19,275948.73,West,Low
POL00693,PRG017,TRT018,2025-01-10,2025-10-29,499682.23,West,Medium
POL00694,PRG016,TRT040,2026-08-26,2027-07-17,323535.24,North,Medium
POL00695,PRG022,TRT020,2025-04-26,2025-12-27,36619.51,East,High
POL00696,PRG007,TRT069,2026-08-14,2028-05-04,155879.71,North,Medium
POL00697,PRG021,TRT052,2026-09-22,2027-09-14,225826.93,West,Critical
POL00698,PRG008,TRT003,2025-06-25,2026-09-04,324939.29,North,Critical
POL00699,PRG013,TRT019,2025-09-18,2026-03-17,195960.51,North,Low
POL00700,PRG017,TRT032,2025-06-14,2026-06-05,201293.07,East,Low
POL00701,PRG020,TRT061,2026-07-29,2027-12-03,495735.08,West,Critical
POL00702,PRG024,TRT069,2025-05-19,2025-11-24,141862.71,North,Medium
POL00703,PRG012,TRT049,2026-07-30,2028-03-09,361248.89,North,Low
POL00704,PRG024,TRT001,2025-04-06,2027-03-03,499998.48,West,Medium
POL00705,PRG006,TRT100,2026-02-10,2027-07-11,423467.83,West,Medium
POL00706,PRG024,TRT073,2026-06-07,2027-12-16,262711.26,West,Medium
POL00707,PRG005,TRT020,2025-09-22,2026-04-04,410946.62,East,High
POL00708,PRG009,TRT059,2025-04-10,2027-03-29,204241.02,South,Medium
POL00709,PRG021,TRT012,2026-06-16,2027-08-28,165863.65,East,Critical
POL00710,PRG004,TRT059,2026-05-27,2027-06-14,340559.39,South,Critical
POL00711,PRG002,TRT079,2025-04-11,2026-01-05,73556.54,North,High
POL00712,PRG004,TRT090,2025-08-04,2027-03-22,41593.97,South,High
POL00713,PRG010,TRT036,2026-01-03,2027-05-31,246504.86,North,Low
POL00714,PRG009,TRT060,2025-11-01,2027-05-04,209833.27,South,High
POL00715,PRG006,TRT050,2026-09-12,2027-09-10,232872.0,East,High
POL00716,PRG013,TRT042,2026-10-22,2027-06-16,241691.65,East,Low
POL00717,PRG003,TRT014,2026-01-05,2027-04-17,177490.12,East,Low
POL00718,PRG003,TRT079,2025-08-17,2026-12-31,299283.0,North,Critical
POL00719,PRG021,TRT003,2026-12-08,2027-12-27,166815.26,East,High
POL00720,PRG021,TRT041,2025-04-20,2025-11-29,58209.43,North,High
POL00721,PRG005,TRT072,2025-08-17,2027-07-25,219310.6,West,Low
POL00722,PRG025,TRT047,2025-07-20,2026-04-04,106578.46,West,Critical
POL00723,PRG009,TRT040,2025-01-20,2027-01-14,277764.78,East,High
POL00724,PRG005,TRT003,2025-07-24,2026-06-18,393691.01,South,Low
POL00725,PRG016,TRT080,2025-07-20,2026-06-30,240579.21,West,Medium
POL00726,PRG023,TRT081,2026-07-21,2028-07-13,116189.65,South,Low
POL00727,PRG024,TRT004,2025-09-13,2027-05-31,267590.25,West,Medium
POL00728,PRG007,TRT066,2025-10-01,2027-07-18,90320.92,East,High
POL00729,PRG001,TRT067,2025-06-29,2026-08-28,467807.49,North,Low
POL00730,PRG005,TRT073,2025-09-30,2027-01-19,400056.92,North,Medium
POL00731,PRG006,TRT041,2026-08-08,2028-03-01,30874.32,East,Critical
POL00732,PRG014,TRT064,2026-11-11,2028-06-10,206220.67,South,Critical
POL00733,PRG005,TRT030,2025-05-30,2026-12-30,266203.64,South,High
POL00734,PRG006,TRT040,2026-07-24,2027-03-15,264707.01,South,Critical
POL00735,PRG015,TRT052,2026-05-24,2027-08-04,440656.28,West,Medium
POL00736,PRG011,TRT033,2026-11-29,2028-11-13,172120.9,South,Medium
POL00737,PRG018,TRT036,2025-05-22,2027-02-09,78760.96,East,Medium
POL00738,PRG013,TRT085,2025-09-24,2026-04-03,419779.73,West,Low
POL00739,PRG008,TRT036,2025-03-29,2027-03-01,235741.43,East,Low
POL00740,PRG025,TRT019,2026-12-22,2028-01-28,139662.21,South,High
POL00741,PRG004,TRT004,2026-05-11,2027-07-13,190767.42,North,High
POL00742,PRG022,TRT092,2025-02-16,2026-07-03,465981.82,South,High
POL00743,PRG017,TRT004,2026-11-26,2028-09-12,346477.7,North,Critical
POL00744,PRG006,TRT025,2026-07-16,2027-09-10,357259.56,East,Medium
POL00745,PRG019,TRT007,2025-04-24,2026-12-04,7389.8,South,High
POL00746,PRG017,TRT043,2025-07-01,2027-03-05,450018.6,East,Low
POL00747,PRG017,TRT080,2025-11-17,2027-04-04,184229.62,East,High
POL00748,PRG010,TRT082,2025-05-01,2025-12-04,176351.42,East,Critical
POL00749,PRG011,TRT081,2025-06-01,2026-11-17,399217.7,South,High
POL00750,PRG002,TRT038,2026-04-16,2027-07-31,262197.22,West,Low
POL00751,PRG016,TRT013,2025-12-19,2026-11-01,240966.62,South,Critical
POL00752,PRG015,TRT036,2025-10-29,2026-05-01,198061.98,East,Critical
POL00753,PRG010,TRT035,2025-03-30,2027-01-16,247712.27,East,Low
POL00754,PRG013,TRT046,2026-10-07,2028-06-12,398337.32,South,Low
POL00755,PRG016,TRT056,2025-04-16,2027-03-30,70417.92,West,Medium
POL00756,PRG011,TRT083,2025-03-25,2025-12-08,81018.07,South,Low
POL00757,PRG006,TRT049,2025-07-02,2026-05-07,482022.05,South,Medium
POL00758,PRG002,TRT042,2025-11-23,2026-11-04,296452.92,West,High
POL00759,PRG010,TRT055,2025-09-13,2026-05-29,462045.51,East,Low
POL00760,PRG014,TRT069,2026-05-11,2027-02-03,163514.26,South,Critical
POL00761,PRG020,TRT011,2025-10-10,2026-12-17,489962.06,East,Low
POL00762,PRG023,TRT004,2025-09-22,2026-09-04,465941.49,North,High
POL00763,PRG023,TRT050,2026-09-07,2028-09-04,374457.34,West,High
POL00764,PRG018,TRT056,2026-01-30,2027-06-09,459903.8,West,Medium
POL00765,PRG011,TRT004,2025-03-06,2026-03-04,142881.28,South,Critical
POL00766,PRG018,TRT079,2025-08-08,2027-06-03,373425.8,West,Critical
POL00767,PRG011,TRT023,2026-10-28,2028-08-01,439910.69,East,Critical
POL00768,PRG006,TRT043,2026-10-31,2027-09-24,404554.12,South,Medium
POL00769,PRG007,TRT078,2026-12-24,2028-03-06,412657.73,West,Low
POL00770,PRG023,TRT037,2026-10-08,2027-11-08,48704.62,South,Low
POL00771,PRG018,TRT067,2025-11-14,2026-08-18,437690.39,West,High
POL00772,PRG006,TRT017,2026-08-04,2028-04-23,472154.74,West,Critical
POL00773,PRG016,TRT021,2025-06-19,2027-05-07,116556.94,East,High
POL00774,PRG024,TRT073,2026-12-29,2027-08-04,202999.28,South,Critical
POL00775,PRG020,TRT042,2025-05-26,2026-05-09,28206.28,East,Critical
POL00776,PRG025,TRT086,2026-11-24,2027-06-01,334265.08,East,Medium
POL00777,PRG018,TRT021,2026-11-01,2028-02-25,436539.85,West,Medium
POL00778,PRG001,TRT073,2025-01-10,2026-04-27,174694.1,North,Low
POL00779,PRG024,TRT071,2026-12-03,2027-06-17,285299.32,East,Critical
POL00780,PRG014,TRT066,2026-05-05,2027-04-04,81381.02,East,High
POL00781,PRG015,TRT090,2025-07-22,2026-03-04,394890.12,North,Low
POL00782,PRG018,TRT039,2026-04-24,2027-10-08,58187.75,East,Low
POL00783,PRG012,TRT017,2026-08-14,2028-03-20,7236.21,South,Low
POL00784,PRG003,TRT055,2025-05-17,2026-01-10,405348.56,North,High
POL00785,PRG016,TRT020,2025-08-01,2027-04-21,380280.38,East,Low
POL00786,PRG017,TRT092,2026-11-13,2027-12-12,110197.34,East,Critical
POL00787,PRG015,TRT082,2025-09-22,2026-05-28,207447.64,South,Medium
POL00788,PRG011,TRT005,2025-02-19,2025-09-03,268809.42,South,High
POL00789,PRG018,TRT049,2026-06-25,2027-10-25,41539.86,East,High
POL00790,PRG011,TRT043,2025-01-31,2026-12-14,178961.67,South,Low
POL00791,PRG023,TRT039,2026-12-03,2028-07-03,290262.39,East,Critical
POL00792,PRG020,TRT044,2026-02-11,2026-10-11,155108.63,South,Critical
POL00793,PRG015,TRT003,2025-04-24,2026-06-23,496735.39,North,Medium
POL00794,PRG007,TRT057,2026-04-07,2027-06-16,482721.85,West,Medium
POL00795,PRG023,TRT051,2025-02-17,2025-10-01,453012.82,South,High
POL00796,PRG013,TRT016,2026-04-08,2026-11-25,20557.5,North,Critical
POL00797,PRG019,TRT067,2025-12-28,2027-10-20,256128.62,East,Low
POL00798,PRG020,TRT029,2026-11-27,2027-09-08,138110.04,West,High
POL00799,PRG023,TRT100,2025-02-24,2026-07-05,83694.36,South,Medium
POL00800,PRG006,TRT009,2025-09-23,2026-04-06,144801.5,West,Low
POL00801,PRG010,TRT082,2025-01-18,2025-09-21,479117.34,East,Low
POL00802,PRG013,TRT032,2025-12-11,2026-12-01,311194.93,West,Low
POL00803,PRG009,TRT025,2025-04-23,2026-10-31,339731.18,East,Critical
POL00804,PRG010,TRT006,2026-07-24,2028-05-01,17719.25,South,Critical
POL00805,PRG009,TRT061,2026-05-12,2028-03-20,218004.09,South,High
POL00806,PRG008,TRT009,2026-09-25,2028-08-15,441761.96,North,High
POL00807,PRG003,TRT100,2026-04-13,2027-11-17,284183.52,West,Low
POL00808,PRG006,TRT043,2026-08-08,2027-03-28,93142.94,East,High
POL00809,PRG009,TRT063,2026-08-14,2027-02-14,368708.38,North,Medium
POL00810,PRG017,TRT075,2026-12-16,2028-09-20,428990.09,East,High
POL00811,PRG011,TRT031,2026-05-30,2027-10-08,249214.39,West,Medium
POL00812,PRG009,TRT008,2026-10-15,2028-05-29,439090.77,South,High
POL00813,PRG025,TRT091,2026-01-01,2026-09-20,262205.92,South,Low
POL00814,PRG007,TRT064,2026-05-14,2027-02-24,362101.45,North,Critical
POL00815,PRG024,TRT033,2026-05-13,2027-08-01,102088.06,East,Low
POL00816,PRG004,TRT008,2025-12-24,2027-12-19,75605.25,East,Medium
POL00817,PRG025,TRT017,2025-10-13,2026-08-29,134322.27,West,High
POL00818,PRG024,TRT028,2026-04-09,2026-11-17,216847.44,West,Critical
POL00819,PRG007,TRT028,2026-10-18,2027-08-28,392328.46,South,Critical
POL00820,PRG016,TRT037,2025-10-06,2026-04-08,205300.54,North,High
POL00821,PRG010,TRT058,2025-07-08,2027-03-03,152828.7,North,Critical
POL00822,PRG001,TRT065,2025-06-29,2027-05-31,154853.54,South,Critical
POL00823,PRG022,TRT098,2025-10-11,2026-10-07,406732.77,East,High
POL00824,PRG020,TRT088,2025-03-16,2026-01-13,293438.4,South,Medium
POL00825,PRG002,TRT020,2026-08-20,2027-11-24,432305.84,East,High
POL00826,PRG025,TRT065,2026-01-26,2026-10-24,464964.21,South,Low
POL00827,PRG022,TRT047,2026-06-07,2027-12-20,165820.69,North,Low
POL00828,PRG020,TRT085,2025-10-09,2027-05-25,455616.88,West,Low
POL00829,PRG011,TRT023,2025-01-12,2025-12-17,359806.2,East,Low
POL00830,PRG004,TRT079,2026-06-08,2028-03-14,130261.64,South,Medium
POL00831,PRG023,TRT088,2025-11-21,2026-11-25,194798.76,South,Critical
POL00832,PRG017,TRT098,2025-03-08,2027-03-07,258440.32,North,High
POL00833,PRG016,TRT074,2026-11-20,2028-04-27,438211.02,South,Critical
POL00834,PRG006,TRT063,2025-09-27,2027-08-15,49567.18,West,High
POL00835,PRG020,TRT081,2025-12-13,2026-10-02,336413.25,North,Medium
POL00836,PRG013,TRT097,2025-07-31,2026-08-27,200062.95,South,High
POL00837,PRG001,TRT053,2025-04-02,2025-11-07,248382.75,South,Medium
POL00838,PRG022,TRT078,2025-04-27,2026-02-09,329348.99,East,Medium
POL00839,PRG003,TRT085,2025-05-19,2026-09-06,107442.52,West,Medium
POL00840,PRG015,TRT022,2026-08-28,2028-02-07,450853.94,South,High
POL00841,PRG003,TRT078,2025-12-22,2027-03-11,293597.6,East,Low
POL00842,PRG006,TRT005,2026-12-04,2027-06-03,259524.21,West,High
POL00843,PRG022,TRT084,2025-03-25,2026-08-11,351811.74,West,High
POL00844,PRG024,TRT009,2025-02-04,2026-02-02,74472.55,South,Critical
POL00845,PRG009,TRT066,2025-10-06,2026-08-11,146292.88,East,Low
POL00846,PRG016,TRT084,2026-05-01,2027-08-08,418119.3,West,Medium
POL00847,PRG025,TRT098,2025-07-11,2026-11-28,306134.82,West,Low
POL00848,PRG025,TRT070,2025-12-21,2027-08-12,107268.1,North,Low
POL00849,PRG005,TRT037,2025-10-06,2027-05-15,240469.8,East,High
POL00850,PRG013,TRT067,2026-07-05,2028-04-25,480109.39,West,Low
POL00851,PRG002,TRT047,2026-11-13,2028-09-15,113341.36,East,High
POL00852,PRG005,TRT044,2025-08-20,2026-09-06,33290.84,South,High
POL00853,PRG013,TRT059,2025-02-26,2026-09-22,426810.11,South,High
POL00854,PRG007,TRT034,2025-08-14,2027-01-12,36206.67,North,Critical
POL00855,PRG021,TRT067,2025-12-09,2027-04-22,372562.67,North,High
POL00856,PRG001,TRT061,2026-10-25,2028-01-06,169410.39,North,Critical
POL00857,PRG003,TRT080,2026-10-18,2028-02-27,409481.66,West,Medium
POL00858,PRG002,TRT096,2026-06-30,2028-06-24,220621.74,West,Medium
POL00859,PRG005,TRT023,2026-07-29,2028-06-11,233253.33,East,Critical
POL00860,PRG024,TRT051,2026-08-01,2027-06-11,156184.93,South,Low
POL00861,PRG024,TRT071,2026-07-13,2028-06-19,351323.12,South,Low
POL00862,PRG021,TRT019,2025-04-13,2027-02-23,267697.68,South,High
POL00863,PRG024,TRT100,2025-03-18,2025-09-16,402175.78,North,Low
POL00864,PRG009,TRT064,2026-10-20,2028-05-20,314235.03,East,High
POL00865,PRG005,TRT016,2025-01-20,2026-05-11,322459.31,South,Critical
POL00866,PRG002,TRT054,2025-12-19,2026-11-22,154671.89,West,High
POL00867,PRG005,TRT029,2025-06-25,2026-09-19,173621.53,South,Critical
POL00868,PRG012,TRT049,2026-06-11,2027-03-19,442115.92,West,High
POL00869,PRG025,TRT061,2025-01-27,2026-11-10,277172.11,West,Medium
POL00870,PRG006,TRT085,2026-08-02,2028-01-29,8703.77,North,High
POL00871,PRG021,TRT005,2025-08-11,2027-07-01,468324.87,South,Critical
POL00872,PRG006,TRT053,2026-05-12,2026-12-28,45288.05,North,High
POL00873,PRG016,TRT033,2025-01-13,2026-09-08,321318.19,East,Critical
POL00874,PRG014,TRT065,2026-06-29,2027-08-07,267872.44,North,Low
POL00875,PRG016,TRT053,2026-10-25,2028-01-05,416297.46,North,High
POL00876,PRG016,TRT042,2026-10-20,2027-08-24,272806.93,South,Low
POL00877,PRG025,TRT031,2025-08-13,2026-07-07,173153.92,North,Critical
POL00878,PRG006,TRT006,2025-03-24,2025-12-24,176000.28,North,Critical
POL00879,PRG019,TRT014,2025-04-22,2025-12-26,400061.45,South,Low
POL00880,PRG016,TRT069,2026-04-21,2027-11-10,232515.31,West,High
POL00881,PRG013,TRT005,2026-09-21,2028-06-03,292761.03,North,Critical
POL00882,PRG002,TRT023,2025-09-05,2026-11-30,326383.7,East,Medium
POL00883,PRG022,TRT067,2026-06-23,2027-03-20,145373.13,North,High
POL00884,PRG014,TRT076,2025-01-06,2026-08-06,116416.51,East,High
POL00885,PRG023,TRT083,2025-12-01,2027-04-11,94801.79,East,Low
POL00886,PRG015,TRT059,2026-11-04,2028-01-19,60575.78,East,Medium
POL00887,PRG010,TRT062,2026-10-14,2027-09-20,96101.41,North,High
POL00888,PRG009,TRT099,2025-12-18,2027-06-01,327957.82,North,Low
POL00889,PRG007,TRT100,2026-04-09,2027-05-17,284184.18,West,Critical
POL00890,PRG010,TRT014,2026-09-29,2028-08-01,488229.8,East,High
POL00891,PRG024,TRT009,2026-02-01,2027-08-09,69530.26,East,High
POL00892,PRG019,TRT014,2025-02-14,2026-09-24,288828.33,East,High
POL00893,PRG015,TRT097,2026-09-26,2027-12-24,491234.05,North,Low
POL00894,PRG015,TRT013,2025-07-07,2026-03-10,226144.01,West,Critical
POL00895,PRG019,TRT082,2025-08-05,2027-03-15,110732.94,East,Low
POL00896,PRG002,TRT065,2025-07-09,2027-01-27,88284.58,South,Medium
POL00897,PRG003,TRT016,2025-09-23,2026-11-01,238821.36,East,High
POL00898,PRG007,TRT086,2026-07-30,2027-06-21,11429.53,North,High
POL00899,PRG016,TRT033,2025-07-24,2026-06-12,103396.61,East,Medium
POL00900,PRG025,TRT015,2025-12-02,2027-07-25,61674.38,North,High
POL00901,PRG023,TRT034,2025-07-24,2026-07-16,104191.08,West,Low
POL00902,PRG025,TRT051,2025-11-20,2027-09-21,336154.2,East,Low
POL00903,PRG020,TRT089,2025-01-17,2025-09-09,217222.84,North,High
POL00904,PRG021,TRT025,2026-11-09,2028-07-13,208785.58,North,High
POL00905,PRG022,TRT054,2025-08-04,2026-09-10,32597.69,East,Medium
POL00906,PRG006,TRT061,2026-11-22,2028-06-28,263443.2,South,Medium
POL00907,PRG024,TRT033,2025-01-18,2026-02-11,222359.38,West,High
POL00908,PRG012,TRT077,2025-12-16,2027-07-24,489908.09,West,Low
POL00909,PRG014,TRT072,2025-04-26,2026-05-19,428401.29,South,Low
POL00910,PRG011,TRT061,2025-04-06,2025-11-16,366025.02,West,Medium
POL00911,PRG023,TRT028,2026-05-21,2027-11-24,289187.41,North,Low
POL00912,PRG020,TRT088,2026-07-12,2027-03-08,451943.66,South,High
POL00913,PRG009,TRT021,2026-11-17,2028-04-28,93289.54,North,Medium
POL00914,PRG013,TRT027,2025-03-06,2026-04-22,444756.66,West,High
POL00915,PRG010,TRT091,2026-04-02,2027-05-28,60625.04,North,Medium
POL00916,PRG009,TRT058,2025-10-30,2026-08-08,35151.53,West,High
POL00917,PRG005,TRT041,2025-10-30,2026-06-02,12766.2,East,High
POL00918,PRG018,TRT027,2026-12-31,2027-09-24,61940.2,South,Low
POL00919,PRG006,TRT088,2025-02-03,2026-05-12,416312.82,South,Critical
POL00920,PRG015,TRT058,2025-11-02,2026-11-25,458386.89,East,High
POL00921,PRG022,TRT034,2026-01-19,2026-10-27,419414.39,East,Medium
POL00922,PRG017,TRT061,2026-05-01,2027-10-13,420940.31,East,Critical
POL00923,PRG025,TRT072,2026-04-01,2026-11-17,233127.3,South,High
POL00924,PRG013,TRT045,2025-12-16,2027-03-04,152068.63,South,Medium
POL00925,PRG008,TRT091,2026-06-21,2027-08-04,256683.94,South,Critical
POL00926,PRG008,TRT010,2026-04-02,2028-03-24,209810.43,North,Critical
POL00927,PRG006,TRT037,2025-06-30,2026-11-16,484662.24,North,High
POL00928,PRG014,TRT098,2025-11-11,2027-07-06,346080.46,North,Medium
POL00929,PRG021,TRT009,2025-07-16,2026-08-06,121238.12,West,Critical
POL00930,PRG003,TRT077,2025-04-04,2026-10-14,276432.69,North,Critical
POL00931,PRG012,TRT093,2025-09-08,2026-03-16,253883.78,South,High
POL00932,PRG022,TRT008,2025-04-09,2026-05-03,48341.39,East,Low
POL00933,PRG005,TRT041,2025-12-16,2026-08-22,483477.29,East,Critical
POL00934,PRG002,TRT088,2025-08-01,2026-08-21,181631.35,East,High
POL00935,PRG002,TRT057,2025-05-03,2026-08-15,258934.37,East,Critical
POL00936,PRG013,TRT080,2025-10-30,2026-08-16,35411.35,North,Medium
POL00937,PRG023,TRT071,2025-02-14,2025-08-27,210205.85,West,High
POL00938,PRG016,TRT097,2026-05-06,2028-04-16,386615.17,East,Low
POL00939,PRG016,TRT037,2025-08-02,2027-06-23,275142.61,West,Medium
POL00940,PRG002,TRT087,2026-02-05,2026-12-10,402060.12,East,Critical
POL00941,PRG022,TRT043,2025-08-02,2026-03-03,116316.12,North,Critical
POL00942,PRG006,TRT024,2026-01-11,2026-09-05,141660.27,North,Low
POL00943,PRG009,TRT051,2025-05-04,2025-12-14,46103.92,South,Low
POL00944,PRG016,TRT039,2026-04-01,2027-05-22,356559.95,West,High
POL00945,PRG024,TRT011,2026-03-03,2027-02-04,56887.32,West,High
POL00946,PRG013,TRT036,2026-06-14,2027-11-21,177968.27,East,Critical
POL00947,PRG012,TRT014,2026-05-14,2028-04-12,298230.87,East,Medium
POL00948,PRG013,TRT027,2025-03-28,2026-07-16,56708.23,South,Low
POL00949,PRG023,TRT033,2026-04-25,2027-02-06,438346.72,North,High
POL00950,PRG017,TRT043,2026-08-31,2027-11-03,38430.93,North,Medium
POL00951,PRG009,TRT044,2025-03-23,2025-12-11,337179.05,South,Critical
POL00952,PRG004,TRT041,2026-09-26,2028-03-10,428686.28,East,Medium
POL00953,PRG009,TRT032,2026-04-27,2026-12-13,410678.17,East,Low
POL00954,PRG004,TRT054,2026-05-29,2027-01-20,197913.24,East,Medium
POL00955,PRG020,TRT053,2026-06-21,2027-01-03,203842.58,West,Low
POL00956,PRG011,TRT053,2025-02-16,2027-01-07,118610.63,South,Critical
POL00957,PRG015,TRT003,2025-10-24,2026-06-29,328968.32,East,High
POL00958,PRG016,TRT047,2025-05-31,2027-05-02,343077.45,West,Low
POL00959,PRG020,TRT073,2025-09-08,2027-05-10,33492.97,East,Critical
POL00960,PRG005,TRT084,2025-09-03,2026-10-12,394596.15,West,High
POL00961,PRG024,TRT015,2026-09-16,2028-01-28,236472.9,South,Medium
POL00962,PRG012,TRT058,2026-04-26,2027-11-04,235830.01,East,Low
POL00963,PRG016,TRT088,2026-12-18,2028-01-05,372458.91,North,High
POL00964,PRG006,TRT040,2026-07-08,2027-12-17,228218.88,West,Critical
POL00965,PRG019,TRT100,2025-05-11,2026-05-09,312754.84,South,Low
POL00966,PRG025,TRT075,2026-05-20,2027-04-10,443872.63,South,Medium
POL00967,PRG023,TRT020,2025-03-01,2026-01-25,393864.15,South,Low
POL00968,PRG001,TRT025,2026-06-18,2027-01-01,27757.17,South,Critical
POL00969,PRG001,TRT046,2026-07-12,2027-10-31,421990.73,South,High
POL00970,PRG003,TRT085,2026-02-05,2027-08-13,332256.83,West,Low
POL00971,PRG005,TRT017,2026-01-02,2027-12-13,80980.15,South,High
POL00972,PRG022,TRT070,2026-11-12,2028-07-12,270810.43,West,Medium
POL00973,PRG004,TRT099,2026-12-27,2028-11-11,72750.8,East,High
POL00974,PRG009,TRT068,2025-03-25,2027-02-21,162156.83,West,Low
POL00975,PRG009,TRT078,2025-03-27,2026-06-27,486713.12,North,Low
POL00976,PRG011,TRT061,2025-09-09,2026-06-09,431103.41,North,Medium
POL00977,PRG008,TRT067,2026-07-01,2028-05-10,91449.72,West,High
POL00978,PRG003,TRT054,2025-05-24,2026-07-28,319948.84,South,Critical
POL00979,PRG008,TRT080,2025-05-11,2027-05-04,410711.19,North,Low
POL00980,PRG024,TRT071,2025-09-28,2027-04-25,305336.73,East,Low
POL00981,PRG006,TRT089,2025-07-17,2027-03-02,427761.72,North,Critical
POL00982,PRG019,TRT014,2025-05-04,2026-06-14,218525.57,West,High
POL00983,PRG015,TRT039,2026-07-22,2028-02-03,488510.72,North,High
POL00984,PRG024,TRT029,2025-07-02,2026-09-24,197606.56,West,High
POL00985,PRG010,TRT028,2025-06-25,2027-06-25,141368.52,North,Low
POL00986,PRG014,TRT041,2026-05-11,2028-02-25,375673.79,South,Medium
POL00987,PRG016,TRT040,2026-12-26,2028-06-26,385042.31,East,High
POL00988,PRG013,TRT034,2025-10-09,2027-08-05,77283.88,West,Medium
POL00989,PRG009,TRT078,2025-05-10,2026-02-22,31490.1,East,Medium
POL00990,PRG002,TRT003,2025-06-28,2026-07-30,102813.84,West,Critical
POL00991,PRG016,TRT071,2026-01-08,2027-05-23,339667.91,East,Low
POL00992,PRG022,TRT033,2026-02-17,2028-01-04,327644.51,West,Low
POL00993,PRG022,TRT014,2026-07-03,2027-02-09,323280.05,North,Low
POL00994,PRG006,TRT087,2025-12-11,2026-11-25,17678.41,East,High
POL00995,PRG019,TRT039,2025-02-14,2025-10-07,222518.24,North,Critical
POL00996,PRG015,TRT086,2026-04-24,2028-01-22,140437.59,West,Medium
POL00997,PRG024,TRT014,2026-03-30,2027-11-04,311423.81,East,Critical
POL00998,PRG024,TRT074,2026-03-27,2026-11-13,118547.19,South,High
POL00999,PRG005,TRT011,2025-05-14,2026-03-07,411510.47,West,Critical
POL01000,PRG018,TRT017,2025-02-23,2026-01-21,275814.5,South,Critical
POL01001,PRG002,TRT040,2026-08-15,2028-06-02,76967.47,North,Low
POL01002,PRG010,TRT003,2025-06-15,2026-04-11,233307.51,South,Low
POL01003,PRG002,TRT075,2026-05-19,2027-11-20,223581.36,West,High
POL01004,PRG002,TRT038,2026-08-20,2027-07-23,20103.61,East,High
POL01005,PRG013,TRT043,2026-04-20,2027-06-25,52054.95,West,High
POL01006,PRG024,TRT016,2026-05-06,2027-02-02,181122.13,West,Critical
POL01007,PRG014,TRT041,2025-12-20,2026-07-31,348241.48,West,Low
POL01008,PRG008,TRT027,2026-07-18,2028-06-13,159528.45,North,Critical
POL01009,PRG002,TRT057,2025-08-15,2026-11-13,219541.2,North,Medium
POL01010,PRG018,TRT057,2025-04-22,2025-12-27,159240.15,North,Low
POL01011,PRG022,TRT033,2026-05-13,2028-03-29,428603.26,South,High
POL01012,PRG010,TRT061,2026-03-10,2027-04-20,318839.6,East,Medium
POL01013,PRG003,TRT081,2026-08-12,2027-02-10,116641.28,West,Low
POL01014,PRG003,TRT080,2025-10-19,2027-03-10,383918.04,East,Low
POL01015,PRG022,TRT038,2026-07-03,2027-11-08,42522.82,South,Low
POL01016,PRG013,TRT039,2026-08-14,2027-12-10,357922.64,East,Low
POL01017,PRG013,TRT037,2026-05-03,2027-12-16,60114.46,South,High
POL01018,PRG002,TRT095,2026-04-17,2027-11-03,106020.31,South,Critical
POL01019,PRG019,TRT096,2025-02-22,2026-01-19,488392.68,West,High
POL01020,PRG004,TRT061,2025-08-31,2026-11-28,143857.23,West,Low
POL01021,PRG001,TRT082,2025-02-02,2025-08-10,134375.14,South,Low
POL01022,PRG021,TRT026,2026-04-25,2027-05-22,489747.46,East,Low
POL01023,PRG025,TRT014,2026-09-21,2028-01-23,205942.21,South,Low
POL01024,PRG006,TRT086,2026-05-24,2027-05-13,369168.89,East,High
POL01025,PRG001,TRT034,2025-04-26,2026-01-24,386634.38,East,High
POL01026,PRG007,TRT014,2026-12-16,2027-11-23,261628.4,West,Critical
POL01027,PRG014,TRT006,2025-12-25,2027-06-01,57391.13,West,Low
POL01028,PRG004,TRT006,2025-07-18,2026-10-14,254281.01,North,Low
POL01029,PRG012,TRT089,2026-11-25,2028-03-17,259175.56,South,Low
POL01030,PRG005,TRT100,2025-07-17,2026-04-08,389860.69,North,Critical
POL01031,PRG021,TRT079,2025-11-04,2027-07-12,205721.79,East,High
POL01032,PRG015,TRT007,2026-08-11,2028-05-07,246675.74,East,Medium
POL01033,PRG004,TRT044,2026-07-18,2028-06-24,198102.96,West,Critical
POL01034,PRG016,TRT054,2026-08-08,2028-03-28,142360.02,North,High
POL01035,PRG017,TRT004,2026-03-11,2027-01-31,173918.64,West,High
POL01036,PRG010,TRT045,2026-02-10,2026-09-16,210006.44,South,Medium
POL01037,PRG007,TRT044,2025-05-15,2026-07-13,80706.23,West,Medium
POL01038,PRG010,TRT046,2025-08-10,2026-11-01,425249.45,West,Medium
POL01039,PRG008,TRT020,2025-08-12,2027-05-30,84747.91,West,Critical
POL01040,PRG023,TRT045,2026-09-06,2027-09-01,88732.25,West,Medium
POL01041,PRG005,TRT056,2025-07-21,2026-11-24,321210.75,North,Low
POL01042,PRG025,TRT056,2025-05-08,2026-10-23,52717.36,South,Medium
POL01043,PRG003,TRT055,2026-12-05,2028-11-30,276030.82,North,Critical
POL01044,PRG010,TRT086,2025-03-08,2026-05-07,74302.0,North,Medium
POL01045,PRG005,TRT039,2025-07-02,2026-11-06,400336.12,North,Critical
POL01046,PRG023,TRT026,2025-02-05,2026-08-19,100184.52,West,High
POL01047,PRG001,TRT080,2026-12-11,2028-11-28,485264.81,North,High
POL01048,PRG008,TRT025,2025-05-19,2026-09-20,120810.82,North,Medium
POL01049,PRG017,TRT053,2026-05-31,2027-05-12,358499.72,South,Medium
POL01050,PRG014,TRT009,2025-01-29,2026-10-01,139679.47,West,Medium
POL01051,PRG007,TRT074,2026-03-13,2026-11-08,26844.07,South,Critical
POL01052,PRG024,TRT011,2025-06-20,2026-01-17,55865.29,South,Critical
POL01053,PRG008,TRT006,2026-08-01,2027-08-13,134391.91,East,Medium
POL01054,PRG017,TRT027,2026-11-15,2028-02-28,243451.01,South,Low
POL01055,PRG011,TRT019,2025-09-07,2027-01-30,372329.17,East,High
POL01056,PRG003,TRT096,2026-08-26,2027-09-12,286700.18,South,Medium
POL01057,PRG009,TRT079,2026-01-22,2026-12-26,467559.61,North,Medium
POL01058,PRG017,TRT045,2025-11-11,2026-10-27,463255.36,East,High
POL01059,PRG007,TRT004,2026-10-03,2027-09-29,220308.74,West,High
POL01060,PRG008,TRT063,2026-04-09,2028-02-07,28495.11,North,Critical
POL01061,PRG006,TRT015,2026-03-15,2028-02-07,150395.6,North,Critical
POL01062,PRG002,TRT057,2025-08-10,2026-05-03,298211.01,East,High
POL01063,PRG010,TRT002,2026-05-14,2028-05-08,494354.8,South,High
POL01064,PRG016,TRT018,2026-08-27,2028-01-15,35206.26,East,Medium
POL01065,PRG012,TRT031,2026-10-02,2028-07-12,360001.42,South,Critical
POL01066,PRG009,TRT012,2026-12-04,2028-04-10,275509.85,East,Medium
POL01067,PRG023,TRT039,2025-06-11,2027-01-12,362520.49,West,Medium
POL01068,PRG017,TRT043,2025-05-07,2025-11-23,279941.36,East,High
POL01069,PRG001,TRT092,2025-01-28,2026-05-28,325189.64,West,Critical
POL01070,PRG020,TRT017,2025-03-08,2026-08-26,468425.48,South,Low
POL01071,PRG018,TRT072,2026-11-19,2027-09-18,365966.35,East,Critical
POL01072,PRG023,TRT069,2026-02-15,2027-08-07,452138.19,East,High
POL01073,PRG004,TRT024,2026-02-04,2026-09-09,432317.78,East,High
POL01074,PRG009,TRT072,2025-02-26,2026-11-18,140661.97,West,Low
POL01075,PRG004,TRT067,2026-10-17,2028-02-21,243707.79,South,Low
POL01076,PRG011,TRT017,2025-05-15,2026-05-15,436092.32,South,High
POL01077,PRG009,TRT051,2026-09-20,2027-09-28,447105.44,North,Low
POL01078,PRG015,TRT097,2026-11-02,2028-03-12,219098.44,South,Low
POL01079,PRG014,TRT033,2025-02-09,2025-10-15,107705.83,South,Medium
POL01080,PRG011,TRT030,2026-03-08,2027-10-29,255634.13,West,High
POL01081,PRG023,TRT029,2026-12-24,2028-10-27,178176.51,West,Low
POL01082,PRG020,TRT074,2026-09-12,2027-10-27,108696.36,North,Low
POL01083,PRG004,TRT089,2025-04-28,2027-02-18,124872.86,East,Medium
POL01084,PRG018,TRT015,2026-07-15,2027-08-19,279493.96,East,Medium
POL01085,PRG024,TRT069,2026-01-10,2027-02-18,495688.73,West,High
POL01086,PRG006,TRT086,2025-02-05,2025-11-26,450443.47,West,High
POL01087,PRG010,TRT092,2026-04-06,2027-07-31,240752.35,North,Critical
POL01088,PRG015,TRT041,2026-01-23,2027-04-17,426052.64,East,Medium
POL01089,PRG011,TRT017,2025-05-05,2026-07-29,495670.33,East,Low
POL01090,PRG006,TRT068,2025-03-25,2025-11-26,251274.15,North,Low
POL01091,PRG011,TRT083,2026-09-18,2027-09-06,104330.34,North,Critical
POL01092,PRG013,TRT064,2026-12-06,2027-08-01,276087.43,South,Critical
POL01093,PRG021,TRT075,2025-11-07,2026-05-07,263737.37,West,Low
POL01094,PRG015,TRT048,2025-12-06,2027-05-22,61305.62,South,Low
POL01095,PRG009,TRT086,2025-10-10,2027-03-22,97576.93,South,Low
POL01096,PRG009,TRT050,2026-01-17,2027-07-21,148127.01,North,Low
POL01097,PRG010,TRT012,2025-08-04,2026-10-15,374802.53,North,Medium
POL01098,PRG023,TRT062,2026-05-06,2027-04-21,275368.53,East,Low
POL01099,PRG009,TRT074,2025-12-21,2026-07-11,266245.72,South,Low
POL01100,PRG025,TRT009,2026-09-04,2027-05-23,26602.35,North,High
POL01101,PRG009,TRT093,2026-11-08,2028-09-10,382946.5,South,Low
POL01102,PRG006,TRT030,2026-09-03,2028-02-26,35523.15,South,Medium
POL01103,PRG006,TRT089,2025-10-20,2026-06-06,77027.13,West,Critical
POL01104,PRG021,TRT100,2025-09-28,2026-08-18,420528.08,North,Medium
POL01105,PRG020,TRT050,2025-02-22,2026-10-05,481273.74,North,Medium
POL01106,PRG019,TRT096,2026-02-20,2026-10-07,144715.16,West,Medium
POL01107,PRG011,TRT048,2026-03-05,2027-01-08,107855.6,South,High
POL01108,PRG018,TRT063,2025-09-21,2026-10-17,311283.43,West,Low
POL01109,PRG012,TRT004,2025-12-19,2026-07-19,142585.47,North,Low
POL01110,PRG019,TRT037,2025-06-08,2026-01-12,68563.29,North,Medium
POL01111,PRG003,TRT005,2026-10-28,2028-09-14,216880.9,South,Critical
POL01112,PRG006,TRT093,2027-01-01,2028-12-27,391749.89,East,Critical
POL01113,PRG014,TRT055,2025-11-30,2026-12-26,414875.86,West,Medium
POL01114,PRG007,TRT024,2025-07-29,2027-06-03,214936.2,East,Low
POL01115,PRG024,TRT085,2026-10-10,2028-09-29,338720.39,West,Critical
POL01116,PRG006,TRT093,2025-06-17,2027-06-07,361220.99,North,Low
POL01117,PRG023,TRT001,2026-04-28,2028-03-10,214772.48,East,Medium
POL01118,PRG006,TRT028,2026-06-09,2028-01-06,111675.55,North,Low
POL01119,PRG011,TRT086,2026-12-11,2027-09-23,247095.52,West,Medium
POL01120,PRG021,TRT019,2026-01-15,2026-11-13,434974.68,North,Critical
POL01121,PRG023,TRT078,2025-03-17,2026-02-18,218318.55,West,Critical
POL01122,PRG020,TRT029,2025-12-26,2027-04-05,173452.18,North,Low
POL01123,PRG007,TRT013,2025-08-26,2026-11-05,484332.13,East,Medium
POL01124,PRG021,TRT058,2025-07-13,2027-03-21,157890.11,West,Critical
POL01125,PRG012,TRT042,2025-04-27,2026-11-22,311984.66,West,Critical
POL01126,PRG018,TRT098,2026-10-25,2028-03-08,386148.04,East,Critical
POL01127,PRG016,TRT081,2025-08-28,2026-05-26,418685.52,North,Medium
POL01128,PRG001,TRT058,2025-09-30,2026-12-24,63287.74,West,Critical
POL01129,PRG001,TRT068,2025-10-06,2026-08-25,152418.62,North,Critical
POL01130,PRG009,TRT089,2025-12-25,2026-12-12,473520.01,East,Medium
POL01131,PRG015,TRT002,2025-02-11,2026-04-01,268963.45,East,Critical
POL01132,PRG023,TRT058,2025-10-08,2026-10-03,80670.74,South,Medium
POL01133,PRG001,TRT068,2025-02-09,2025-09-18,256316.85,North,Critical
POL01134,PRG005,TRT054,2025-08-27,2026-11-17,308472.58,North,Critical
POL01135,PRG010,TRT001,2025-05-31,2026-06-20,11792.98,East,High
POL01136,PRG015,TRT082,2025-12-02,2026-11-09,73866.95,West,Critical
POL01137,PRG023,TRT031,2026-08-09,2028-06-03,127712.79,South,Medium
POL01138,PRG017,TRT042,2025-04-29,2026-08-04,135330.82,North,Low
POL01139,PRG017,TRT029,2025-06-13,2026-07-28,360885.13,East,Medium
POL01140,PRG014,TRT001,2026-03-07,2027-02-08,38689.09,West,High
POL01141,PRG021,TRT035,2026-09-20,2027-11-30,426645.36,East,Medium
POL01142,PRG021,TRT020,2026-07-01,2028-04-07,445392.48,North,Medium
POL01143,PRG005,TRT057,2026-10-07,2028-01-14,99394.14,West,Low
POL01144,PRG024,TRT006,2025-08-15,2026-05-29,321411.93,West,Medium
POL01145,PRG020,TRT015,2026-01-06,2027-06-09,206334.57,South,High
POL01146,PRG018,TRT037,2025-04-06,2027-02-15,378526.41,West,Critical
POL01147,PRG003,TRT005,2026-06-24,2028-06-13,221710.63,South,Low
POL01148,PRG004,TRT010,2026-11-14,2028-03-18,28815.4,West,Medium
POL01149,PRG004,TRT075,2025-11-14,2026-07-19,465064.14,North,Low
POL01150,PRG007,TRT095,2026-05-26,2027-07-09,180616.22,West,High
POL01151,PRG016,TRT075,2025-06-23,2026-01-12,471139.44,South,Low
POL01152,PRG004,TRT026,2025-01-18,2025-07-22,335204.69,North,Low
POL01153,PRG017,TRT073,2026-04-06,2028-02-08,446449.72,South,High
POL01154,PRG012,TRT074,2026-07-16,2027-10-01,58600.58,West,High
POL01155,PRG022,TRT054,2026-01-07,2027-11-07,336117.14,West,High
POL01156,PRG020,TRT086,2026-05-11,2027-07-16,217489.43,West,Low
POL01157,PRG018,TRT094,2026-07-03,2027-07-08,362782.9,North,Low
POL01158,PRG006,TRT067,2026-04-04,2027-05-22,59315.46,East,Medium
POL01159,PRG006,TRT066,2026-12-14,2028-06-25,189503.58,West,Low
POL01160,PRG009,TRT028,2025-11-26,2027-04-06,162103.39,East,High
POL01161,PRG021,TRT076,2026-10-06,2027-10-01,217237.54,South,Medium
POL01162,PRG022,TRT005,2025-08-18,2026-05-03,466048.75,East,High
POL01163,PRG007,TRT044,2025-02-11,2026-05-06,325590.81,West,Critical
POL01164,PRG004,TRT028,2026-12-02,2028-09-26,346935.57,West,Medium
POL01165,PRG012,TRT061,2026-04-17,2028-03-01,263125.85,East,Critical
POL01166,PRG021,TRT080,2026-09-13,2027-11-20,242820.76,East,High
POL01167,PRG009,TRT096,2025-03-22,2025-12-07,15988.28,North,Critical
POL01168,PRG011,TRT084,2026-05-04,2026-12-16,368772.82,North,Medium
POL01169,PRG002,TRT100,2025-09-22,2027-07-27,222175.72,West,Medium
POL01170,PRG007,TRT031,2025-07-14,2026-10-12,259613.59,East,Low
POL01171,PRG004,TRT044,2026-06-29,2028-06-19,9166.16,South,Critical
POL01172,PRG008,TRT007,2025-03-09,2025-09-11,327791.92,North,Low
POL01173,PRG005,TRT069,2026-01-20,2027-10-28,390228.84,West,Medium
POL01174,PRG012,TRT008,2026-02-05,2028-01-11,5757.48,West,Medium
POL01175,PRG009,TRT019,2026-11-19,2028-04-24,313668.01,North,Medium
POL01176,PRG019,TRT027,2026-06-07,2027-02-27,234232.21,South,Critical
POL01177,PRG024,TRT005,2025-07-22,2027-06-28,25653.21,South,Medium
POL01178,PRG013,TRT042,2026-01-25,2027-08-19,280782.56,South,Medium
POL01179,PRG010,TRT013,2025-03-19,2026-06-23,145377.32,West,Low
POL01180,PRG023,TRT088,2025-07-07,2026-01-14,109598.35,South,Critical
POL01181,PRG001,TRT048,2025-10-25,2027-05-22,73139.45,South,High
POL01182,PRG024,TRT033,2026-05-17,2027-05-16,460094.93,West,Medium
POL01183,PRG006,TRT018,2025-09-19,2026-04-17,453761.42,North,Medium
POL01184,PRG025,TRT023,2025-12-20,2027-08-06,165423.03,South,Medium
POL01185,PRG012,TRT063,2026-08-05,2028-07-23,346636.38,West,Low
POL01186,PRG018,TRT024,2025-02-13,2025-10-04,144531.93,West,High
POL01187,PRG003,TRT079,2026-11-07,2028-09-12,374698.88,East,Low
POL01188,PRG011,TRT078,2026-05-22,2027-07-11,43518.91,West,Low
POL01189,PRG019,TRT017,2025-08-20,2027-06-30,71303.45,West,Low
POL01190,PRG004,TRT052,2025-09-20,2027-05-17,51722.54,North,High
POL01191,PRG006,TRT088,2026-09-23,2027-04-13,425613.57,North,High
POL01192,PRG008,TRT045,2025-12-25,2027-10-06,74685.79,North,High
POL01193,PRG010,TRT002,2025-10-17,2026-11-26,480561.93,East,High
POL01194,PRG013,TRT099,2025-11-22,2026-12-08,476777.62,North,Low
POL01195,PRG002,TRT021,2026-01-20,2026-11-22,78615.07,South,Low
POL01196,PRG020,TRT046,2025-01-25,2025-11-14,156921.88,West,High
POL01197,PRG009,TRT075,2025-05-11,2027-04-07,421276.58,West,Critical
POL01198,PRG007,TRT071,2026-09-20,2028-06-23,164142.12,South,Critical
POL01199,PRG002,TRT054,2026-08-22,2027-03-08,133606.06,South,High
POL01200,PRG019,TRT004,2026-07-02,2027-08-18,115787.91,North,High
POL01201,PRG015,TRT070,2025-03-29,2025-10-08,343088.5,North,Low
POL01202,PRG001,TRT086,2025-03-12,2025-12-23,247508.98,North,Low
POL01203,PRG002,TRT057,2025-12-01,2027-07-18,138147.61,East,Low
POL01204,PRG014,TRT022,2025-02-06,2025-09-18,448591.98,North,Critical
POL01205,PRG009,TRT006,2026-03-09,2026-11-29,138258.5,East,High
POL01206,PRG017,TRT028,2025-11-15,2027-03-02,96452.65,West,Medium
POL01207,PRG017,TRT069,2025-03-12,2026-08-07,85714.29,East,Medium
POL01208,PRG012,TRT024,2025-10-14,2026-06-03,243380.61,North,Critical
POL01209,PRG007,TRT018,2025-12-10,2026-06-26,98320.71,West,Critical
POL01210,PRG024,TRT047,2026-03-17,2028-01-02,167386.72,South,Critical
POL01211,PRG005,TRT022,2026-06-20,2027-02-08,130683.23,West,High
POL01212,PRG007,TRT035,2025-10-04,2027-07-11,139396.61,North,Medium
POL01213,PRG018,TRT017,2026-10-11,2028-03-16,227954.86,South,Low
POL01214,PRG018,TRT013,2026-12-06,2027-09-26,346198.02,North,Low
POL01215,PRG001,TRT069,2026-11-19,2028-10-22,191990.03,West,High
POL01216,PRG015,TRT009,2025-11-19,2026-09-04,362467.39,West,Medium
POL01217,PRG003,TRT057,2025-02-20,2025-10-27,211792.09,East,Critical
POL01218,PRG005,TRT084,2026-07-24,2027-08-30,204601.01,East,Medium
POL01219,PRG021,TRT031,2025-05-22,2025-12-07,19950.24,North,Critical
POL01220,PRG003,TRT069,2026-01-15,2027-08-28,213624.66,West,Low
POL01221,PRG009,TRT093,2025-04-12,2027-01-24,232394.9,East,High
POL01222,PRG023,TRT021,2026-01-11,2026-10-19,55307.46,North,Medium
POL01223,PRG019,TRT041,2026-09-25,2028-02-07,349411.26,North,Medium
POL01224,PRG010,TRT010,2026-05-26,2027-08-28,148362.89,East,Critical
POL01225,PRG024,TRT021,2026-12-26,2028-11-14,404942.35,West,Low
POL01226,PRG004,TRT004,2025-05-22,2026-06-20,269023.81,North,Critical
POL01227,PRG008,TRT060,2026-04-15,2027-06-11,454313.06,East,High
POL01228,PRG020,TRT073,2026-06-16,2028-03-13,105909.97,East,Medium
POL01229,PRG006,TRT067,2026-11-30,2027-10-12,179477.66,East,Low
POL01230,PRG025,TRT068,2025-05-16,2026-12-11,314526.55,North,Medium
POL01231,PRG013,TRT033,2025-06-21,2026-11-20,78962.76,East,Low
POL01232,PRG004,TRT032,2026-11-11,2027-07-05,30848.39,West,Low
POL01233,PRG017,TRT092,2025-05-03,2026-03-23,422001.23,West,High
POL01234,PRG019,TRT051,2026-12-07,2028-10-05,145532.44,North,Medium
POL01235,PRG020,TRT038,2026-10-18,2028-02-19,420059.5,North,Medium
POL01236,PRG006,TRT063,2026-01-06,2027-08-14,294351.52,South,Low
POL01237,PRG015,TRT072,2025-02-28,2026-10-16,360121.13,West,Medium
POL01238,PRG018,TRT093,2025-08-05,2027-01-14,162680.06,North,Critical
POL01239,PRG005,TRT049,2025-08-07,2027-04-17,341139.9,West,Medium
POL01240,PRG008,TRT009,2026-02-18,2026-11-07,209029.46,North,Critical
POL01241,PRG014,TRT005,2026-12-14,2028-04-23,289307.4,South,Low
POL01242,PRG001,TRT073,2025-09-25,2027-01-24,227357.2,West,Low
POL01243,PRG003,TRT045,2025-08-26,2026-06-01,70129.77,East,Low
POL01244,PRG010,TRT060,2025-07-03,2026-04-17,224277.58,North,High
POL01245,PRG020,TRT078,2026-03-10,2027-01-20,90617.91,East,Critical
POL01246,PRG025,TRT075,2025-03-11,2025-09-14,69759.08,South,Low
POL01247,PRG009,TRT092,2025-07-17,2027-07-13,449230.52,West,Medium
POL01248,PRG008,TRT023,2025-09-22,2027-07-10,380426.32,South,Critical
POL01249,PRG014,TRT070,2026-05-03,2026-12-06,81409.89,West,Low
POL01250,PRG004,TRT008,2025-01-11,2025-08-21,197235.35,North,Low
POL01251,PRG023,TRT044,2025-01-09,2025-08-06,329219.39,South,Medium
POL01252,PRG024,TRT087,2026-03-09,2027-01-25,428199.03,South,Critical
POL01253,PRG019,TRT077,2025-04-13,2026-12-01,432109.08,East,Medium
POL01254,PRG019,TRT071,2025-05-17,2027-02-22,447235.56,North,Critical
POL01255,PRG022,TRT022,2025-01-01,2026-09-11,30979.0,West,Low
POL01256,PRG005,TRT033,2025-10-03,2026-06-23,390264.73,North,High
POL01257,PRG018,TRT056,2025-03-04,2026-01-09,230207.08,East,Low
POL01258,PRG007,TRT004,2025-10-31,2026-10-11,368170.53,North,Critical
POL01259,PRG018,TRT090,2026-11-16,2028-06-10,186704.32,South,Medium
POL01260,PRG004,TRT096,2025-04-07,2026-12-01,415912.36,East,Medium
POL01261,PRG001,TRT097,2025-08-03,2026-08-23,408914.43,West,Medium
POL01262,PRG010,TRT011,2025-06-28,2026-09-14,387336.27,East,Critical
POL01263,PRG014,TRT051,2026-01-05,2026-09-03,52547.46,South,High
POL01264,PRG004,TRT085,2025-02-17,2026-07-21,252286.51,East,Medium
POL01265,PRG015,TRT051,2025-02-17,2026-01-24,328291.33,East,High
POL01266,PRG020,TRT035,2026-09-21,2027-05-15,234620.45,West,Medium
POL01267,PRG002,TRT024,2025-03-22,2026-10-14,203654.24,West,Medium
POL01268,PRG004,TRT021,2025-04-21,2025-12-12,300541.53,West,High
POL01269,PRG010,TRT057,2026-05-14,2027-11-11,292689.15,West,High
POL01270,PRG023,TRT016,2026-03-23,2027-08-17,162656.07,North,Critical
POL01271,PRG004,TRT011,2026-10-27,2028-04-07,22145.99,North,Medium
POL01272,PRG002,TRT071,2026-12-17,2027-10-05,48483.31,West,High
POL01273,PRG017,TRT065,2026-07-11,2028-05-22,82900.23,West,Critical
POL01274,PRG020,TRT026,2026-10-28,2028-05-23,323143.82,East,Critical
POL01275,PRG023,TRT044,2025-01-07,2026-01-11,495912.21,East,High
POL01276,PRG018,TRT001,2026-12-10,2028-05-09,205670.06,South,High
POL01277,PRG004,TRT094,2025-03-02,2026-05-12,393036.11,South,Medium
POL01278,PRG025,TRT078,2026-05-01,2026-11-16,46706.1,East,Low
POL01279,PRG013,TRT024,2025-04-27,2026-05-21,327312.01,East,Medium
POL01280,PRG020,TRT043,2026-05-07,2027-01-10,75359.89,West,Medium
POL01281,PRG022,TRT025,2026-02-18,2026-09-05,95075.68,East,High
POL01282,PRG025,TRT015,2026-10-27,2028-05-30,293292.74,East,Medium
POL01283,PRG017,TRT087,2026-12-30,2027-08-13,68123.26,South,Critical
POL01284,PRG020,TRT006,2026-10-30,2028-09-06,28501.57,North,Critical
POL01285,PRG004,TRT069,2026-09-02,2028-07-23,335426.18,North,High
POL01286,PRG014,TRT020,2025-04-14,2026-02-16,13877.63,South,Medium
POL01287,PRG010,TRT031,2026-03-13,2027-03-03,256580.07,East,Medium
POL01288,PRG004,TRT054,2026-04-30,2026-11-17,109429.43,North,Critical
POL01289,PRG017,TRT009,2026-06-07,2027-04-12,410135.78,South,High
POL01290,PRG016,TRT091,2026-09-27,2028-06-19,100759.85,South,High
POL01291,PRG008,TRT053,2025-01-16,2025-11-13,31983.03,South,High
POL01292,PRG007,TRT088,2026-11-17,2027-12-09,237984.09,West,High
POL01293,PRG009,TRT048,2026-12-08,2028-11-09,93004.38,North,Low
POL01294,PRG024,TRT039,2025-04-07,2026-09-20,306396.96,East,Critical
POL01295,PRG022,TRT071,2025-06-17,2027-05-13,63945.1,East,Critical
POL01296,PRG021,TRT080,2026-09-01,2027-06-16,346273.13,West,Low
POL01297,PRG002,TRT033,2026-04-06,2028-01-10,446467.05,North,Medium
POL01298,PRG025,TRT006,2026-07-08,2027-05-20,447728.84,North,Medium
POL01299,PRG013,TRT011,2026-10-23,2027-11-01,6973.38,North,Medium
POL01300,PRG015,TRT023,2025-08-29,2026-09-30,40400.18,West,High
POL01301,PRG021,TRT035,2026-12-02,2028-02-28,361656.4,North,Critical
POL01302,PRG025,TRT009,2026-05-12,2028-03-30,336464.25,South,Low
POL01303,PRG002,TRT039,2025-01-14,2026-01-30,263763.12,East,High
POL01304,PRG019,TRT098,2026-11-06,2028-06-15,449095.93,North,Critical
POL01305,PRG008,TRT038,2026-09-15,2028-02-06,478051.05,North,Low
POL01306,PRG023,TRT095,2026-08-23,2027-05-20,240714.92,West,Medium
POL01307,PRG006,TRT023,2026-04-07,2027-02-09,49115.13,South,Low
POL01308,PRG014,TRT097,2026-08-15,2028-06-25,104793.74,North,Critical
POL01309,PRG003,TRT034,2026-04-24,2027-06-13,360431.88,North,Critical
POL01310,PRG020,TRT028,2025-01-15,2026-08-24,158914.89,North,Critical
POL01311,PRG021,TRT039,2026-03-20,2027-02-03,293313.16,West,Critical
POL01312,PRG006,TRT011,2025-03-22,2026-03-27,281968.54,East,Low
POL01313,PRG011,TRT097,2025-04-23,2026-12-28,28665.11,South,Medium
POL01314,PRG001,TRT081,2025-05-02,2027-01-12,398424.79,North,Medium
POL01315,PRG001,TRT083,2026-11-03,2028-08-21,114474.82,East,High
POL01316,PRG006,TRT081,2026-07-21,2027-08-21,159285.55,East,Medium
POL01317,PRG002,TRT089,2025-07-18,2026-02-03,257900.96,North,High
POL01318,PRG020,TRT010,2025-10-21,2027-01-11,436435.93,South,Critical
POL01319,PRG011,TRT040,2025-02-18,2027-02-06,347056.86,West,High
POL01320,PRG025,TRT002,2025-05-09,2027-05-03,442353.13,South,Medium
POL01321,PRG002,TRT084,2025-08-14,2027-06-27,59192.32,North,Low
POL01322,PRG008,TRT005,2026-04-13,2026-12-03,386708.41,East,Medium
POL01323,PRG003,TRT024,2026-12-02,2028-01-05,457533.15,East,Critical
POL01324,PRG020,TRT090,2025-08-19,2027-07-20,31894.76,East,Low
POL01325,PRG001,TRT083,2026-01-22,2027-12-31,17333.58,West,High
POL01326,PRG008,TRT083,2026-03-07,2026-11-09,174751.06,East,Low
POL01327,PRG021,TRT079,2026-01-16,2028-01-06,424845.61,East,Low
POL01328,PRG023,TRT010,2026-02-01,2027-04-27,137042.23,South,Critical
POL01329,PRG006,TRT076,2026-08-11,2028-04-04,23332.45,North,Critical
POL01330,PRG018,TRT037,2026-07-12,2028-01-30,396854.07,South,Critical
POL01331,PRG001,TRT051,2026-10-10,2028-03-12,103574.51,West,High
POL01332,PRG009,TRT079,2025-01-03,2025-07-30,488691.78,East,Critical
POL01333,PRG016,TRT054,2025-01-29,2026-03-13,446466.27,West,Medium
POL01334,PRG019,TRT058,2026-10-30,2028-08-28,206925.97,South,Critical
POL01335,PRG016,TRT036,2025-12-26,2026-09-22,125086.87,East,Low
POL01336,PRG007,TRT035,2025-04-20,2026-11-18,478189.19,North,Low
POL01337,PRG023,TRT083,2026-03-17,2027-10-23,193592.67,North,Low
POL01338,PRG005,TRT021,2026-10-07,2027-10-21,104083.35,West,Critical
POL01339,PRG015,TRT046,2026-05-01,2027-11-18,121025.32,West,Low
POL01340,PRG010,TRT043,2025-04-07,2026-04-18,224521.33,South,High
POL01341,PRG021,TRT076,2025-07-02,2026-08-23,375224.51,East,Low
POL01342,PRG024,TRT044,2026-06-17,2027-05-07,121435.47,West,Low
POL01343,PRG016,TRT035,2025-01-20,2026-11-04,143447.41,West,Medium
POL01344,PRG012,TRT006,2026-12-26,2027-11-07,298218.58,South,Medium
POL01345,PRG003,TRT055,2026-02-20,2027-11-05,50797.62,East,Low
POL01346,PRG012,TRT072,2026-05-21,2027-08-16,63196.53,West,Critical
POL01347,PRG021,TRT020,2025-01-04,2025-11-27,86911.57,East,Medium
POL01348,PRG016,TRT087,2025-11-01,2027-03-22,421657.35,North,Medium
POL01349,PRG008,TRT037,2025-02-05,2026-03-19,397191.66,South,Medium
POL01350,PRG025,TRT017,2026-05-25,2027-04-19,71499.28,North,Medium
POL01351,PRG008,TRT020,2026-02-04,2027-03-26,471694.36,East,Low
POL01352,PRG015,TRT063,2026-02-02,2027-09-12,225390.03,South,Critical
POL01353,PRG015,TRT020,2026-09-01,2028-05-26,368715.57,East,Medium
POL01354,PRG007,TRT100,2026-06-18,2027-12-07,254712.55,North,High
POL01355,PRG006,TRT082,2026-10-16,2028-07-12,387734.49,East,Medium
POL01356,PRG013,TRT019,2025-08-20,2027-06-16,336527.78,North,Medium
POL01357,PRG012,TRT070,2026-07-06,2028-03-12,380784.26,West,Critical
POL01358,PRG003,TRT082,2025-08-27,2026-04-03,418130.86,East,Medium
POL01359,PRG018,TRT045,2025-02-22,2026-06-17,28243.52,South,Critical
POL01360,PRG004,TRT066,2025-08-10,2026-08-31,354970.61,North,High
POL01361,PRG010,TRT035,2025-09-13,2026-05-13,482065.9,South,High
POL01362,PRG006,TRT063,2025-12-28,2027-08-06,486914.04,West,High
POL01363,PRG003,TRT019,2026-02-18,2027-06-07,425310.02,West,High
POL01364,PRG004,TRT015,2025-05-06,2025-11-07,487792.56,West,High
POL01365,PRG003,TRT053,2026-12-20,2028-03-23,347931.85,North,Medium
POL01366,PRG011,TRT093,2025-02-15,2026-06-19,457365.24,West,Low
POL01367,PRG010,TRT050,2026-05-31,2027-09-08,195626.98,East,Medium
POL01368,PRG011,TRT066,2025-08-31,2027-08-28,145147.75,West,Critical
POL01369,PRG005,TRT043,2025-12-19,2027-08-24,27103.7,East,High
POL01370,PRG021,TRT063,2026-01-14,2027-01-08,378548.63,East,High
POL01371,PRG013,TRT016,2025-10-28,2027-09-02,167300.89,South,High
POL01372,PRG021,TRT016,2026-08-07,2027-07-17,69209.84,West,Critical
POL01373,PRG006,TRT036,2026-08-01,2027-11-24,191476.13,South,Medium
POL01374,PRG024,TRT095,2026-08-09,2028-05-22,7056.47,West,High
POL01375,PRG001,TRT044,2025-01-07,2025-08-16,114096.84,South,Medium
POL01376,PRG025,TRT006,2025-06-16,2026-01-31,387861.91,North,High
POL01377,PRG007,TRT016,2026-05-11,2028-02-25,36768.19,West,Critical
POL01378,PRG009,TRT068,2025-10-08,2027-10-03,448233.32,West,Medium
POL01379,PRG020,TRT014,2025-11-19,2027-10-26,490000.0,East,Low
POL01380,PRG022,TRT075,2025-08-04,2026-07-06,342992.66,East,High
POL01381,PRG008,TRT056,2025-09-30,2026-08-31,420445.92,North,Medium
POL01382,PRG002,TRT039,2025-09-29,2027-05-29,389699.22,South,Medium
POL01383,PRG010,TRT043,2025-09-02,2027-06-06,416957.77,West,Medium
POL01384,PRG010,TRT048,2025-07-14,2026-01-17,402889.92,South,Medium
POL01385,PRG024,TRT005,2026-10-10,2028-04-28,196329.1,East,Medium
POL01386,PRG025,TRT061,2025-08-01,2026-11-24,231627.04,East,High
POL01387,PRG024,TRT032,2026-08-22,2028-03-19,272833.6,East,High
POL01388,PRG016,TRT059,2025-04-26,2025-11-02,41079.89,West,Critical
POL01389,PRG023,TRT096,2026-03-19,2027-11-20,335998.95,West,Medium
POL01390,PRG003,TRT038,2026-01-30,2027-02-09,482963.01,East,Low
POL01391,PRG017,TRT037,2025-09-16,2027-08-31,403461.94,East,Low
POL01392,PRG025,TRT096,2025-10-27,2027-04-07,302427.24,South,Critical
POL01393,PRG020,TRT052,2025-08-26,2026-06-03,255946.52,West,High
POL01394,PRG013,TRT009,2025-12-25,2027-10-22,64240.55,North,High
POL01395,PRG016,TRT060,2026-02-23,2027-11-09,203810.63,East,High
POL01396,PRG004,TRT082,2026-09-05,2027-11-24,395141.81,West,Low
POL01397,PRG011,TRT028,2025-08-01,2027-02-15,139694.87,South,Critical
POL01398,PRG013,TRT092,2026-11-08,2028-03-10,265096.64,West,High
POL01399,PRG001,TRT092,2026-01-13,2027-05-17,146203.36,North,High
POL01400,PRG025,TRT091,2026-08-15,2028-03-04,455237.21,South,High
POL01401,PRG009,TRT011,2025-12-16,2026-08-02,18611.21,North,Critical
POL01402,PRG023,TRT087,2025-01-09,2026-06-02,283921.24,North,Medium
POL01403,PRG025,TRT070,2025-11-25,2026-07-03,311734.55,South,Low
POL01404,PRG012,TRT003,2026-04-28,2028-04-02,84119.32,North,Medium
POL01405,PRG004,TRT092,2026-09-28,2028-01-19,407387.91,South,Low
POL01406,PRG007,TRT030,2025-10-02,2026-06-08,409219.46,East,High
POL01407,PRG013,TRT062,2026-02-26,2027-01-07,163513.15,South,Low
POL01408,PRG014,TRT057,2026-06-20,2027-01-21,139757.72,South,High
POL01409,PRG010,TRT050,2026-06-02,2027-02-28,374030.66,West,High
POL01410,PRG017,TRT015,2026-08-07,2028-04-08,196232.92,South,High
POL01411,PRG004,TRT040,2025-03-05,2026-03-16,407760.92,West,High
POL01412,PRG008,TRT074,2025-03-22,2026-07-14,283962.19,East,Low
POL01413,PRG009,TRT019,2026-05-13,2027-12-15,131106.61,West,High
POL01414,PRG001,TRT088,2025-10-29,2027-05-30,353905.96,West,Low
POL01415,PRG022,TRT002,2025-10-16,2026-10-17,414920.38,East,Critical
POL01416,PRG009,TRT029,2025-12-05,2026-08-17,303574.34,West,Medium
POL01417,PRG013,TRT065,2025-06-04,2026-09-04,269040.57,East,Critical
POL01418,PRG017,TRT013,2025-03-10,2026-03-19,156643.81,North,Low
POL01419,PRG004,TRT021,2026-01-31,2026-09-12,294506.39,South,Low
POL01420,PRG024,TRT057,2025-06-28,2027-02-10,329789.52,West,Low
POL01421,PRG012,TRT078,2026-12-12,2028-05-26,132133.33,North,Low
POL01422,PRG003,TRT006,2025-05-12,2026-08-25,338964.08,West,Low
POL01423,PRG005,TRT050,2026-11-29,2028-02-08,156818.79,West,Medium
POL01424,PRG006,TRT023,2025-04-03,2026-09-29,483161.4,East,Medium
POL01425,PRG013,TRT100,2025-11-16,2026-09-15,167771.97,South,Low
POL01426,PRG003,TRT047,2025-12-08,2026-12-27,60698.82,North,Medium
POL01427,PRG015,TRT072,2026-01-03,2026-11-28,103698.76,North,Medium
POL01428,PRG020,TRT003,2025-09-19,2026-08-08,365497.14,East,High
POL01429,PRG008,TRT090,2025-04-07,2026-02-11,75858.88,West,Critical
POL01430,PRG018,TRT095,2026-04-25,2027-01-05,303055.18,East,Medium
POL01431,PRG010,TRT077,2025-11-04,2026-10-05,364753.8,South,Medium
POL01432,PRG013,TRT005,2025-06-16,2026-06-08,263420.29,West,High
POL01433,PRG014,TRT048,2025-03-23,2026-10-21,238487.17,South,Critical
POL01434,PRG009,TRT068,2026-03-01,2027-02-09,343853.31,North,High
POL01435,PRG021,TRT100,2025-07-18,2027-05-31,491337.61,East,Critical
POL01436,PRG004,TRT068,2026-09-30,2027-10-16,90715.24,South,Medium
POL01437,PRG019,TRT083,2026-03-28,2027-03-09,27714.33,East,Low
POL01438,PRG024,TRT031,2025-01-19,2026-04-10,408699.16,West,Critical
POL01439,PRG016,TRT066,2026-03-30,2027-04-13,186711.92,East,Medium
POL01440,PRG006,TRT099,2025-07-14,2027-03-21,359857.97,South,Low
POL01441,PRG004,TRT064,2026-04-29,2027-09-02,49313.26,South,Low
POL01442,PRG002,TRT100,2026-12-20,2028-03-19,241728.26,South,Low
POL01443,PRG003,TRT078,2026-03-10,2027-04-14,72889.6,South,High
POL01444,PRG022,TRT079,2025-08-13,2026-05-29,128495.26,East,Critical
POL01445,PRG013,TRT022,2025-09-16,2027-04-07,19111.34,East,Medium
POL01446,PRG024,TRT005,2026-07-19,2027-11-02,114188.07,East,Critical
POL01447,PRG024,TRT016,2025-01-13,2026-12-30,480220.61,North,High
POL01448,PRG016,TRT027,2026-06-27,2027-02-26,486971.43,West,Low
POL01449,PRG003,TRT004,2025-01-19,2026-01-02,368171.61,East,High
POL01450,PRG018,TRT003,2025-11-08,2026-05-25,206293.96,East,Low
POL01451,PRG023,TRT039,2025-12-03,2026-12-01,334528.74,South,Low
POL01452,PRG015,TRT047,2026-11-30,2028-05-17,144472.35,North,Medium
POL01453,PRG018,TRT044,2026-12-24,2028-05-05,478914.7,West,Low
POL01454,PRG009,TRT096,2026-12-20,2027-12-04,456660.88,North,Critical
POL01455,PRG014,TRT044,2026-02-14,2027-03-02,287237.95,North,Low
POL01456,PRG010,TRT001,2025-03-12,2025-11-28,474344.43,East,Critical
POL01457,PRG022,TRT066,2026-05-03,2028-03-10,234429.29,East,Low
POL01458,PRG024,TRT022,2025-07-01,2026-01-01,203578.97,West,Critical
POL01459,PRG009,TRT079,2025-08-30,2027-03-04,206453.78,North,High
POL01460,PRG014,TRT097,2026-05-07,2027-01-06,24888.63,South,Low
POL01461,PRG013,TRT065,2025-08-23,2027-03-22,309778.77,North,Low
POL01462,PRG017,TRT054,2026-07-05,2028-03-05,145464.47,East,Medium
POL01463,PRG012,TRT042,2026-01-07,2026-11-06,169677.33,West,Low
POL01464,PRG008,TRT024,2025-05-15,2026-10-31,213284.7,North,Low
POL01465,PRG012,TRT067,2026-01-21,2027-10-24,58149.8,East,Medium
POL01466,PRG021,TRT040,2026-09-01,2027-07-20,43694.33,South,High
POL01467,PRG005,TRT014,2026-09-02,2028-05-22,209066.21,North,Medium
POL01468,PRG017,TRT016,2026-08-03,2027-12-22,306054.01,South,High
POL01469,PRG012,TRT037,2025-11-11,2026-06-16,327038.49,West,Low
POL01470,PRG023,TRT042,2026-08-02,2028-06-12,471383.35,North,Low
POL01471,PRG024,TRT044,2026-08-09,2028-05-01,187215.72,South,Low
POL01472,PRG006,TRT028,2025-05-16,2026-10-09,81503.17,South,Low
POL01473,PRG023,TRT027,2026-04-11,2028-02-29,306389.81,North,High
POL01474,PRG008,TRT036,2026-05-11,2028-03-03,42259.41,South,Medium
POL01475,PRG022,TRT079,2025-07-26,2026-03-13,272554.73,North,High
POL01476,PRG019,TRT012,2026-01-02,2027-02-26,478309.49,South,Low
POL01477,PRG023,TRT058,2025-07-02,2026-07-29,486204.27,North,Critical
POL01478,PRG008,TRT064,2025-09-07,2026-05-29,174876.33,South,Critical
POL01479,PRG013,TRT028,2025-04-22,2026-01-10,68579.95,West,Critical
POL01480,PRG009,TRT085,2025-12-28,2027-09-30,46031.4,East,Critical
POL01481,PRG022,TRT049,2025-01-23,2025-10-12,214209.62,North,Medium
POL01482,PRG004,TRT056,2026-12-15,2027-11-29,435425.9,West,Low
POL01483,PRG002,TRT077,2026-11-19,2027-12-09,283235.37,South,High
POL01484,PRG009,TRT040,2026-05-04,2028-03-06,429700.17,East,Low
POL01485,PRG020,TRT029,2026-03-13,2027-07-14,134571.17,East,Low
POL01486,PRG015,TRT048,2026-03-06,2027-09-24,457102.9,North,Medium
POL01487,PRG010,TRT050,2025-01-22,2025-11-28,165466.67,East,High
POL01488,PRG022,TRT006,2026-02-13,2027-06-16,33435.58,South,Low
POL01489,PRG018,TRT022,2025-03-17,2026-05-06,295922.82,North,Critical
POL01490,PRG004,TRT057,2026-08-16,2027-06-03,396926.73,East,Low
POL01491,PRG016,TRT034,2026-05-14,2027-03-20,182246.0,South,Medium
POL01492,PRG012,TRT001,2026-12-09,2028-09-19,262657.3,East,Medium
POL01493,PRG022,TRT074,2025-12-26,2026-10-06,338835.75,South,Medium
POL01494,PRG002,TRT046,2026-06-27,2028-05-30,399248.88,East,Medium
POL01495,PRG014,TRT040,2026-12-24,2028-08-21,100494.13,North,Low
POL01496,PRG023,TRT058,2026-03-15,2027-07-06,52555.0,West,Critical
POL01497,PRG019,TRT062,2025-10-14,2027-05-22,165766.52,South,Low
POL01498,PRG009,TRT001,2025-05-17,2025-12-04,210948.91,West,Critical
POL01499,PRG024,TRT009,2025-02-12,2026-10-20,100690.76,West,High
POL01500,PRG005,TRT046,2025-11-30,2027-10-19,372930.26,South,Low
POL01501,PRG025,TRT096,2026-10-18,2028-02-15,472191.3,North,Low
POL01502,PRG023,TRT006,2025-04-27,2026-01-29,204632.59,West,High
POL01503,PRG006,TRT043,2025-05-10,2027-03-22,308610.05,East,Critical
POL01504,PRG006,TRT070,2026-02-27,2027-09-04,132739.67,West,Medium
POL01505,PRG003,TRT088,2026-09-02,2027-09-19,339633.77,East,High
POL01506,PRG008,TRT008,2026-09-08,2028-01-21,372839.58,East,High
POL01507,PRG001,TRT005,2026-08-01,2028-07-07,61302.96,East,Medium
POL01508,PRG017,TRT039,2025-05-11,2027-03-12,40627.69,East,Low
POL01509,PRG020,TRT022,2026-03-13,2027-08-15,23080.36,South,Low
POL01510,PRG010,TRT100,2026-07-28,2027-06-12,487610.05,North,Medium
POL01511,PRG003,TRT068,2025-11-28,2026-06-06,400376.09,North,Critical
POL01512,PRG001,TRT010,2026-07-30,2028-03-17,72651.63,North,Low
POL01513,PRG016,TRT087,2025-08-24,2026-10-16,322234.38,South,Critical
POL01514,PRG011,TRT083,2025-04-13,2027-04-11,322888.43,North,High
POL01515,PRG022,TRT048,2026-01-01,2027-10-03,283350.1,North,High
POL01516,PRG006,TRT016,2025-05-07,2026-09-20,354694.48,West,High
POL01517,PRG020,TRT053,2025-05-25,2026-11-20,341271.98,South,Medium
POL01518,PRG003,TRT079,2026-03-17,2026-11-02,471667.99,North,Critical
POL01519,PRG019,TRT100,2025-06-10,2027-03-26,38621.2,East,High
POL01520,PRG018,TRT095,2025-01-10,2026-07-29,314319.2,East,Low
POL01521,PRG002,TRT032,2025-12-12,2026-09-04,78325.77,North,Medium
POL01522,PRG024,TRT099,2026-11-11,2027-09-24,438003.91,West,High
POL01523,PRG014,TRT094,2025-02-06,2025-09-20,58513.54,South,Medium
POL01524,PRG001,TRT010,2025-06-02,2026-12-16,140192.72,South,Critical
POL01525,PRG025,TRT014,2026-01-02,2027-09-03,493624.93,East,Low
POL01526,PRG023,TRT056,2025-06-23,2026-02-11,119272.39,East,Low
POL01527,PRG017,TRT084,2025-09-20,2026-07-18,26032.42,West,High
POL01528,PRG019,TRT025,2025-03-31,2025-11-13,218402.88,South,High
POL01529,PRG016,TRT048,2026-10-04,2027-10-07,185920.24,North,Medium
POL01530,PRG002,TRT036,2025-07-26,2026-09-18,226469.25,South,Critical
POL01531,PRG024,TRT014,2025-12-18,2027-07-11,57295.34,North,Medium
POL01532,PRG002,TRT026,2025-11-23,2027-10-31,87277.0,West,Medium
POL01533,PRG019,TRT016,2025-07-16,2027-05-16,195108.94,South,Critical
POL01534,PRG020,TRT047,2025-07-31,2026-04-24,237485.22,West,High
POL01535,PRG024,TRT080,2025-03-22,2027-01-22,78865.12,West,Low
POL01536,PRG013,TRT084,2025-10-02,2026-06-17,61858.12,North,Medium
POL01537,PRG017,TRT078,2026-06-18,2028-01-13,490848.05,South,High
POL01538,PRG008,TRT008,2025-03-21,2026-10-17,231448.87,East,Low
POL01539,PRG012,TRT001,2026-05-06,2027-09-30,349275.5,South,Low
POL01540,PRG024,TRT028,2025-04-22,2026-02-20,98069.94,East,High
POL01541,PRG014,TRT020,2025-07-20,2027-05-02,473228.19,North,Medium
POL01542,PRG007,TRT047,2026-05-18,2027-06-30,446485.07,West,Critical
POL01543,PRG019,TRT069,2025-09-17,2026-07-14,448162.14,South,High
POL01544,PRG008,TRT081,2026-06-14,2027-02-04,222787.1,North,Medium
POL01545,PRG016,TRT024,2026-11-06,2027-07-12,453657.59,South,Medium
POL01546,PRG023,TRT063,2026-09-27,2027-10-01,171834.52,East,Medium
POL01547,PRG003,TRT034,2025-05-02,2026-07-16,58195.64,West,High
POL01548,PRG021,TRT099,2025-07-09,2027-03-18,54331.37,East,Critical
POL01549,PRG022,TRT031,2025-12-16,2027-08-14,219644.36,East,Medium
POL01550,PRG011,TRT061,2025-07-19,2026-07-10,393769.32,East,Critical
POL01551,PRG006,TRT014,2025-10-25,2026-08-27,204629.89,North,Critical
POL01552,PRG014,TRT049,2026-11-05,2028-11-04,390384.16,North,Low
POL01553,PRG004,TRT086,2025-04-25,2025-12-22,234706.1,East,Medium
POL01554,PRG016,TRT026,2026-06-26,2027-06-30,490337.4,East,Critical
POL01555,PRG001,TRT001,2026-05-13,2028-04-28,180070.33,North,Critical
POL01556,PRG013,TRT097,2026-08-20,2027-02-20,312315.22,West,Medium
POL01557,PRG021,TRT046,2025-02-24,2027-01-16,69973.76,West,Low
POL01558,PRG024,TRT044,2025-08-20,2026-11-04,314999.85,South,Medium
POL01559,PRG021,TRT050,2025-07-26,2026-10-26,105206.41,North,Critical
POL01560,PRG013,TRT082,2025-05-31,2026-05-03,396101.65,West,High
POL01561,PRG019,TRT047,2025-08-02,2026-12-17,261503.67,West,Low
POL01562,PRG014,TRT037,2025-12-06,2026-06-29,119135.14,North,High
POL01563,PRG005,TRT061,2026-05-11,2028-02-25,284895.41,South,Critical
POL01564,PRG018,TRT013,2026-02-24,2027-02-01,85038.41,North,Medium
POL01565,PRG014,TRT091,2025-10-26,2027-09-12,401216.61,East,High
POL01566,PRG012,TRT077,2025-07-08,2026-09-06,84685.61,West,Medium
POL01567,PRG006,TRT036,2025-04-15,2026-03-19,392308.02,East,High
POL01568,PRG025,TRT069,2025-01-06,2025-09-29,59851.95,North,Medium
POL01569,PRG011,TRT056,2025-03-30,2025-12-13,169936.25,West,High
POL01570,PRG022,TRT003,2026-03-13,2028-02-07,381163.83,South,Medium
POL01571,PRG019,TRT030,2026-10-14,2028-06-25,267585.15,East,Medium
POL01572,PRG025,TRT048,2025-09-13,2027-08-10,327227.84,East,Medium
POL01573,PRG019,TRT037,2025-01-05,2026-04-23,323437.41,West,Low
POL01574,PRG025,TRT093,2026-05-28,2027-10-03,264233.94,East,High
POL01575,PRG019,TRT038,2025-11-21,2027-11-18,137468.38,West,Medium
POL01576,PRG011,TRT028,2025-09-10,2026-12-05,80089.47,South,High
POL01577,PRG010,TRT029,2026-04-28,2027-05-25,274794.22,North,Critical
POL01578,PRG005,TRT010,2025-08-14,2026-11-13,403858.74,North,Low
POL01579,PRG003,TRT016,2026-08-02,2027-06-24,187358.46,South,Critical
POL01580,PRG023,TRT016,2026-06-08,2027-03-02,398990.12,South,Low
POL01581,PRG021,TRT062,2025-09-23,2027-08-27,431167.61,North,High
POL01582,PRG024,TRT031,2026-09-28,2028-05-04,132305.18,East,Medium
POL01583,PRG008,TRT040,2025-04-21,2026-11-02,222370.45,West,Critical
POL01584,PRG014,TRT028,2025-12-28,2027-12-16,408931.68,South,Medium
POL01585,PRG016,TRT012,2025-04-30,2027-02-12,295924.13,East,High
POL01586,PRG017,TRT099,2026-11-17,2027-09-30,342688.83,North,Medium
POL01587,PRG015,TRT066,2026-08-04,2027-05-05,438944.89,West,Low
POL01588,PRG017,TRT023,2025-11-13,2027-05-19,416665.17,North,Low
POL01589,PRG004,TRT096,2026-02-27,2027-12-02,178063.94,East,Medium
POL01590,PRG020,TRT099,2026-04-19,2027-09-17,291687.4,East,Medium
POL01591,PRG010,TRT044,2026-02-05,2026-09-11,333247.39,South,Low
POL01592,PRG013,TRT060,2026-11-07,2027-08-29,406004.91,North,Critical
POL01593,PRG024,TRT024,2025-06-16,2026-04-25,74960.26,East,Critical
POL01594,PRG013,TRT003,2026-09-19,2028-07-17,246838.26,South,Critical
POL01595,PRG010,TRT051,2026-12-06,2028-10-24,116099.87,North,Medium
POL01596,PRG019,TRT077,2025-12-22,2026-06-22,266282.62,South,Medium
POL01597,PRG007,TRT027,2025-10-27,2026-05-12,370442.16,North,Critical
POL01598,PRG009,TRT078,2025-01-21,2025-09-13,291899.11,East,Critical
POL01599,PRG003,TRT030,2025-04-19,2026-09-06,446424.9,North,Low
POL01600,PRG003,TRT055,2025-06-10,2026-01-09,299862.52,North,Low
POL01601,PRG012,TRT006,2025-07-18,2026-11-20,258400.43,South,Low
POL01602,PRG008,TRT001,2025-09-18,2026-06-19,135599.35,South,Critical
POL01603,PRG014,TRT059,2026-05-04,2028-02-29,378012.65,East,Critical
POL01604,PRG005,TRT076,2026-08-14,2028-01-03,408433.09,South,High
POL01605,PRG017,TRT020,2026-03-19,2027-11-22,311490.47,South,High
POL01606,PRG005,TRT002,2025-06-10,2026-05-17,179083.8,West,High
POL01607,PRG016,TRT004,2026-06-29,2027-08-01,266647.1,South,Low
POL01608,PRG016,TRT024,2025-01-01,2025-10-09,95866.16,West,High
POL01609,PRG020,TRT079,2025-01-09,2025-07-16,79180.41,South,Critical
POL01610,PRG001,TRT068,2025-09-25,2027-07-31,27590.97,West,Medium
POL01611,PRG015,TRT018,2026-01-17,2027-11-25,338918.66,West,Low
POL01612,PRG010,TRT051,2026-05-08,2027-09-06,439254.07,North,Low
POL01613,PRG010,TRT096,2025-10-09,2027-04-09,374561.31,North,High
POL01614,PRG023,TRT011,2025-04-11,2026-12-01,401472.57,South,High
POL01615,PRG012,TRT074,2026-01-11,2027-04-02,60703.17,East,Medium
POL01616,PRG017,TRT026,2026-03-08,2027-10-23,171322.52,West,Medium
POL01617,PRG010,TRT002,2026-09-26,2027-12-17,97625.13,West,Medium
POL01618,PRG016,TRT026,2025-09-24,2027-06-11,34679.18,South,High
POL01619,PRG024,TRT036,2026-09-30,2028-08-03,486034.14,West,High
POL01620,PRG018,TRT047,2026-09-19,2027-08-13,77447.36,North,Low
POL01621,PRG024,TRT019,2025-08-13,2027-03-28,283664.87,South,Medium
POL01622,PRG021,TRT100,2025-06-10,2026-11-23,242827.14,South,Medium
POL01623,PRG008,TRT098,2026-04-11,2027-03-19,254169.8,South,Critical
POL01624,PRG015,TRT075,2026-08-06,2027-10-30,383384.83,North,Medium
POL01625,PRG025,TRT003,2026-10-18,2028-08-18,29745.87,South,Low
POL01626,PRG018,TRT051,2026-11-04,2028-02-25,304692.14,West,Low
POL01627,PRG019,TRT092,2026-11-08,2028-05-24,318762.2,East,High
POL01628,PRG024,TRT037,2026-10-25,2027-08-08,125341.38,West,Critical
POL01629,PRG014,TRT020,2026-10-11,2027-10-29,22622.47,North,Medium
POL01630,PRG019,TRT088,2026-09-20,2028-04-17,252266.61,North,Low
POL01631,PRG013,TRT078,2026-11-05,2027-07-14,252385.39,South,Medium
POL01632,PRG011,TRT048,2026-08-05,2027-05-28,84505.15,West,Medium
POL01633,PRG022,TRT042,2026-11-23,2028-01-22,316586.76,East,High
POL01634,PRG024,TRT005,2026-09-17,2027-08-19,63262.98,South,Low
POL01635,PRG018,TRT024,2026-03-22,2028-01-27,119473.53,East,Critical
POL01636,PRG022,TRT012,2026-11-08,2027-07-28,372793.76,West,High
POL01637,PRG011,TRT012,2025-06-01,2026-11-13,391889.99,North,High
POL01638,PRG018,TRT043,2026-04-28,2027-03-25,229394.07,West,Critical
POL01639,PRG012,TRT044,2026-12-21,2027-11-20,229624.89,East,High
POL01640,PRG013,TRT089,2025-12-10,2027-09-23,353997.03,South,Low
POL01641,PRG016,TRT009,2026-02-07,2027-11-27,318805.57,South,Medium
POL01642,PRG004,TRT045,2026-11-20,2027-09-27,373326.4,West,Critical
POL01643,PRG013,TRT029,2025-08-01,2027-07-15,154000.93,South,High
POL01644,PRG005,TRT031,2026-10-23,2028-01-11,405077.05,East,Low
POL01645,PRG019,TRT043,2025-02-25,2025-12-30,403167.49,South,Critical
POL01646,PRG018,TRT064,2025-08-28,2026-12-27,261553.98,North,Medium
POL01647,PRG010,TRT028,2025-11-06,2026-10-02,304865.45,South,Low
POL01648,PRG013,TRT052,2026-10-21,2027-08-25,142061.08,South,High
POL01649,PRG025,TRT027,2025-09-08,2026-10-13,120733.35,South,Critical
POL01650,PRG004,TRT033,2026-12-22,2028-09-13,33822.5,North,High
POL01651,PRG005,TRT089,2026-04-19,2027-09-10,243125.94,South,Medium
POL01652,PRG006,TRT078,2025-12-23,2026-08-29,345881.82,South,Low
POL01653,PRG006,TRT075,2025-06-26,2027-02-21,174054.93,North,Low
POL01654,PRG010,TRT062,2026-01-27,2027-03-25,378450.68,South,Low
POL01655,PRG017,TRT067,2025-12-18,2027-03-28,467771.31,West,Medium
POL01656,PRG023,TRT016,2025-03-21,2025-11-06,297966.17,South,Low
POL01657,PRG014,TRT083,2025-07-24,2026-12-29,309350.85,South,Critical
POL01658,PRG007,TRT044,2025-01-24,2025-07-24,460537.43,East,Critical
POL01659,PRG004,TRT011,2026-11-22,2027-05-24,56404.76,West,High
POL01660,PRG018,TRT079,2025-02-16,2027-02-11,64627.17,West,High
POL01661,PRG004,TRT083,2025-06-22,2027-05-23,119050.4,West,Low
POL01662,PRG015,TRT084,2025-02-11,2026-07-07,126878.85,North,Low
POL01663,PRG019,TRT042,2025-01-09,2025-09-27,49487.6,East,High
POL01664,PRG020,TRT060,2025-10-15,2026-06-29,167947.66,North,Critical
POL01665,PRG004,TRT041,2026-11-22,2027-07-31,328652.78,East,Medium
POL01666,PRG001,TRT028,2025-11-06,2026-12-18,267435.86,East,High
POL01667,PRG021,TRT008,2026-12-03,2028-04-02,460565.57,South,Low
POL01668,PRG013,TRT012,2026-01-02,2027-10-13,121248.31,West,Medium
POL01669,PRG023,TRT052,2026-11-24,2027-08-13,340639.9,North,Low
POL01670,PRG006,TRT045,2026-12-31,2028-11-28,210038.69,North,Critical
POL01671,PRG013,TRT098,2026-01-21,2027-04-08,476759.74,East,High
POL01672,PRG003,TRT066,2025-03-24,2026-09-05,182630.42,North,Medium
POL01673,PRG001,TRT007,2025-04-16,2026-10-05,475997.06,South,High
POL01674,PRG024,TRT002,2025-01-29,2026-08-17,245058.57,East,High
POL01675,PRG011,TRT073,2025-04-20,2026-06-19,324432.27,East,Low
POL01676,PRG020,TRT010,2026-02-10,2027-07-12,228294.7,East,Medium
POL01677,PRG001,TRT016,2025-07-27,2026-02-25,320514.49,East,Critical
POL01678,PRG012,TRT036,2025-04-14,2027-04-12,264499.37,South,Medium
POL01679,PRG022,TRT008,2026-01-31,2026-08-01,14157.85,North,Critical
POL01680,PRG003,TRT021,2026-08-24,2028-02-11,172614.48,East,High
POL01681,PRG024,TRT040,2026-10-10,2027-06-02,40160.26,East,High
POL01682,PRG002,TRT100,2026-02-08,2026-10-22,187168.27,South,High
POL01683,PRG023,TRT067,2025-02-27,2026-02-09,10345.26,East,High
POL01684,PRG020,TRT062,2025-06-14,2027-02-02,23559.24,West,Medium
POL01685,PRG011,TRT035,2026-07-29,2027-04-03,241030.81,East,Medium
POL01686,PRG025,TRT075,2026-03-20,2027-11-24,278901.89,West,Medium
POL01687,PRG012,TRT064,2026-03-12,2028-01-29,108282.11,West,Critical
POL01688,PRG004,TRT025,2025-12-29,2027-08-21,490406.26,South,High
POL01689,PRG021,TRT084,2025-07-20,2027-03-03,286436.26,South,Medium
POL01690,PRG007,TRT026,2026-11-28,2028-07-07,376558.92,East,Critical
POL01691,PRG003,TRT036,2025-07-28,2026-10-02,397516.02,West,Medium
POL01692,PRG019,TRT051,2025-11-14,2027-01-22,479878.22,South,High
POL01693,PRG017,TRT073,2025-07-27,2026-09-17,68291.49,South,High
POL01694,PRG016,TRT080,2025-10-29,2026-05-25,39771.14,East,High
POL01695,PRG016,TRT084,2025-07-07,2027-02-21,364043.75,South,Critical
POL01696,PRG006,TRT063,2025-05-21,2026-06-21,10823.38,West,Medium
POL01697,PRG024,TRT086,2025-12-03,2026-09-06,273056.33,South,Low
POL01698,PRG016,TRT033,2026-08-21,2028-02-08,119794.71,West,Critical
POL01699,PRG014,TRT099,2025-08-13,2027-02-22,420713.59,East,Medium
POL01700,PRG012,TRT011,2026-08-24,2027-11-16,438753.12,North,High
POL01701,PRG001,TRT062,2026-01-22,2026-10-06,495546.23,West,Medium
POL01702,PRG013,TRT008,2025-11-09,2027-01-21,82098.2,West,Medium
POL01703,PRG025,TRT048,2026-04-20,2027-12-20,86956.15,East,High
POL01704,PRG007,TRT076,2026-10-20,2027-10-02,190510.99,East,Critical
POL01705,PRG003,TRT076,2025-09-10,2026-04-15,466561.17,North,Medium
POL01706,PRG017,TRT091,2026-02-11,2026-09-06,401666.6,East,Medium
POL01707,PRG011,TRT072,2025-04-23,2026-01-17,275794.37,East,Medium
POL01708,PRG016,TRT072,2026-06-28,2028-03-30,482020.16,East,Critical
POL01709,PRG014,TRT017,2025-02-12,2027-01-09,327435.11,South,Critical
POL01710,PRG014,TRT073,2026-07-16,2027-01-23,442909.64,East,Medium
POL01711,PRG014,TRT026,2026-03-31,2026-10-27,173078.56,West,Medium
POL01712,PRG004,TRT014,2026-09-24,2027-05-08,79307.12,West,Medium
POL01713,PRG009,TRT017,2025-04-15,2026-12-16,42379.57,East,Medium
POL01714,PRG019,TRT045,2026-08-29,2027-09-04,492121.05,West,High
POL01715,PRG009,TRT029,2025-12-18,2026-07-15,451824.14,South,High
POL01716,PRG007,TRT053,2025-05-18,2027-02-27,150700.03,North,Medium
POL01717,PRG001,TRT059,2026-12-05,2028-10-02,26826.34,East,High
POL01718,PRG005,TRT063,2025-06-28,2026-04-02,167070.82,South,Medium
POL01719,PRG001,TRT039,2025-08-20,2026-06-27,73839.6,South,Low
POL01720,PRG002,TRT028,2026-04-17,2027-01-24,424745.13,South,Low
POL01721,PRG015,TRT069,2026-08-11,2027-09-17,218612.78,South,Critical
POL01722,PRG014,TRT068,2026-07-11,2027-05-27,471672.38,South,Critical
POL01723,PRG014,TRT005,2026-10-08,2027-04-13,55839.19,South,Critical
POL01724,PRG025,TRT063,2026-05-20,2027-09-29,324413.68,East,High
POL01725,PRG016,TRT093,2025-02-10,2026-04-17,35097.44,North,High
POL01726,PRG010,TRT005,2026-10-01,2028-05-15,286072.67,West,Medium
POL01727,PRG003,TRT055,2026-10-02,2027-04-15,492505.22,South,High
POL01728,PRG002,TRT083,2025-02-17,2026-07-28,332126.56,North,Medium
POL01729,PRG009,TRT053,2026-11-17,2028-09-18,328495.61,South,High
POL01730,PRG016,TRT053,2025-07-09,2026-06-21,344992.13,East,Low
POL01731,PRG002,TRT076,2026-07-18,2027-04-25,203314.35,North,Medium
POL01732,PRG016,TRT067,2026-11-01,2027-11-19,377680.97,North,Critical
POL01733,PRG010,TRT052,2025-03-25,2026-01-22,426416.73,North,Critical
POL01734,PRG018,TRT042,2026-12-25,2028-07-26,121267.25,West,High
POL01735,PRG022,TRT023,2026-03-15,2027-06-18,188067.13,West,Critical
POL01736,PRG024,TRT092,2025-01-18,2025-09-12,160269.79,South,Medium
POL01737,PRG005,TRT031,2026-05-30,2028-02-17,378271.56,North,Medium
POL01738,PRG010,TRT046,2025-02-28,2025-11-15,345687.95,South,Medium
POL01739,PRG022,TRT009,2026-08-25,2027-09-05,389455.21,West,Medium
POL01740,PRG010,TRT046,2025-10-06,2027-03-20,355530.85,North,High
POL01741,PRG001,TRT082,2025-12-09,2027-05-24,340084.95,South,High
POL01742,PRG020,TRT039,2025-04-01,2025-11-21,388844.18,North,High
POL01743,PRG006,TRT039,2025-11-28,2026-07-31,318106.56,South,High
POL01744,PRG010,TRT041,2025-09-12,2027-03-01,169527.64,South,Medium
POL01745,PRG022,TRT008,2025-12-03,2027-06-29,329623.51,East,Medium
POL01746,PRG021,TRT058,2026-09-28,2028-02-25,154023.68,South,High
POL01747,PRG021,TRT066,2026-10-04,2028-08-14,351512.42,North,Medium
POL01748,PRG012,TRT034,2026-09-26,2028-01-14,320456.54,West,Critical
POL01749,PRG023,TRT089,2025-07-03,2026-07-27,350180.16,South,Critical
POL01750,PRG012,TRT034,2026-05-04,2028-03-18,242741.38,South,Low
POL01751,PRG024,TRT043,2025-09-18,2027-02-09,117845.99,West,High
POL01752,PRG004,TRT096,2026-04-16,2027-09-27,46168.68,South,Low
POL01753,PRG019,TRT069,2026-01-31,2027-04-16,281863.81,South,High
POL01754,PRG010,TRT042,2026-08-29,2027-06-09,51607.71,South,High
POL01755,PRG022,TRT061,2025-12-22,2026-12-13,320102.5,North,Low
POL01756,PRG004,TRT091,2025-07-07,2026-10-16,110923.21,East,High
POL01757,PRG012,TRT026,2025-11-07,2026-06-05,27742.28,West,Medium
POL01758,PRG021,TRT024,2026-06-01,2027-08-16,396681.64,South,High
POL01759,PRG002,TRT066,2025-03-05,2026-03-12,352037.7,South,Low
POL01760,PRG017,TRT013,2026-09-08,2028-04-14,225303.31,North,High
POL01761,PRG005,TRT002,2025-03-17,2025-11-22,305881.48,North,Low
POL01762,PRG018,TRT063,2025-08-20,2027-02-16,288757.98,West,High
POL01763,PRG005,TRT010,2025-12-10,2026-06-22,429479.35,South,High
POL01764,PRG001,TRT074,2025-01-16,2025-07-24,190681.69,North,Critical
POL01765,PRG020,TRT051,2025-07-14,2026-11-02,254329.97,South,Critical
POL01766,PRG004,TRT032,2026-04-22,2027-01-20,107538.22,South,High
POL01767,PRG018,TRT049,2026-07-06,2027-12-04,438580.12,North,High
POL01768,PRG016,TRT100,2026-10-09,2028-04-07,226838.61,West,High
POL01769,PRG005,TRT079,2026-09-09,2027-03-24,147459.78,North,Critical
POL01770,PRG006,TRT095,2025-09-03,2026-10-03,441368.68,West,Medium
POL01771,PRG007,TRT042,2026-09-22,2028-03-01,194852.57,North,Critical
POL01772,PRG012,TRT042,2025-01-17,2026-10-02,386809.41,North,Critical
POL01773,PRG006,TRT097,2025-05-11,2026-03-26,370068.31,East,Critical
POL01774,PRG024,TRT044,2025-03-03,2025-12-23,152132.16,West,Medium
POL01775,PRG022,TRT068,2026-04-29,2027-09-28,113568.75,West,Low
POL01776,PRG023,TRT030,2025-02-20,2025-12-07,24271.53,West,Low
POL01777,PRG016,TRT080,2026-11-24,2028-11-19,99595.99,East,Low
POL01778,PRG016,TRT095,2025-03-08,2025-09-18,163838.6,North,Critical
POL01779,PRG003,TRT009,2026-02-27,2028-01-16,127761.38,West,Medium
POL01780,PRG014,TRT012,2025-11-02,2026-08-15,435727.88,North,Medium
POL01781,PRG001,TRT014,2025-07-08,2026-06-19,11033.89,West,High
POL01782,PRG025,TRT028,2026-12-19,2028-11-13,118535.11,West,High
POL01783,PRG001,TRT026,2026-11-07,2028-06-25,440501.57,East,Low
POL01784,PRG017,TRT077,2026-10-28,2027-11-03,344005.12,North,High
POL01785,PRG010,TRT068,2026-08-20,2028-08-14,401714.87,South,High
POL01786,PRG021,TRT068,2026-02-25,2027-06-03,12018.85,West,Medium
POL01787,PRG020,TRT030,2026-12-28,2027-09-18,395777.76,South,High
POL01788,PRG022,TRT003,2026-06-10,2028-03-12,51899.26,South,Low
POL01789,PRG015,TRT070,2026-10-22,2028-04-07,224183.52,South,Critical
POL01790,PRG017,TRT059,2026-12-14,2027-11-13,67980.52,North,Medium
POL01791,PRG025,TRT071,2026-03-14,2027-09-16,73264.23,East,High
POL01792,PRG023,TRT003,2025-02-21,2025-10-02,279578.19,South,Low
POL01793,PRG024,TRT047,2026-10-27,2027-12-01,47679.7,North,Medium
POL01794,PRG002,TRT095,2026-05-16,2028-03-17,275188.3,North,Critical
POL01795,PRG014,TRT084,2025-03-25,2027-02-22,398226.78,West,Low
POL01796,PRG017,TRT017,2025-11-14,2026-12-27,127679.34,South,Critical
POL01797,PRG019,TRT035,2025-08-19,2026-05-06,423521.82,North,High
POL01798,PRG001,TRT043,2026-09-03,2027-12-13,385527.7,East,Medium
POL01799,PRG001,TRT078,2026-03-15,2027-04-23,239149.1,South,High
POL01800,PRG003,TRT006,2026-08-14,2028-01-01,177343.27,South,High
POL01801,PRG015,TRT037,2025-10-03,2026-11-19,331203.1,West,High
POL01802,PRG007,TRT046,2025-01-09,2026-06-21,268352.13,North,Low
POL01803,PRG001,TRT005,2026-04-26,2027-10-23,281208.64,West,Medium
POL01804,PRG020,TRT074,2025-05-23,2026-07-12,211708.85,West,Critical
POL01805,PRG002,TRT054,2025-11-13,2026-12-16,295535.66,North,Medium
POL01806,PRG012,TRT048,2025-06-20,2026-08-10,264835.43,East,Medium
POL01807,PRG014,TRT088,2026-03-01,2027-01-10,336483.92,South,Critical
POL01808,PRG014,TRT092,2026-08-09,2028-04-29,224679.77,South,Medium
POL01809,PRG001,TRT083,2025-07-25,2027-01-27,351938.02,North,High
POL01810,PRG003,TRT022,2025-12-28,2027-12-16,21150.59,South,Critical
POL01811,PRG015,TRT081,2026-03-02,2027-05-14,38920.76,East,High
POL01812,PRG014,TRT090,2025-09-07,2026-09-01,220575.84,South,Medium
POL01813,PRG010,TRT029,2025-09-30,2026-08-14,149699.95,West,High
POL01814,PRG001,TRT061,2025-01-26,2026-07-16,452172.15,West,Low
POL01815,PRG020,TRT035,2025-08-10,2026-10-22,475069.07,South,High
POL01816,PRG019,TRT064,2026-08-25,2027-09-07,127139.33,East,Critical
POL01817,PRG003,TRT010,2026-03-16,2027-11-12,9744.21,South,Medium
POL01818,PRG003,TRT073,2025-01-31,2026-01-26,484611.29,North,Medium
POL01819,PRG014,TRT029,2025-03-13,2025-11-27,153523.0,East,Low
POL01820,PRG009,TRT021,2026-03-31,2028-01-19,270980.97,South,Medium
POL01821,PRG012,TRT100,2025-05-15,2026-08-15,391371.52,West,Medium
POL01822,PRG006,TRT006,2025-05-03,2026-12-07,202287.5,South,Medium
POL01823,PRG008,TRT025,2026-06-24,2028-03-09,228908.85,West,Critical
POL01824,PRG024,TRT045,2026-10-13,2027-04-30,33105.34,North,Medium
POL01825,PRG014,TRT011,2026-08-29,2027-09-30,201302.07,East,Medium
POL01826,PRG004,TRT011,2026-07-10,2027-05-01,282729.08,North,Critical
POL01827,PRG005,TRT076,2025-05-06,2026-10-12,433227.15,North,Medium
POL01828,PRG022,TRT045,2025-12-06,2027-08-20,415732.38,South,High
POL01829,PRG012,TRT090,2025-04-12,2027-02-07,419301.51,South,Critical
POL01830,PRG006,TRT083,2025-03-07,2026-08-29,396963.9,East,Critical
POL01831,PRG018,TRT047,2026-12-19,2028-12-07,252232.88,North,Low
POL01832,PRG010,TRT088,2025-04-29,2025-11-04,210229.83,North,Medium
POL01833,PRG015,TRT026,2025-05-28,2026-05-26,81993.4,East,High
POL01834,PRG021,TRT077,2026-04-16,2027-03-11,298500.31,East,Low
POL01835,PRG001,TRT099,2026-12-01,2027-06-08,168998.42,North,Low
POL01836,PRG015,TRT020,2026-07-04,2027-08-16,348193.64,West,Critical
POL01837,PRG020,TRT021,2026-01-07,2026-10-29,95521.98,West,High
POL01838,PRG004,TRT078,2025-06-11,2026-12-02,314102.78,South,Critical
POL01839,PRG022,TRT095,2026-01-28,2027-03-26,299424.62,North,High
POL01840,PRG012,TRT064,2025-06-30,2026-07-29,6081.36,South,High
POL01841,PRG013,TRT076,2025-08-18,2027-05-04,189474.6,North,Low
POL01842,PRG003,TRT057,2026-05-30,2027-07-15,395087.43,North,Critical
POL01843,PRG012,TRT095,2026-05-01,2028-03-03,487372.71,East,Critical
POL01844,PRG006,TRT017,2026-03-27,2027-07-30,31972.97,South,Medium
POL01845,PRG010,TRT100,2026-01-14,2027-05-27,347907.37,East,High
POL01846,PRG010,TRT020,2025-08-23,2026-06-28,428736.77,West,Low
POL01847,PRG024,TRT011,2026-11-29,2027-07-17,16488.17,West,Medium
POL01848,PRG025,TRT018,2026-10-25,2028-08-12,277767.1,West,Medium
POL01849,PRG001,TRT033,2025-10-11,2026-06-12,158655.83,East,Medium
POL01850,PRG002,TRT082,2025-08-23,2026-12-14,168511.72,South,Low
POL01851,PRG016,TRT035,2025-08-21,2026-08-28,167373.05,South,Low
POL01852,PRG019,TRT096,2025-08-13,2026-06-12,494857.5,North,Critical
POL01853,PRG009,TRT071,2026-07-17,2027-10-29,295533.39,East,Medium
POL01854,PRG024,TRT083,2025-06-05,2026-05-05,149527.91,West,High
POL01855,PRG013,TRT098,2025-04-23,2027-02-19,341623.98,North,High
POL01856,PRG004,TRT059,2025-01-02,2025-10-14,474213.71,North,Critical
POL01857,PRG020,TRT050,2026-03-13,2027-07-12,166265.82,East,High
POL01858,PRG010,TRT011,2025-11-25,2027-01-19,466660.06,South,Critical
POL01859,PRG003,TRT083,2025-01-19,2027-01-13,268238.96,West,Medium
POL01860,PRG018,TRT038,2026-03-25,2027-09-06,150204.07,East,Critical
POL01861,PRG023,TRT047,2026-02-17,2027-08-22,302178.91,East,Medium
POL01862,PRG021,TRT019,2026-11-18,2028-08-09,53832.01,North,Low
POL01863,PRG014,TRT068,2026-08-29,2028-02-03,334455.75,West,Low
POL01864,PRG011,TRT039,2025-05-28,2026-12-17,219942.23,South,High
POL01865,PRG008,TRT082,2025-03-10,2027-03-05,236906.83,West,Low
POL01866,PRG024,TRT052,2025-08-11,2026-07-06,455297.17,North,Critical
POL01867,PRG023,TRT046,2026-05-27,2027-07-02,436819.25,East,Critical
POL01868,PRG012,TRT098,2026-03-20,2026-12-26,300392.41,West,High
POL01869,PRG025,TRT058,2025-08-07,2026-06-10,89786.79,East,Medium
POL01870,PRG002,TRT045,2025-08-27,2026-12-30,161512.33,South,High
POL01871,PRG008,TRT026,2025-04-20,2026-07-21,373690.5,East,Low
POL01872,PRG011,TRT073,2026-07-19,2028-02-02,413474.62,West,Medium
POL01873,PRG013,TRT005,2026-02-25,2026-08-26,226628.51,North,Medium
POL01874,PRG001,TRT033,2025-04-26,2026-07-22,183883.19,North,Low
POL01875,PRG020,TRT026,2026-07-29,2027-06-24,290460.3,East,Low
POL01876,PRG013,TRT092,2025-03-19,2027-01-14,103547.86,West,Low
POL01877,PRG011,TRT035,2026-12-01,2027-06-30,186507.34,North,Critical
POL01878,PRG008,TRT073,2026-04-23,2028-01-18,119082.54,South,Critical
POL01879,PRG006,TRT003,2026-06-06,2027-07-29,188143.0,North,Low
POL01880,PRG024,TRT017,2025-07-04,2026-07-18,114660.44,West,Critical
POL01881,PRG024,TRT014,2025-11-03,2027-09-19,476282.9,East,Medium
POL01882,PRG007,TRT019,2026-03-20,2027-10-09,191335.79,South,High
POL01883,PRG018,TRT041,2025-04-20,2026-09-01,157703.06,North,Low
POL01884,PRG003,TRT022,2027-01-01,2028-12-17,392105.43,North,Medium
POL01885,PRG010,TRT073,2026-09-25,2027-09-29,452303.13,West,Low
POL01886,PRG010,TRT043,2026-03-11,2028-02-28,95731.48,North,High
POL01887,PRG005,TRT025,2026-07-05,2027-05-16,231115.56,East,High
POL01888,PRG007,TRT085,2025-06-24,2027-04-11,345439.31,East,High
POL01889,PRG002,TRT009,2025-12-09,2026-08-23,233038.33,North,Critical
POL01890,PRG003,TRT082,2025-12-04,2027-06-10,89191.76,South,High
POL01891,PRG019,TRT004,2026-10-21,2028-03-29,122916.82,South,Medium
POL01892,PRG025,TRT017,2025-08-25,2026-12-21,259045.93,West,Medium
POL01893,PRG004,TRT099,2025-02-05,2026-05-19,348318.34,South,High
POL01894,PRG003,TRT057,2025-07-14,2026-05-19,240177.33,East,Critical
POL01895,PRG019,TRT010,2026-10-18,2028-03-13,72307.78,West,High
POL01896,PRG002,TRT054,2025-07-25,2026-02-10,19913.49,East,Low
POL01897,PRG003,TRT006,2026-07-16,2028-01-15,472478.64,West,Low
POL01898,PRG008,TRT043,2026-05-28,2028-02-14,484530.11,North,Low
POL01899,PRG002,TRT026,2026-10-05,2028-04-20,161137.26,North,Medium
POL01900,PRG008,TRT065,2026-10-17,2027-09-13,350407.0,East,Critical
POL01901,PRG020,TRT014,2025-03-29,2026-12-23,95439.99,North,Critical
POL01902,PRG016,TRT008,2026-11-14,2028-02-18,429815.7,South,Medium
POL01903,PRG016,TRT053,2026-02-22,2027-12-11,23961.37,East,Medium
POL01904,PRG017,TRT078,2025-12-03,2026-11-01,223996.1,West,High
POL01905,PRG005,TRT028,2026-08-14,2027-12-13,439123.2,North,Low
POL01906,PRG002,TRT039,2026-03-07,2028-02-19,362300.92,East,Medium
POL01907,PRG021,TRT083,2025-12-11,2026-12-19,165438.77,South,Critical
POL01908,PRG004,TRT075,2026-01-30,2027-11-09,17162.92,East,High
POL01909,PRG019,TRT075,2025-09-16,2026-08-08,132938.2,West,Low
POL01910,PRG016,TRT015,2026-05-28,2027-01-26,117044.23,West,Low
POL01911,PRG002,TRT037,2025-11-13,2027-05-04,20245.96,South,High
POL01912,PRG011,TRT072,2026-05-14,2027-11-13,288049.98,West,Critical
POL01913,PRG015,TRT015,2025-08-31,2026-11-10,12716.56,North,Low
POL01914,PRG003,TRT021,2025-01-23,2027-01-23,171972.86,South,High
POL01915,PRG016,TRT010,2025-08-05,2026-06-02,181847.66,South,Low
POL01916,PRG022,TRT055,2026-06-02,2027-05-28,226177.31,East,Low
POL01917,PRG003,TRT062,2025-01-30,2027-01-21,130705.33,East,Medium
POL01918,PRG001,TRT063,2026-01-01,2026-09-20,24497.01,East,Low
POL01919,PRG020,TRT069,2026-05-24,2027-04-16,34635.83,West,Critical
POL01920,PRG010,TRT005,2025-11-08,2026-07-30,5252.1,South,High
POL01921,PRG017,TRT076,2026-01-24,2027-03-21,241550.48,North,Low
POL01922,PRG011,TRT001,2026-09-19,2027-09-21,405677.1,North,Critical
POL01923,PRG019,TRT075,2026-06-10,2027-08-04,426136.84,South,Medium
POL01924,PRG005,TRT006,2026-07-28,2027-11-27,21353.81,North,Critical
POL01925,PRG013,TRT060,2026-11-27,2027-08-03,316919.56,West,Critical
POL01926,PRG009,TRT035,2026-08-10,2027-02-07,86927.65,North,Medium
POL01927,PRG021,TRT078,2025-01-01,2026-08-06,5758.85,East,Low
POL01928,PRG020,TRT048,2026-06-28,2028-02-03,143441.23,North,Low
POL01929,PRG008,TRT013,2025-06-23,2026-04-17,416567.53,East,Medium
POL01930,PRG012,TRT027,2025-07-16,2026-09-01,162839.62,East,Low
POL01931,PRG016,TRT094,2025-09-26,2027-07-29,414611.26,East,Low
POL01932,PRG016,TRT061,2026-09-18,2027-08-21,399833.84,South,Critical
POL01933,PRG013,TRT059,2025-08-19,2026-03-13,209778.4,South,Medium
POL01934,PRG016,TRT076,2026-08-17,2027-09-17,261807.0,East,Medium
POL01935,PRG016,TRT001,2025-12-10,2026-08-23,414579.38,East,High
POL01936,PRG009,TRT093,2025-03-05,2026-04-24,380477.39,East,High
POL01937,PRG005,TRT061,2025-09-16,2027-05-14,498438.3,South,High
POL01938,PRG017,TRT071,2025-08-02,2027-03-03,175725.21,West,Critical
POL01939,PRG011,TRT054,2025-04-30,2026-03-04,264349.91,East,Medium
POL01940,PRG022,TRT036,2026-11-29,2027-10-02,47335.04,West,Low
POL01941,PRG009,TRT016,2026-04-14,2028-01-03,476620.65,West,Critical
POL01942,PRG016,TRT068,2025-03-29,2027-01-25,74918.06,South,High
POL01943,PRG006,TRT089,2026-12-28,2027-08-02,84949.61,East,Medium
POL01944,PRG014,TRT069,2025-06-05,2026-01-28,81571.26,East,High
POL01945,PRG022,TRT035,2025-12-12,2027-04-11,297283.25,North,Critical
POL01946,PRG006,TRT006,2026-12-02,2027-08-14,103899.89,North,Medium
POL01947,PRG002,TRT039,2026-04-28,2027-06-26,186672.01,East,Critical
POL01948,PRG015,TRT013,2026-04-19,2026-12-16,133377.19,South,High
POL01949,PRG009,TRT020,2025-08-05,2027-06-16,83614.88,East,Medium
POL01950,PRG015,TRT048,2025-06-20,2027-01-04,187388.54,West,Critical
POL01951,PRG012,TRT046,2026-12-11,2028-05-24,266449.22,West,Low
POL01952,PRG014,TRT060,2026-08-07,2028-04-30,238727.61,North,High
POL01953,PRG025,TRT018,2025-08-10,2026-11-21,309585.91,North,High
POL01954,PRG019,TRT048,2026-10-21,2027-12-12,104412.43,North,High
POL01955,PRG018,TRT061,2026-03-12,2027-09-19,269847.76,East,Low
POL01956,PRG004,TRT020,2026-04-21,2027-02-28,37136.44,South,Critical
POL01957,PRG008,TRT093,2025-09-21,2026-12-28,229251.4,East,Medium
POL01958,PRG024,TRT093,2025-08-10,2027-06-21,442628.27,East,Critical
POL01959,PRG011,TRT051,2026-11-21,2028-08-29,160860.1,North,Low
POL01960,PRG003,TRT040,2025-03-06,2026-11-14,471052.35,West,Low
POL01961,PRG004,TRT098,2026-07-12,2027-05-12,309840.22,South,Critical
POL01962,PRG024,TRT083,2025-08-21,2027-04-29,266939.34,West,Critical
POL01963,PRG008,TRT038,2026-12-24,2028-02-22,71627.96,West,Low
POL01964,PRG011,TRT019,2025-06-15,2026-02-28,376203.79,West,Medium
POL01965,PRG014,TRT070,2026-11-18,2028-05-12,314052.31,South,Low
POL01966,PRG011,TRT031,2025-11-24,2027-08-29,430491.02,West,Low
POL01967,PRG005,TRT050,2025-07-17,2027-07-08,290857.86,South,High
POL01968,PRG025,TRT041,2025-11-05,2027-10-19,243871.97,West,Medium
POL01969,PRG024,TRT036,2026-03-07,2026-12-26,69836.33,South,Critical
POL01970,PRG003,TRT012,2026-07-04,2027-03-24,307761.47,North,Low
POL01971,PRG009,TRT039,2025-01-19,2026-09-27,420876.14,West,Low
POL01972,PRG017,TRT043,2026-12-06,2027-07-21,266519.77,West,Critical
POL01973,PRG001,TRT097,2026-09-16,2028-04-12,288684.29,West,Medium
POL01974,PRG013,TRT037,2026-09-20,2027-09-27,382373.08,South,Critical
POL01975,PRG009,TRT085,2026-11-24,2028-05-10,139296.2,West,High
POL01976,PRG003,TRT051,2026-01-03,2026-09-01,242113.32,East,Critical
POL01977,PRG015,TRT051,2026-01-04,2027-09-17,459379.95,South,Low
POL01978,PRG021,TRT008,2025-01-01,2026-03-01,5265.83,South,Low
POL01979,PRG013,TRT049,2026-08-07,2028-01-20,61999.74,South,Low
POL01980,PRG005,TRT068,2026-11-12,2027-09-13,162771.39,South,Medium
POL01981,PRG018,TRT049,2026-09-19,2027-11-23,288826.58,South,Medium
POL01982,PRG019,TRT094,2026-04-17,2027-04-05,192961.03,North,Critical
POL01983,PRG001,TRT071,2025-05-17,2026-08-14,263480.78,East,Medium
POL01984,PRG011,TRT007,2025-05-14,2026-01-09,279601.91,East,High
POL01985,PRG021,TRT087,2026-12-07,2027-07-21,440119.47,West,Medium
POL01986,PRG015,TRT086,2026-10-10,2028-09-20,409277.67,South,Medium
POL01987,PRG001,TRT043,2026-12-18,2028-03-14,166320.67,East,Low
POL01988,PRG009,TRT001,2025-05-03,2026-01-07,43718.34,East,High
POL01989,PRG019,TRT047,2026-11-11,2028-05-19,313155.93,East,High
POL01990,PRG021,TRT035,2026-11-18,2028-04-30,433580.49,North,Medium
POL01991,PRG007,TRT028,2026-10-23,2028-06-26,320950.01,West,Medium
POL01992,PRG006,TRT046,2025-06-18,2027-05-24,41410.97,East,Low
POL01993,PRG001,TRT049,2026-06-26,2028-04-25,93607.47,North,Medium
POL01994,PRG010,TRT023,2026-10-12,2028-05-27,196344.07,South,High
POL01995,PRG015,TRT094,2026-10-18,2028-06-19,447841.9,West,Low
POL01996,PRG014,TRT090,2026-02-15,2027-11-20,455305.0,East,Critical
POL01997,PRG023,TRT024,2026-04-05,2027-07-21,429166.3,East,Critical
POL01998,PRG013,TRT054,2025-04-20,2027-02-03,367959.54,East,Medium
POL01999,PRG025,TRT057,2026-01-13,2028-01-08,48453.77,North,Medium
POL02000,PRG022,TRT006,2026-07-28,2028-05-10,328488.37,South,Medium
POL02001,PRG015,TRT081,2026-08-25,2027-05-05,215754.0,East,Critical
POL02002,PRG024,TRT085,2026-05-28,2027-06-15,387759.94,West,Critical
POL02003,PRG001,TRT068,2025-06-30,2026-10-09,375061.74,West,Critical
POL02004,PRG019,TRT040,2026-08-06,2028-03-25,76265.7,South,Critical
POL02005,PRG019,TRT021,2026-04-22,2026-11-20,356725.7,West,High
POL02006,PRG016,TRT029,2025-02-01,2025-08-06,55096.86,East,Medium
POL02007,PRG015,TRT059,2026-06-17,2027-05-17,400630.63,South,Critical
POL02008,PRG014,TRT050,2025-11-17,2027-02-01,188647.05,South,High
POL02009,PRG021,TRT026,2025-05-28,2026-01-19,22320.92,North,Critical
POL02010,PRG025,TRT014,2025-12-25,2027-06-03,323784.2,East,Critical
POL02011,PRG022,TRT033,2025-10-05,2027-03-02,346130.09,East,Critical
POL02012,PRG016,TRT028,2026-07-24,2027-09-25,321061.8,East,Low
POL02013,PRG007,TRT003,2026-12-31,2028-06-17,260096.85,North,Low
POL02014,PRG013,TRT013,2026-09-02,2027-06-18,478139.37,West,Critical
POL02015,PRG010,TRT041,2025-12-12,2027-08-21,406866.42,North,Critical
POL02016,PRG002,TRT072,2025-01-09,2025-11-27,359134.64,West,Medium
POL02017,PRG017,TRT019,2026-11-17,2028-09-19,119641.41,South,Critical
POL02018,PRG024,TRT047,2026-09-22,2028-02-29,481988.67,East,Medium
POL02019,PRG002,TRT085,2026-12-29,2027-07-30,477546.1,North,High
POL02020,PRG002,TRT022,2026-12-14,2027-12-05,92940.78,East,High
POL02021,PRG013,TRT085,2025-05-10,2026-06-08,370673.37,West,Low
POL02022,PRG003,TRT070,2025-03-11,2026-04-13,111328.26,South,High
POL02023,PRG001,TRT071,2025-08-24,2027-01-06,121525.02,East,Critical
POL02024,PRG003,TRT010,2025-11-06,2026-12-17,192874.35,West,Medium
POL02025,PRG017,TRT059,2026-05-05,2027-03-21,62402.75,North,Medium
POL02026,PRG024,TRT033,2025-04-21,2027-02-25,167048.13,East,Critical
POL02027,PRG022,TRT083,2026-07-26,2027-07-31,10054.89,West,Critical
POL02028,PRG012,TRT012,2025-09-10,2027-04-06,56346.67,East,Low
POL02029,PRG014,TRT084,2026-09-08,2028-03-25,45671.29,North,Critical
POL02030,PRG023,TRT068,2026-05-23,2026-12-08,360816.21,South,Low
POL02031,PRG003,TRT079,2026-10-03,2027-08-08,49853.19,West,Low
POL02032,PRG016,TRT066,2025-11-17,2027-11-13,147242.82,East,High
POL02033,PRG010,TRT078,2026-05-21,2027-02-02,167024.76,North,High
POL02034,PRG016,TRT024,2025-12-16,2027-01-03,23627.5,West,High
POL02035,PRG019,TRT045,2025-06-10,2027-01-24,205727.55,South,Critical
POL02036,PRG021,TRT084,2026-03-17,2027-07-22,236803.68,North,Low
POL02037,PRG020,TRT094,2025-03-04,2026-12-12,120386.4,North,High
POL02038,PRG017,TRT001,2026-08-09,2028-03-25,487103.86,South,Low
POL02039,PRG006,TRT076,2025-05-09,2026-10-28,53907.88,North,Critical
POL02040,PRG006,TRT080,2025-03-13,2026-09-18,336114.42,West,Critical
POL02041,PRG024,TRT055,2026-12-23,2028-01-25,86573.84,North,Low
POL02042,PRG005,TRT036,2026-06-02,2027-10-31,143761.24,North,Low
POL02043,PRG008,TRT006,2025-03-25,2027-02-15,46731.8,South,Low
POL02044,PRG021,TRT053,2026-01-24,2027-11-24,385874.58,North,High
POL02045,PRG008,TRT044,2026-07-01,2027-12-30,104953.97,West,Medium
POL02046,PRG022,TRT043,2026-02-12,2026-10-27,61284.85,North,Low
POL02047,PRG011,TRT066,2025-12-19,2026-07-28,329581.04,West,Low
POL02048,PRG002,TRT026,2025-08-16,2026-12-16,111928.81,North,Low
POL02049,PRG006,TRT029,2025-04-15,2026-01-20,291607.3,South,High
POL02050,PRG017,TRT004,2026-05-09,2026-11-28,482361.46,West,Medium
POL02051,PRG007,TRT003,2026-04-23,2027-10-18,350930.23,North,Critical
POL02052,PRG010,TRT080,2026-01-18,2027-01-06,374159.14,North,Critical
POL02053,PRG017,TRT022,2025-09-13,2026-11-06,150331.45,South,Critical
POL02054,PRG024,TRT039,2025-05-06,2026-06-27,328578.52,West,High
POL02055,PRG003,TRT009,2025-07-31,2026-03-12,393344.05,South,High
POL02056,PRG017,TRT005,2025-09-06,2027-07-17,294908.26,North,High
POL02057,PRG007,TRT083,2026-03-24,2026-11-13,374795.14,West,Low
POL02058,PRG014,TRT003,2026-08-25,2027-09-16,48242.36,North,Critical
POL02059,PRG014,TRT096,2026-12-30,2027-12-19,390123.52,East,Critical
POL02060,PRG017,TRT082,2025-12-30,2027-01-27,59303.66,West,Medium
POL02061,PRG024,TRT076,2025-11-06,2027-02-19,362424.22,South,Medium
POL02062,PRG003,TRT025,2026-01-10,2026-12-28,26791.76,South,Medium
POL02063,PRG004,TRT038,2025-05-22,2026-04-14,189910.58,East,Critical
POL02064,PRG023,TRT014,2026-09-25,2028-08-25,213956.75,East,Medium
POL02065,PRG021,TRT037,2026-05-22,2027-02-20,468350.17,West,Medium
POL02066,PRG009,TRT063,2026-10-01,2027-11-06,488908.63,West,Medium
POL02067,PRG003,TRT048,2025-06-10,2026-02-05,352425.71,South,High
POL02068,PRG006,TRT025,2026-07-22,2027-03-12,80860.88,West,Critical
POL02069,PRG003,TRT078,2026-09-18,2027-08-15,35669.35,East,Critical
POL02070,PRG010,TRT039,2025-03-07,2027-01-21,210233.31,South,Medium
POL02071,PRG011,TRT011,2025-03-14,2026-09-29,256424.78,North,Critical
POL02072,PRG011,TRT048,2025-10-03,2027-04-28,136755.69,West,Medium
POL02073,PRG007,TRT022,2026-04-20,2028-04-04,162495.38,South,Low
POL02074,PRG009,TRT030,2026-05-13,2027-04-10,119769.23,South,High
POL02075,PRG004,TRT010,2025-05-22,2025-12-03,383979.52,West,Critical
POL02076,PRG017,TRT097,2026-11-17,2028-09-10,435801.29,East,Critical
POL02077,PRG021,TRT067,2025-03-09,2027-02-17,422854.46,West,Medium
POL02078,PRG006,TRT099,2025-07-26,2026-02-13,341237.52,East,High
POL02079,PRG013,TRT059,2025-03-15,2026-01-13,82099.26,West,High
POL02080,PRG013,TRT051,2026-03-19,2028-02-19,120937.42,North,High
POL02081,PRG006,TRT032,2025-02-09,2026-03-21,113676.22,South,Medium
POL02082,PRG015,TRT007,2025-11-09,2026-09-23,412030.11,North,Low
POL02083,PRG006,TRT097,2025-01-24,2026-09-15,355572.81,West,Critical
POL02084,PRG005,TRT078,2026-04-21,2027-11-08,483951.64,North,High
POL02085,PRG008,TRT080,2026-09-13,2028-01-20,395402.67,North,Medium
POL02086,PRG024,TRT060,2025-03-04,2027-02-23,313732.19,North,Critical
POL02087,PRG015,TRT058,2026-10-25,2027-10-12,310902.99,North,Medium
POL02088,PRG001,TRT035,2025-04-05,2027-02-26,271952.91,West,High
POL02089,PRG002,TRT047,2025-09-25,2026-12-02,131701.15,South,Medium
POL02090,PRG012,TRT035,2025-07-25,2026-09-03,491350.76,North,Critical
POL02091,PRG009,TRT066,2025-06-03,2026-03-11,117820.32,West,Medium
POL02092,PRG023,TRT026,2026-04-02,2027-06-17,276153.65,North,High
POL02093,PRG006,TRT100,2025-03-12,2026-02-03,89825.8,North,Low
POL02094,PRG018,TRT034,2025-06-23,2027-04-09,72305.53,East,High
POL02095,PRG011,TRT094,2025-08-07,2027-04-25,49053.24,South,Low
POL02096,PRG023,TRT095,2025-05-03,2027-03-10,89191.98,West,Critical
POL02097,PRG008,TRT079,2025-12-23,2026-10-02,195010.04,East,Medium
POL02098,PRG016,TRT033,2025-02-26,2026-10-16,40906.84,East,Critical
POL02099,PRG005,TRT078,2026-06-26,2028-02-19,110982.44,East,Low
POL02100,PRG016,TRT092,2025-02-11,2026-05-08,215272.01,North,Medium
POL02101,PRG014,TRT095,2026-06-26,2027-12-26,456616.48,West,Critical
POL02102,PRG017,TRT014,2025-03-26,2025-12-31,355538.92,South,Medium
POL02103,PRG008,TRT100,2026-08-27,2027-04-15,134700.93,North,High
POL02104,PRG003,TRT091,2026-07-10,2027-03-04,192180.49,West,Low
POL02105,PRG003,TRT051,2025-09-16,2026-08-01,340450.75,South,Medium
POL02106,PRG019,TRT071,2025-07-17,2027-03-13,355908.81,North,Critical
POL02107,PRG009,TRT024,2026-03-28,2027-06-28,89840.7,East,Medium
POL02108,PRG007,TRT049,2026-10-09,2027-04-29,379309.87,South,Medium
POL02109,PRG006,TRT096,2025-02-26,2025-12-10,339064.18,South,Low
POL02110,PRG009,TRT082,2026-12-17,2027-10-23,454200.26,South,High
POL02111,PRG024,TRT004,2026-01-30,2027-07-20,381629.17,North,Medium
POL02112,PRG003,TRT030,2026-04-07,2027-03-13,323945.76,West,Critical
POL02113,PRG011,TRT041,2026-03-02,2027-09-25,176147.57,South,Critical
POL02114,PRG018,TRT014,2026-04-07,2027-05-09,29293.13,East,Critical
POL02115,PRG003,TRT036,2026-03-25,2027-08-12,447749.02,South,Critical
POL02116,PRG021,TRT060,2026-05-15,2027-07-13,324818.27,North,Low
POL02117,PRG008,TRT019,2026-07-10,2028-03-09,69279.2,North,Medium
POL02118,PRG008,TRT013,2025-11-18,2026-10-17,342030.61,North,Low
POL02119,PRG023,TRT082,2026-11-04,2028-07-04,224566.99,South,Medium
POL02120,PRG008,TRT028,2026-06-29,2027-10-29,449544.51,East,Critical
POL02121,PRG013,TRT002,2026-09-01,2027-05-15,483671.68,East,Critical
POL02122,PRG016,TRT030,2025-09-07,2027-01-19,169990.6,South,High
POL02123,PRG019,TRT031,2025-07-12,2027-01-21,364021.64,East,Critical
POL02124,PRG013,TRT018,2026-02-28,2027-03-13,486714.2,East,Critical
POL02125,PRG007,TRT094,2026-10-14,2028-01-21,210400.45,West,Medium
POL02126,PRG003,TRT074,2025-09-26,2027-09-05,246393.26,South,Critical
POL02127,PRG011,TRT018,2025-04-26,2027-02-18,459715.66,West,High
POL02128,PRG021,TRT007,2026-04-23,2027-01-06,192233.54,West,High
POL02129,PRG025,TRT035,2026-11-21,2027-06-07,368762.61,North,Critical
POL02130,PRG005,TRT064,2026-12-17,2028-04-14,352082.0,South,High
POL02131,PRG009,TRT036,2026-06-19,2027-04-29,319348.76,South,Low
POL02132,PRG007,TRT028,2025-01-06,2025-12-04,15728.52,East,Critical
POL02133,PRG002,TRT030,2026-07-21,2028-07-08,38663.18,West,Low
POL02134,PRG017,TRT029,2025-09-14,2026-04-05,377055.66,West,Low
POL02135,PRG012,TRT092,2025-06-17,2027-03-01,418508.02,North,Low
POL02136,PRG022,TRT061,2026-04-11,2027-04-03,115227.97,East,Medium
POL02137,PRG012,TRT001,2025-01-19,2025-11-17,499386.2,West,Critical
POL02138,PRG013,TRT013,2025-04-24,2026-10-02,157471.13,East,Low
POL02139,PRG008,TRT048,2025-10-02,2026-05-19,416472.44,West,High
POL02140,PRG014,TRT024,2026-03-15,2026-10-05,436393.7,West,Low
POL02141,PRG012,TRT025,2025-02-25,2026-06-16,396300.58,West,Low
POL02142,PRG008,TRT035,2026-06-11,2027-01-01,446881.33,West,Medium
POL02143,PRG001,TRT091,2025-07-15,2026-11-22,306057.16,East,High
POL02144,PRG024,TRT031,2026-09-11,2027-12-29,56873.36,South,Medium
POL02145,PRG011,TRT090,2026-07-06,2027-11-21,223077.24,North,Critical
POL02146,PRG016,TRT022,2026-04-22,2027-02-08,255016.85,West,High
POL02147,PRG007,TRT094,2026-06-08,2028-04-06,122786.38,North,High
POL02148,PRG011,TRT013,2025-09-09,2026-06-21,175261.49,East,Low
POL02149,PRG025,TRT098,2026-07-31,2027-10-09,51855.37,West,High
POL02150,PRG005,TRT004,2026-07-04,2027-11-01,340311.15,South,Critical
POL02151,PRG006,TRT073,2026-02-05,2027-10-29,68580.51,South,Critical
POL02152,PRG005,TRT074,2025-04-13,2026-08-19,481176.04,East,Critical
POL02153,PRG007,TRT058,2026-04-22,2026-12-19,33432.05,South,Critical
POL02154,PRG021,TRT062,2025-08-30,2027-01-19,274060.46,North,Low
POL02155,PRG020,TRT015,2025-12-20,2026-08-17,456568.69,East,Low
POL02156,PRG003,TRT020,2025-04-04,2026-06-14,469412.29,East,High
POL02157,PRG024,TRT086,2026-06-30,2028-04-16,110547.42,East,Low
POL02158,PRG003,TRT099,2026-11-19,2027-10-16,94843.37,West,Medium
POL02159,PRG012,TRT078,2025-08-10,2026-05-19,398103.94,North,Medium
POL02160,PRG024,TRT045,2025-07-23,2026-06-11,46568.27,West,Medium
POL02161,PRG017,TRT076,2025-09-23,2026-05-15,222840.51,North,Low
POL02162,PRG019,TRT056,2026-01-23,2026-10-10,412813.03,North,High
POL02163,PRG009,TRT027,2025-04-03,2025-11-20,288181.94,North,Low
POL02164,PRG020,TRT075,2026-05-23,2027-05-16,480051.83,South,Medium
POL02165,PRG019,TRT065,2025-01-18,2026-10-22,158513.72,North,High
POL02166,PRG001,TRT031,2026-12-10,2028-12-07,422605.69,West,Low
POL02167,PRG016,TRT060,2025-01-12,2026-11-26,345084.9,East,Critical
POL02168,PRG001,TRT077,2025-12-31,2027-05-04,246061.95,East,Medium
POL02169,PRG023,TRT088,2025-05-04,2026-09-01,25680.93,South,Critical
POL02170,PRG003,TRT099,2026-03-07,2028-02-28,146025.31,South,Medium
POL02171,PRG013,TRT028,2025-10-10,2026-06-05,364888.52,West,Critical
POL02172,PRG004,TRT096,2026-06-27,2027-10-05,338956.92,South,High
POL02173,PRG022,TRT095,2026-05-12,2027-09-25,143178.0,North,High
POL02174,PRG001,TRT033,2025-07-23,2027-01-31,271055.13,South,High
POL02175,PRG024,TRT015,2026-09-19,2027-09-20,254122.87,North,Critical
POL02176,PRG017,TRT059,2026-07-26,2028-03-07,144313.39,South,Medium
POL02177,PRG005,TRT084,2026-10-14,2028-08-20,259288.44,West,High
POL02178,PRG006,TRT032,2025-09-23,2027-06-14,15638.77,South,Critical
POL02179,PRG020,TRT073,2025-02-16,2026-12-08,475693.36,South,Low
POL02180,PRG017,TRT016,2026-07-25,2028-07-04,491721.72,South,Low
POL02181,PRG022,TRT083,2026-01-15,2027-02-09,478129.85,North,High
POL02182,PRG022,TRT079,2025-09-07,2026-07-15,402685.78,South,Medium
POL02183,PRG022,TRT025,2026-06-13,2027-04-19,246393.01,North,Low
POL02184,PRG021,TRT024,2025-11-19,2026-11-30,351545.99,West,Critical
POL02185,PRG002,TRT022,2025-02-09,2027-01-17,441981.73,West,High
POL02186,PRG021,TRT025,2026-10-09,2028-01-04,138176.87,South,Low
POL02187,PRG003,TRT078,2026-05-20,2028-04-18,50876.82,West,Low
POL02188,PRG021,TRT074,2025-03-12,2027-01-27,413946.62,North,Critical
POL02189,PRG012,TRT004,2025-12-05,2026-10-19,8544.04,South,Medium
POL02190,PRG004,TRT074,2026-11-25,2028-04-19,329485.39,North,Critical
POL02191,PRG012,TRT040,2026-07-13,2028-02-28,74558.32,South,Critical
POL02192,PRG006,TRT037,2026-08-31,2028-07-11,358192.53,South,Medium
POL02193,PRG008,TRT071,2026-03-28,2027-03-22,452589.03,North,Medium
POL02194,PRG016,TRT063,2025-02-05,2026-03-08,280349.31,East,Low
POL02195,PRG005,TRT006,2026-11-29,2028-05-14,57893.71,North,Medium
POL02196,PRG003,TRT004,2025-04-13,2026-03-12,315135.25,East,Low
POL02197,PRG007,TRT028,2025-10-18,2027-10-02,20171.29,North,Critical
POL02198,PRG001,TRT009,2025-02-21,2025-11-21,336746.64,East,Medium
POL02199,PRG015,TRT004,2025-07-10,2026-11-25,124232.69,East,Critical
POL02200,PRG023,TRT066,2026-05-06,2028-03-19,385019.95,South,High
POL02201,PRG023,TRT048,2025-05-17,2026-07-03,126798.89,East,Low
POL02202,PRG016,TRT057,2025-05-31,2026-04-02,113954.69,West,Medium
POL02203,PRG006,TRT028,2026-12-12,2028-01-21,326308.63,West,Medium
POL02204,PRG006,TRT040,2026-05-28,2027-02-03,461482.04,North,Low
POL02205,PRG022,TRT033,2026-12-16,2028-01-03,474550.67,West,Critical
POL02206,PRG018,TRT038,2025-01-15,2026-10-05,123668.3,South,High
POL02207,PRG012,TRT055,2026-12-18,2028-03-08,392058.82,North,Low
POL02208,PRG014,TRT001,2025-02-16,2026-08-17,152384.56,North,Medium
POL02209,PRG013,TRT052,2026-03-24,2028-01-14,258925.25,West,Low
POL02210,PRG005,TRT063,2026-11-14,2027-07-10,94826.1,East,Medium
POL02211,PRG025,TRT039,2026-11-28,2028-03-22,445866.55,West,Low
POL02212,PRG025,TRT006,2025-09-25,2026-05-04,46805.27,North,High
POL02213,PRG004,TRT069,2026-05-10,2027-09-29,16733.82,South,Low
POL02214,PRG017,TRT010,2026-01-16,2026-12-21,291816.31,North,Low
POL02215,PRG001,TRT015,2025-05-02,2026-12-03,68149.73,East,Low
POL02216,PRG008,TRT064,2026-11-20,2027-10-24,332776.22,West,Medium
POL02217,PRG006,TRT068,2025-11-28,2027-02-19,448689.91,North,Critical
POL02218,PRG001,TRT039,2025-05-08,2027-03-31,124891.49,East,High
POL02219,PRG021,TRT005,2026-05-12,2027-03-16,361008.22,West,Critical
POL02220,PRG007,TRT010,2025-03-31,2026-03-21,258362.45,East,Medium
POL02221,PRG009,TRT024,2025-03-02,2025-09-14,463756.68,South,High
POL02222,PRG023,TRT089,2026-05-30,2027-06-25,237084.18,East,Critical
POL02223,PRG014,TRT083,2026-05-06,2027-03-11,298810.34,West,Low
POL02224,PRG005,TRT046,2025-03-15,2026-05-08,480659.83,South,Medium
POL02225,PRG011,TRT025,2025-06-21,2026-03-16,279934.98,West,Medium
POL02226,PRG024,TRT087,2026-01-14,2027-09-20,231427.58,North,Low
POL02227,PRG024,TRT047,2026-06-24,2028-04-05,325787.06,West,High
POL02228,PRG023,TRT076,2025-03-17,2025-10-10,489631.24,North,Low
POL02229,PRG002,TRT010,2026-02-07,2026-12-07,53227.76,East,Critical
POL02230,PRG025,TRT035,2025-02-02,2026-01-12,15230.58,North,Medium
POL02231,PRG004,TRT007,2026-11-30,2028-10-31,315064.57,West,Critical
POL02232,PRG010,TRT025,2025-11-13,2026-06-29,12778.92,East,Low
POL02233,PRG004,TRT018,2025-11-11,2026-07-13,128381.93,South,Medium
POL02234,PRG019,TRT056,2025-12-13,2027-02-05,167969.23,West,Critical
POL02235,PRG014,TRT057,2025-03-28,2026-11-22,389959.62,North,Medium
POL02236,PRG015,TRT017,2026-01-18,2027-10-15,435901.91,West,Low
POL02237,PRG008,TRT093,2025-12-03,2027-09-27,255991.04,North,High
POL02238,PRG014,TRT041,2025-08-08,2026-12-22,128329.81,East,High
POL02239,PRG001,TRT009,2025-07-20,2027-03-11,370988.55,East,High
POL02240,PRG013,TRT008,2026-08-03,2028-05-13,398833.89,North,Low
POL02241,PRG009,TRT065,2026-03-26,2026-09-28,200471.5,East,High
POL02242,PRG007,TRT061,2025-01-26,2027-01-13,84605.48,West,High
POL02243,PRG018,TRT055,2026-06-16,2028-05-29,103495.56,North,High
POL02244,PRG019,TRT012,2026-07-31,2027-02-16,418591.82,South,Critical
POL02245,PRG021,TRT019,2025-11-01,2026-10-27,373700.58,South,High
POL02246,PRG017,TRT062,2026-12-07,2028-04-18,259738.0,East,Critical
POL02247,PRG006,TRT090,2025-03-03,2025-11-16,418350.23,East,Critical
POL02248,PRG013,TRT087,2026-05-22,2027-04-18,330065.62,East,High
POL02249,PRG006,TRT012,2026-09-09,2027-04-03,309190.76,East,Critical
POL02250,PRG022,TRT074,2025-10-28,2027-03-19,58297.8,South,High
POL02251,PRG011,TRT032,2025-10-20,2026-11-05,385750.95,East,High
POL02252,PRG023,TRT055,2026-02-03,2027-08-19,135626.68,South,High
POL02253,PRG005,TRT020,2026-01-05,2027-06-24,21889.12,West,Low
POL02254,PRG017,TRT056,2026-05-23,2027-05-10,447631.5,West,Low
POL02255,PRG011,TRT054,2026-11-28,2027-11-12,481685.32,South,Medium
POL02256,PRG006,TRT061,2026-04-22,2028-03-19,448302.62,East,Low
POL02257,PRG021,TRT034,2025-05-30,2026-06-01,142065.77,North,High
POL02258,PRG005,TRT059,2025-03-29,2026-07-27,197235.38,East,Medium
POL02259,PRG012,TRT097,2025-10-21,2026-08-30,365079.84,West,High
POL02260,PRG012,TRT012,2026-01-03,2027-11-25,499360.03,West,High
POL02261,PRG006,TRT056,2026-06-19,2028-05-28,273678.72,North,High
POL02262,PRG004,TRT040,2026-06-04,2027-11-23,397195.09,West,Low
POL02263,PRG011,TRT087,2026-08-22,2027-06-24,482105.41,East,Critical
POL02264,PRG009,TRT083,2025-08-23,2027-03-04,171283.45,North,Medium
POL02265,PRG012,TRT074,2025-12-24,2027-08-21,191783.87,South,Medium
POL02266,PRG013,TRT078,2025-01-08,2025-11-06,450269.37,West,Critical
POL02267,PRG010,TRT073,2025-11-25,2027-09-08,397395.68,East,High
POL02268,PRG012,TRT076,2026-05-07,2027-10-01,59705.84,East,High
POL02269,PRG015,TRT015,2025-10-24,2027-08-01,239879.58,North,Low
POL02270,PRG011,TRT015,2025-02-24,2025-12-30,72161.15,North,Low
POL02271,PRG016,TRT032,2026-11-10,2027-12-31,199054.99,West,Medium
POL02272,PRG025,TRT061,2026-06-28,2028-03-09,482596.69,South,High
POL02273,PRG018,TRT046,2026-04-23,2028-03-25,288773.76,South,Medium
POL02274,PRG009,TRT060,2025-09-06,2026-10-15,365018.19,South,Critical
POL02275,PRG015,TRT004,2025-12-27,2027-05-27,472070.68,East,Critical
POL02276,PRG011,TRT053,2025-04-24,2027-03-19,208240.7,West,Low
POL02277,PRG011,TRT040,2026-07-24,2027-04-17,496444.14,East,Medium
POL02278,PRG002,TRT028,2025-02-06,2025-10-02,261767.11,North,Medium
POL02279,PRG005,TRT038,2026-08-25,2028-05-20,164846.11,North,Critical
POL02280,PRG019,TRT061,2025-06-04,2026-09-21,80599.44,North,Low
POL02281,PRG016,TRT020,2026-04-12,2028-02-01,298241.33,South,Low
POL02282,PRG020,TRT022,2026-04-28,2027-05-29,309786.29,North,Critical
POL02283,PRG013,TRT023,2025-09-08,2027-06-18,307641.39,South,Low
POL02284,PRG024,TRT061,2026-01-05,2027-10-15,376610.46,South,Critical
POL02285,PRG003,TRT099,2025-03-17,2025-11-18,21544.31,South,High
POL02286,PRG019,TRT099,2026-03-27,2026-09-24,259419.94,North,Medium
POL02287,PRG009,TRT063,2025-05-26,2026-09-28,273278.58,North,Low
POL02288,PRG015,TRT008,2026-09-14,2028-05-11,435046.26,North,Medium
POL02289,PRG003,TRT068,2025-11-02,2027-07-21,102028.24,South,Critical
POL02290,PRG005,TRT002,2026-09-18,2027-06-29,470830.47,North,Medium
POL02291,PRG014,TRT020,2026-05-13,2027-05-11,277131.27,North,Medium
POL02292,PRG022,TRT013,2026-12-19,2027-12-06,174609.41,East,High
POL02293,PRG004,TRT035,2026-07-12,2028-02-03,96088.55,South,Critical
POL02294,PRG002,TRT050,2026-04-08,2027-11-16,173752.37,West,Low
POL02295,PRG002,TRT024,2025-02-05,2026-09-23,28302.4,South,Low
POL02296,PRG009,TRT011,2026-12-15,2028-05-20,293661.01,North,Medium
POL02297,PRG023,TRT028,2026-04-30,2026-11-09,105710.52,West,High
POL02298,PRG010,TRT080,2025-12-24,2027-04-16,475878.78,North,High
POL02299,PRG024,TRT080,2026-10-29,2028-02-23,484386.7,South,Medium
POL02300,PRG018,TRT028,2025-08-20,2027-04-02,13319.55,North,Low
POL02301,PRG024,TRT070,2027-01-01,2028-07-20,35982.45,South,High
POL02302,PRG021,TRT057,2026-12-03,2027-12-28,178449.22,East,Low
POL02303,PRG020,TRT052,2025-04-16,2025-11-04,250240.01,West,Low
POL02304,PRG001,TRT056,2026-09-21,2027-08-19,165699.93,East,High
POL02305,PRG024,TRT028,2026-08-09,2027-06-23,460021.77,West,High
POL02306,PRG022,TRT094,2025-03-01,2025-10-20,97672.69,East,Medium
POL02307,PRG011,TRT038,2026-01-03,2026-08-20,116337.14,West,High
POL02308,PRG017,TRT088,2026-10-01,2027-12-14,464665.54,West,Critical
POL02309,PRG023,TRT074,2025-01-26,2026-07-16,133783.98,South,High
POL02310,PRG025,TRT063,2025-05-13,2026-09-28,18551.91,East,Medium
POL02311,PRG021,TRT018,2025-12-21,2026-09-12,321522.8,South,High
POL02312,PRG002,TRT011,2025-01-24,2025-12-24,432313.99,South,Medium
POL02313,PRG008,TRT017,2026-03-09,2027-12-22,292327.13,East,Medium
POL02314,PRG015,TRT073,2025-09-08,2027-04-19,170364.94,North,Medium
POL02315,PRG015,TRT013,2025-12-05,2026-10-01,184519.9,South,Medium
POL02316,PRG013,TRT021,2025-01-20,2025-08-22,285998.65,South,Low
POL02317,PRG007,TRT010,2026-07-06,2027-09-27,313675.9,East,High
POL02318,PRG009,TRT080,2025-03-22,2026-03-18,181391.51,East,Medium
POL02319,PRG020,TRT010,2025-01-08,2026-03-19,28152.23,West,Critical
POL02320,PRG025,TRT055,2025-09-11,2026-04-14,224722.16,South,Critical
POL02321,PRG009,TRT094,2025-04-21,2026-08-30,71759.95,North,High
POL02322,PRG020,TRT044,2026-02-28,2027-11-26,449102.93,North,Critical
POL02323,PRG003,TRT091,2025-07-26,2027-02-11,18934.91,South,High
POL02324,PRG002,TRT098,2025-06-14,2027-05-25,199166.92,West,Medium
POL02325,PRG004,TRT031,2025-07-24,2027-02-28,437126.59,South,Low
POL02326,PRG005,TRT080,2025-02-12,2025-10-10,370930.71,West,Medium
POL02327,PRG021,TRT042,2026-03-09,2026-12-23,300997.56,West,Critical
POL02328,PRG003,TRT100,2025-07-12,2026-03-04,262256.54,West,Medium
POL02329,PRG002,TRT033,2025-03-23,2025-10-03,55032.24,North,Medium
POL02330,PRG019,TRT012,2026-04-24,2027-04-04,434651.22,East,Medium
POL02331,PRG012,TRT054,2025-04-04,2025-11-20,491413.79,West,Critical
POL02332,PRG007,TRT027,2025-04-12,2025-11-21,496751.85,West,Low
POL02333,PRG007,TRT098,2025-04-03,2027-02-05,458724.55,East,Medium
POL02334,PRG022,TRT042,2026-10-17,2027-06-26,259484.39,South,Low
POL02335,PRG016,TRT100,2025-09-03,2027-01-19,77849.79,West,Critical
POL02336,PRG018,TRT074,2026-10-26,2028-10-01,58583.88,East,Critical
POL02337,PRG007,TRT019,2026-07-23,2028-04-30,114013.26,North,Critical
POL02338,PRG003,TRT057,2025-02-09,2026-12-27,241684.35,South,Medium
POL02339,PRG002,TRT015,2026-05-10,2028-01-20,194337.29,North,Medium
POL02340,PRG022,TRT084,2025-06-10,2026-06-21,310428.45,West,Low
POL02341,PRG022,TRT080,2026-04-06,2028-02-26,430082.24,North,High
POL02342,PRG017,TRT087,2026-12-24,2028-04-02,185363.51,West,Low
POL02343,PRG020,TRT041,2026-05-16,2027-10-11,184118.25,North,High
POL02344,PRG008,TRT093,2025-09-14,2027-02-20,86406.74,North,Medium
POL02345,PRG020,TRT072,2025-03-09,2026-01-01,158220.98,West,Low
POL02346,PRG022,TRT069,2025-04-10,2026-08-14,452313.6,South,Critical
POL02347,PRG002,TRT031,2025-11-10,2026-09-05,280946.14,South,Medium
POL02348,PRG004,TRT044,2025-05-22,2027-02-02,233460.97,East,High
POL02349,PRG023,TRT058,2026-08-05,2027-12-03,369706.41,South,Low
POL02350,PRG011,TRT069,2026-11-15,2027-11-30,51786.25,West,Critical
POL02351,PRG015,TRT080,2025-12-21,2026-09-19,182725.56,North,Medium
POL02352,PRG019,TRT073,2026-01-19,2027-06-26,418434.87,West,Critical
POL02353,PRG019,TRT064,2025-02-25,2026-09-23,254391.89,North,Low
POL02354,PRG002,TRT024,2026-12-17,2028-05-29,169395.12,South,Medium
POL02355,PRG012,TRT024,2026-01-06,2026-09-30,298645.93,North,Medium
POL02356,PRG021,TRT055,2025-05-12,2027-03-06,212992.26,South,High
POL02357,PRG023,TRT059,2026-04-02,2027-06-26,192693.61,West,High
POL02358,PRG016,TRT003,2025-07-23,2027-01-29,469377.85,West,Medium
POL02359,PRG017,TRT079,2026-09-16,2027-08-09,284932.79,West,High
POL02360,PRG023,TRT017,2025-01-28,2026-11-15,237958.76,East,High
POL02361,PRG014,TRT079,2025-07-05,2026-08-25,244017.29,East,Critical
POL02362,PRG020,TRT023,2026-02-16,2026-10-14,283759.44,West,High
POL02363,PRG018,TRT040,2026-11-14,2028-08-21,52276.5,South,Low
POL02364,PRG025,TRT031,2026-12-16,2027-06-23,264997.25,East,Low
POL02365,PRG019,TRT098,2025-01-31,2026-02-11,75095.98,West,Medium
POL02366,PRG010,TRT064,2025-11-05,2027-09-01,442109.7,West,Medium
POL02367,PRG010,TRT093,2026-06-17,2027-11-19,233759.53,North,Low
POL02368,PRG023,TRT041,2025-02-08,2026-05-18,213378.86,East,High
POL02369,PRG002,TRT029,2026-07-21,2028-05-12,356077.79,West,Critical
POL02370,PRG017,TRT013,2026-08-09,2027-04-14,273256.98,West,Critical
POL02371,PRG015,TRT037,2025-10-31,2027-07-11,182696.74,North,Critical
POL02372,PRG025,TRT073,2025-08-02,2027-04-05,226695.69,East,High
POL02373,PRG002,TRT038,2025-07-15,2026-01-29,194597.31,East,Medium
POL02374,PRG023,TRT043,2025-08-09,2027-06-02,227485.97,South,Medium
POL02375,PRG016,TRT005,2025-04-27,2026-12-02,299379.53,South,Critical
POL02376,PRG022,TRT023,2026-06-24,2027-02-06,33732.42,East,Low
POL02377,PRG002,TRT035,2025-10-11,2026-07-19,148081.41,North,Medium
POL02378,PRG017,TRT082,2025-12-28,2027-07-15,226282.9,East,Critical
POL02379,PRG011,TRT041,2025-04-23,2027-01-02,477509.05,North,High
POL02380,PRG025,TRT032,2026-02-01,2027-12-15,403926.12,South,Critical
POL02381,PRG008,TRT086,2025-07-13,2026-08-08,343260.24,East,Critical
POL02382,PRG020,TRT061,2026-01-04,2026-07-03,358448.4,West,Low
POL02383,PRG025,TRT013,2026-06-09,2028-05-19,385326.01,South,Critical
POL02384,PRG017,TRT075,2026-10-30,2028-01-08,338625.18,North,Critical
POL02385,PRG007,TRT003,2025-02-16,2026-04-13,249435.92,West,Critical
POL02386,PRG011,TRT084,2026-07-30,2028-03-23,488554.1,North,Low
POL02387,PRG007,TRT091,2025-12-16,2027-06-22,423796.69,North,Low
POL02388,PRG025,TRT045,2025-06-14,2027-03-09,478861.13,North,High
POL02389,PRG004,TRT065,2026-11-12,2027-11-10,166556.84,South,Low
POL02390,PRG004,TRT075,2025-07-12,2026-10-24,413250.38,East,Medium
POL02391,PRG016,TRT080,2026-10-13,2027-11-06,388562.43,East,Medium
POL02392,PRG010,TRT038,2025-03-26,2026-07-31,165140.91,South,Low
POL02393,PRG008,TRT025,2025-10-04,2027-06-10,421774.41,East,Medium
POL02394,PRG025,TRT056,2026-12-09,2028-06-22,280034.6,East,Medium
POL02395,PRG005,TRT008,2025-12-14,2027-07-23,237285.39,West,Medium
POL02396,PRG020,TRT083,2026-05-11,2027-06-16,341312.76,West,Medium
POL02397,PRG001,TRT031,2026-06-22,2028-03-23,105429.55,East,High
POL02398,PRG008,TRT036,2025-02-13,2025-09-06,151738.07,West,Medium
POL02399,PRG020,TRT053,2025-07-14,2026-09-25,46011.33,South,Critical
POL02400,PRG022,TRT075,2026-12-25,2028-09-25,202267.34,North,Medium
POL02401,PRG020,TRT042,2026-01-25,2026-12-05,220467.99,West,Critical
POL02402,PRG012,TRT043,2025-01-05,2025-12-23,313481.58,South,Medium
POL02403,PRG023,TRT026,2026-12-20,2027-08-23,268578.64,North,High
POL02404,PRG011,TRT069,2026-08-23,2027-12-09,311368.03,South,Critical
POL02405,PRG004,TRT007,2026-06-16,2028-05-26,268791.71,West,Medium
POL02406,PRG001,TRT095,2025-01-08,2026-02-25,329000.75,West,Medium
POL02407,PRG019,TRT065,2026-07-17,2027-05-04,157084.43,North,Critical
POL02408,PRG013,TRT010,2025-02-18,2025-08-23,393887.51,West,Medium
POL02409,PRG022,TRT056,2026-06-01,2027-01-26,23810.24,East,High
POL02410,PRG022,TRT086,2026-01-18,2027-05-10,300986.67,South,Critical
POL02411,PRG003,TRT006,2026-11-01,2027-06-18,115953.59,West,Medium
POL02412,PRG020,TRT075,2025-09-20,2026-05-28,35436.57,East,Critical
POL02413,PRG018,TRT028,2025-06-22,2026-03-29,94247.0,East,Low
POL02414,PRG015,TRT016,2025-06-02,2027-01-26,67254.04,West,Low
POL02415,PRG012,TRT017,2025-12-23,2027-03-16,143490.9,North,Critical
POL02416,PRG022,TRT050,2026-05-17,2027-10-02,196742.76,East,Medium
POL02417,PRG005,TRT099,2025-08-27,2027-06-23,165164.43,West,Critical
POL02418,PRG023,TRT056,2026-08-11,2027-11-06,314454.63,East,Critical
POL02419,PRG017,TRT043,2026-12-02,2027-08-09,420645.25,North,High
POL02420,PRG012,TRT084,2026-04-04,2028-02-10,11584.48,South,Medium
POL02421,PRG014,TRT090,2026-03-25,2028-03-20,155577.87,North,Medium
POL02422,PRG014,TRT044,2025-10-08,2027-05-22,186041.92,South,Critical
POL02423,PRG015,TRT025,2026-01-15,2027-01-19,174745.07,East,High
POL02424,PRG001,TRT080,2025-11-03,2027-01-13,15148.6,North,Critical
POL02425,PRG024,TRT019,2025-05-20,2026-08-05,373903.45,East,Low
POL02426,PRG002,TRT028,2025-09-05,2026-04-18,144984.05,West,Low
POL02427,PRG011,TRT086,2026-04-24,2027-01-21,292174.68,West,Critical
POL02428,PRG020,TRT060,2025-06-13,2026-11-10,365114.12,West,Low
POL02429,PRG001,TRT038,2026-01-21,2026-12-28,423328.77,South,Low
POL02430,PRG003,TRT085,2026-12-26,2028-05-02,45437.72,North,High
POL02431,PRG014,TRT061,2025-07-18,2026-04-19,70498.93,East,High
POL02432,PRG005,TRT017,2026-06-01,2027-05-24,327782.0,East,Low
POL02433,PRG025,TRT085,2026-02-04,2027-11-22,150963.46,West,Low
POL02434,PRG025,TRT024,2026-09-29,2028-09-01,476772.86,West,High
POL02435,PRG018,TRT003,2026-03-12,2027-07-02,374678.73,East,Low
POL02436,PRG017,TRT012,2026-07-18,2028-05-04,32327.92,South,Medium
POL02437,PRG016,TRT011,2026-01-13,2026-10-24,232255.04,East,Critical
POL02438,PRG016,TRT048,2026-06-23,2028-06-22,364746.22,North,Low
POL02439,PRG009,TRT078,2025-03-28,2026-05-06,11607.61,North,Low
POL02440,PRG025,TRT070,2025-08-23,2026-06-05,186233.1,North,Low
POL02441,PRG004,TRT002,2026-11-27,2028-10-14,222694.14,North,Medium
POL02442,PRG005,TRT014,2025-12-08,2027-05-21,194775.86,South,Medium
POL02443,PRG023,TRT092,2025-05-01,2027-04-08,47763.16,South,Medium
POL02444,PRG015,TRT022,2026-06-14,2027-08-13,460005.72,East,Critical
POL02445,PRG015,TRT082,2026-10-18,2027-05-08,477818.39,South,Critical
POL02446,PRG023,TRT025,2026-04-13,2027-10-03,56996.3,East,Medium
POL02447,PRG021,TRT069,2025-03-08,2025-11-04,265679.18,East,High
POL02448,PRG024,TRT030,2026-08-28,2028-06-12,110425.86,South,Low
POL02449,PRG014,TRT058,2026-01-27,2027-02-21,104345.46,North,Critical
POL02450,PRG009,TRT068,2026-10-23,2027-07-03,389806.78,North,Critical
POL02451,PRG020,TRT074,2025-09-27,2027-08-10,394090.66,North,Medium
POL02452,PRG001,TRT012,2026-03-22,2027-02-19,77980.98,North,Low
POL02453,PRG025,TRT023,2025-06-05,2026-08-28,379489.43,West,Critical
POL02454,PRG016,TRT055,2025-06-29,2027-04-27,39186.52,West,Low
POL02455,PRG010,TRT077,2025-03-06,2026-11-26,314811.46,West,High
POL02456,PRG014,TRT039,2026-01-28,2027-12-01,69118.05,North,Critical
POL02457,PRG017,TRT002,2026-08-23,2028-03-14,53134.79,West,Low
POL02458,PRG018,TRT044,2026-12-29,2028-11-08,71762.44,East,Critical
POL02459,PRG001,TRT082,2026-02-13,2027-05-01,98455.36,East,Critical
POL02460,PRG019,TRT017,2025-08-23,2027-06-30,34706.27,East,Medium
POL02461,PRG004,TRT060,2025-09-11,2026-12-29,7840.11,South,Medium
POL02462,PRG004,TRT054,2026-02-27,2026-11-25,458913.02,East,Low
POL02463,PRG015,TRT090,2025-11-11,2027-02-22,480870.02,East,Medium
POL02464,PRG012,TRT067,2026-11-13,2027-08-30,166465.69,West,High
POL02465,PRG017,TRT041,2025-06-23,2027-01-17,458682.15,South,Medium
POL02466,PRG019,TRT034,2026-03-23,2027-10-04,73810.83,West,High
POL02467,PRG018,TRT009,2025-03-13,2025-11-12,54276.13,South,Low
POL02468,PRG018,TRT052,2025-02-24,2027-01-09,201076.31,South,Critical
POL02469,PRG011,TRT098,2026-02-08,2027-11-02,359512.05,West,Critical
POL02470,PRG018,TRT070,2026-06-02,2027-09-05,5536.05,East,High
POL02471,PRG021,TRT050,2025-04-17,2026-10-25,231184.53,West,Low
POL02472,PRG018,TRT084,2025-10-27,2026-07-30,199266.29,West,Low
POL02473,PRG018,TRT049,2025-12-27,2027-10-03,437394.44,North,Medium
POL02474,PRG016,TRT066,2026-01-04,2027-03-03,78969.74,West,Medium
POL02475,PRG004,TRT029,2026-11-06,2027-05-28,178233.26,North,Critical
POL02476,PRG001,TRT003,2025-09-15,2027-03-02,85371.77,East,Critical
POL02477,PRG015,TRT033,2026-10-11,2027-06-05,53307.03,North,Low
POL02478,PRG021,TRT038,2025-10-07,2026-05-14,235591.84,West,Critical
POL02479,PRG009,TRT027,2026-09-07,2028-05-20,127500.93,East,Critical
POL02480,PRG017,TRT087,2026-11-01,2028-05-23,15450.86,South,Low
POL02481,PRG007,TRT059,2025-06-08,2027-05-17,353678.23,South,High
POL02482,PRG019,TRT087,2025-12-27,2026-10-20,119144.73,West,Critical
POL02483,PRG008,TRT073,2025-10-03,2027-06-17,16343.49,North,Critical
POL02484,PRG013,TRT039,2025-08-23,2026-04-08,119778.63,East,Critical
POL02485,PRG021,TRT092,2025-02-22,2026-10-04,224057.4,North,High
POL02486,PRG003,TRT059,2026-03-29,2028-03-19,64700.68,South,Low
POL02487,PRG025,TRT005,2025-07-13,2026-08-06,217349.35,East,High
POL02488,PRG024,TRT091,2026-10-21,2028-04-17,269493.69,West,Medium
POL02489,PRG010,TRT038,2026-07-23,2027-10-14,60640.11,South,High
POL02490,PRG004,TRT067,2026-11-27,2027-09-27,20894.12,West,Low
POL02491,PRG025,TRT070,2026-02-04,2028-01-23,177331.61,East,Medium
POL02492,PRG020,TRT058,2026-01-10,2027-02-24,66945.16,North,High
POL02493,PRG025,TRT042,2025-12-04,2027-03-02,424801.05,North,Critical
POL02494,PRG012,TRT026,2026-04-04,2027-05-17,322708.29,North,Medium
POL02495,PRG011,TRT032,2025-08-13,2026-08-28,411444.39,East,Critical
POL02496,PRG006,TRT077,2026-11-28,2027-10-23,457881.11,South,Low
POL02497,PRG002,TRT086,2025-08-12,2027-05-30,150578.15,East,High
POL02498,PRG015,TRT073,2025-06-30,2026-02-11,122935.37,West,High
POL02499,PRG025,TRT052,2025-07-28,2026-10-19,87685.1,East,Medium
POL02500,PRG002,TRT072,2026-07-13,2027-09-06,451554.03,North,High
POL02501,PRG014,TRT054,2025-10-31,2026-08-14,84326.12,East,Medium
POL02502,PRG006,TRT054,2026-08-03,2028-03-17,21140.79,West,Critical
POL02503,PRG002,TRT092,2026-01-28,2026-12-22,328322.26,North,High
POL02504,PRG018,TRT099,2026-02-19,2028-01-06,227376.19,West,Medium
POL02505,PRG004,TRT038,2025-11-12,2026-09-02,100467.21,West,Low
POL02506,PRG021,TRT083,2026-04-10,2027-02-01,482663.57,South,Critical
POL02507,PRG016,TRT073,2025-01-09,2026-10-11,257264.62,North,Medium
POL02508,PRG001,TRT007,2026-02-03,2028-01-03,247012.53,North,Medium
POL02509,PRG008,TRT068,2026-05-03,2028-03-14,339027.33,East,Medium
POL02510,PRG023,TRT036,2025-05-24,2026-09-02,265304.53,North,Medium
POL02511,PRG016,TRT022,2025-12-25,2026-07-21,224565.21,North,Low
POL02512,PRG016,TRT045,2025-07-22,2026-06-15,300165.85,East,Critical
POL02513,PRG023,TRT029,2026-08-15,2028-02-03,107208.56,East,Critical
POL02514,PRG015,TRT097,2026-12-14,2028-07-20,13778.83,West,High
POL02515,PRG009,TRT024,2026-05-06,2027-10-27,252384.74,North,Medium
POL02516,PRG025,TRT096,2026-01-20,2026-11-26,238138.58,North,Low
POL02517,PRG019,TRT070,2025-10-01,2027-09-02,189741.88,South,Medium
POL02518,PRG013,TRT096,2026-09-13,2028-06-15,135306.7,South,High
POL02519,PRG013,TRT019,2026-09-23,2028-08-23,315306.35,West,Critical
POL02520,PRG019,TRT025,2025-01-06,2026-08-21,361691.67,West,Low
POL02521,PRG021,TRT041,2026-08-30,2028-02-05,253543.41,East,Critical
POL02522,PRG013,TRT001,2026-12-06,2028-06-07,449791.29,East,Low
POL02523,PRG018,TRT100,2025-10-31,2026-09-22,309779.12,West,Low
POL02524,PRG004,TRT060,2026-06-08,2027-11-10,34421.5,West,Medium
POL02525,PRG020,TRT090,2025-10-13,2026-11-23,440683.63,North,Low
POL02526,PRG025,TRT069,2026-11-25,2028-05-18,232242.25,East,Medium
POL02527,PRG001,TRT079,2026-04-06,2026-12-11,70757.55,West,Low
POL02528,PRG005,TRT012,2025-10-03,2026-10-11,153538.81,West,Low
POL02529,PRG014,TRT068,2026-04-07,2027-05-29,378604.3,South,High
POL02530,PRG020,TRT018,2025-01-15,2026-04-24,243438.28,East,Medium
POL02531,PRG007,TRT039,2026-07-07,2027-05-24,285610.1,West,Low
POL02532,PRG007,TRT085,2025-02-11,2026-12-15,297401.41,East,Low
POL02533,PRG013,TRT046,2026-01-02,2026-07-27,258298.28,West,Low
POL02534,PRG004,TRT073,2026-04-25,2027-07-09,291561.47,North,Low
POL02535,PRG015,TRT033,2025-08-14,2027-04-27,136552.97,West,Medium
POL02536,PRG023,TRT067,2025-07-07,2026-07-16,40655.65,South,Low
POL02537,PRG006,TRT014,2025-10-19,2026-08-05,436161.35,South,Medium
POL02538,PRG025,TRT010,2026-01-29,2026-11-28,470977.06,South,Low
POL02539,PRG013,TRT005,2025-05-01,2027-04-21,303513.15,East,High
POL02540,PRG008,TRT019,2026-04-01,2027-03-08,412159.99,East,Low
POL02541,PRG011,TRT062,2026-02-28,2027-02-19,127515.5,North,Low
POL02542,PRG007,TRT098,2025-12-15,2027-12-02,218510.56,South,Low
POL02543,PRG022,TRT053,2025-09-11,2026-11-11,330755.06,South,Critical
POL02544,PRG019,TRT025,2025-12-03,2027-07-30,33527.23,North,Critical
POL02545,PRG016,TRT082,2025-07-28,2026-07-04,49153.61,West,High
POL02546,PRG024,TRT046,2026-11-06,2028-01-20,153313.93,West,Critical
POL02547,PRG014,TRT026,2026-05-05,2026-11-08,230372.78,North,High
POL02548,PRG024,TRT075,2026-02-27,2026-09-12,404583.59,West,Low
POL02549,PRG022,TRT060,2025-11-30,2026-11-01,381981.99,East,Critical
POL02550,PRG009,TRT082,2026-03-21,2027-04-30,184955.33,West,Critical
POL02551,PRG012,TRT037,2026-12-22,2028-12-10,408703.65,East,Medium
POL02552,PRG021,TRT079,2025-01-19,2027-01-08,155257.61,South,Medium
POL02553,PRG010,TRT051,2025-05-11,2026-04-08,421738.02,North,Low
POL02554,PRG003,TRT028,2026-09-03,2028-08-21,126747.89,North,High
POL02555,PRG010,TRT012,2026-01-29,2028-01-12,45349.14,West,Low
POL02556,PRG021,TRT026,2025-12-05,2027-01-26,331577.26,South,Critical
POL02557,PRG024,TRT049,2025-04-24,2026-06-18,56631.29,West,Critical
POL02558,PRG025,TRT049,2026-05-15,2028-02-02,145702.38,North,High
POL02559,PRG024,TRT069,2026-12-05,2028-06-20,334656.96,South,High
POL02560,PRG008,TRT089,2026-12-15,2027-07-29,55269.43,North,Medium
POL02561,PRG022,TRT063,2026-11-04,2028-06-14,340263.98,West,Low
POL02562,PRG009,TRT084,2025-12-02,2027-06-10,347295.0,South,Medium
POL02563,PRG024,TRT078,2026-12-13,2028-10-15,5337.9,West,Medium
POL02564,PRG024,TRT083,2026-02-02,2027-09-17,279778.82,South,Critical
POL02565,PRG002,TRT039,2025-01-08,2026-07-15,424613.5,West,Critical
POL02566,PRG003,TRT083,2026-12-31,2027-11-18,373456.57,North,Critical
POL02567,PRG013,TRT016,2025-07-07,2027-05-22,358229.67,West,Low
POL02568,PRG001,TRT002,2026-02-13,2028-01-22,400637.93,East,Low
POL02569,PRG021,TRT039,2026-09-01,2027-04-11,453585.03,East,Low
POL02570,PRG013,TRT088,2026-02-22,2027-10-23,189077.46,South,Critical
POL02571,PRG011,TRT075,2026-08-06,2027-06-30,449943.63,West,Medium
POL02572,PRG025,TRT097,2026-02-18,2027-06-25,324251.04,West,Critical
POL02573,PRG010,TRT089,2026-06-15,2027-10-19,156701.69,South,Critical
POL02574,PRG024,TRT031,2025-07-16,2026-12-21,334270.12,South,Critical
POL02575,PRG008,TRT058,2025-11-13,2026-07-02,486887.52,East,Low
POL02576,PRG018,TRT041,2026-03-06,2027-04-28,402027.07,East,High
POL02577,PRG023,TRT041,2025-01-28,2026-11-16,327401.91,East,Critical
POL02578,PRG013,TRT003,2025-07-19,2027-04-01,236722.59,East,High
POL02579,PRG003,TRT024,2026-09-28,2028-04-03,283781.29,East,Low
POL02580,PRG013,TRT083,2026-07-27,2027-02-24,220778.4,East,Critical
POL02581,PRG012,TRT007,2025-04-22,2027-04-09,429567.25,East,Critical
POL02582,PRG009,TRT013,2026-12-22,2028-07-07,397089.55,East,Low
POL02583,PRG020,TRT007,2026-11-02,2027-10-02,481404.3,North,Medium
POL02584,PRG005,TRT037,2026-03-26,2026-09-23,417509.25,South,Low
POL02585,PRG009,TRT073,2025-11-01,2027-07-24,314462.67,South,Critical
POL02586,PRG009,TRT004,2026-06-28,2028-06-21,420445.85,West,Medium
POL02587,PRG007,TRT069,2025-04-18,2026-06-09,211150.87,South,High
POL02588,PRG020,TRT043,2025-09-28,2027-06-22,183053.86,East,Low
POL02589,PRG019,TRT070,2025-01-02,2025-12-30,192118.63,South,High
POL02590,PRG018,TRT053,2026-05-27,2027-12-09,143245.24,West,Critical
POL02591,PRG019,TRT100,2026-05-29,2027-04-06,111814.72,South,Medium
POL02592,PRG005,TRT008,2025-05-17,2026-07-17,151793.69,South,High
POL02593,PRG012,TRT096,2026-07-12,2027-12-15,57729.04,North,Critical
POL02594,PRG025,TRT072,2025-07-03,2027-01-20,155717.34,North,High
POL02595,PRG001,TRT015,2026-12-14,2028-06-28,227593.14,South,Medium
POL02596,PRG021,TRT044,2025-06-19,2026-05-31,147751.85,South,Critical
POL02597,PRG023,TRT050,2026-02-13,2026-10-01,221416.82,North,High
POL02598,PRG021,TRT071,2025-07-26,2027-04-06,61450.63,South,High
POL02599,PRG013,TRT067,2025-08-23,2027-05-12,350551.41,South,Critical
POL02600,PRG003,TRT083,2025-08-27,2026-04-26,427397.82,North,Low
POL02601,PRG012,TRT088,2025-12-23,2027-09-17,126255.92,East,Critical
POL02602,PRG016,TRT092,2025-08-02,2026-03-14,13800.25,North,High
POL02603,PRG022,TRT034,2025-12-05,2027-08-31,274904.77,West,Medium
POL02604,PRG008,TRT042,2025-12-04,2027-11-02,322877.88,North,High
POL02605,PRG004,TRT008,2025-07-03,2026-11-25,490453.75,West,High
POL02606,PRG015,TRT037,2025-12-31,2027-05-01,382412.75,North,High
POL02607,PRG001,TRT009,2026-06-01,2028-01-06,256628.66,East,Low
POL02608,PRG021,TRT031,2025-08-28,2026-07-05,444031.99,North,High
POL02609,PRG009,TRT084,2025-05-19,2027-04-15,313760.49,South,Low
POL02610,PRG023,TRT099,2026-05-26,2028-01-21,328735.49,South,Critical
POL02611,PRG013,TRT028,2025-05-13,2026-12-27,98487.02,East,High
POL02612,PRG023,TRT002,2025-12-08,2027-09-26,427301.03,North,High
POL02613,PRG021,TRT099,2025-11-19,2026-07-29,262344.77,North,High
POL02614,PRG015,TRT080,2025-01-05,2026-02-15,338211.36,North,Critical
POL02615,PRG001,TRT061,2025-01-30,2025-11-10,6916.92,West,Medium
POL02616,PRG009,TRT023,2025-06-29,2027-06-02,405206.61,North,Low
POL02617,PRG012,TRT028,2025-06-10,2027-05-30,261904.76,West,High
POL02618,PRG016,TRT031,2025-10-27,2027-07-16,23466.33,West,Critical
POL02619,PRG024,TRT065,2026-03-28,2028-02-01,110143.03,South,Medium
POL02620,PRG017,TRT050,2026-10-27,2028-10-20,138008.47,East,Low
POL02621,PRG014,TRT063,2026-06-26,2028-05-26,419504.57,West,High
POL02622,PRG023,TRT055,2026-04-06,2026-11-24,415821.55,South,Critical
POL02623,PRG019,TRT070,2026-07-24,2027-06-24,39124.86,East,Low
POL02624,PRG016,TRT095,2025-07-23,2026-08-15,360930.77,South,Medium
POL02625,PRG024,TRT061,2026-02-15,2026-10-05,252963.98,West,Low
POL02626,PRG025,TRT089,2026-07-14,2028-05-11,216803.01,North,Medium
POL02627,PRG008,TRT033,2025-06-21,2026-02-18,353398.25,South,High
POL02628,PRG008,TRT059,2025-03-07,2026-09-13,449881.64,West,Critical
POL02629,PRG007,TRT072,2025-09-17,2026-10-28,294875.75,South,Low
POL02630,PRG007,TRT021,2026-09-28,2027-07-18,264852.8,North,Medium
POL02631,PRG012,TRT060,2025-03-23,2027-03-18,160912.55,North,High
POL02632,PRG011,TRT027,2026-04-30,2026-12-13,29446.25,West,Low
POL02633,PRG001,TRT075,2026-09-18,2028-03-28,375956.75,South,High
POL02634,PRG023,TRT023,2026-08-03,2027-01-30,201865.52,East,Low
POL02635,PRG024,TRT084,2026-08-31,2027-11-16,192885.41,South,Medium
POL02636,PRG004,TRT024,2026-10-02,2028-06-20,485965.63,North,Medium
POL02637,PRG012,TRT015,2026-12-06,2028-03-06,439360.07,East,High
POL02638,PRG024,TRT089,2026-12-12,2028-11-18,330992.47,North,Low
POL02639,PRG023,TRT071,2026-08-10,2027-07-31,396748.4,East,High
POL02640,PRG008,TRT056,2025-11-23,2026-06-03,198032.22,South,Critical
POL02641,PRG013,TRT004,2025-09-12,2027-06-04,27973.92,North,High
POL02642,PRG024,TRT004,2025-01-15,2026-02-05,151125.34,South,Medium
POL02643,PRG025,TRT048,2025-09-08,2026-12-24,491345.18,East,Critical
POL02644,PRG019,TRT038,2025-09-02,2026-08-14,191384.97,South,Medium
POL02645,PRG022,TRT087,2025-10-02,2027-06-19,184946.19,North,Low
POL02646,PRG019,TRT007,2025-11-18,2026-11-03,227585.97,North,Low
POL02647,PRG022,TRT051,2025-05-05,2026-03-11,34124.36,West,Medium
POL02648,PRG001,TRT020,2026-10-01,2028-03-07,440896.5,North,Low
POL02649,PRG021,TRT067,2026-10-15,2028-08-15,179949.56,North,High
POL02650,PRG016,TRT023,2025-11-11,2026-08-21,174125.46,South,Critical
POL02651,PRG025,TRT085,2026-10-24,2027-08-03,488924.3,East,Low
POL02652,PRG006,TRT034,2025-11-17,2027-03-05,33568.01,East,Medium
POL02653,PRG014,TRT002,2026-02-02,2027-06-27,160738.91,South,High
POL02654,PRG023,TRT054,2025-11-06,2027-03-26,121094.95,South,Medium
POL02655,PRG019,TRT014,2026-11-28,2028-07-21,247575.66,East,Medium
POL02656,PRG020,TRT049,2025-05-19,2027-03-18,448574.23,North,High
POL02657,PRG024,TRT090,2026-05-27,2028-01-16,392162.48,South,High
POL02658,PRG010,TRT008,2026-09-14,2028-09-04,327173.85,South,Medium
POL02659,PRG021,TRT080,2025-03-01,2025-09-25,34604.65,South,Low
POL02660,PRG025,TRT042,2025-12-30,2026-12-12,83023.16,North,Medium
POL02661,PRG010,TRT004,2026-02-08,2027-09-23,480101.68,North,Critical
POL02662,PRG012,TRT076,2026-09-06,2027-05-29,342695.83,North,Critical
POL02663,PRG024,TRT069,2025-07-13,2026-10-01,353006.8,East,Medium
POL02664,PRG013,TRT035,2025-04-25,2025-11-27,97619.45,East,High
POL02665,PRG014,TRT064,2025-02-12,2025-09-14,87554.48,East,Medium
POL02666,PRG009,TRT072,2025-09-14,2027-08-19,474737.14,West,Critical
POL02667,PRG001,TRT024,2026-12-28,2028-01-25,445095.28,South,Medium
POL02668,PRG009,TRT076,2025-12-23,2027-08-19,20197.48,West,High
POL02669,PRG025,TRT040,2025-11-26,2026-06-19,201408.31,North,High
POL02670,PRG007,TRT075,2026-08-07,2027-04-12,203078.79,North,Medium
POL02671,PRG014,TRT090,2025-07-01,2026-09-29,468072.58,North,Medium
POL02672,PRG024,TRT076,2025-02-28,2026-02-27,279406.85,North,Medium
POL02673,PRG024,TRT041,2026-02-20,2027-08-24,78232.62,North,Medium
POL02674,PRG004,TRT042,2025-12-25,2027-03-21,87070.96,South,High
POL02675,PRG001,TRT051,2026-11-30,2028-05-12,379497.29,South,Low
POL02676,PRG015,TRT057,2026-06-17,2027-09-13,144927.14,West,High
POL02677,PRG025,TRT068,2025-04-04,2026-07-08,494402.13,East,Medium
POL02678,PRG006,TRT045,2026-08-23,2028-08-02,291039.63,South,Critical
POL02679,PRG010,TRT048,2025-02-23,2026-04-07,282846.89,West,Medium
POL02680,PRG001,TRT020,2025-05-18,2026-03-02,161974.03,West,Medium
POL02681,PRG003,TRT006,2026-09-19,2027-08-09,40659.38,East,Critical
POL02682,PRG003,TRT020,2025-03-15,2026-12-27,376860.53,South,Critical
POL02683,PRG003,TRT011,2025-06-13,2026-05-04,348879.37,South,High
POL02684,PRG010,TRT060,2025-08-17,2027-04-10,9540.75,South,Medium
POL02685,PRG012,TRT097,2025-08-26,2027-06-27,465623.19,South,Medium
POL02686,PRG006,TRT053,2025-09-10,2027-09-03,306041.64,West,Low
POL02687,PRG019,TRT057,2026-07-26,2027-08-26,323443.32,East,Low
POL02688,PRG013,TRT063,2026-01-25,2027-06-19,242631.19,East,High
POL02689,PRG003,TRT074,2026-08-11,2027-02-24,228612.69,East,Low
POL02690,PRG017,TRT017,2026-03-12,2027-10-10,266782.67,West,Low
POL02691,PRG005,TRT001,2025-04-12,2026-10-14,235476.49,East,Medium
POL02692,PRG016,TRT003,2025-10-31,2027-09-14,498327.87,South,High
POL02693,PRG008,TRT047,2026-06-03,2027-02-17,438555.42,East,Critical
POL02694,PRG013,TRT067,2025-05-22,2026-01-22,64329.24,West,High
POL02695,PRG024,TRT028,2026-01-08,2027-12-24,154802.09,West,Critical
POL02696,PRG020,TRT071,2026-09-14,2027-09-03,190618.16,South,Medium
POL02697,PRG009,TRT057,2026-06-16,2027-03-08,284981.16,South,Medium
POL02698,PRG003,TRT058,2025-10-12,2026-09-12,482583.84,East,Medium
POL02699,PRG001,TRT002,2026-12-22,2028-11-16,257946.79,North,Critical
POL02700,PRG008,TRT057,2026-09-27,2028-07-02,359453.98,South,Critical
POL02701,PRG015,TRT019,2025-10-12,2026-10-06,385970.02,West,High
POL02702,PRG025,TRT070,2026-08-25,2028-03-07,148885.17,West,High
POL02703,PRG003,TRT036,2025-03-07,2027-01-01,166896.12,West,High
POL02704,PRG003,TRT005,2026-02-06,2027-01-02,431577.32,North,Medium
POL02705,PRG005,TRT089,2025-10-22,2027-08-08,111869.5,West,High
POL02706,PRG006,TRT057,2025-11-25,2027-06-08,183044.73,North,High
POL02707,PRG017,TRT056,2025-07-14,2027-03-19,322846.38,West,High
POL02708,PRG010,TRT049,2025-07-26,2026-03-17,349068.0,West,High
POL02709,PRG011,TRT015,2026-12-02,2028-02-07,137248.56,East,Critical
POL02710,PRG020,TRT002,2025-08-29,2026-06-10,302388.58,West,Critical
POL02711,PRG016,TRT018,2026-12-01,2028-08-01,56630.36,South,Low
POL02712,PRG005,TRT075,2026-01-30,2027-10-23,227585.84,South,Low
POL02713,PRG014,TRT054,2025-07-19,2026-03-31,139784.77,North,Low
POL02714,PRG009,TRT087,2026-04-16,2028-01-21,106160.55,West,Critical
POL02715,PRG004,TRT008,2026-06-16,2027-08-23,322001.91,West,Low
POL02716,PRG022,TRT054,2026-10-30,2027-09-26,275392.75,West,Low
POL02717,PRG023,TRT026,2025-12-12,2027-11-11,384021.42,West,Critical
POL02718,PRG008,TRT046,2026-08-08,2028-05-15,432501.0,East,High
POL02719,PRG020,TRT060,2025-03-08,2025-12-29,274860.03,South,Low
POL02720,PRG011,TRT057,2025-05-19,2026-10-23,339039.35,West,Medium
POL02721,PRG003,TRT005,2025-01-25,2026-02-03,209439.5,East,Low
POL02722,PRG008,TRT047,2025-10-03,2027-06-26,200306.89,South,Low
POL02723,PRG015,TRT061,2025-01-08,2026-11-10,111982.35,East,Critical
POL02724,PRG001,TRT023,2026-08-24,2027-10-16,112132.87,South,Critical
POL02725,PRG024,TRT074,2025-10-24,2027-02-12,411468.51,East,Critical
POL02726,PRG022,TRT024,2025-09-24,2027-02-23,395159.93,West,Critical
POL02727,PRG011,TRT048,2026-01-03,2027-01-21,411761.62,North,Medium
POL02728,PRG007,TRT081,2026-12-23,2028-08-08,470357.61,West,Low
POL02729,PRG022,TRT055,2025-09-02,2027-07-30,24093.02,West,Medium
POL02730,PRG018,TRT005,2025-06-21,2026-04-09,156570.96,North,Low
POL02731,PRG004,TRT018,2025-05-09,2026-08-18,56131.03,West,Low
POL02732,PRG024,TRT038,2025-02-05,2026-02-01,376200.93,South,Low
POL02733,PRG024,TRT045,2026-05-10,2027-01-11,177816.01,West,Critical
POL02734,PRG010,TRT017,2025-02-15,2026-03-10,479047.73,West,Critical
POL02735,PRG012,TRT007,2027-01-01,2027-09-02,157979.31,East,Medium
POL02736,PRG013,TRT071,2025-05-04,2026-07-23,119956.11,West,High
POL02737,PRG020,TRT092,2025-04-26,2025-12-30,415719.15,West,High
POL02738,PRG004,TRT066,2026-03-26,2028-02-01,73462.1,North,Critical
POL02739,PRG002,TRT027,2025-02-24,2027-01-30,214956.9,South,Medium
POL02740,PRG019,TRT036,2026-07-29,2027-08-17,230146.41,East,Medium
POL02741,PRG018,TRT087,2026-12-01,2027-08-03,62888.14,North,Medium
POL02742,PRG021,TRT067,2025-03-03,2026-08-12,239731.75,East,Critical
POL02743,PRG018,TRT063,2026-08-31,2027-10-22,13053.16,North,Critical
POL02744,PRG008,TRT069,2026-12-07,2027-09-26,200923.26,North,High
POL02745,PRG006,TRT040,2025-01-05,2025-07-15,407122.48,West,Critical
POL02746,PRG015,TRT078,2025-01-18,2026-06-02,256290.32,West,High
POL02747,PRG001,TRT046,2025-09-20,2027-02-26,411651.82,North,Medium
POL02748,PRG018,TRT046,2025-10-19,2027-09-24,482383.61,North,Critical
POL02749,PRG017,TRT040,2026-01-25,2027-08-16,212501.18,West,Critical
POL02750,PRG019,TRT063,2026-06-30,2027-08-19,285735.75,South,Critical
POL02751,PRG015,TRT050,2025-04-26,2026-03-27,488218.87,East,Medium
POL02752,PRG001,TRT064,2025-12-23,2027-02-25,288882.11,North,Medium
POL02753,PRG016,TRT094,2026-02-10,2026-10-26,465680.61,South,Low
POL02754,PRG025,TRT001,2026-09-10,2027-06-19,191846.13,East,Critical
POL02755,PRG023,TRT035,2026-06-06,2027-12-07,367216.66,North,Critical
POL02756,PRG004,TRT042,2026-11-06,2028-01-09,145834.43,West,High
POL02757,PRG023,TRT071,2025-08-05,2027-07-09,432377.77,West,Medium
POL02758,PRG022,TRT074,2025-07-01,2026-03-22,207832.48,South,Low
POL02759,PRG021,TRT026,2026-02-01,2026-12-02,17175.57,North,Medium
POL02760,PRG013,TRT007,2026-09-14,2028-08-28,21334.12,East,Low
POL02761,PRG023,TRT020,2026-09-24,2028-08-02,401293.22,West,Medium
POL02762,PRG007,TRT038,2025-03-02,2026-11-27,496009.59,South,Medium
POL02763,PRG008,TRT047,2025-06-30,2027-06-11,206759.47,South,Low
POL02764,PRG018,TRT043,2025-06-23,2026-12-10,197797.46,West,High
POL02765,PRG016,TRT050,2026-08-21,2027-08-28,427835.9,South,Critical
POL02766,PRG021,TRT034,2026-03-01,2027-08-17,325105.79,North,High
POL02767,PRG010,TRT074,2025-11-10,2027-05-07,25544.48,South,Medium
POL02768,PRG008,TRT048,2026-05-01,2027-08-07,139687.15,East,Medium
POL02769,PRG023,TRT052,2026-07-04,2027-12-27,306299.35,North,Medium
POL02770,PRG018,TRT089,2025-03-24,2025-10-06,443176.11,North,Low
POL02771,PRG024,TRT084,2026-04-26,2027-07-09,235240.66,East,High
POL02772,PRG009,TRT096,2026-04-04,2027-06-20,77442.7,East,Low
POL02773,PRG023,TRT099,2026-07-03,2027-04-28,85007.14,East,Critical
POL02774,PRG022,TRT035,2026-09-24,2028-01-13,332251.79,East,Low
POL02775,PRG022,TRT002,2026-05-02,2027-03-08,454570.59,South,Critical
POL02776,PRG020,TRT052,2026-01-16,2028-01-05,454751.26,South,Low
POL02777,PRG023,TRT088,2026-11-30,2028-01-19,428265.14,North,Medium
POL02778,PRG007,TRT079,2025-09-04,2027-04-25,292826.16,West,High
POL02779,PRG014,TRT018,2025-12-21,2027-03-08,377597.25,North,Low
POL02780,PRG013,TRT049,2025-04-18,2026-04-17,209901.29,West,High
POL02781,PRG011,TRT030,2026-08-07,2027-02-04,112214.56,East,Low
POL02782,PRG017,TRT075,2025-01-26,2026-12-14,198132.19,North,Low
POL02783,PRG010,TRT042,2026-10-10,2028-03-10,171769.25,West,High
POL02784,PRG011,TRT004,2026-01-10,2026-08-03,204686.39,East,Low
POL02785,PRG018,TRT031,2025-07-29,2027-02-08,308699.09,East,Low
POL02786,PRG019,TRT037,2026-07-10,2027-07-10,113513.47,North,Medium
POL02787,PRG024,TRT037,2025-09-06,2026-03-31,391898.29,East,Medium
POL02788,PRG017,TRT039,2026-04-07,2028-01-13,249652.92,West,Medium
POL02789,PRG006,TRT064,2026-04-21,2027-06-18,439830.43,South,Low
POL02790,PRG011,TRT002,2025-05-02,2027-02-14,213616.65,South,Medium
POL02791,PRG006,TRT087,2026-04-21,2026-11-27,116523.53,East,Low
POL02792,PRG004,TRT051,2026-08-18,2027-10-24,469591.09,West,Low
POL02793,PRG007,TRT018,2025-06-20,2027-03-13,396868.22,North,Medium
POL02794,PRG013,TRT064,2025-03-19,2027-02-21,308029.91,South,Medium
POL02795,PRG019,TRT003,2025-02-10,2026-05-25,283395.52,East,Critical
POL02796,PRG024,TRT031,2025-06-05,2025-12-23,413045.74,South,Critical
POL02797,PRG006,TRT074,2026-08-12,2028-03-20,85242.58,North,Medium
POL02798,PRG003,TRT080,2025-01-11,2025-11-29,141076.39,East,High
POL02799,PRG009,TRT001,2025-12-29,2027-08-20,428370.62,South,Medium
POL02800,PRG004,TRT060,2026-11-15,2028-06-21,95321.39,North,Critical
POL02801,PRG003,TRT027,2025-11-27,2026-06-24,277903.19,South,High
POL02802,PRG009,TRT061,2026-11-25,2028-08-02,26063.85,South,Critical
POL02803,PRG006,TRT011,2026-07-16,2027-04-18,328904.59,North,Medium
POL02804,PRG010,TRT029,2025-05-09,2027-03-22,177786.94,South,Low
POL02805,PRG012,TRT053,2026-01-25,2027-09-19,22502.98,South,Critical
POL02806,PRG022,TRT096,2025-09-26,2027-09-16,288169.11,West,Low
POL02807,PRG022,TRT046,2025-09-12,2026-11-27,180712.21,East,High
POL02808,PRG007,TRT075,2025-02-25,2025-11-08,409642.62,South,Medium
POL02809,PRG019,TRT095,2026-11-22,2027-10-14,188703.28,East,Low
POL02810,PRG022,TRT031,2026-05-20,2027-12-14,180420.09,South,Critical
POL02811,PRG001,TRT098,2026-11-23,2027-08-04,81719.42,East,Low
POL02812,PRG020,TRT048,2025-07-01,2026-12-12,436221.23,East,High
POL02813,PRG011,TRT011,2026-12-11,2028-08-29,152132.14,West,Critical
POL02814,PRG003,TRT054,2026-09-20,2028-02-02,186206.7,East,Medium
POL02815,PRG008,TRT025,2026-09-10,2028-02-29,128864.8,East,Medium
POL02816,PRG014,TRT003,2025-05-06,2025-11-19,356175.36,South,Low
POL02817,PRG001,TRT088,2025-10-19,2026-04-17,71424.44,South,Critical
POL02818,PRG005,TRT015,2026-05-08,2027-01-23,325954.1,East,Critical
POL02819,PRG012,TRT087,2026-03-28,2027-08-20,497861.38,East,Critical
POL02820,PRG011,TRT017,2026-08-14,2028-07-18,14851.18,East,Low
POL02821,PRG021,TRT092,2025-04-26,2025-12-20,393788.64,East,High
POL02822,PRG005,TRT060,2026-09-20,2028-04-18,492325.36,West,Medium
POL02823,PRG024,TRT098,2026-08-11,2027-03-23,11182.41,East,Critical
POL02824,PRG018,TRT022,2026-05-16,2027-05-09,294152.74,North,Medium
POL02825,PRG010,TRT083,2025-10-13,2027-07-04,380626.05,North,Medium
POL02826,PRG010,TRT072,2026-08-13,2027-02-10,348414.1,North,Low
POL02827,PRG011,TRT085,2025-03-24,2027-03-12,198932.98,South,Medium
POL02828,PRG024,TRT009,2025-01-02,2026-06-09,499975.27,East,Low
POL02829,PRG019,TRT019,2026-07-30,2027-12-01,233621.09,West,Low
POL02830,PRG004,TRT045,2026-03-28,2027-06-07,71220.93,North,High
POL02831,PRG001,TRT073,2025-08-26,2026-07-17,133962.18,North,Critical
POL02832,PRG011,TRT046,2025-07-02,2027-05-18,339591.22,South,Critical
POL02833,PRG003,TRT100,2026-05-10,2027-03-12,452414.02,East,Medium
POL02834,PRG009,TRT047,2025-12-03,2026-09-27,202658.4,West,Low
POL02835,PRG005,TRT026,2025-10-30,2027-01-25,273480.96,West,Medium
POL02836,PRG015,TRT087,2026-08-18,2028-04-09,81756.44,South,High
POL02837,PRG007,TRT081,2025-04-04,2026-01-06,229454.22,East,Medium
POL02838,PRG017,TRT082,2025-03-21,2027-02-19,297505.3,South,High
POL02839,PRG018,TRT078,2026-06-22,2028-06-10,236364.12,North,Medium
POL02840,PRG023,TRT029,2026-05-19,2027-11-02,474636.76,North,Critical
POL02841,PRG011,TRT006,2026-04-18,2027-09-30,103541.44,East,Medium
POL02842,PRG015,TRT051,2026-12-12,2028-03-11,417398.04,East,Critical
POL02843,PRG008,TRT030,2026-04-21,2028-02-19,381655.99,North,Critical
POL02844,PRG022,TRT013,2026-05-01,2028-02-17,414689.16,East,Critical
POL02845,PRG021,TRT060,2025-07-08,2027-05-25,62062.32,East,High
POL02846,PRG010,TRT076,2025-02-08,2026-08-05,160777.57,South,Critical
POL02847,PRG004,TRT066,2026-02-25,2026-12-03,334154.04,East,Low
POL02848,PRG003,TRT088,2025-02-24,2026-06-27,189522.17,East,Critical
POL02849,PRG010,TRT041,2025-03-19,2025-10-03,154552.41,North,Low
POL02850,PRG016,TRT041,2025-10-09,2027-07-28,123779.37,West,Medium
POL02851,PRG016,TRT033,2026-08-15,2028-04-02,215124.45,West,High
POL02852,PRG012,TRT041,2026-02-25,2027-02-19,183288.0,West,Medium
POL02853,PRG006,TRT039,2025-05-13,2026-01-30,450493.9,North,Medium
POL02854,PRG023,TRT012,2026-10-04,2028-04-29,190712.52,East,High
POL02855,PRG001,TRT007,2025-02-01,2026-12-11,457322.97,East,Low
POL02856,PRG010,TRT073,2025-07-20,2027-03-07,428942.27,East,High
POL02857,PRG005,TRT008,2026-04-03,2026-10-12,493048.52,North,Medium
POL02858,PRG025,TRT100,2026-08-20,2027-08-22,211060.02,West,Critical
POL02859,PRG012,TRT076,2025-12-13,2026-08-16,365456.75,East,Medium
POL02860,PRG003,TRT075,2025-01-05,2026-03-01,142053.77,West,Low
POL02861,PRG012,TRT083,2025-07-31,2026-06-02,306728.37,South,Medium
POL02862,PRG014,TRT055,2025-07-14,2026-06-22,125503.54,North,Medium
POL02863,PRG017,TRT016,2026-01-06,2027-04-12,164682.45,South,Medium
POL02864,PRG016,TRT079,2025-12-01,2027-09-05,466780.67,East,Medium
POL02865,PRG007,TRT042,2025-07-15,2027-03-01,420111.06,East,Critical
POL02866,PRG019,TRT005,2025-06-11,2026-06-10,351058.66,West,High
POL02867,PRG022,TRT097,2025-12-16,2027-05-26,337497.41,East,Medium
POL02868,PRG005,TRT051,2026-10-10,2028-07-13,419571.65,North,High
POL02869,PRG023,TRT014,2026-03-05,2027-06-03,140886.77,North,Medium
POL02870,PRG020,TRT057,2025-04-07,2026-01-14,155962.1,East,Critical
POL02871,PRG016,TRT006,2025-12-28,2026-07-13,10044.51,West,Medium
POL02872,PRG019,TRT099,2026-12-02,2028-02-27,345292.06,East,Medium
POL02873,PRG010,TRT032,2026-01-10,2027-01-24,434200.95,North,Low
POL02874,PRG010,TRT071,2026-09-14,2028-06-23,310484.08,North,Low
POL02875,PRG019,TRT015,2025-04-17,2026-12-21,232855.87,South,Low
POL02876,PRG011,TRT073,2026-05-13,2027-05-17,294359.03,South,Critical
POL02877,PRG014,TRT020,2025-04-11,2025-11-01,404680.84,East,Medium
POL02878,PRG005,TRT087,2025-04-10,2026-09-26,393353.61,East,Medium
POL02879,PRG003,TRT032,2026-05-14,2027-01-29,136479.37,West,Low
POL02880,PRG016,TRT077,2025-02-01,2026-05-25,235851.48,South,High
POL02881,PRG022,TRT040,2025-02-15,2026-02-21,199601.42,West,Low
POL02882,PRG017,TRT099,2025-07-29,2026-10-18,322208.07,West,Medium
POL02883,PRG025,TRT053,2026-03-28,2027-05-12,404477.74,South,Critical
POL02884,PRG001,TRT077,2026-10-10,2028-04-22,208432.42,South,Medium
POL02885,PRG011,TRT008,2026-07-29,2028-02-12,326135.76,West,Medium
POL02886,PRG019,TRT001,2025-06-25,2027-04-13,257412.46,North,High
POL02887,PRG008,TRT096,2026-08-21,2027-10-31,268478.63,East,Medium
POL02888,PRG021,TRT005,2025-03-28,2026-05-11,154778.33,West,Medium
POL02889,PRG007,TRT034,2026-03-07,2027-04-17,118619.35,North,Critical
POL02890,PRG019,TRT001,2025-12-31,2026-12-29,243792.74,North,Critical
POL02891,PRG010,TRT077,2025-04-27,2027-02-18,249865.88,North,Critical
POL02892,PRG005,TRT025,2025-07-14,2027-02-11,166101.32,South,Low
POL02893,PRG008,TRT093,2026-10-02,2027-11-15,22108.13,West,Critical
POL02894,PRG010,TRT096,2025-12-20,2027-09-23,247794.58,North,High
POL02895,PRG024,TRT060,2025-06-20,2025-12-31,265045.93,East,Low
POL02896,PRG019,TRT054,2026-09-15,2028-01-28,34579.87,West,Medium
POL02897,PRG019,TRT055,2026-02-20,2026-10-20,399159.34,East,Medium
POL02898,PRG021,TRT016,2025-09-06,2027-04-24,49947.51,North,Medium
POL02899,PRG019,TRT023,2025-01-11,2025-08-09,465458.2,South,Low
POL02900,PRG012,TRT027,2025-02-08,2027-02-06,244858.64,East,Low
POL02901,PRG002,TRT023,2026-12-06,2027-06-26,248350.75,South,Medium
POL02902,PRG017,TRT001,2025-03-23,2025-09-20,255551.27,East,High
POL02903,PRG025,TRT006,2026-06-11,2027-05-01,347535.78,South,Low
POL02904,PRG002,TRT002,2025-01-28,2026-06-22,432968.0,North,Critical
POL02905,PRG021,TRT062,2026-04-01,2028-02-25,219982.98,South,High
POL02906,PRG022,TRT035,2026-06-09,2027-03-01,191992.73,North,Critical
POL02907,PRG005,TRT073,2026-10-05,2028-05-18,223785.06,South,High
POL02908,PRG013,TRT050,2025-09-08,2027-07-15,191650.78,West,Medium
POL02909,PRG004,TRT024,2025-08-02,2027-07-22,444183.55,North,High
POL02910,PRG012,TRT002,2026-11-28,2027-08-31,263557.26,North,Low
POL02911,PRG011,TRT050,2025-07-06,2026-10-24,183486.91,East,Medium
POL02912,PRG013,TRT100,2026-10-25,2027-09-03,465183.94,West,Medium
POL02913,PRG008,TRT066,2026-02-07,2027-10-11,451344.19,East,Critical
POL02914,PRG019,TRT009,2026-12-14,2028-04-18,335797.36,West,Critical
POL02915,PRG023,TRT066,2026-06-24,2028-05-08,200046.5,West,Critical
POL02916,PRG008,TRT007,2026-08-28,2027-02-27,57121.81,North,High
POL02917,PRG024,TRT089,2026-03-02,2026-10-05,447068.23,East,Medium
POL02918,PRG005,TRT067,2025-03-10,2026-12-09,292792.66,South,Medium
POL02919,PRG014,TRT041,2026-02-01,2027-08-29,484567.18,South,High
POL02920,PRG004,TRT092,2026-03-03,2027-01-04,167921.16,South,High
POL02921,PRG023,TRT001,2026-03-22,2027-09-11,318921.14,North,Critical
POL02922,PRG015,TRT024,2026-09-11,2028-01-22,57306.14,East,Critical
POL02923,PRG007,TRT003,2025-04-14,2025-10-27,321415.69,North,Critical
POL02924,PRG019,TRT023,2026-09-10,2028-05-19,87578.72,West,Critical
POL02925,PRG003,TRT054,2026-03-22,2027-11-15,462739.61,West,High
POL02926,PRG013,TRT028,2026-07-22,2027-09-05,158851.14,North,Critical
POL02927,PRG012,TRT003,2026-07-01,2027-12-02,393864.76,North,Medium
POL02928,PRG019,TRT070,2025-04-02,2025-10-14,30696.22,North,Critical
POL02929,PRG015,TRT042,2026-05-18,2028-01-03,497993.99,East,High
POL02930,PRG007,TRT086,2026-10-28,2027-09-19,471147.16,South,Low
POL02931,PRG007,TRT033,2025-08-16,2027-05-11,451854.98,South,Medium
POL02932,PRG021,TRT098,2026-03-18,2027-08-03,342405.83,West,High
POL02933,PRG001,TRT009,2025-03-12,2026-08-04,263949.27,North,High
POL02934,PRG020,TRT080,2025-06-05,2026-04-28,429714.36,South,Critical
POL02935,PRG010,TRT064,2025-11-09,2026-05-27,291966.09,South,Critical
POL02936,PRG024,TRT069,2026-08-20,2027-07-02,401157.2,East,High
POL02937,PRG012,TRT037,2025-12-09,2026-12-30,489766.56,South,Critical
POL02938,PRG004,TRT057,2026-07-13,2027-03-04,128848.78,East,Low
POL02939,PRG022,TRT081,2026-07-07,2028-05-17,429544.13,North,Medium
POL02940,PRG025,TRT073,2025-04-29,2027-01-16,67983.43,East,High
POL02941,PRG008,TRT052,2026-08-12,2027-12-31,498352.18,East,Low
POL02942,PRG019,TRT055,2025-10-19,2027-01-03,385126.27,East,Low
POL02943,PRG001,TRT019,2026-04-18,2026-11-23,193574.39,West,Medium
POL02944,PRG023,TRT033,2025-01-24,2026-07-13,153148.19,South,Low
POL02945,PRG012,TRT085,2025-06-17,2026-02-03,459284.56,South,Critical
POL02946,PRG012,TRT033,2026-09-06,2027-08-26,424388.67,East,Medium
POL02947,PRG010,TRT066,2025-03-17,2025-12-25,15658.05,North,Low
POL02948,PRG005,TRT014,2025-03-16,2026-09-25,436097.63,West,Critical
POL02949,PRG023,TRT081,2026-04-03,2027-06-24,490863.92,North,Medium
POL02950,PRG010,TRT089,2025-10-05,2026-07-23,65825.55,North,Critical
POL02951,PRG016,TRT032,2026-02-22,2028-01-31,89903.03,West,High
POL02952,PRG009,TRT061,2025-06-25,2027-06-17,435394.12,East,Critical
POL02953,PRG016,TRT067,2026-02-05,2027-10-20,359711.33,East,Low
POL02954,PRG005,TRT090,2025-10-19,2027-08-09,51805.0,North,Low
POL02955,PRG019,TRT050,2026-09-16,2027-12-22,358313.62,West,Low
POL02956,PRG008,TRT060,2026-01-30,2027-02-10,156455.19,West,Medium
POL02957,PRG023,TRT011,2025-07-06,2026-05-04,447513.05,South,Critical
POL02958,PRG009,TRT016,2025-11-23,2026-10-31,349711.96,North,Critical
POL02959,PRG003,TRT040,2025-12-14,2027-07-01,193198.7,North,High
POL02960,PRG025,TRT087,2026-12-17,2028-12-15,132486.14,East,High
POL02961,PRG023,TRT093,2025-09-10,2027-03-24,50252.03,West,Low
POL02962,PRG004,TRT050,2025-10-25,2026-09-11,21327.87,West,Critical
POL02963,PRG020,TRT044,2026-06-16,2027-03-22,272848.46,East,Medium
POL02964,PRG015,TRT098,2026-07-21,2028-03-22,302102.05,South,Medium
POL02965,PRG006,TRT016,2026-11-19,2027-06-26,86035.42,North,Medium
POL02966,PRG005,TRT047,2026-05-12,2028-02-15,107469.81,South,High
POL02967,PRG015,TRT049,2025-08-19,2026-11-16,187518.35,North,Medium
POL02968,PRG004,TRT028,2025-10-18,2027-06-23,172365.58,South,Critical
POL02969,PRG006,TRT056,2025-05-26,2025-12-01,228827.48,South,High
POL02970,PRG012,TRT053,2025-05-31,2026-03-20,319027.56,South,Medium
POL02971,PRG019,TRT088,2026-12-07,2028-10-16,132297.85,East,Low
POL02972,PRG021,TRT008,2026-11-04,2028-01-17,325397.47,South,High
POL02973,PRG014,TRT085,2025-04-05,2026-05-18,23943.16,West,Low
POL02974,PRG022,TRT031,2025-02-10,2025-11-12,211126.26,South,Critical
POL02975,PRG016,TRT038,2026-04-13,2028-02-12,220515.09,West,High
POL02976,PRG023,TRT021,2025-06-01,2027-01-21,278587.72,South,Critical
POL02977,PRG014,TRT005,2026-05-19,2026-12-18,164861.56,West,Critical
POL02978,PRG013,TRT081,2026-11-24,2028-03-24,275194.31,South,High
POL02979,PRG011,TRT097,2025-09-28,2027-03-26,334201.22,North,Low
POL02980,PRG016,TRT023,2025-04-09,2027-02-04,481576.02,West,High
POL02981,PRG013,TRT061,2025-08-11,2027-04-05,254947.01,South,Medium
POL02982,PRG001,TRT065,2026-08-04,2027-05-28,361792.13,North,Medium
POL02983,PRG018,TRT079,2025-04-26,2027-01-22,418237.28,South,Critical
POL02984,PRG019,TRT086,2025-03-10,2026-10-19,206787.65,South,High
POL02985,PRG012,TRT012,2025-07-20,2027-02-14,212108.44,West,Critical
POL02986,PRG020,TRT086,2026-10-12,2028-09-03,490948.26,South,Low
POL02987,PRG014,TRT043,2025-08-04,2027-04-06,93061.94,West,Critical
POL02988,PRG024,TRT021,2025-08-06,2027-07-20,202912.09,West,Critical
POL02989,PRG013,TRT037,2026-10-15,2028-07-19,322036.96,North,High
POL02990,PRG008,TRT096,2025-02-03,2025-09-25,215741.25,East,Critical
POL02991,PRG023,TRT055,2026-03-10,2027-03-11,407307.48,South,Medium
POL02992,PRG002,TRT064,2026-10-07,2027-04-20,363631.34,West,Low
POL02993,PRG004,TRT013,2026-02-10,2027-11-06,357054.05,North,High
POL02994,PRG018,TRT037,2025-03-08,2026-07-28,333189.82,East,Critical
POL02995,PRG004,TRT028,2025-04-10,2026-08-02,436446.09,East,Low
POL02996,PRG008,TRT097,2025-02-16,2026-12-03,494490.58,South,High
POL02997,PRG014,TRT007,2025-11-05,2026-07-07,188657.19,North,High
POL02998,PRG020,TRT055,2025-11-25,2026-12-30,425176.72,North,Low
POL02999,PRG002,TRT074,2026-12-13,2027-08-07,107610.59,North,Critical
POL03000,PRG017,TRT053,2026-10-26,2028-01-31,20191.03,West,High
POL03001,PRG019,TRT026,2026-11-06,2027-11-10,333497.88,East,Low
POL03002,PRG019,TRT008,2025-08-09,2026-04-28,79217.16,North,Low
POL03003,PRG023,TRT049,2025-12-01,2027-01-28,354935.14,East,High
POL03004,PRG005,TRT049,2025-08-27,2026-12-28,300642.98,South,Medium
POL03005,PRG025,TRT044,2025-01-07,2026-09-15,459881.57,East,Critical
POL03006,PRG011,TRT073,2026-05-05,2028-04-23,126356.67,South,Critical
POL03007,PRG017,TRT019,2026-04-16,2027-05-07,189505.59,West,Low
POL03008,PRG003,TRT068,2025-11-19,2027-08-15,351559.05,East,High
POL03009,PRG024,TRT018,2026-03-27,2027-05-16,127092.86,West,Medium
POL03010,PRG006,TRT030,2025-10-05,2026-07-20,90902.83,East,Low
POL03011,PRG021,TRT096,2026-06-15,2028-06-08,387435.67,East,High
POL03012,PRG006,TRT068,2026-08-20,2028-05-21,427265.39,North,Low
POL03013,PRG009,TRT057,2026-08-20,2028-07-20,396723.51,West,High
POL03014,PRG025,TRT048,2026-05-02,2027-04-08,275442.07,South,Critical
POL03015,PRG021,TRT039,2025-06-05,2027-03-19,445234.44,East,High
POL03016,PRG012,TRT016,2026-06-30,2028-05-10,11204.9,South,Critical
POL03017,PRG011,TRT090,2025-07-24,2026-09-26,52061.9,West,High
POL03018,PRG010,TRT019,2026-03-29,2027-02-10,153371.95,South,High
POL03019,PRG009,TRT062,2026-01-16,2026-10-29,39401.06,West,Low
POL03020,PRG022,TRT001,2026-06-28,2028-02-05,262917.9,South,Low
POL03021,PRG013,TRT052,2026-10-06,2028-05-14,387235.5,West,High
POL03022,PRG002,TRT088,2026-05-29,2027-05-27,134342.39,South,Medium
POL03023,PRG013,TRT029,2025-05-24,2027-04-07,202721.32,North,Medium
POL03024,PRG009,TRT020,2026-07-14,2028-01-07,328035.77,West,Critical
POL03025,PRG020,TRT028,2026-02-21,2026-10-07,473453.47,North,Critical
POL03026,PRG017,TRT099,2026-01-08,2026-11-22,321627.58,West,High
POL03027,PRG011,TRT049,2025-05-24,2026-04-29,311631.12,West,High
POL03028,PRG021,TRT066,2026-04-21,2027-06-23,401223.09,South,Critical
POL03029,PRG016,TRT016,2025-12-13,2027-04-20,165218.59,South,Low
POL03030,PRG005,TRT051,2025-09-24,2027-03-10,393507.41,East,Low
POL03031,PRG025,TRT081,2026-02-21,2027-10-26,492646.58,South,Medium
POL03032,PRG010,TRT020,2025-08-19,2026-05-10,409277.55,West,Critical
POL03033,PRG022,TRT009,2026-07-07,2027-04-10,163861.09,East,Low
POL03034,PRG025,TRT081,2025-05-22,2026-05-26,351043.54,North,High
POL03035,PRG024,TRT060,2026-10-28,2027-04-28,36700.93,South,Critical
POL03036,PRG001,TRT074,2026-02-26,2027-03-14,369674.27,North,Medium
POL03037,PRG019,TRT034,2026-11-13,2028-01-03,371192.37,East,Low
POL03038,PRG021,TRT048,2025-12-04,2027-09-30,242422.1,North,High
POL03039,PRG017,TRT089,2026-06-20,2027-11-02,402376.06,South,Medium
POL03040,PRG022,TRT042,2025-05-03,2026-10-15,426688.11,South,Critical
POL03041,PRG003,TRT093,2025-07-03,2027-01-05,270580.0,West,Critical
POL03042,PRG014,TRT060,2025-08-06,2026-05-26,379466.08,East,High
POL03043,PRG022,TRT041,2025-05-13,2026-04-20,451267.94,North,Critical
POL03044,PRG015,TRT075,2026-01-11,2027-04-19,415786.1,East,Critical
POL03045,PRG012,TRT067,2026-06-25,2027-08-18,72792.75,West,Critical
POL03046,PRG018,TRT058,2025-11-05,2027-09-09,104287.76,West,Medium
POL03047,PRG008,TRT011,2025-12-23,2026-12-21,481073.35,South,High
POL03048,PRG004,TRT056,2026-01-10,2027-11-04,270189.61,North,Medium
POL03049,PRG003,TRT056,2025-08-25,2027-05-02,14786.08,West,High
POL03050,PRG007,TRT077,2026-10-19,2028-06-03,423255.97,West,Critical
POL03051,PRG016,TRT031,2026-05-19,2027-01-10,36372.09,West,Critical
POL03052,PRG022,TRT084,2025-01-17,2025-10-26,342394.77,West,Low
POL03053,PRG022,TRT045,2026-01-26,2026-09-17,168890.52,West,Low
POL03054,PRG014,TRT053,2025-07-13,2026-03-28,325336.43,North,High
POL03055,PRG022,TRT041,2026-03-26,2027-01-31,490156.34,North,Critical
POL03056,PRG005,TRT098,2026-09-20,2028-02-11,269572.05,East,Medium
POL03057,PRG018,TRT079,2025-10-11,2027-01-27,171472.86,South,High
POL03058,PRG016,TRT072,2026-10-05,2028-03-21,492465.6,West,Low
POL03059,PRG021,TRT072,2025-01-13,2025-11-19,144206.64,East,Medium
POL03060,PRG007,TRT028,2025-02-27,2026-07-17,455560.41,East,High
POL03061,PRG015,TRT039,2025-11-26,2027-06-02,107739.86,East,Critical
POL03062,PRG008,TRT055,2025-10-15,2027-01-11,439647.38,East,Low
POL03063,PRG014,TRT025,2026-12-29,2027-11-29,476323.36,North,Medium
POL03064,PRG019,TRT077,2025-03-06,2026-11-07,134718.65,East,High
POL03065,PRG002,TRT024,2025-01-07,2026-04-29,352965.37,West,Critical
POL03066,PRG008,TRT093,2025-08-25,2026-10-11,37674.96,South,Low
POL03067,PRG009,TRT015,2025-02-03,2026-09-24,336020.96,North,High
POL03068,PRG021,TRT083,2026-12-28,2028-01-25,273944.4,North,Medium
POL03069,PRG013,TRT014,2025-12-05,2027-01-29,201957.68,West,Medium
POL03070,PRG013,TRT022,2026-12-22,2028-10-05,252064.87,West,Critical
POL03071,PRG024,TRT054,2026-04-12,2027-03-12,210846.85,East,Low
POL03072,PRG005,TRT077,2026-06-06,2026-12-21,485623.39,North,High
POL03073,PRG017,TRT090,2025-11-06,2026-06-02,469967.13,South,Medium
POL03074,PRG021,TRT071,2025-10-16,2026-07-27,233399.54,South,Critical
POL03075,PRG018,TRT060,2026-05-19,2027-02-20,360439.86,West,Low
POL03076,PRG007,TRT087,2025-11-29,2026-11-10,117752.87,West,Medium
POL03077,PRG015,TRT012,2026-08-02,2028-05-05,488097.96,North,Medium
POL03078,PRG024,TRT077,2026-07-21,2027-08-08,275173.89,West,Low
POL03079,PRG015,TRT095,2026-02-05,2026-10-08,373787.86,West,Critical
POL03080,PRG013,TRT017,2026-09-07,2028-03-03,217522.3,South,Low
POL03081,PRG024,TRT011,2026-01-28,2027-08-06,288152.34,North,Critical
POL03082,PRG021,TRT058,2025-09-03,2026-12-06,334055.21,North,Medium
POL03083,PRG004,TRT029,2026-08-29,2027-12-14,135950.15,South,Low
POL03084,PRG001,TRT064,2025-02-12,2025-09-13,32625.88,East,High
POL03085,PRG011,TRT047,2026-05-19,2028-01-17,212074.47,North,Low
POL03086,PRG008,TRT046,2026-02-17,2028-02-15,27152.17,South,Critical
POL03087,PRG004,TRT059,2025-07-17,2026-06-12,102016.47,West,Medium
POL03088,PRG005,TRT080,2026-08-18,2028-08-10,482848.72,North,Medium
POL03089,PRG016,TRT062,2025-12-06,2027-04-02,88919.31,South,High
POL03090,PRG024,TRT063,2025-02-01,2026-03-24,413747.26,North,Low
POL03091,PRG002,TRT041,2026-10-23,2028-01-22,327385.42,North,Medium
POL03092,PRG013,TRT082,2025-04-15,2026-05-06,346145.05,South,Low
POL03093,PRG021,TRT098,2026-05-31,2028-02-14,113188.49,South,Critical
POL03094,PRG018,TRT001,2025-03-05,2026-01-15,178534.79,East,Critical
POL03095,PRG014,TRT019,2025-08-14,2027-06-11,107656.76,South,Critical
POL03096,PRG008,TRT083,2025-10-28,2027-06-23,359281.33,East,Medium
POL03097,PRG014,TRT031,2025-09-20,2027-01-13,239525.6,North,Critical
POL03098,PRG007,TRT024,2026-05-09,2026-12-12,176584.18,East,Critical
POL03099,PRG017,TRT084,2025-10-18,2027-02-13,208931.46,East,Low
POL03100,PRG022,TRT076,2025-02-22,2026-02-20,326206.46,North,Critical
POL03101,PRG001,TRT040,2025-12-22,2027-08-09,231566.03,East,Medium
POL03102,PRG015,TRT068,2026-05-17,2027-08-28,73550.45,South,Low
POL03103,PRG014,TRT028,2025-02-28,2027-01-23,63431.74,South,Medium
POL03104,PRG010,TRT023,2025-11-12,2027-01-04,173511.23,North,Critical
POL03105,PRG012,TRT023,2026-03-18,2027-06-23,206497.93,South,High
POL03106,PRG012,TRT084,2025-09-05,2026-09-27,405927.38,East,Medium
POL03107,PRG024,TRT019,2026-02-15,2027-09-19,5111.85,North,Critical
POL03108,PRG012,TRT003,2026-09-13,2028-04-14,419957.72,South,Low
POL03109,PRG017,TRT012,2025-11-02,2027-07-14,179787.99,South,High
POL03110,PRG004,TRT075,2026-04-09,2027-04-14,291737.68,West,Low
POL03111,PRG025,TRT070,2025-05-01,2026-06-04,47562.73,West,Critical
POL03112,PRG022,TRT031,2025-03-15,2027-01-21,57248.99,South,Medium
POL03113,PRG015,TRT071,2025-09-01,2027-08-25,185724.59,South,Low
POL03114,PRG023,TRT036,2025-08-30,2026-10-03,136148.98,West,Medium
POL03115,PRG003,TRT035,2025-10-24,2026-10-01,313896.92,East,Low
POL03116,PRG020,TRT079,2026-08-03,2028-06-10,491365.88,South,Medium
POL03117,PRG022,TRT088,2026-01-27,2026-12-15,368655.37,South,High
POL03118,PRG007,TRT009,2025-09-22,2027-06-01,111633.55,West,Low
POL03119,PRG021,TRT094,2025-05-21,2025-11-19,413497.9,East,Low
POL03120,PRG007,TRT085,2026-12-07,2027-11-24,100884.39,West,High
POL03121,PRG024,TRT023,2025-09-27,2026-11-25,426508.67,South,Low
POL03122,PRG013,TRT009,2025-10-19,2026-07-13,50165.9,South,Critical
POL03123,PRG024,TRT080,2025-11-19,2026-07-01,118058.17,North,High
POL03124,PRG020,TRT072,2025-10-29,2026-05-17,467928.15,South,High
POL03125,PRG001,TRT028,2026-02-25,2027-06-20,391836.05,West,High
POL03126,PRG013,TRT072,2025-06-22,2026-03-24,355474.15,South,Low
POL03127,PRG023,TRT080,2025-11-05,2026-05-24,220410.19,North,Low
POL03128,PRG004,TRT040,2025-04-03,2026-09-30,332024.99,South,Medium
POL03129,PRG009,TRT088,2026-09-17,2027-04-08,358335.64,South,High
POL03130,PRG006,TRT100,2025-11-11,2027-08-30,258422.84,West,Low
POL03131,PRG021,TRT016,2026-08-01,2027-07-03,465042.04,South,Low
POL03132,PRG001,TRT089,2025-07-15,2027-05-04,74872.65,South,Medium
POL03133,PRG025,TRT068,2025-06-17,2027-03-18,255850.25,West,Medium
POL03134,PRG019,TRT049,2025-11-09,2027-11-09,261980.33,South,High
POL03135,PRG007,TRT030,2025-09-28,2026-04-16,301390.3,West,High
POL03136,PRG013,TRT025,2025-03-18,2025-11-18,172724.13,East,High
POL03137,PRG006,TRT071,2026-05-29,2027-11-20,301323.64,East,Medium
POL03138,PRG023,TRT008,2026-08-14,2027-11-06,371792.2,North,Low
POL03139,PRG004,TRT089,2026-10-16,2027-11-03,91545.08,South,Low
POL03140,PRG008,TRT093,2026-09-06,2027-07-27,243537.31,South,High
POL03141,PRG017,TRT034,2025-04-03,2026-11-25,234196.0,South,Critical
POL03142,PRG006,TRT040,2025-02-16,2026-12-20,386351.74,South,Medium
POL03143,PRG016,TRT066,2025-06-16,2026-12-23,292110.83,South,Critical
POL03144,PRG005,TRT089,2026-04-11,2027-08-18,490802.27,North,Low
POL03145,PRG021,TRT049,2026-09-16,2027-11-23,182611.34,West,Low
POL03146,PRG001,TRT027,2026-11-23,2028-03-21,241328.45,North,Low
POL03147,PRG010,TRT079,2026-03-27,2027-09-28,390432.74,South,Low
POL03148,PRG024,TRT075,2026-01-28,2027-09-11,466947.02,South,Low
POL03149,PRG013,TRT003,2025-12-19,2027-10-25,280872.48,North,Critical
POL03150,PRG006,TRT039,2025-04-25,2025-12-31,174624.51,South,High
POL03151,PRG003,TRT044,2025-05-10,2026-06-03,245363.4,West,Medium
POL03152,PRG018,TRT089,2025-11-29,2027-05-31,119602.02,North,Low
POL03153,PRG023,TRT082,2026-05-09,2027-11-14,194774.5,East,Medium
POL03154,PRG017,TRT008,2025-02-15,2025-09-14,78120.83,East,Low
POL03155,PRG004,TRT051,2026-02-17,2028-01-31,478406.14,East,High
POL03156,PRG014,TRT001,2026-12-09,2027-09-09,19474.5,East,High
POL03157,PRG025,TRT095,2025-09-21,2026-04-30,51821.55,North,Low
POL03158,PRG015,TRT091,2026-02-03,2026-09-18,215956.33,West,High
POL03159,PRG010,TRT084,2026-01-02,2027-01-02,131361.7,South,Low
POL03160,PRG005,TRT079,2026-01-26,2027-07-12,287445.21,South,Low
POL03161,PRG023,TRT029,2026-02-13,2027-09-26,122801.02,North,Critical
POL03162,PRG011,TRT092,2025-11-24,2026-07-07,346333.91,East,Medium
POL03163,PRG003,TRT011,2025-09-16,2026-10-26,13138.23,North,Critical
POL03164,PRG005,TRT061,2025-06-16,2027-05-28,138061.14,South,Low
POL03165,PRG016,TRT067,2026-03-20,2027-03-07,373607.82,South,Low
POL03166,PRG025,TRT007,2026-05-04,2028-02-28,256135.01,East,Medium
POL03167,PRG020,TRT015,2025-03-24,2026-03-05,183257.26,North,Low
POL03168,PRG024,TRT045,2025-07-15,2027-04-24,255411.27,West,Critical
POL03169,PRG001,TRT051,2026-03-30,2027-05-29,117708.37,North,Medium
POL03170,PRG019,TRT015,2026-03-24,2027-10-04,194151.64,East,High
POL03171,PRG004,TRT032,2025-07-06,2027-01-10,30988.38,West,Low
POL03172,PRG025,TRT032,2026-07-25,2028-06-30,369144.45,North,High
POL03173,PRG003,TRT005,2025-04-10,2026-05-16,357136.06,West,High
POL03174,PRG001,TRT073,2025-06-02,2027-01-03,379563.77,South,High
POL03175,PRG007,TRT081,2025-02-18,2025-10-16,457950.8,East,Medium
POL03176,PRG011,TRT090,2026-04-29,2027-03-11,304883.98,South,Low
POL03177,PRG006,TRT043,2025-07-06,2027-05-11,475909.99,North,High
POL03178,PRG017,TRT063,2025-04-14,2027-04-14,77315.24,South,Medium
POL03179,PRG004,TRT085,2025-09-13,2027-07-11,120493.89,West,Critical
POL03180,PRG022,TRT024,2025-02-05,2026-09-26,71135.14,East,High
POL03181,PRG023,TRT094,2025-07-31,2026-11-11,466966.34,East,Medium
POL03182,PRG011,TRT068,2025-07-31,2027-02-17,102544.7,West,High
POL03183,PRG021,TRT036,2025-03-29,2025-12-23,79912.28,North,Low
POL03184,PRG007,TRT061,2026-08-04,2028-04-02,173964.81,West,Critical
POL03185,PRG019,TRT003,2025-12-12,2027-02-20,438540.32,West,Low
POL03186,PRG014,TRT082,2026-07-11,2028-06-12,373736.19,West,Low
POL03187,PRG005,TRT077,2025-06-21,2026-02-06,170410.18,South,High
POL03188,PRG014,TRT012,2026-11-13,2028-01-24,37893.17,West,High
POL03189,PRG025,TRT021,2025-10-25,2027-04-22,10888.06,North,Low
POL03190,PRG006,TRT060,2025-04-26,2025-11-29,259369.25,East,Low
POL03191,PRG009,TRT006,2026-07-28,2027-04-04,230128.45,West,Low
POL03192,PRG025,TRT016,2025-05-21,2025-11-27,402001.41,West,Low
POL03193,PRG010,TRT088,2026-05-14,2027-06-09,217600.75,South,Medium
POL03194,PRG015,TRT081,2026-08-13,2027-09-05,178141.75,East,High
POL03195,PRG005,TRT047,2026-08-08,2027-07-15,334051.18,East,High
POL03196,PRG011,TRT065,2025-10-23,2027-06-08,263517.33,South,Critical
POL03197,PRG016,TRT003,2025-06-13,2026-05-03,96571.74,South,Low
POL03198,PRG019,TRT084,2026-01-06,2026-09-18,245480.77,West,High
POL03199,PRG008,TRT032,2026-01-24,2027-03-07,156852.4,North,Low
POL03200,PRG019,TRT041,2026-05-23,2028-01-21,300790.83,West,Low
POL03201,PRG011,TRT004,2026-04-05,2027-12-21,36373.03,North,Low
POL03202,PRG004,TRT078,2025-09-09,2026-06-23,214359.34,South,Medium
POL03203,PRG016,TRT097,2026-12-31,2028-10-10,184405.36,East,Critical
POL03204,PRG007,TRT009,2026-10-03,2027-11-16,23481.39,North,Medium
POL03205,PRG009,TRT018,2025-09-08,2026-09-17,476851.75,South,Critical
POL03206,PRG021,TRT092,2026-08-11,2027-04-03,128076.18,West,Critical
POL03207,PRG002,TRT044,2026-09-24,2027-05-27,323869.5,North,High
POL03208,PRG006,TRT015,2026-03-17,2026-09-23,144096.07,West,Critical
POL03209,PRG009,TRT078,2026-10-23,2027-12-05,139771.38,South,Low
POL03210,PRG010,TRT089,2026-09-24,2028-02-27,192889.87,West,High
POL03211,PRG012,TRT040,2025-10-17,2027-09-13,306567.39,West,Low
POL03212,PRG015,TRT001,2026-08-30,2027-10-31,25141.99,South,Medium
POL03213,PRG001,TRT091,2026-11-20,2028-02-28,198995.89,North,Medium
POL03214,PRG016,TRT099,2025-04-30,2027-01-29,300564.51,East,Critical
POL03215,PRG018,TRT061,2026-01-28,2027-06-26,144538.05,East,Critical
POL03216,PRG014,TRT039,2025-05-12,2025-12-09,345867.83,East,Medium
POL03217,PRG007,TRT036,2025-05-07,2025-12-04,444983.56,West,Medium
POL03218,PRG016,TRT009,2025-06-06,2027-02-20,429868.82,West,Critical
POL03219,PRG009,TRT061,2025-10-20,2026-04-18,280926.35,West,Critical
POL03220,PRG007,TRT077,2025-06-28,2027-04-04,443578.66,East,Medium
POL03221,PRG012,TRT038,2025-06-26,2026-04-19,265862.41,East,Critical
POL03222,PRG017,TRT084,2025-02-14,2025-12-29,183586.58,West,Critical
POL03223,PRG011,TRT090,2025-03-18,2025-12-16,472130.85,North,Low
POL03224,PRG014,TRT064,2025-08-01,2027-07-09,142269.25,West,Critical
POL03225,PRG009,TRT064,2025-09-02,2026-08-09,289427.79,North,Medium
POL03226,PRG009,TRT078,2026-09-28,2028-06-30,371063.42,South,High
POL03227,PRG025,TRT052,2025-03-25,2026-01-31,184097.83,South,High
POL03228,PRG007,TRT088,2025-02-04,2026-12-21,77198.17,South,Critical
POL03229,PRG007,TRT039,2025-01-16,2026-09-16,360356.76,North,Low
POL03230,PRG008,TRT095,2026-02-16,2026-10-16,72396.33,East,Critical
POL03231,PRG021,TRT006,2026-10-28,2027-07-14,297897.44,South,Low
POL03232,PRG005,TRT098,2025-10-03,2027-01-23,209112.18,North,Low
POL03233,PRG023,TRT009,2025-02-28,2026-06-09,425698.97,North,High
POL03234,PRG006,TRT050,2025-11-07,2027-08-27,383266.24,South,Low
POL03235,PRG025,TRT032,2025-08-05,2026-12-25,319720.47,South,Low
POL03236,PRG017,TRT053,2025-06-28,2027-04-08,473849.22,East,Low
POL03237,PRG015,TRT055,2025-11-30,2027-07-07,421245.46,South,Low
POL03238,PRG024,TRT093,2025-05-21,2025-12-09,35739.88,West,Critical
POL03239,PRG003,TRT051,2025-01-23,2025-11-01,315423.38,West,Medium
POL03240,PRG004,TRT056,2026-07-08,2027-03-20,491823.95,North,High
POL03241,PRG016,TRT063,2026-11-10,2028-10-04,95480.25,North,High
POL03242,PRG003,TRT056,2026-05-23,2026-12-04,241720.22,West,Critical
POL03243,PRG010,TRT080,2025-03-16,2025-11-27,386721.46,North,Critical
POL03244,PRG011,TRT087,2026-02-03,2027-03-13,29770.84,South,Low
POL03245,PRG012,TRT038,2026-03-25,2027-06-13,480935.32,South,Low
POL03246,PRG014,TRT031,2025-05-25,2026-09-11,376055.19,South,Medium
POL03247,PRG016,TRT055,2026-03-26,2026-12-07,281770.48,North,Low
POL03248,PRG025,TRT064,2025-02-02,2026-09-17,124490.68,West,Medium
POL03249,PRG009,TRT083,2025-04-30,2027-02-08,92518.42,North,High
POL03250,PRG017,TRT042,2025-04-06,2027-01-16,80696.82,West,Low
POL03251,PRG013,TRT046,2026-03-15,2027-08-20,430300.08,West,High
POL03252,PRG023,TRT011,2025-02-22,2026-04-29,191275.9,East,Critical
POL03253,PRG023,TRT090,2025-02-12,2025-08-21,221661.79,East,High
POL03254,PRG009,TRT075,2026-08-09,2027-09-10,347468.21,South,Low
POL03255,PRG019,TRT047,2026-04-02,2028-01-08,422000.78,East,Medium
POL03256,PRG015,TRT098,2025-03-10,2025-09-16,80513.34,South,Medium
POL03257,PRG006,TRT074,2026-09-02,2028-04-30,92558.05,North,Low
POL03258,PRG021,TRT012,2026-11-18,2028-07-20,463487.05,South,High
POL03259,PRG007,TRT082,2026-06-08,2027-06-26,366146.06,South,Critical
POL03260,PRG001,TRT041,2025-08-23,2027-05-27,487114.53,South,Medium
POL03261,PRG022,TRT074,2026-11-04,2027-09-11,264939.41,West,High
POL03262,PRG008,TRT006,2026-10-24,2027-12-05,478406.07,North,High
POL03263,PRG021,TRT021,2025-12-22,2027-10-25,352054.89,West,Medium
POL03264,PRG016,TRT082,2026-08-18,2027-06-30,375024.85,North,Critical
POL03265,PRG015,TRT046,2026-06-21,2027-04-02,426385.77,East,Critical
POL03266,PRG004,TRT047,2025-12-17,2026-07-14,204295.03,South,Critical
POL03267,PRG007,TRT052,2026-05-17,2026-11-28,80619.61,North,High
POL03268,PRG011,TRT053,2025-08-16,2026-07-21,431452.49,North,Critical
POL03269,PRG004,TRT026,2025-08-21,2026-06-10,312224.17,East,Low
POL03270,PRG024,TRT090,2025-11-05,2026-05-04,305616.12,North,Critical
POL03271,PRG004,TRT007,2025-12-08,2027-03-31,269631.07,East,High
POL03272,PRG020,TRT070,2026-12-08,2028-11-01,270864.13,West,High
POL03273,PRG008,TRT005,2026-12-19,2028-05-14,122146.41,East,Critical
POL03274,PRG022,TRT052,2026-11-08,2027-05-08,106924.67,South,Medium
POL03275,PRG014,TRT012,2025-02-14,2025-08-21,79504.85,North,Medium
POL03276,PRG010,TRT064,2025-11-25,2026-08-31,410471.95,East,Critical
POL03277,PRG011,TRT020,2025-03-15,2026-03-22,146542.79,South,High
POL03278,PRG015,TRT003,2026-02-11,2027-06-22,497468.24,East,High
POL03279,PRG025,TRT048,2025-03-27,2025-12-25,118481.98,West,Low
POL03280,PRG015,TRT030,2025-03-17,2027-01-16,169446.96,West,Critical
POL03281,PRG002,TRT052,2025-02-03,2026-06-15,392187.1,South,High
POL03282,PRG012,TRT008,2025-07-14,2026-09-17,186253.87,East,Medium
POL03283,PRG019,TRT001,2026-12-06,2028-04-05,161006.1,East,Critical
POL03284,PRG015,TRT007,2025-04-24,2026-03-14,439379.35,North,High
POL03285,PRG009,TRT013,2026-06-15,2027-02-02,187464.57,North,Critical
POL03286,PRG024,TRT042,2026-07-01,2028-03-08,441914.66,West,Low
POL03287,PRG021,TRT058,2026-10-07,2027-10-07,362995.84,East,Low
POL03288,PRG013,TRT054,2025-10-25,2027-01-05,252557.73,West,Critical
POL03289,PRG011,TRT053,2025-04-18,2026-12-14,439484.37,West,Medium
POL03290,PRG006,TRT006,2025-06-14,2026-11-28,192080.99,East,Medium
POL03291,PRG018,TRT022,2025-06-20,2027-04-05,109200.75,North,Critical
POL03292,PRG008,TRT057,2025-04-03,2026-06-08,279681.33,North,High
POL03293,PRG008,TRT028,2026-10-28,2027-07-10,133883.21,North,Medium
POL03294,PRG001,TRT049,2026-03-02,2027-07-23,353380.77,North,Critical
POL03295,PRG017,TRT054,2025-10-30,2027-01-23,139085.61,East,Critical
POL03296,PRG023,TRT016,2026-06-15,2027-11-28,447858.54,North,Critical
POL03297,PRG013,TRT067,2026-11-03,2027-07-10,324819.59,West,Low
POL03298,PRG015,TRT018,2025-04-13,2025-11-01,272660.24,South,Critical
POL03299,PRG001,TRT099,2025-12-03,2027-11-14,308087.67,West,Critical
POL03300,PRG008,TRT063,2025-01-20,2026-07-30,72424.62,West,Medium
POL03301,PRG015,TRT033,2025-09-08,2027-05-08,36928.91,North,High
POL03302,PRG021,TRT084,2026-01-29,2027-08-27,77743.93,North,Medium
POL03303,PRG017,TRT016,2026-02-10,2027-06-07,283772.48,South,High
POL03304,PRG009,TRT080,2026-01-12,2027-01-13,495913.39,South,Critical
POL03305,PRG025,TRT050,2025-04-27,2026-04-09,263352.78,West,Low
POL03306,PRG017,TRT074,2025-03-25,2025-10-29,136626.23,West,High
POL03307,PRG001,TRT095,2025-10-30,2027-03-10,44643.28,East,Low
POL03308,PRG004,TRT067,2025-11-09,2026-09-08,5638.38,East,Medium
POL03309,PRG014,TRT050,2026-06-08,2027-09-20,467782.48,North,Critical
POL03310,PRG011,TRT095,2025-05-09,2026-09-06,43860.2,South,Medium
POL03311,PRG015,TRT042,2025-12-17,2026-10-05,99696.05,East,Critical
POL03312,PRG006,TRT024,2025-12-08,2027-05-13,174191.45,South,High
POL03313,PRG017,TRT050,2026-02-03,2027-07-07,233014.76,North,High
POL03314,PRG023,TRT004,2025-01-20,2026-06-20,360197.02,North,High
POL03315,PRG014,TRT058,2026-05-05,2027-10-25,342238.89,North,Low
POL03316,PRG011,TRT047,2026-10-17,2027-07-16,366727.3,West,High
POL03317,PRG003,TRT006,2025-03-13,2026-02-27,229388.1,North,Medium
POL03318,PRG021,TRT087,2026-02-18,2027-07-27,343850.91,North,Medium
POL03319,PRG019,TRT067,2025-08-01,2026-12-22,89376.54,East,Medium
POL03320,PRG004,TRT024,2026-03-21,2026-10-22,95554.72,South,Critical
POL03321,PRG012,TRT009,2026-05-15,2027-09-11,97791.2,East,Low
POL03322,PRG025,TRT069,2026-11-01,2028-10-24,259664.94,East,Medium
POL03323,PRG006,TRT066,2025-01-22,2026-06-15,155059.93,South,High
POL03324,PRG016,TRT028,2025-11-06,2027-10-25,402711.99,South,Low
POL03325,PRG002,TRT065,2026-06-22,2028-04-21,62689.28,East,Medium
POL03326,PRG013,TRT088,2025-08-15,2026-04-26,246143.3,East,Low
POL03327,PRG004,TRT069,2025-09-05,2027-04-27,465753.5,South,Low
POL03328,PRG018,TRT065,2025-10-12,2027-05-16,169544.54,East,Critical
POL03329,PRG025,TRT061,2025-10-20,2026-11-06,166313.61,South,High
POL03330,PRG007,TRT054,2026-12-02,2027-08-13,318312.12,West,Low
POL03331,PRG021,TRT074,2026-03-06,2027-12-20,376145.43,East,Critical
POL03332,PRG014,TRT033,2026-12-10,2028-12-02,331284.07,South,Critical
POL03333,PRG010,TRT034,2026-06-30,2027-07-15,64196.95,East,Critical
POL03334,PRG006,TRT098,2025-04-18,2026-11-14,124050.33,West,Critical
POL03335,PRG024,TRT088,2025-09-30,2027-09-08,134104.45,East,Critical
POL03336,PRG006,TRT084,2025-03-16,2026-07-04,92874.49,East,High
POL03337,PRG012,TRT048,2026-01-22,2026-11-04,9568.84,North,High
POL03338,PRG017,TRT005,2025-01-25,2026-02-12,187174.53,East,Low
POL03339,PRG009,TRT090,2026-07-16,2028-06-21,423310.97,North,Low
POL03340,PRG016,TRT074,2025-08-31,2026-07-31,94163.86,South,Low
POL03341,PRG021,TRT059,2026-06-04,2027-12-24,154852.22,East,Low
POL03342,PRG020,TRT080,2026-02-18,2027-10-04,189300.15,North,Medium
POL03343,PRG002,TRT008,2025-08-01,2027-02-04,18407.85,West,Low
POL03344,PRG004,TRT039,2025-07-01,2026-12-02,82976.93,West,Low
POL03345,PRG002,TRT084,2025-02-24,2026-12-10,10266.28,North,Medium
POL03346,PRG023,TRT047,2026-12-13,2028-03-08,490659.8,East,Critical
POL03347,PRG005,TRT060,2026-12-06,2028-06-11,413354.42,East,Critical
POL03348,PRG025,TRT027,2025-07-11,2026-04-22,440888.96,South,High
POL03349,PRG006,TRT070,2026-07-12,2027-11-23,129569.97,North,Critical
POL03350,PRG022,TRT054,2026-05-03,2027-07-05,391015.85,East,Medium
POL03351,PRG002,TRT084,2025-09-04,2026-11-27,155628.68,North,Low
POL03352,PRG009,TRT016,2025-03-19,2027-01-03,249980.65,East,Low
POL03353,PRG003,TRT030,2026-06-28,2027-07-13,149081.71,North,Medium
POL03354,PRG014,TRT002,2026-06-13,2027-09-17,48426.16,East,High
POL03355,PRG005,TRT039,2025-11-22,2027-05-09,324458.58,East,Medium
POL03356,PRG009,TRT083,2026-12-22,2027-12-08,86994.54,North,High
POL03357,PRG018,TRT042,2026-05-07,2028-04-29,225608.59,North,Medium
POL03358,PRG003,TRT006,2025-01-28,2027-01-06,91886.38,North,High
POL03359,PRG001,TRT009,2025-12-06,2026-09-03,56991.68,West,High
POL03360,PRG012,TRT016,2025-07-18,2026-04-12,478585.88,North,Low
POL03361,PRG023,TRT034,2026-10-02,2027-06-19,341645.02,North,Low
POL03362,PRG017,TRT054,2026-03-02,2026-12-03,194113.46,North,Low
POL03363,PRG014,TRT083,2026-12-10,2028-06-29,150180.34,West,Critical
POL03364,PRG016,TRT039,2025-08-22,2027-07-15,274438.0,North,Critical
POL03365,PRG023,TRT030,2025-07-17,2027-05-02,494088.44,East,Medium
POL03366,PRG002,TRT012,2026-08-03,2028-03-19,429569.49,North,High
POL03367,PRG006,TRT090,2026-06-18,2027-01-05,352702.5,East,Critical
POL03368,PRG009,TRT025,2026-07-20,2027-05-22,58668.51,West,High
POL03369,PRG001,TRT071,2026-08-22,2027-09-03,135197.48,South,Low
POL03370,PRG016,TRT081,2026-09-06,2027-03-14,438184.49,South,Medium
POL03371,PRG010,TRT094,2026-02-25,2027-08-31,276211.35,West,Critical
POL03372,PRG013,TRT041,2025-11-12,2026-06-15,386580.99,East,Medium
POL03373,PRG014,TRT016,2025-05-06,2026-04-08,209400.48,West,Low
POL03374,PRG022,TRT082,2026-03-05,2027-04-04,187504.05,South,Critical
POL03375,PRG017,TRT013,2026-07-09,2027-12-04,498949.34,East,Medium
POL03376,PRG024,TRT096,2026-09-05,2027-04-24,67965.46,West,Low
POL03377,PRG022,TRT006,2025-08-28,2026-06-06,6149.33,South,Low
POL03378,PRG023,TRT079,2026-03-12,2028-01-25,217206.56,South,Critical
POL03379,PRG006,TRT029,2025-04-10,2026-07-20,54687.87,East,Medium
POL03380,PRG023,TRT046,2026-10-05,2028-02-01,169741.79,North,Low
POL03381,PRG013,TRT044,2026-05-19,2028-04-03,201934.31,East,Medium
POL03382,PRG003,TRT056,2025-06-16,2027-02-22,389244.15,North,High
POL03383,PRG021,TRT098,2025-12-22,2026-08-16,395849.5,South,Medium
POL03384,PRG012,TRT012,2026-09-28,2027-04-05,30113.5,North,High
POL03385,PRG013,TRT043,2026-02-21,2027-03-13,407995.76,South,Low
POL03386,PRG014,TRT060,2025-05-05,2026-12-07,351055.07,South,Low
POL03387,PRG018,TRT039,2025-10-15,2026-12-07,343160.16,East,Critical
POL03388,PRG008,TRT082,2025-08-02,2027-06-02,435870.46,North,Critical
POL03389,PRG004,TRT003,2026-05-04,2028-01-30,175105.21,South,Medium
POL03390,PRG016,TRT086,2026-02-03,2026-08-22,215851.93,South,High
POL03391,PRG020,TRT061,2026-12-16,2028-09-02,341333.39,North,Low
POL03392,PRG022,TRT091,2025-03-30,2026-03-29,7100.94,West,High
POL03393,PRG008,TRT095,2026-05-04,2027-09-01,144664.71,West,Low
POL03394,PRG019,TRT100,2026-02-05,2027-11-18,425604.75,North,High
POL03395,PRG013,TRT044,2025-09-29,2026-04-12,53825.8,North,High
POL03396,PRG016,TRT088,2026-01-22,2027-01-18,376539.57,West,Low
POL03397,PRG025,TRT032,2025-02-08,2026-01-22,9947.83,South,Critical
POL03398,PRG003,TRT080,2026-01-24,2027-06-05,120893.19,South,Low
POL03399,PRG014,TRT007,2026-09-18,2028-02-21,309482.58,North,Low
POL03400,PRG024,TRT084,2026-05-04,2026-11-25,347977.4,East,High
POL03401,PRG005,TRT039,2026-10-12,2028-05-05,305225.31,North,High
POL03402,PRG004,TRT057,2025-11-08,2027-03-25,361771.37,South,Medium
POL03403,PRG003,TRT021,2026-04-19,2027-11-13,377503.17,North,Low
POL03404,PRG012,TRT069,2026-07-25,2028-06-23,327889.89,North,Low
POL03405,PRG019,TRT063,2026-07-07,2027-05-20,163357.49,North,Low
POL03406,PRG004,TRT022,2026-09-22,2028-08-19,33183.14,West,Medium
POL03407,PRG015,TRT052,2025-12-09,2026-12-07,198252.22,North,Low
POL03408,PRG020,TRT087,2026-07-09,2028-02-10,288601.04,South,Low
POL03409,PRG011,TRT024,2026-01-03,2026-11-17,52665.55,West,Low
POL03410,PRG013,TRT096,2026-04-24,2027-05-08,471390.06,East,Critical
POL03411,PRG023,TRT026,2025-06-20,2027-05-17,75527.06,South,Critical
POL03412,PRG007,TRT065,2025-02-13,2026-03-06,402726.9,South,Critical
POL03413,PRG010,TRT049,2026-09-19,2028-01-06,199185.28,South,Low
POL03414,PRG004,TRT015,2026-06-22,2027-07-12,232683.0,South,High
POL03415,PRG011,TRT054,2025-09-10,2026-04-10,331285.86,East,Critical
POL03416,PRG007,TRT064,2025-03-28,2025-10-03,14356.87,North,Critical
POL03417,PRG022,TRT005,2026-01-02,2026-11-01,77597.59,South,High
POL03418,PRG024,TRT085,2026-10-01,2028-04-20,48274.53,North,Low
POL03419,PRG012,TRT038,2026-04-09,2028-01-15,468644.42,West,High
POL03420,PRG024,TRT054,2025-09-13,2026-04-25,426870.56,South,High
POL03421,PRG006,TRT011,2025-09-13,2026-11-06,129914.71,South,High
POL03422,PRG022,TRT037,2026-08-24,2028-02-03,389048.86,East,Low
POL03423,PRG023,TRT021,2025-03-03,2026-09-25,6132.09,South,Medium
POL03424,PRG003,TRT089,2025-12-01,2027-04-05,286611.5,North,Medium
POL03425,PRG010,TRT084,2026-01-11,2027-03-27,94971.83,West,Low
POL03426,PRG003,TRT081,2025-01-09,2026-11-08,77481.95,West,Medium
POL03427,PRG011,TRT068,2025-03-08,2026-01-12,452205.49,East,Medium
POL03428,PRG001,TRT064,2025-03-02,2026-03-22,319166.22,North,High
POL03429,PRG022,TRT062,2026-12-09,2028-10-18,15188.92,North,Medium
POL03430,PRG012,TRT057,2025-04-23,2026-01-20,195397.52,North,Medium
POL03431,PRG012,TRT022,2025-11-12,2027-07-13,411575.53,North,Medium
POL03432,PRG012,TRT055,2025-07-28,2026-05-31,249257.47,North,High
POL03433,PRG005,TRT014,2025-08-18,2026-12-27,46195.57,East,Critical
POL03434,PRG002,TRT001,2026-06-13,2027-04-02,305765.6,South,High
POL03435,PRG004,TRT058,2026-09-20,2027-03-30,333119.26,South,Critical
POL03436,PRG014,TRT084,2025-08-29,2027-04-07,425057.61,South,Medium
POL03437,PRG018,TRT026,2026-07-20,2028-04-28,175469.7,North,Medium
POL03438,PRG002,TRT086,2026-11-16,2028-09-22,288978.33,East,High
POL03439,PRG005,TRT096,2026-01-02,2027-11-04,306867.18,South,Critical
POL03440,PRG020,TRT021,2026-07-17,2027-05-10,351975.61,South,Low
POL03441,PRG023,TRT063,2025-03-12,2026-06-12,489756.3,East,Critical
POL03442,PRG024,TRT020,2026-12-07,2028-05-06,213549.97,West,High
POL03443,PRG020,TRT018,2025-12-18,2027-02-02,488309.04,West,Low
POL03444,PRG021,TRT079,2025-01-18,2026-01-16,21228.1,West,Low
POL03445,PRG010,TRT093,2025-12-22,2026-11-04,93957.8,South,High
POL03446,PRG021,TRT025,2025-06-04,2027-02-01,400524.2,East,High
POL03447,PRG013,TRT003,2026-10-21,2027-08-03,306726.41,West,Medium
POL03448,PRG002,TRT099,2025-07-30,2026-11-21,319505.17,East,Medium
POL03449,PRG013,TRT054,2025-03-05,2026-03-20,431841.82,North,Low
POL03450,PRG018,TRT034,2025-06-02,2026-02-09,186965.15,North,High
POL03451,PRG025,TRT023,2026-11-17,2027-07-19,355953.27,North,Medium
POL03452,PRG019,TRT062,2025-06-28,2026-07-08,497744.85,South,High
POL03453,PRG025,TRT049,2025-03-01,2026-01-02,274123.35,South,Low
POL03454,PRG021,TRT059,2026-10-15,2027-11-30,20186.0,West,Low
POL03455,PRG013,TRT051,2026-08-04,2027-06-05,300252.34,South,Low
POL03456,PRG020,TRT034,2026-05-03,2027-10-07,431273.97,East,High
POL03457,PRG014,TRT067,2025-08-08,2026-08-25,459068.87,West,Medium
POL03458,PRG025,TRT026,2026-12-25,2028-04-08,104351.68,South,High
POL03459,PRG008,TRT100,2025-07-14,2026-03-21,34873.09,South,High
POL03460,PRG019,TRT033,2026-06-09,2027-07-09,23057.69,West,Medium
POL03461,PRG019,TRT098,2025-01-15,2025-11-26,398158.85,North,Critical
POL03462,PRG017,TRT090,2026-04-22,2027-03-28,272171.74,West,Medium
POL03463,PRG008,TRT061,2025-11-30,2026-08-16,181918.77,North,Critical
POL03464,PRG010,TRT018,2025-04-01,2026-05-25,314553.86,West,Critical
POL03465,PRG020,TRT068,2026-04-13,2026-12-26,25281.24,South,Medium
POL03466,PRG011,TRT052,2026-03-10,2027-08-08,140409.59,West,High
POL03467,PRG017,TRT072,2026-05-25,2027-01-24,57044.88,West,High
POL03468,PRG007,TRT073,2026-10-26,2028-08-07,488335.45,East,Medium
POL03469,PRG006,TRT019,2025-12-11,2026-07-07,276572.02,West,Medium
POL03470,PRG025,TRT046,2025-09-06,2026-03-10,11455.99,North,Critical
POL03471,PRG020,TRT097,2026-05-11,2028-03-15,347007.85,South,Critical
POL03472,PRG019,TRT043,2025-08-18,2026-06-06,419256.29,West,Medium
POL03473,PRG011,TRT057,2025-06-10,2026-10-05,235051.4,North,Critical
POL03474,PRG018,TRT058,2025-08-11,2026-11-19,62277.56,East,Medium
POL03475,PRG023,TRT050,2026-08-30,2028-03-01,126873.22,North,Low
POL03476,PRG024,TRT002,2027-01-01,2028-04-11,116137.73,South,Medium
POL03477,PRG010,TRT022,2026-09-23,2027-10-06,77389.14,South,Low
POL03478,PRG021,TRT093,2026-05-09,2026-11-22,178444.83,East,High
POL03479,PRG015,TRT031,2025-01-10,2025-07-10,432612.76,West,Medium
POL03480,PRG009,TRT036,2025-03-02,2026-01-11,463210.23,East,Critical
POL03481,PRG011,TRT054,2026-01-03,2027-07-26,444200.24,West,High
POL03482,PRG003,TRT009,2026-01-19,2027-03-16,157415.83,South,Low
POL03483,PRG015,TRT053,2026-07-12,2027-03-01,405059.87,East,Critical
POL03484,PRG023,TRT078,2026-06-13,2028-05-02,104041.68,South,High
POL03485,PRG018,TRT049,2025-08-09,2026-11-17,279888.31,North,Critical
POL03486,PRG004,TRT006,2025-10-20,2027-03-02,283602.32,East,High
POL03487,PRG022,TRT010,2025-06-30,2026-03-22,149560.57,East,High
POL03488,PRG018,TRT054,2025-01-25,2026-05-14,23646.25,West,High
POL03489,PRG009,TRT092,2025-05-09,2026-11-17,256317.01,West,Low
POL03490,PRG003,TRT023,2026-12-09,2027-11-10,267239.29,North,Critical
POL03491,PRG019,TRT086,2025-01-17,2025-10-02,265351.29,North,Critical
POL03492,PRG004,TRT100,2025-12-23,2026-12-29,291364.44,South,Medium
POL03493,PRG010,TRT094,2026-12-16,2027-11-09,388204.23,West,Low
POL03494,PRG020,TRT030,2026-06-08,2027-06-16,398033.37,North,Medium
POL03495,PRG012,TRT062,2026-06-28,2027-10-29,312259.24,West,Critical
POL03496,PRG019,TRT047,2026-11-23,2028-10-08,7136.1,North,Low
POL03497,PRG001,TRT008,2026-02-18,2027-12-28,388726.69,South,Medium
POL03498,PRG004,TRT033,2025-03-20,2026-03-24,488067.29,West,Critical
POL03499,PRG006,TRT029,2025-06-02,2026-03-22,144731.39,North,Low
POL03500,PRG003,TRT025,2025-07-22,2026-10-13,246123.08,North,Medium
POL03501,PRG001,TRT021,2026-12-13,2028-06-21,268944.63,East,Critical
POL03502,PRG020,TRT052,2026-07-29,2027-03-12,50612.1,West,Low
POL03503,PRG025,TRT077,2025-09-05,2027-07-18,499084.06,West,Low
POL03504,PRG006,TRT035,2026-05-06,2026-12-30,10496.45,West,Critical
POL03505,PRG018,TRT099,2025-08-11,2027-03-08,171296.27,West,High
POL03506,PRG019,TRT092,2025-10-31,2026-06-04,49930.5,East,Low
POL03507,PRG011,TRT100,2026-09-14,2027-06-29,368054.47,West,Critical
POL03508,PRG021,TRT057,2025-01-05,2025-12-01,219059.64,North,Critical
POL03509,PRG015,TRT098,2025-07-13,2027-02-21,222705.08,North,Low
POL03510,PRG008,TRT074,2025-01-16,2026-04-06,238871.8,South,Medium
POL03511,PRG020,TRT086,2026-06-22,2028-02-01,272332.61,East,Critical
POL03512,PRG020,TRT074,2025-08-19,2027-05-25,284630.07,South,High
POL03513,PRG016,TRT065,2025-09-09,2027-07-27,228640.64,South,High
POL03514,PRG013,TRT073,2025-10-16,2027-03-13,111512.04,North,High
POL03515,PRG016,TRT052,2026-06-15,2026-12-23,368861.6,South,Medium
POL03516,PRG002,TRT011,2025-12-10,2027-10-11,171366.45,West,Critical
POL03517,PRG004,TRT094,2026-04-04,2027-07-30,121603.96,North,Low
POL03518,PRG009,TRT091,2026-05-03,2027-02-15,122113.13,West,Low
POL03519,PRG001,TRT052,2025-10-06,2026-06-07,434068.52,West,High
POL03520,PRG001,TRT080,2026-04-30,2027-04-20,478705.65,East,High
POL03521,PRG015,TRT072,2025-12-17,2027-03-31,120596.33,East,Low
POL03522,PRG016,TRT015,2026-06-07,2027-09-07,221938.12,North,Medium
POL03523,PRG006,TRT052,2026-01-07,2027-04-15,449026.67,East,Low
POL03524,PRG025,TRT005,2026-11-18,2028-09-05,313048.13,East,High
POL03525,PRG002,TRT083,2026-04-21,2027-01-14,366619.81,East,High
POL03526,PRG004,TRT078,2025-11-13,2026-08-15,278073.19,East,Low
POL03527,PRG021,TRT063,2026-01-10,2027-06-12,282102.1,South,Medium
POL03528,PRG022,TRT093,2026-03-23,2027-02-12,467037.22,South,Medium
POL03529,PRG018,TRT022,2025-02-03,2026-05-11,438104.12,North,Critical
POL03530,PRG002,TRT031,2025-07-02,2026-04-15,463734.2,East,Critical
POL03531,PRG022,TRT085,2025-04-30,2026-05-22,133789.26,East,Low
POL03532,PRG021,TRT058,2026-09-30,2027-09-29,206969.75,East,Medium
POL03533,PRG008,TRT018,2026-02-26,2028-02-03,170852.58,South,Critical
POL03534,PRG020,TRT063,2025-01-09,2026-10-09,254975.59,South,Critical
POL03535,PRG006,TRT076,2025-06-20,2027-03-05,218753.47,North,Low
POL03536,PRG011,TRT042,2025-10-17,2027-08-24,348297.8,South,Critical
POL03537,PRG021,TRT064,2025-10-07,2026-04-23,491561.59,East,Medium
POL03538,PRG020,TRT029,2025-01-06,2026-08-19,5748.41,West,Low
POL03539,PRG004,TRT059,2025-08-16,2027-03-05,266149.84,South,Low
POL03540,PRG006,TRT008,2026-08-12,2027-03-15,295555.94,East,High
POL03541,PRG005,TRT074,2025-02-14,2025-08-30,215360.2,East,High
POL03542,PRG007,TRT074,2025-09-26,2027-09-22,289623.33,East,Critical
POL03543,PRG006,TRT076,2026-08-08,2027-06-25,383217.67,South,Low
POL03544,PRG021,TRT037,2026-04-23,2027-04-20,277362.98,East,Medium
POL03545,PRG007,TRT064,2026-06-20,2027-07-13,114754.99,North,High
POL03546,PRG010,TRT024,2026-08-15,2027-05-18,27934.73,West,Critical
POL03547,PRG015,TRT033,2026-08-09,2028-05-27,462840.56,North,Critical
POL03548,PRG009,TRT011,2026-03-02,2026-09-29,314502.91,West,Critical
POL03549,PRG011,TRT050,2026-03-23,2027-11-07,16987.03,East,Low
POL03550,PRG002,TRT076,2025-01-26,2026-07-02,218325.99,South,High
POL03551,PRG014,TRT053,2026-08-27,2028-01-19,212664.09,South,Critical
POL03552,PRG006,TRT054,2026-09-10,2027-08-20,422883.4,East,Low
POL03553,PRG021,TRT012,2025-05-02,2027-01-24,257382.32,East,Medium
POL03554,PRG016,TRT030,2026-06-18,2027-10-16,78440.67,West,Medium
POL03555,PRG025,TRT047,2026-10-20,2028-03-19,245013.97,South,Low
POL03556,PRG018,TRT032,2026-11-01,2027-12-01,245329.19,South,High
POL03557,PRG006,TRT037,2026-10-18,2027-12-11,372277.2,East,Medium
POL03558,PRG003,TRT004,2025-09-24,2026-11-27,149730.02,South,Low
POL03559,PRG002,TRT073,2025-09-29,2026-07-09,266464.39,North,High
POL03560,PRG022,TRT012,2026-06-10,2027-07-11,79690.16,West,Critical
POL03561,PRG005,TRT034,2026-02-23,2027-04-15,303404.48,West,Medium
POL03562,PRG010,TRT083,2026-02-22,2027-05-22,118387.03,West,Critical
POL03563,PRG015,TRT081,2026-06-06,2028-01-17,312016.75,South,High
POL03564,PRG011,TRT025,2025-08-05,2027-05-04,280131.48,South,Medium
POL03565,PRG019,TRT085,2026-04-21,2026-12-16,415889.22,East,Low
POL03566,PRG025,TRT043,2026-02-25,2027-05-30,286263.97,North,High
POL03567,PRG001,TRT100,2025-01-18,2026-05-11,424821.84,North,Low
POL03568,PRG016,TRT013,2026-01-10,2026-12-31,12969.2,West,High
POL03569,PRG008,TRT025,2025-02-25,2027-01-05,194824.28,North,Critical
POL03570,PRG024,TRT049,2025-01-15,2026-04-14,181479.09,North,Medium
POL03571,PRG023,TRT100,2025-03-12,2026-05-23,291260.47,North,Critical
POL03572,PRG010,TRT006,2025-10-17,2027-10-13,275501.96,South,Medium
POL03573,PRG012,TRT044,2026-11-19,2027-10-04,362267.59,West,High
POL03574,PRG019,TRT096,2025-01-18,2026-01-12,109917.17,East,High
POL03575,PRG006,TRT004,2026-02-09,2027-11-01,369484.25,West,Low
POL03576,PRG022,TRT010,2026-03-11,2027-02-24,254359.87,South,High
POL03577,PRG016,TRT059,2026-04-15,2027-06-13,64832.93,South,High
POL03578,PRG009,TRT088,2026-06-01,2028-04-05,210739.33,West,Medium
POL03579,PRG006,TRT022,2025-05-13,2026-12-28,73775.48,South,High
POL03580,PRG016,TRT038,2026-03-16,2026-09-25,301253.59,North,Low
POL03581,PRG021,TRT095,2026-10-27,2027-09-17,404256.64,South,Medium
POL03582,PRG024,TRT075,2025-09-29,2026-11-20,272571.12,South,High
POL03583,PRG013,TRT007,2026-10-14,2027-05-14,229610.62,North,Low
POL03584,PRG002,TRT085,2025-12-14,2026-08-16,299015.93,West,Low
POL03585,PRG010,TRT019,2026-08-21,2027-04-05,270539.89,East,Critical
POL03586,PRG016,TRT009,2025-04-17,2026-06-16,334010.07,West,Medium
POL03587,PRG021,TRT029,2025-03-13,2027-03-11,212658.19,East,Critical
POL03588,PRG008,TRT032,2025-10-09,2026-10-22,42504.56,East,High
POL03589,PRG022,TRT076,2025-06-11,2026-10-02,188821.38,West,Critical
POL03590,PRG025,TRT069,2026-05-27,2028-04-17,135050.29,East,Medium
POL03591,PRG010,TRT010,2026-12-19,2027-10-18,243826.02,North,Low
POL03592,PRG002,TRT067,2025-12-19,2027-06-08,19062.09,North,Low
POL03593,PRG017,TRT014,2026-05-16,2028-04-26,369572.37,West,Low
POL03594,PRG024,TRT077,2026-06-01,2028-04-15,190048.49,South,High
POL03595,PRG013,TRT031,2025-01-15,2025-09-16,428338.95,North,Critical
POL03596,PRG020,TRT009,2026-03-26,2027-08-03,97998.69,West,Low
POL03597,PRG011,TRT009,2025-08-12,2026-03-01,139132.73,North,High
POL03598,PRG018,TRT056,2026-03-24,2026-12-18,205674.91,South,Critical
POL03599,PRG018,TRT008,2026-12-30,2027-09-26,109779.84,North,Critical
POL03600,PRG006,TRT062,2025-10-27,2027-01-18,39689.82,West,Low
POL03601,PRG019,TRT074,2025-07-11,2026-09-13,225684.67,South,Critical
POL03602,PRG017,TRT037,2026-02-09,2026-10-22,449785.48,East,Medium
POL03603,PRG007,TRT038,2026-05-18,2027-03-14,141001.95,North,High
POL03604,PRG007,TRT076,2025-08-12,2026-07-10,492635.62,North,High
POL03605,PRG017,TRT099,2026-05-07,2027-06-13,239531.97,West,High
POL03606,PRG022,TRT083,2026-06-01,2027-09-18,150489.77,East,High
POL03607,PRG016,TRT020,2026-02-28,2026-11-27,216088.9,East,Medium
POL03608,PRG024,TRT088,2025-01-25,2026-06-25,466042.2,South,Medium
POL03609,PRG019,TRT069,2025-07-23,2027-06-12,315201.77,South,Critical
POL03610,PRG005,TRT033,2025-06-08,2026-01-06,80021.91,East,High
POL03611,PRG019,TRT057,2026-09-22,2027-09-08,46496.69,North,Critical
POL03612,PRG025,TRT036,2026-07-04,2028-02-03,406193.2,East,Critical
POL03613,PRG007,TRT074,2025-12-12,2027-09-25,316537.08,South,High
POL03614,PRG013,TRT036,2026-06-16,2028-04-02,339119.71,South,Low
POL03615,PRG016,TRT034,2026-04-30,2027-09-02,191232.57,West,Low
POL03616,PRG017,TRT003,2026-04-09,2027-11-15,134169.01,East,Critical
POL03617,PRG024,TRT027,2025-11-21,2027-03-07,69980.56,North,Low
POL03618,PRG023,TRT050,2025-09-26,2027-06-12,84289.73,East,Critical
POL03619,PRG003,TRT065,2025-10-03,2026-11-28,215898.83,East,Low
POL03620,PRG013,TRT005,2026-01-06,2026-10-30,462950.06,North,Medium
POL03621,PRG023,TRT018,2026-08-15,2028-06-08,335050.85,West,Critical
POL03622,PRG005,TRT003,2026-06-20,2028-04-19,230731.94,East,Low
POL03623,PRG019,TRT044,2025-09-15,2026-12-05,211640.1,South,High
POL03624,PRG018,TRT062,2025-03-19,2026-11-10,127010.01,South,Critical
POL03625,PRG010,TRT037,2025-03-09,2025-12-29,310205.2,North,Medium
POL03626,PRG016,TRT001,2025-06-08,2026-04-03,460443.81,West,High
POL03627,PRG015,TRT015,2026-11-25,2028-07-05,314150.7,South,Medium
POL03628,PRG024,TRT047,2026-06-25,2027-02-10,177624.4,East,High
POL03629,PRG007,TRT004,2026-02-13,2026-09-25,299712.38,East,High
POL03630,PRG011,TRT068,2025-09-08,2027-04-07,229509.95,South,Medium
POL03631,PRG004,TRT045,2026-09-22,2027-08-03,253808.57,West,High
POL03632,PRG004,TRT051,2026-05-10,2027-03-06,194024.9,West,High
POL03633,PRG020,TRT066,2025-05-20,2025-12-24,470422.4,South,Medium
POL03634,PRG009,TRT085,2025-09-01,2026-08-18,384238.2,North,High
POL03635,PRG018,TRT033,2025-07-25,2026-11-25,460537.63,West,Medium
POL03636,PRG005,TRT039,2026-02-27,2027-02-15,332693.51,North,Medium
POL03637,PRG001,TRT081,2025-11-21,2027-08-27,204739.73,West,High
POL03638,PRG017,TRT059,2026-11-18,2028-07-03,367390.15,West,Critical
POL03639,PRG015,TRT043,2026-11-05,2028-09-16,287646.5,East,Low
POL03640,PRG020,TRT078,2026-03-29,2028-02-26,176778.65,North,Low
POL03641,PRG005,TRT086,2026-04-06,2027-08-24,428672.98,West,Critical
POL03642,PRG023,TRT076,2026-07-10,2028-06-19,449162.8,West,Critical
POL03643,PRG025,TRT082,2025-03-14,2025-10-05,235247.08,East,High
POL03644,PRG022,TRT035,2025-02-27,2026-01-01,185500.59,South,High
POL03645,PRG020,TRT097,2025-01-25,2025-08-06,12438.25,West,Critical
POL03646,PRG019,TRT018,2025-03-26,2027-01-03,468612.12,West,Medium
POL03647,PRG003,TRT029,2025-04-29,2026-10-07,287235.8,West,Medium
POL03648,PRG014,TRT082,2026-07-29,2028-05-10,221454.14,North,Low
POL03649,PRG003,TRT014,2025-12-16,2026-10-13,184469.64,West,High
POL03650,PRG011,TRT052,2025-07-03,2027-06-19,405539.27,West,High
POL03651,PRG011,TRT025,2025-05-30,2026-12-29,276052.5,North,Critical
POL03652,PRG011,TRT029,2026-05-06,2027-12-13,284276.47,East,Critical
POL03653,PRG022,TRT022,2026-04-28,2027-09-29,296477.13,East,Critical
POL03654,PRG003,TRT013,2026-11-04,2028-10-23,84707.15,North,Critical
POL03655,PRG002,TRT091,2026-07-30,2028-02-04,80108.04,East,Low
POL03656,PRG014,TRT095,2026-06-22,2027-08-19,11267.34,West,Critical
POL03657,PRG024,TRT007,2026-07-02,2027-01-03,50779.94,West,Critical
POL03658,PRG004,TRT028,2025-11-26,2027-02-15,304194.22,West,Critical
POL03659,PRG001,TRT044,2026-04-12,2027-09-18,29878.89,North,Medium
POL03660,PRG024,TRT069,2026-02-06,2027-10-18,9696.09,North,Low
POL03661,PRG005,TRT050,2026-12-14,2028-04-20,63663.76,West,Critical
POL03662,PRG003,TRT029,2026-02-23,2027-12-17,313939.68,East,Medium
POL03663,PRG014,TRT011,2025-11-13,2026-05-14,308526.34,North,Critical
POL03664,PRG012,TRT078,2026-10-24,2027-06-23,290201.31,South,High
POL03665,PRG001,TRT031,2026-08-24,2027-03-02,290201.01,South,Critical
POL03666,PRG001,TRT058,2026-09-13,2027-06-11,319021.76,North,Low
POL03667,PRG022,TRT092,2026-02-16,2027-08-28,292469.3,West,Critical
POL03668,PRG021,TRT046,2026-11-09,2028-09-21,295207.38,South,Low
POL03669,PRG001,TRT043,2025-09-21,2026-12-10,117608.79,South,Critical
POL03670,PRG004,TRT085,2025-09-10,2027-03-29,70096.83,North,High
POL03671,PRG021,TRT066,2025-01-03,2025-07-08,495571.9,South,Critical
POL03672,PRG003,TRT038,2025-06-30,2026-08-15,456037.11,South,Low
POL03673,PRG022,TRT005,2025-07-07,2027-05-19,232765.01,West,High
POL03674,PRG009,TRT092,2026-06-06,2028-05-16,184764.39,West,High
POL03675,PRG019,TRT024,2025-02-20,2026-02-26,51721.16,North,Low
POL03676,PRG022,TRT029,2025-09-10,2026-06-09,187023.02,West,Low
POL03677,PRG025,TRT038,2025-05-11,2026-06-09,449251.47,West,Critical
POL03678,PRG019,TRT048,2026-10-03,2027-12-30,288081.82,North,Low
POL03679,PRG020,TRT090,2025-05-04,2026-03-16,291741.06,South,Low
POL03680,PRG011,TRT041,2025-03-15,2027-01-13,59209.0,West,Medium
POL03681,PRG013,TRT040,2025-08-22,2027-08-03,465854.72,North,High
POL03682,PRG014,TRT055,2025-09-25,2027-07-10,341563.42,North,High
POL03683,PRG010,TRT048,2025-01-11,2026-01-28,481856.49,South,Critical
POL03684,PRG018,TRT052,2026-04-21,2027-02-23,115441.93,South,High
POL03685,PRG010,TRT036,2025-01-23,2026-01-19,137756.1,North,Low
POL03686,PRG004,TRT059,2025-07-09,2026-04-20,153726.4,West,Low
POL03687,PRG017,TRT091,2025-02-26,2027-01-30,251754.18,North,High
POL03688,PRG002,TRT062,2025-06-26,2027-02-06,229910.68,East,Critical
POL03689,PRG015,TRT075,2026-08-16,2027-08-03,200650.01,West,Medium
POL03690,PRG025,TRT078,2025-08-01,2026-04-17,99969.04,West,Medium
POL03691,PRG021,TRT017,2025-04-25,2025-12-11,35236.06,South,Low
POL03692,PRG025,TRT079,2025-05-14,2026-11-22,286804.72,South,Low
POL03693,PRG003,TRT003,2025-05-22,2027-05-12,467974.78,North,Low
POL03694,PRG020,TRT067,2025-02-20,2026-05-16,70346.78,North,Low
POL03695,PRG023,TRT050,2026-02-06,2027-02-26,270287.88,South,High
POL03696,PRG019,TRT047,2026-01-04,2027-03-26,143019.62,South,Medium
POL03697,PRG023,TRT038,2026-04-25,2027-02-03,38434.16,West,Medium
POL03698,PRG018,TRT086,2026-05-13,2027-05-07,129449.74,North,Medium
POL03699,PRG018,TRT008,2026-12-30,2028-12-24,130225.04,West,Critical
POL03700,PRG011,TRT019,2025-02-24,2026-08-27,14576.52,South,Low
POL03701,PRG004,TRT057,2025-09-04,2026-07-05,147465.4,South,Medium
POL03702,PRG019,TRT013,2026-11-10,2028-08-16,195344.72,East,Low
POL03703,PRG013,TRT074,2025-09-30,2026-05-06,92248.98,East,Critical
POL03704,PRG006,TRT064,2025-07-15,2026-12-31,72355.03,South,Low
POL03705,PRG011,TRT063,2026-07-21,2027-01-18,270255.15,East,High
POL03706,PRG023,TRT063,2025-01-10,2025-11-09,140439.35,South,High
POL03707,PRG012,TRT055,2025-06-27,2027-02-02,186432.66,North,Low
POL03708,PRG013,TRT022,2025-11-22,2027-10-30,15315.2,South,Medium
POL03709,PRG004,TRT003,2026-04-11,2027-01-01,256667.84,South,Medium
POL03710,PRG002,TRT035,2025-08-03,2026-12-29,184447.58,West,Medium
POL03711,PRG019,TRT004,2025-11-21,2027-02-17,327939.32,East,Medium
POL03712,PRG010,TRT007,2026-06-22,2027-01-19,344665.18,West,Low
POL03713,PRG019,TRT026,2025-12-01,2027-10-31,245893.07,West,Critical
POL03714,PRG005,TRT027,2025-03-16,2027-03-06,469513.11,West,Medium
POL03715,PRG011,TRT093,2026-10-08,2028-08-24,491342.63,West,Critical
POL03716,PRG013,TRT017,2026-05-04,2027-12-14,211188.05,South,Critical
POL03717,PRG015,TRT066,2025-05-18,2026-04-14,295791.0,East,High
POL03718,PRG016,TRT073,2026-05-20,2027-07-21,46226.22,East,Critical
POL03719,PRG008,TRT084,2025-07-23,2026-09-15,243310.38,North,High
POL03720,PRG017,TRT083,2025-08-12,2026-03-07,91118.92,South,Critical
POL03721,PRG004,TRT080,2026-04-06,2027-12-23,133112.74,West,Low
POL03722,PRG024,TRT017,2025-04-04,2027-02-18,497116.76,South,Critical
POL03723,PRG001,TRT041,2025-01-29,2025-12-04,426534.35,East,Medium
POL03724,PRG009,TRT039,2026-08-09,2027-04-15,450431.4,East,High
POL03725,PRG008,TRT055,2025-07-12,2026-03-13,30715.01,West,Critical
POL03726,PRG011,TRT090,2026-01-02,2027-05-10,267341.14,South,Critical
POL03727,PRG003,TRT064,2026-07-20,2027-08-15,422244.88,East,Low
POL03728,PRG010,TRT016,2026-12-30,2027-10-27,203887.08,East,Medium
POL03729,PRG001,TRT042,2026-02-27,2027-10-31,220344.13,West,Low
POL03730,PRG008,TRT093,2026-01-10,2027-07-22,127378.44,West,High
POL03731,PRG011,TRT032,2026-09-22,2028-05-12,207850.7,West,High
POL03732,PRG024,TRT049,2025-10-06,2026-05-01,120237.62,East,Medium
POL03733,PRG024,TRT072,2026-08-09,2027-11-11,338907.77,South,Medium
POL03734,PRG004,TRT097,2026-04-17,2027-08-25,305386.89,East,High
POL03735,PRG004,TRT025,2026-05-08,2027-10-13,346584.48,South,Low
POL03736,PRG018,TRT046,2026-10-19,2027-10-10,61462.15,South,High
POL03737,PRG017,TRT050,2025-07-22,2027-06-17,226330.36,North,Medium
POL03738,PRG021,TRT012,2025-08-14,2026-03-21,330201.47,East,Critical
POL03739,PRG013,TRT018,2026-09-15,2027-06-18,185326.73,West,Critical
POL03740,PRG001,TRT068,2025-05-03,2026-08-26,213008.42,West,Medium
POL03741,PRG015,TRT086,2026-07-06,2028-02-16,44975.15,South,High
POL03742,PRG001,TRT040,2026-05-09,2026-11-07,49389.75,South,Low
POL03743,PRG013,TRT091,2025-03-24,2026-01-11,61423.42,North,High
POL03744,PRG006,TRT001,2025-04-26,2025-11-27,463225.02,South,Medium
POL03745,PRG013,TRT083,2025-10-15,2026-04-14,335188.54,West,Critical
POL03746,PRG009,TRT092,2026-12-17,2027-08-06,323164.14,East,Critical
POL03747,PRG001,TRT001,2025-07-18,2027-05-03,272147.09,North,Medium
POL03748,PRG017,TRT027,2025-01-28,2025-11-14,322041.14,South,Low
POL03749,PRG010,TRT042,2025-08-24,2027-02-26,362749.3,West,Medium
POL03750,PRG024,TRT061,2025-08-16,2026-05-23,228238.48,East,Medium
POL03751,PRG017,TRT075,2025-10-09,2027-06-18,279661.15,North,High
POL03752,PRG022,TRT034,2026-08-20,2028-02-04,308772.0,West,Low
POL03753,PRG025,TRT029,2025-02-24,2026-07-07,424065.81,West,High
POL03754,PRG011,TRT037,2026-02-15,2027-11-26,233677.47,West,High
POL03755,PRG016,TRT028,2026-12-26,2028-07-09,281751.67,South,Critical
POL03756,PRG013,TRT045,2025-03-13,2027-01-08,100297.82,North,Low
POL03757,PRG016,TRT045,2025-08-21,2026-12-29,193399.5,North,Critical
POL03758,PRG004,TRT083,2025-04-23,2026-01-07,306128.16,West,Low
POL03759,PRG011,TRT001,2026-12-15,2028-11-29,64947.25,South,High
POL03760,PRG006,TRT055,2026-08-08,2027-06-16,368756.28,South,Medium
POL03761,PRG025,TRT006,2026-02-22,2027-07-04,142112.82,West,Low
POL03762,PRG021,TRT020,2025-03-22,2026-12-06,16212.58,South,Medium
POL03763,PRG015,TRT068,2025-05-31,2026-08-31,107706.83,West,Medium
POL03764,PRG019,TRT018,2026-10-29,2028-08-23,236551.48,West,Low
POL03765,PRG002,TRT089,2025-03-15,2025-11-25,124703.25,North,Low
POL03766,PRG025,TRT100,2026-06-16,2027-01-31,105248.11,East,High
POL03767,PRG013,TRT087,2025-12-04,2026-07-17,388735.13,West,Critical
POL03768,PRG016,TRT088,2025-08-16,2027-06-01,479164.09,South,High
POL03769,PRG005,TRT075,2025-10-05,2027-04-04,61918.6,North,Medium
POL03770,PRG010,TRT006,2025-02-13,2027-01-17,270949.44,East,Critical
POL03771,PRG022,TRT072,2025-11-12,2027-03-17,23869.48,East,Medium
POL03772,PRG017,TRT099,2026-02-11,2027-05-08,86614.2,West,Medium
POL03773,PRG008,TRT010,2025-06-02,2026-06-29,472538.03,East,Medium
POL03774,PRG011,TRT057,2025-10-15,2026-07-01,237909.34,South,High
POL03775,PRG009,TRT041,2025-02-12,2025-12-14,276539.15,North,Low
POL03776,PRG003,TRT035,2026-02-02,2027-06-01,227398.62,West,Critical
POL03777,PRG014,TRT023,2026-05-14,2028-01-16,202814.41,South,Low
POL03778,PRG024,TRT096,2026-03-17,2028-02-05,136122.82,West,High
POL03779,PRG001,TRT085,2025-05-30,2026-01-27,31230.46,West,Low
POL03780,PRG022,TRT021,2026-12-04,2027-07-29,79344.93,East,Medium
POL03781,PRG004,TRT096,2025-04-30,2026-09-16,297602.19,North,Medium
POL03782,PRG007,TRT037,2025-05-10,2026-06-24,453162.63,North,High
POL03783,PRG001,TRT082,2026-01-30,2028-01-16,16908.14,South,High
POL03784,PRG005,TRT006,2025-08-06,2027-05-25,61431.45,South,Medium
POL03785,PRG025,TRT060,2025-12-02,2026-10-27,123856.46,North,Medium
POL03786,PRG010,TRT014,2025-06-24,2027-05-13,261061.26,East,High
POL03787,PRG017,TRT099,2025-09-13,2026-12-20,7876.03,South,Medium
POL03788,PRG001,TRT066,2025-01-11,2026-01-20,474320.4,South,Critical
POL03789,PRG002,TRT037,2026-05-14,2027-10-26,354860.04,North,Critical
POL03790,PRG010,TRT012,2027-01-01,2028-09-03,60062.74,West,Critical
POL03791,PRG008,TRT063,2025-09-15,2027-06-20,25425.53,South,Medium
POL03792,PRG011,TRT058,2026-12-26,2027-11-02,6345.6,East,High
POL03793,PRG011,TRT053,2026-06-30,2027-08-05,25044.95,East,Low
POL03794,PRG016,TRT060,2026-05-09,2027-09-28,340515.5,South,Medium
POL03795,PRG024,TRT025,2026-10-12,2028-02-17,382339.34,North,Medium
POL03796,PRG020,TRT043,2025-03-21,2026-06-14,433889.6,West,Medium
POL03797,PRG017,TRT007,2025-04-01,2026-02-21,382328.16,North,Low
POL03798,PRG016,TRT057,2026-03-16,2026-10-20,275229.24,East,Low
POL03799,PRG025,TRT081,2026-05-18,2027-10-14,123807.93,South,Low
POL03800,PRG018,TRT090,2025-03-08,2026-08-27,402346.88,South,Critical
POL03801,PRG018,TRT094,2025-08-05,2026-07-24,322657.35,East,High
POL03802,PRG016,TRT001,2025-01-15,2025-09-19,339947.25,North,Low
POL03803,PRG009,TRT034,2025-06-04,2026-07-23,457062.58,South,Low
POL03804,PRG023,TRT013,2025-05-23,2027-02-23,405040.29,South,Medium
POL03805,PRG009,TRT006,2025-06-27,2027-01-21,354153.19,East,Critical
POL03806,PRG010,TRT087,2026-01-02,2027-03-31,398407.36,West,High
POL03807,PRG004,TRT067,2025-07-09,2027-02-24,38629.91,West,Critical
POL03808,PRG019,TRT073,2026-02-28,2028-02-26,330610.88,North,Medium
POL03809,PRG002,TRT060,2026-09-30,2027-04-17,467188.2,North,Medium
POL03810,PRG011,TRT047,2026-01-14,2027-02-10,30044.59,East,Medium
POL03811,PRG010,TRT059,2025-02-05,2025-08-20,404651.06,West,Low
POL03812,PRG011,TRT027,2025-05-20,2026-11-10,39483.38,South,Low
POL03813,PRG018,TRT068,2025-09-21,2026-11-30,338966.17,North,Critical
POL03814,PRG017,TRT072,2026-01-04,2026-08-26,448238.71,West,Critical
POL03815,PRG015,TRT018,2026-03-02,2027-01-12,272433.77,South,High
POL03816,PRG023,TRT016,2025-08-16,2027-06-13,455914.94,West,Low
POL03817,PRG017,TRT095,2025-03-19,2027-03-05,279431.7,East,High
POL03818,PRG009,TRT099,2025-02-25,2025-10-17,496661.88,West,Critical
POL03819,PRG022,TRT012,2025-05-26,2027-03-05,448790.08,East,Low
POL03820,PRG013,TRT074,2026-05-01,2026-11-12,19558.94,North,Medium
POL03821,PRG022,TRT035,2026-06-19,2028-06-11,106635.62,South,Medium
POL03822,PRG009,TRT056,2026-11-13,2028-04-06,439234.34,North,Critical
POL03823,PRG021,TRT002,2026-08-17,2028-04-13,66833.39,East,Critical
POL03824,PRG012,TRT037,2025-10-11,2027-03-30,383383.78,East,Low
POL03825,PRG007,TRT057,2025-01-28,2025-09-29,185722.77,North,Critical
POL03826,PRG014,TRT050,2025-06-12,2026-06-29,13283.77,East,Medium
POL03827,PRG006,TRT071,2025-01-21,2025-10-28,355979.44,South,Medium
POL03828,PRG017,TRT067,2026-09-27,2027-10-14,51228.82,North,Critical
POL03829,PRG017,TRT084,2025-10-16,2027-09-23,362792.12,West,High
POL03830,PRG018,TRT042,2025-03-06,2026-02-25,134687.6,South,High
POL03831,PRG014,TRT050,2026-10-21,2028-03-16,131046.38,North,Low
POL03832,PRG004,TRT019,2026-04-02,2027-09-18,314122.61,North,Medium
POL03833,PRG009,TRT080,2025-07-11,2027-02-09,444811.33,West,Low
POL03834,PRG020,TRT042,2025-06-18,2027-05-06,278739.27,North,Critical
POL03835,PRG005,TRT062,2026-12-12,2027-12-27,203883.15,West,Medium
POL03836,PRG021,TRT028,2025-09-06,2026-04-21,216477.19,North,Critical
POL03837,PRG016,TRT026,2025-07-08,2026-08-26,43748.44,South,Low
POL03838,PRG007,TRT039,2026-03-25,2027-11-29,344805.63,West,Medium
POL03839,PRG023,TRT022,2025-11-26,2027-09-25,324756.62,East,Critical
POL03840,PRG017,TRT012,2026-03-23,2027-02-13,462098.45,East,High
POL03841,PRG024,TRT073,2026-10-06,2027-07-29,484420.39,North,Critical
POL03842,PRG007,TRT003,2025-06-06,2027-01-07,456998.36,South,Critical
POL03843,PRG011,TRT056,2025-10-10,2027-10-02,358280.55,North,Low
POL03844,PRG020,TRT051,2025-05-09,2026-09-03,361847.02,West,High
POL03845,PRG007,TRT034,2026-05-12,2028-04-16,460638.45,West,Low
POL03846,PRG015,TRT093,2025-08-03,2027-01-11,288425.2,North,Critical
POL03847,PRG007,TRT060,2025-02-10,2026-12-07,285847.33,East,Critical
POL03848,PRG022,TRT017,2025-02-05,2026-06-25,476836.57,North,Medium
POL03849,PRG020,TRT036,2026-05-27,2027-12-26,267357.91,South,High
POL03850,PRG010,TRT046,2026-11-10,2027-09-17,78314.92,East,Critical
POL03851,PRG015,TRT042,2025-04-13,2027-01-20,227406.38,West,Low
POL03852,PRG011,TRT039,2025-10-02,2026-06-02,131357.74,North,High
POL03853,PRG007,TRT086,2025-01-11,2026-10-29,276026.03,North,Critical
POL03854,PRG018,TRT032,2025-11-16,2027-08-21,125498.17,North,Medium
POL03855,PRG009,TRT089,2025-01-05,2026-12-20,98060.67,East,Critical
POL03856,PRG013,TRT022,2026-11-06,2027-12-13,471712.8,West,Low
POL03857,PRG010,TRT087,2025-06-28,2026-07-18,246856.39,East,High
POL03858,PRG020,TRT061,2026-06-20,2028-05-01,73871.1,West,Critical
POL03859,PRG009,TRT033,2025-12-22,2027-01-27,35878.92,North,Critical
POL03860,PRG002,TRT022,2026-09-22,2028-02-02,355472.59,South,Medium
POL03861,PRG018,TRT073,2026-10-18,2028-02-17,111756.34,South,Low
POL03862,PRG024,TRT024,2025-07-27,2026-09-29,10684.43,South,Low
POL03863,PRG013,TRT065,2026-06-22,2028-01-08,387954.23,East,Medium
POL03864,PRG015,TRT022,2026-01-29,2027-04-28,24343.77,West,High
POL03865,PRG023,TRT099,2026-10-20,2027-08-18,436786.83,South,High
POL03866,PRG001,TRT043,2025-03-07,2026-12-14,455862.32,South,High
POL03867,PRG002,TRT076,2026-03-23,2027-06-22,481250.74,East,High
POL03868,PRG001,TRT024,2025-12-08,2026-09-28,63718.17,East,Medium
POL03869,PRG017,TRT048,2025-09-05,2027-08-03,283262.1,East,High
POL03870,PRG004,TRT024,2025-11-13,2027-01-02,423711.16,North,Critical
POL03871,PRG013,TRT066,2025-12-03,2027-05-18,168742.82,North,Low
POL03872,PRG022,TRT045,2025-06-07,2026-09-17,114606.4,West,Low
POL03873,PRG005,TRT072,2025-12-20,2026-12-06,308825.26,East,Low
POL03874,PRG003,TRT007,2026-07-28,2027-06-16,455231.93,East,Low
POL03875,PRG009,TRT074,2026-04-05,2027-03-07,61458.95,North,Medium
POL03876,PRG020,TRT069,2026-07-29,2028-05-02,42403.96,East,Medium
POL03877,PRG012,TRT073,2026-10-24,2027-06-26,249026.51,East,Critical
POL03878,PRG013,TRT072,2025-11-18,2026-09-05,489133.8,West,High
POL03879,PRG019,TRT022,2025-09-29,2026-08-14,346810.34,North,Low
POL03880,PRG008,TRT043,2026-06-06,2027-07-31,108539.44,North,High
POL03881,PRG021,TRT017,2025-01-07,2026-01-12,177109.37,East,Critical
POL03882,PRG019,TRT063,2026-08-14,2028-05-12,133955.49,North,Medium
POL03883,PRG013,TRT100,2025-11-02,2027-04-28,25376.0,North,Critical
POL03884,PRG013,TRT055,2026-03-08,2028-03-02,240648.88,South,Critical
POL03885,PRG012,TRT075,2026-09-17,2028-03-25,218331.23,North,Critical
POL03886,PRG011,TRT013,2025-10-24,2027-10-12,41541.39,West,Critical
POL03887,PRG013,TRT009,2026-03-22,2027-04-15,499767.33,West,Medium
POL03888,PRG002,TRT066,2025-09-23,2027-08-08,185787.53,North,Low
POL03889,PRG011,TRT078,2026-07-08,2027-07-20,45147.56,South,Critical
POL03890,PRG020,TRT025,2026-05-07,2028-01-11,272147.85,North,High
POL03891,PRG025,TRT029,2025-12-25,2027-01-02,16855.16,South,High
POL03892,PRG007,TRT073,2025-11-13,2027-05-16,71862.79,East,High
POL03893,PRG013,TRT099,2026-01-02,2026-12-12,9519.59,North,Critical
POL03894,PRG025,TRT095,2026-06-15,2028-04-22,253522.33,West,Low
POL03895,PRG004,TRT010,2026-02-04,2027-06-13,166309.9,North,High
POL03896,PRG017,TRT080,2026-11-09,2027-09-23,398737.02,North,Critical
POL03897,PRG024,TRT069,2025-08-20,2026-10-10,426643.76,East,High
POL03898,PRG022,TRT060,2025-10-09,2027-05-05,249067.67,West,Medium
POL03899,PRG008,TRT003,2026-08-28,2028-02-24,156787.11,North,Medium
POL03900,PRG007,TRT075,2025-07-06,2026-11-03,419709.9,East,Critical
POL03901,PRG022,TRT064,2025-02-06,2026-09-28,422661.45,West,Low
POL03902,PRG007,TRT035,2025-09-09,2027-06-24,407432.67,South,Medium
POL03903,PRG005,TRT067,2026-11-19,2028-04-17,453217.6,South,High
POL03904,PRG025,TRT005,2026-02-17,2027-04-12,96914.64,East,Low
POL03905,PRG014,TRT024,2026-07-10,2027-06-02,35945.01,West,Critical
POL03906,PRG005,TRT081,2025-06-22,2026-02-22,178900.27,West,High
POL03907,PRG015,TRT075,2025-04-02,2027-02-05,339789.3,South,Medium
POL03908,PRG012,TRT066,2026-02-21,2027-11-22,128223.3,South,Low
POL03909,PRG021,TRT047,2025-09-25,2027-04-15,389417.12,West,Medium
POL03910,PRG022,TRT015,2026-03-20,2026-11-30,447904.26,West,Critical
POL03911,PRG002,TRT099,2025-04-04,2026-10-24,168416.93,North,Critical
POL03912,PRG020,TRT059,2026-08-03,2028-03-24,295521.5,East,Medium
POL03913,PRG022,TRT069,2026-08-12,2028-03-11,126896.43,South,Low
POL03914,PRG001,TRT031,2025-10-13,2027-07-02,35059.46,East,Medium
POL03915,PRG024,TRT008,2026-09-24,2027-04-27,182007.74,North,Low
POL03916,PRG016,TRT091,2025-06-18,2027-06-11,89563.02,East,High
POL03917,PRG022,TRT088,2025-06-03,2026-05-25,134562.94,West,Medium
POL03918,PRG016,TRT013,2026-08-08,2028-04-15,118464.37,North,Medium
POL03919,PRG022,TRT059,2026-08-08,2027-10-22,83341.89,South,Low
POL03920,PRG015,TRT050,2025-01-15,2026-12-18,400943.93,North,Medium
POL03921,PRG002,TRT047,2025-06-26,2025-12-27,321302.22,South,Medium
POL03922,PRG009,TRT087,2026-01-01,2027-04-06,75808.69,East,Critical
POL03923,PRG017,TRT053,2026-01-09,2026-09-04,93338.27,South,High
POL03924,PRG013,TRT033,2025-05-12,2026-06-30,434607.74,East,Critical
POL03925,PRG015,TRT009,2025-03-05,2025-09-09,263480.76,East,Low
POL03926,PRG024,TRT017,2025-07-23,2027-01-27,108054.72,West,Low
POL03927,PRG018,TRT033,2026-06-16,2027-03-11,233346.58,North,Low
POL03928,PRG009,TRT067,2026-12-24,2028-05-21,469950.54,East,High
POL03929,PRG011,TRT011,2026-09-11,2028-08-13,460888.15,North,Critical
POL03930,PRG003,TRT056,2026-05-27,2028-02-23,418377.49,South,Low
POL03931,PRG020,TRT030,2026-08-15,2028-08-03,376502.11,South,Low
POL03932,PRG015,TRT034,2026-02-23,2026-12-16,35150.14,North,Low
POL03933,PRG017,TRT037,2026-05-18,2027-08-08,177299.22,South,High
POL03934,PRG007,TRT001,2025-05-12,2027-02-16,346979.8,South,Medium
POL03935,PRG014,TRT018,2025-08-18,2027-08-01,434356.25,North,High
POL03936,PRG005,TRT070,2025-09-02,2026-11-12,404371.26,East,Critical
POL03937,PRG018,TRT048,2026-05-31,2027-08-02,325853.79,West,Low
POL03938,PRG004,TRT074,2026-03-27,2027-12-23,286769.56,South,High
POL03939,PRG024,TRT011,2026-09-25,2027-09-26,478833.13,South,Medium
POL03940,PRG018,TRT008,2026-01-07,2027-04-03,69196.98,North,Low
POL03941,PRG021,TRT039,2026-07-02,2028-05-09,428542.44,West,Critical
POL03942,PRG006,TRT024,2026-10-30,2028-05-17,438548.51,North,Low
POL03943,PRG006,TRT048,2026-09-25,2027-08-19,408370.97,South,Medium
POL03944,PRG022,TRT082,2026-02-09,2027-02-25,307493.69,East,Medium
POL03945,PRG011,TRT001,2026-02-07,2027-12-26,141237.9,East,Medium
POL03946,PRG024,TRT003,2026-03-24,2027-11-12,256383.64,East,Low
POL03947,PRG004,TRT051,2025-09-13,2026-07-19,66870.59,East,High
POL03948,PRG001,TRT026,2026-07-29,2028-01-13,424181.92,East,Low
POL03949,PRG024,TRT014,2026-02-13,2026-11-08,83215.69,West,Low
POL03950,PRG021,TRT094,2026-12-06,2028-10-06,472191.83,South,Medium
POL03951,PRG025,TRT013,2026-07-15,2028-05-21,66666.62,East,High
POL03952,PRG010,TRT082,2026-04-27,2027-03-15,172793.49,South,Low
POL03953,PRG002,TRT041,2025-06-23,2026-07-08,471111.5,West,Low
POL03954,PRG016,TRT085,2026-05-24,2027-01-02,433219.03,West,Medium
POL03955,PRG001,TRT006,2025-08-14,2027-03-07,27284.82,East,Critical
POL03956,PRG025,TRT093,2025-07-01,2026-09-20,445099.99,North,Critical
POL03957,PRG014,TRT009,2025-12-04,2026-06-18,306327.47,East,Low
POL03958,PRG011,TRT085,2026-05-04,2028-01-25,312913.59,North,Low
POL03959,PRG014,TRT065,2025-12-19,2027-10-12,144947.51,North,High
POL03960,PRG006,TRT085,2025-07-30,2027-07-25,78132.21,West,Medium
POL03961,PRG020,TRT065,2025-02-13,2026-12-28,262268.97,West,High
POL03962,PRG008,TRT038,2025-05-28,2026-10-11,475835.52,West,Critical
POL03963,PRG016,TRT020,2025-09-12,2026-03-24,241407.55,South,Medium
POL03964,PRG015,TRT074,2026-09-23,2028-06-17,53841.78,East,Low
POL03965,PRG007,TRT002,2026-11-09,2027-08-08,277946.79,West,Low
POL03966,PRG002,TRT043,2025-01-04,2025-12-30,226741.58,East,High
POL03967,PRG005,TRT053,2026-11-07,2027-10-30,143327.95,East,High
POL03968,PRG009,TRT025,2026-11-04,2027-07-25,36027.88,South,Low
POL03969,PRG011,TRT042,2025-01-12,2026-05-23,256687.58,North,Critical
POL03970,PRG024,TRT014,2025-10-27,2027-04-29,281172.71,South,High
POL03971,PRG021,TRT080,2026-06-29,2027-01-11,470737.93,South,Medium
POL03972,PRG002,TRT006,2026-05-08,2027-03-27,89190.31,South,High
POL03973,PRG005,TRT007,2025-08-16,2026-09-10,250186.1,South,Low
POL03974,PRG023,TRT075,2026-12-11,2027-08-14,434834.77,West,Medium
POL03975,PRG003,TRT081,2026-04-25,2027-09-05,412110.3,South,Medium
POL03976,PRG007,TRT095,2025-07-25,2027-06-07,203747.05,South,Medium
POL03977,PRG019,TRT039,2025-03-21,2026-05-27,335084.57,West,Low
POL03978,PRG016,TRT053,2026-12-04,2028-05-02,161465.35,West,High
POL03979,PRG017,TRT084,2025-11-16,2026-11-03,136379.55,South,Medium
POL03980,PRG019,TRT061,2026-01-27,2027-11-30,420552.31,North,High
POL03981,PRG013,TRT013,2025-05-29,2027-02-20,323269.1,North,High
POL03982,PRG007,TRT009,2025-12-21,2027-09-27,13281.44,North,Critical
POL03983,PRG023,TRT063,2026-02-09,2027-05-29,304475.21,East,High
POL03984,PRG012,TRT055,2026-03-10,2027-01-27,268669.67,East,Low
POL03985,PRG008,TRT060,2026-09-23,2028-07-03,183220.17,North,Low
POL03986,PRG003,TRT082,2025-10-16,2026-05-24,140998.84,East,High
POL03987,PRG008,TRT008,2025-09-15,2027-06-11,368196.88,South,High
POL03988,PRG015,TRT090,2025-03-20,2026-08-19,465705.1,North,High
POL03989,PRG019,TRT009,2025-01-12,2026-09-12,435794.49,South,Low
POL03990,PRG001,TRT050,2025-02-05,2026-12-10,367819.7,South,Critical
POL03991,PRG019,TRT031,2026-07-27,2027-04-12,172769.59,South,High
POL03992,PRG012,TRT060,2026-07-14,2027-08-10,14474.35,West,Medium
POL03993,PRG002,TRT093,2025-09-03,2027-04-27,413508.83,East,High
POL03994,PRG022,TRT049,2025-03-20,2026-01-18,7062.7,North,Critical
POL03995,PRG007,TRT083,2025-01-16,2026-07-28,263576.22,North,High
POL03996,PRG021,TRT089,2025-04-10,2026-12-30,480511.0,East,High
POL03997,PRG006,TRT089,2026-03-28,2027-09-30,59220.16,South,High
POL03998,PRG019,TRT080,2025-12-17,2027-04-10,451664.46,South,Critical
POL03999,PRG018,TRT052,2025-12-30,2027-12-14,265633.35,West,Critical
POL04000,PRG023,TRT064,2026-04-15,2027-09-13,349432.94,North,Critical
POL04001,PRG012,TRT066,2025-12-05,2027-08-19,133959.48,North,Critical
POL04002,PRG019,TRT075,2026-03-09,2028-01-20,44676.08,South,Low
POL04003,PRG001,TRT045,2025-12-15,2026-07-31,146191.88,South,Low
POL04004,PRG011,TRT090,2025-09-05,2027-06-09,262893.35,North,Medium
POL04005,PRG014,TRT084,2025-01-07,2025-10-31,278754.88,South,Critical
POL04006,PRG025,TRT030,2025-07-30,2027-01-15,315044.5,West,Medium
POL04007,PRG024,TRT022,2026-10-17,2028-08-20,244951.4,East,Critical
POL04008,PRG015,TRT063,2025-10-31,2027-04-21,18940.49,East,High
POL04009,PRG004,TRT093,2025-02-05,2025-08-28,140294.78,North,Critical
POL04010,PRG021,TRT035,2025-04-22,2027-04-17,381697.43,South,Critical
POL04011,PRG008,TRT067,2025-09-24,2027-03-25,5006.23,East,Critical
POL04012,PRG015,TRT095,2025-05-30,2027-04-05,93989.69,North,Low
POL04013,PRG008,TRT058,2025-08-02,2026-03-09,31955.32,North,Low
POL04014,PRG004,TRT004,2026-10-17,2027-11-01,58381.86,East,Medium
POL04015,PRG011,TRT083,2025-08-03,2027-01-02,343156.5,East,High
POL04016,PRG015,TRT085,2025-08-17,2027-05-20,308759.73,East,Medium
POL04017,PRG020,TRT062,2025-09-18,2026-05-13,59789.75,North,Medium
POL04018,PRG004,TRT055,2026-06-18,2027-11-30,466860.48,East,Medium
POL04019,PRG009,TRT056,2026-07-24,2027-04-05,423074.51,East,Low
POL04020,PRG020,TRT072,2026-10-11,2027-06-26,285742.14,South,Critical
POL04021,PRG024,TRT020,2025-06-06,2027-03-29,253212.68,South,High
POL04022,PRG010,TRT044,2026-08-26,2028-03-29,482605.98,East,Critical
POL04023,PRG019,TRT081,2025-04-27,2027-04-08,111803.51,East,Medium
POL04024,PRG019,TRT100,2025-06-02,2026-04-12,233667.72,West,Medium
POL04025,PRG017,TRT022,2025-03-20,2026-08-01,340007.97,East,High
POL04026,PRG015,TRT084,2026-02-11,2027-02-21,99758.19,North,Medium
POL04027,PRG012,TRT097,2025-05-19,2026-11-23,22489.34,West,Medium
POL04028,PRG010,TRT069,2025-05-06,2026-10-06,284837.99,East,Low
POL04029,PRG019,TRT042,2025-09-10,2026-07-26,434205.22,South,Critical
POL04030,PRG005,TRT098,2026-07-26,2027-11-16,219379.59,East,Critical
POL04031,PRG024,TRT091,2025-01-11,2026-02-23,62142.78,West,High
POL04032,PRG019,TRT068,2025-01-06,2026-05-16,430772.41,North,Critical
POL04033,PRG004,TRT038,2025-05-02,2026-12-20,376602.46,South,Critical
POL04034,PRG022,TRT014,2026-07-19,2027-12-09,245726.2,East,Low
POL04035,PRG014,TRT021,2026-01-21,2026-07-25,149399.23,East,High
POL04036,PRG011,TRT013,2025-10-16,2026-09-28,28823.1,West,Medium
POL04037,PRG003,TRT031,2026-07-31,2027-03-25,85877.04,North,Critical
POL04038,PRG024,TRT027,2026-12-14,2028-08-11,303689.25,North,Critical
POL04039,PRG015,TRT054,2026-09-12,2027-04-08,421911.86,West,Medium
POL04040,PRG003,TRT059,2025-05-17,2026-09-05,135500.5,West,Medium
POL04041,PRG014,TRT088,2026-01-17,2027-09-14,400729.61,South,Medium
POL04042,PRG021,TRT068,2026-04-23,2028-04-16,99305.6,West,Medium
POL04043,PRG018,TRT074,2026-02-08,2027-04-28,487587.08,South,Low
POL04044,PRG017,TRT046,2026-07-07,2027-05-21,147663.71,East,Low
POL04045,PRG006,TRT056,2025-01-02,2026-12-27,101224.74,North,Critical
POL04046,PRG017,TRT034,2025-11-12,2026-10-03,486950.48,North,Medium
POL04047,PRG024,TRT044,2025-01-28,2026-07-16,313982.1,South,High
POL04048,PRG007,TRT032,2025-12-31,2027-03-15,466743.53,South,Medium
POL04049,PRG016,TRT089,2025-06-03,2026-01-20,260244.88,North,Medium
POL04050,PRG014,TRT018,2026-12-11,2027-08-25,8044.35,East,Medium
POL04051,PRG001,TRT095,2026-10-18,2028-09-20,448221.61,East,High
POL04052,PRG003,TRT002,2025-10-18,2026-05-18,63798.02,East,Medium
POL04053,PRG006,TRT067,2025-09-17,2027-02-20,76948.88,South,Low
POL04054,PRG008,TRT049,2026-03-14,2027-08-18,236235.85,East,Critical
POL04055,PRG018,TRT055,2026-11-12,2028-08-01,73813.24,South,High
POL04056,PRG019,TRT043,2026-06-23,2027-11-26,266711.82,East,Critical
POL04057,PRG011,TRT056,2025-08-16,2027-06-05,284831.65,North,High
POL04058,PRG003,TRT071,2026-03-05,2028-03-02,498859.85,North,High
POL04059,PRG009,TRT061,2025-06-19,2026-12-07,317545.09,South,Critical
POL04060,PRG019,TRT041,2026-03-19,2027-03-03,424816.49,North,High
POL04061,PRG010,TRT080,2025-11-04,2027-05-03,86915.26,East,Medium
POL04062,PRG010,TRT006,2025-12-09,2026-09-29,93161.42,East,Medium
POL04063,PRG016,TRT029,2025-04-24,2025-11-10,486763.22,West,Medium
POL04064,PRG023,TRT011,2025-06-21,2027-05-31,431520.55,West,Low
POL04065,PRG011,TRT073,2025-11-20,2026-05-21,53333.28,North,High
POL04066,PRG001,TRT053,2025-10-24,2027-08-19,414709.66,East,Critical
POL04067,PRG006,TRT012,2025-05-29,2026-04-23,464058.15,North,High
POL04068,PRG006,TRT089,2025-06-29,2027-02-05,308137.77,East,Medium
POL04069,PRG010,TRT095,2026-01-14,2027-07-11,275321.08,North,Critical
POL04070,PRG007,TRT037,2025-03-01,2025-11-15,465995.42,North,High
POL04071,PRG008,TRT029,2026-11-21,2028-07-06,82175.54,East,Medium
POL04072,PRG001,TRT021,2025-06-04,2026-08-09,90875.37,South,Low
POL04073,PRG019,TRT012,2025-06-02,2026-12-11,150207.47,North,Medium
POL04074,PRG016,TRT014,2026-09-06,2027-10-15,362942.96,East,Critical
POL04075,PRG005,TRT061,2026-10-05,2028-07-24,498269.99,North,Critical
POL04076,PRG025,TRT017,2026-06-03,2027-09-11,69696.19,East,Critical
POL04077,PRG012,TRT069,2026-03-02,2027-05-25,437526.59,West,Medium
POL04078,PRG014,TRT086,2026-03-23,2027-07-09,297549.08,East,Critical
POL04079,PRG025,TRT039,2026-05-22,2027-10-17,88088.87,West,Low
POL04080,PRG025,TRT083,2025-03-10,2025-12-28,147756.95,West,Low
POL04081,PRG016,TRT060,2026-12-03,2027-12-25,303775.62,East,High
POL04082,PRG009,TRT017,2026-11-05,2027-07-02,289048.63,South,Low
POL04083,PRG004,TRT028,2026-08-28,2027-08-05,195486.62,North,Medium
POL04084,PRG004,TRT064,2025-10-13,2027-02-25,160335.78,East,Critical
POL04085,PRG003,TRT092,2025-09-24,2027-05-24,361546.74,West,High
POL04086,PRG003,TRT069,2025-12-12,2027-02-17,347746.41,South,Medium
POL04087,PRG003,TRT008,2026-09-13,2027-08-10,410715.77,North,Critical
POL04088,PRG009,TRT098,2026-02-27,2028-02-06,391642.7,North,Medium
POL04089,PRG009,TRT019,2025-04-19,2026-06-19,153660.52,North,Medium
POL04090,PRG007,TRT016,2025-05-10,2026-07-05,498430.24,East,Low
POL04091,PRG007,TRT056,2025-10-16,2026-05-16,232069.13,East,Low
POL04092,PRG003,TRT022,2026-09-13,2028-01-29,490800.49,South,High
POL04093,PRG022,TRT041,2026-12-30,2028-07-29,379710.73,North,Critical
POL04094,PRG024,TRT001,2026-01-29,2027-02-07,362639.82,West,Medium
POL04095,PRG025,TRT091,2026-04-06,2027-03-21,100328.21,East,High
POL04096,PRG019,TRT092,2025-02-19,2027-01-05,359095.85,North,Critical
POL04097,PRG003,TRT075,2026-07-12,2027-03-17,481651.11,South,High
POL04098,PRG023,TRT060,2026-01-25,2027-12-22,496534.33,East,Medium
POL04099,PRG008,TRT071,2025-01-16,2025-12-21,235725.42,West,High
POL04100,PRG005,TRT051,2026-09-28,2027-09-09,127281.76,North,Critical
POL04101,PRG023,TRT012,2026-05-23,2027-12-16,270733.37,South,Low
POL04102,PRG012,TRT041,2025-10-24,2027-01-06,247095.01,South,Medium
POL04103,PRG019,TRT031,2026-05-18,2027-02-05,416146.5,West,Low
POL04104,PRG011,TRT014,2025-08-16,2026-11-29,410768.68,West,Critical
POL04105,PRG025,TRT034,2026-12-17,2028-07-10,68030.44,North,Medium
POL04106,PRG005,TRT062,2026-03-19,2026-12-28,283994.54,North,High
POL04107,PRG023,TRT016,2025-09-29,2027-09-24,345332.62,West,Critical
POL04108,PRG019,TRT046,2025-04-27,2027-02-24,434871.26,West,Low
POL04109,PRG007,TRT074,2025-05-28,2025-11-30,222271.67,East,Medium
POL04110,PRG003,TRT080,2025-02-09,2026-05-09,442155.87,West,High
POL04111,PRG009,TRT005,2026-07-17,2028-02-04,27481.99,East,Low
POL04112,PRG015,TRT070,2025-11-05,2027-08-20,359789.31,South,Critical
POL04113,PRG024,TRT037,2025-05-20,2026-07-14,448102.64,East,Medium
POL04114,PRG013,TRT007,2026-12-22,2027-12-18,208443.95,East,Medium
POL04115,PRG001,TRT079,2026-09-07,2028-07-31,136667.6,East,Critical
POL04116,PRG017,TRT007,2025-07-14,2026-08-07,488154.51,North,Medium
POL04117,PRG017,TRT053,2026-03-18,2027-10-30,388010.48,West,Critical
POL04118,PRG002,TRT069,2026-11-26,2028-10-16,466888.33,East,Critical
POL04119,PRG013,TRT092,2025-02-20,2026-12-13,32487.24,South,Low
POL04120,PRG011,TRT037,2025-04-26,2026-10-21,199598.16,East,Low
POL04121,PRG021,TRT020,2025-08-02,2027-07-01,185022.39,East,High
POL04122,PRG021,TRT026,2025-08-07,2026-04-20,154546.59,North,Medium
POL04123,PRG024,TRT087,2025-10-31,2027-01-08,416933.25,North,Low
POL04124,PRG003,TRT035,2026-08-06,2027-04-11,90649.55,North,Medium
POL04125,PRG016,TRT058,2026-10-13,2028-03-20,105697.13,East,Critical
POL04126,PRG005,TRT065,2026-02-25,2026-12-12,195773.34,East,Medium
POL04127,PRG012,TRT040,2026-02-03,2027-05-03,332362.86,South,High
POL04128,PRG011,TRT061,2025-06-12,2027-05-15,483365.35,West,Medium
POL04129,PRG004,TRT080,2025-01-10,2026-01-30,93129.04,West,High
POL04130,PRG012,TRT084,2025-12-11,2026-12-09,413581.57,North,Low
POL04131,PRG024,TRT044,2025-10-29,2026-12-18,340258.56,West,Critical
POL04132,PRG013,TRT053,2026-05-16,2028-03-25,473930.59,West,Medium
POL04133,PRG012,TRT090,2025-10-04,2026-05-07,184000.85,West,Low
POL04134,PRG022,TRT093,2025-12-08,2027-10-24,155533.36,South,Medium
POL04135,PRG001,TRT049,2025-10-24,2026-06-13,142558.46,South,Critical
POL04136,PRG024,TRT047,2026-12-06,2027-11-01,234863.95,East,Critical
POL04137,PRG012,TRT078,2026-05-31,2027-01-08,469536.81,East,Low
POL04138,PRG016,TRT081,2025-11-15,2026-09-05,157681.38,East,Medium
POL04139,PRG010,TRT089,2025-12-31,2027-09-17,20037.04,North,High
POL04140,PRG025,TRT035,2025-01-18,2026-08-14,65397.37,East,High
POL04141,PRG018,TRT072,2025-11-04,2026-12-08,232680.99,West,Low
POL04142,PRG018,TRT085,2025-08-28,2026-12-10,394742.56,South,Medium
POL04143,PRG013,TRT071,2026-05-16,2027-03-28,143497.37,South,Medium
POL04144,PRG010,TRT095,2026-10-22,2027-05-09,80771.56,East,High
POL04145,PRG013,TRT031,2025-05-16,2026-07-03,125448.59,North,Low
POL04146,PRG005,TRT055,2025-09-11,2026-07-16,288387.28,North,Low
POL04147,PRG014,TRT062,2026-08-14,2027-10-27,349145.03,South,High
POL04148,PRG022,TRT032,2026-01-23,2027-10-23,349669.71,North,High
POL04149,PRG002,TRT037,2025-12-26,2027-10-12,399900.45,South,Low
POL04150,PRG014,TRT083,2025-12-12,2027-10-24,304785.08,West,Critical
POL04151,PRG014,TRT017,2026-09-18,2027-06-20,403472.35,East,High
POL04152,PRG004,TRT051,2026-01-23,2027-09-22,74278.49,West,Low
POL04153,PRG020,TRT004,2025-10-05,2027-04-04,253825.88,North,High
POL04154,PRG024,TRT003,2025-07-02,2026-10-04,6547.66,South,Medium
POL04155,PRG012,TRT053,2026-09-11,2028-05-09,408501.26,East,High
POL04156,PRG019,TRT071,2026-11-05,2028-05-09,128487.74,North,High
POL04157,PRG020,TRT075,2025-10-26,2027-02-12,112133.03,West,Medium
POL04158,PRG002,TRT025,2025-08-19,2026-12-30,329932.12,North,Medium
POL04159,PRG024,TRT088,2025-01-06,2026-05-24,159104.55,East,Low
POL04160,PRG022,TRT029,2025-02-03,2026-01-30,456494.06,West,High
POL04161,PRG014,TRT035,2025-07-19,2027-06-29,169204.02,East,Medium
POL04162,PRG018,TRT069,2026-07-17,2028-02-22,198897.97,West,Critical
POL04163,PRG009,TRT043,2026-07-26,2027-01-23,235063.77,North,Low
POL04164,PRG011,TRT078,2025-11-05,2027-07-18,56451.46,East,High
POL04165,PRG017,TRT013,2026-12-05,2028-04-09,70897.92,East,Low
POL04166,PRG005,TRT038,2025-10-19,2027-05-19,333003.84,East,Critical
POL04167,PRG004,TRT061,2026-12-07,2028-02-08,280425.23,South,Medium
POL04168,PRG006,TRT073,2026-03-19,2027-02-04,149326.9,South,Critical
POL04169,PRG011,TRT085,2025-12-15,2027-02-24,370079.38,East,High
POL04170,PRG022,TRT023,2025-03-22,2026-03-16,341922.03,East,Critical
POL04171,PRG012,TRT014,2026-08-04,2027-07-13,362281.14,East,Critical
POL04172,PRG013,TRT092,2025-05-04,2027-03-06,484981.44,North,Low
POL04173,PRG023,TRT048,2025-08-07,2027-06-29,383924.37,East,Critical
POL04174,PRG007,TRT047,2025-08-26,2027-01-19,80346.62,South,Medium
POL04175,PRG005,TRT011,2026-05-13,2028-02-20,270935.95,West,High
POL04176,PRG018,TRT097,2026-09-03,2027-08-07,261789.42,North,Critical
POL04177,PRG020,TRT051,2026-06-19,2027-09-24,264184.44,North,High
POL04178,PRG013,TRT080,2026-05-09,2027-07-15,84714.77,South,Low
POL04179,PRG021,TRT045,2027-01-01,2028-10-01,323872.33,North,Critical
POL04180,PRG001,TRT008,2025-12-05,2027-01-20,169883.04,North,Critical
POL04181,PRG007,TRT030,2026-01-06,2026-10-24,51750.9,West,High
POL04182,PRG003,TRT096,2025-01-15,2026-11-03,27784.01,West,Medium
POL04183,PRG010,TRT066,2026-12-13,2027-09-30,34998.73,South,Low
POL04184,PRG014,TRT074,2026-07-30,2028-07-06,257300.36,East,High
POL04185,PRG009,TRT061,2025-08-29,2027-06-13,255921.09,North,Medium
POL04186,PRG010,TRT001,2026-01-09,2026-11-20,410738.16,South,Low
POL04187,PRG003,TRT025,2026-03-15,2027-11-19,241643.24,South,High
POL04188,PRG009,TRT091,2026-03-24,2026-11-28,35029.55,East,Critical
POL04189,PRG018,TRT059,2025-08-01,2027-01-29,86794.97,South,High
POL04190,PRG001,TRT097,2026-07-27,2028-02-20,327491.2,North,Medium
POL04191,PRG012,TRT081,2026-07-30,2027-02-19,60874.94,West,High
POL04192,PRG021,TRT037,2026-02-10,2027-08-03,12015.32,South,Critical
POL04193,PRG023,TRT070,2025-05-28,2027-03-23,266064.66,North,High
POL04194,PRG022,TRT044,2026-10-08,2027-08-15,117543.44,North,Medium
POL04195,PRG009,TRT009,2025-05-15,2025-12-24,365318.36,West,Low
POL04196,PRG010,TRT085,2025-11-26,2026-06-21,465543.89,North,Critical
POL04197,PRG020,TRT044,2026-03-07,2026-11-06,186435.59,East,Low
POL04198,PRG009,TRT001,2025-05-15,2026-12-18,397990.87,East,Medium
POL04199,PRG011,TRT081,2026-03-17,2027-12-20,17314.32,North,Low
POL04200,PRG007,TRT098,2026-07-07,2027-02-21,480925.7,West,Low
POL04201,PRG004,TRT093,2026-06-08,2028-02-29,362107.57,South,Critical
POL04202,PRG021,TRT009,2025-08-13,2026-11-22,386154.68,East,Critical
POL04203,PRG012,TRT096,2025-04-02,2026-03-23,70359.67,West,Low
POL04204,PRG025,TRT008,2026-07-09,2027-03-30,371985.93,East,Critical
POL04205,PRG018,TRT070,2025-06-23,2027-05-18,242535.75,North,Critical
POL04206,PRG023,TRT058,2025-06-04,2026-03-17,490678.71,North,Low
POL04207,PRG015,TRT077,2025-11-29,2026-08-30,99983.41,East,Medium
POL04208,PRG023,TRT034,2025-09-11,2027-01-09,79648.98,North,High
POL04209,PRG005,TRT051,2025-04-25,2027-03-29,75930.45,East,Medium
POL04210,PRG018,TRT014,2026-03-02,2026-10-21,102153.7,East,Low
POL04211,PRG012,TRT034,2026-01-06,2027-07-26,240210.5,East,Low
POL04212,PRG009,TRT064,2025-10-24,2026-05-15,65237.74,West,Medium
POL04213,PRG002,TRT060,2025-02-11,2026-11-28,414577.36,South,Critical
POL04214,PRG021,TRT035,2025-02-06,2025-11-25,407405.17,West,Medium
POL04215,PRG006,TRT019,2026-08-22,2027-10-01,384809.43,North,Critical
POL04216,PRG007,TRT094,2025-08-18,2026-11-26,39149.78,East,Low
POL04217,PRG004,TRT081,2025-09-21,2026-07-06,326856.93,South,High
POL04218,PRG002,TRT041,2025-01-17,2026-07-11,40045.6,East,High
POL04219,PRG022,TRT006,2026-07-30,2027-03-19,330213.87,East,High
POL04220,PRG005,TRT084,2025-01-10,2026-12-04,86998.43,West,High
POL04221,PRG024,TRT066,2026-01-29,2026-12-25,221348.71,South,Low
POL04222,PRG016,TRT072,2026-03-31,2027-07-02,471491.54,South,Critical
POL04223,PRG003,TRT068,2026-07-29,2028-07-07,53685.55,South,Medium
POL04224,PRG007,TRT015,2025-02-21,2025-11-30,437079.62,East,Critical
POL04225,PRG016,TRT058,2025-07-08,2026-07-16,114114.66,West,Low
POL04226,PRG003,TRT013,2025-08-09,2026-07-05,38671.72,South,High
POL04227,PRG020,TRT055,2025-10-29,2026-05-02,226365.12,West,Medium
POL04228,PRG011,TRT046,2025-11-07,2027-10-03,81214.04,South,Medium
POL04229,PRG024,TRT063,2026-01-04,2027-01-21,315217.34,East,High
POL04230,PRG010,TRT030,2025-05-23,2027-05-16,206940.48,West,Low
POL04231,PRG010,TRT064,2026-08-11,2028-03-03,445665.03,South,Critical
POL04232,PRG023,TRT028,2026-11-21,2028-08-17,495134.62,East,Low
POL04233,PRG023,TRT024,2025-09-14,2027-04-03,476572.74,West,Critical
POL04234,PRG022,TRT050,2025-10-30,2027-01-09,186852.71,North,Critical
POL04235,PRG015,TRT077,2026-08-25,2028-03-27,269169.65,North,Critical
POL04236,PRG017,TRT006,2025-02-02,2027-01-14,137687.71,West,High
POL04237,PRG016,TRT027,2025-01-19,2026-02-24,74826.78,East,High
POL04238,PRG002,TRT027,2026-05-03,2027-03-05,489909.77,North,Medium
POL04239,PRG024,TRT087,2026-01-31,2027-01-15,250574.05,South,Low
POL04240,PRG024,TRT090,2026-11-01,2027-10-04,114836.75,North,Medium
POL04241,PRG003,TRT026,2025-07-17,2026-11-17,55718.18,South,Low
POL04242,PRG007,TRT063,2026-09-06,2028-04-05,364749.89,East,Low
POL04243,PRG010,TRT072,2025-10-08,2026-09-08,420830.6,South,Low
POL04244,PRG009,TRT077,2026-09-18,2028-07-01,296861.54,West,Low
POL04245,PRG010,TRT071,2026-08-04,2027-11-15,10982.63,East,Low
POL04246,PRG015,TRT070,2025-01-24,2026-06-02,410707.94,North,Low
POL04247,PRG024,TRT001,2026-03-26,2027-12-29,279816.49,South,Medium
POL04248,PRG010,TRT035,2025-10-16,2027-01-02,91235.71,West,High
POL04249,PRG001,TRT001,2026-06-14,2027-04-05,343073.14,South,Critical
POL04250,PRG003,TRT020,2025-02-18,2025-10-30,342379.96,East,Critical
POL04251,PRG018,TRT031,2026-09-20,2028-05-20,168865.81,West,Medium
POL04252,PRG010,TRT025,2026-05-07,2027-09-18,151970.73,South,Medium
POL04253,PRG022,TRT003,2025-03-18,2026-09-22,141699.78,South,High
POL04254,PRG013,TRT046,2026-03-21,2027-03-10,377506.65,West,Medium
POL04255,PRG007,TRT070,2026-10-28,2027-08-30,185769.95,East,High
POL04256,PRG016,TRT076,2026-01-18,2027-05-28,66663.37,South,Low
POL04257,PRG016,TRT034,2026-09-23,2028-06-17,249217.6,West,Critical
POL04258,PRG021,TRT016,2025-03-16,2025-12-12,333890.71,South,Medium
POL04259,PRG012,TRT060,2025-09-11,2026-06-08,407891.84,South,Low
POL04260,PRG001,TRT028,2026-05-09,2027-11-14,68449.82,East,Low
POL04261,PRG007,TRT053,2026-12-20,2028-02-20,261087.72,East,High
POL04262,PRG005,TRT083,2026-09-08,2028-01-07,273147.11,East,Medium
POL04263,PRG016,TRT070,2026-08-23,2028-03-22,483896.09,East,Medium
POL04264,PRG006,TRT028,2026-11-30,2028-09-24,378704.14,West,Critical
POL04265,PRG010,TRT019,2025-11-01,2026-10-04,439227.37,West,Medium
POL04266,PRG002,TRT069,2026-10-05,2028-02-16,129577.25,East,Critical
POL04267,PRG004,TRT081,2026-12-06,2027-11-06,223565.94,West,Low
POL04268,PRG015,TRT067,2026-02-09,2026-09-20,285719.25,South,Critical
POL04269,PRG023,TRT011,2026-05-01,2027-04-28,79052.37,West,High
POL04270,PRG003,TRT045,2025-05-06,2026-10-08,38316.0,North,High
POL04271,PRG021,TRT078,2026-08-09,2028-01-31,139433.38,East,Low
POL04272,PRG003,TRT063,2025-05-04,2026-08-13,127248.1,East,High
POL04273,PRG001,TRT072,2026-11-21,2028-10-29,226159.77,East,Low
POL04274,PRG008,TRT001,2026-10-02,2028-08-02,214424.13,East,Critical
POL04275,PRG003,TRT081,2025-12-02,2027-11-03,411702.34,North,Low
POL04276,PRG016,TRT072,2026-02-18,2027-06-03,201692.75,South,Medium
POL04277,PRG005,TRT045,2026-08-04,2028-01-13,291094.62,North,Low
POL04278,PRG022,TRT093,2025-12-15,2026-10-04,372619.96,East,Low
POL04279,PRG006,TRT028,2026-04-04,2027-11-23,366997.59,East,High
POL04280,PRG005,TRT025,2025-12-03,2026-08-08,110305.78,East,Low
POL04281,PRG009,TRT085,2026-03-01,2027-05-19,464243.08,South,Critical
POL04282,PRG001,TRT079,2025-06-23,2026-03-20,24096.72,West,Critical
POL04283,PRG015,TRT098,2025-01-13,2025-07-12,74654.18,West,Medium
POL04284,PRG004,TRT065,2025-08-03,2027-05-17,269184.91,South,High
POL04285,PRG017,TRT036,2026-05-06,2027-04-21,18337.11,East,Critical
POL04286,PRG018,TRT025,2025-09-28,2026-12-27,357874.54,East,Medium
POL04287,PRG012,TRT018,2026-05-22,2027-09-25,58375.7,West,High
POL04288,PRG006,TRT047,2025-07-15,2027-05-28,269691.42,North,High
POL04289,PRG007,TRT036,2026-11-16,2027-10-10,226812.57,West,Critical
POL04290,PRG021,TRT067,2025-05-07,2026-11-15,126360.06,North,Medium
POL04291,PRG020,TRT058,2025-03-02,2026-07-15,360288.66,North,Critical
POL04292,PRG004,TRT016,2025-12-22,2026-10-17,180422.35,South,Low
POL04293,PRG005,TRT062,2025-11-20,2026-12-05,221510.45,East,Medium
POL04294,PRG025,TRT028,2025-01-11,2025-09-24,60500.53,East,Low
POL04295,PRG022,TRT018,2025-11-26,2026-10-23,256588.0,North,Critical
POL04296,PRG019,TRT009,2026-01-13,2027-01-04,401544.32,South,Medium
POL04297,PRG016,TRT072,2025-12-19,2027-04-29,405057.14,East,Medium
POL04298,PRG011,TRT096,2026-12-12,2028-06-08,159098.66,West,High
POL04299,PRG013,TRT081,2025-07-09,2026-04-24,67289.97,South,Medium
POL04300,PRG001,TRT061,2025-02-20,2026-10-26,158941.02,North,Medium
POL04301,PRG019,TRT085,2026-03-08,2028-01-05,302879.13,East,Medium
POL04302,PRG016,TRT041,2026-03-22,2027-11-20,78138.66,East,Low
POL04303,PRG004,TRT089,2025-08-01,2026-07-01,441232.64,North,Medium
POL04304,PRG007,TRT085,2026-07-10,2027-08-21,339659.52,East,High
POL04305,PRG016,TRT020,2025-05-22,2026-01-13,397040.83,South,Low
POL04306,PRG018,TRT043,2025-09-09,2027-04-24,418327.18,South,High
POL04307,PRG004,TRT027,2025-01-17,2025-12-09,326570.06,South,Medium
POL04308,PRG018,TRT008,2026-07-29,2028-01-10,354527.27,North,Low
POL04309,PRG010,TRT058,2026-04-25,2027-12-21,388704.72,South,High
POL04310,PRG022,TRT091,2026-06-20,2028-01-01,149692.96,South,Critical
POL04311,PRG012,TRT064,2026-01-19,2027-01-01,223809.18,South,Low
POL04312,PRG014,TRT057,2025-01-24,2026-10-16,337447.31,West,High
POL04313,PRG013,TRT028,2025-06-19,2026-08-08,290811.57,North,High
POL04314,PRG001,TRT100,2026-11-02,2027-07-09,407393.39,East,High
POL04315,PRG020,TRT029,2026-04-03,2027-03-25,450609.69,North,High
POL04316,PRG012,TRT097,2026-09-09,2027-11-23,241576.95,North,High
POL04317,PRG008,TRT007,2026-01-02,2027-12-13,80528.17,West,Critical
POL04318,PRG006,TRT081,2025-05-03,2026-11-07,255279.58,West,High
POL04319,PRG009,TRT067,2026-08-14,2028-02-09,407280.06,East,Low
POL04320,PRG005,TRT077,2025-04-20,2026-12-06,344741.88,West,High
POL04321,PRG006,TRT083,2025-01-26,2026-01-24,209764.79,North,Low
POL04322,PRG019,TRT065,2026-03-30,2028-02-27,466698.73,North,Critical
POL04323,PRG014,TRT055,2026-02-01,2027-03-12,230943.92,North,Critical
POL04324,PRG024,TRT005,2025-09-28,2027-06-08,14682.54,South,Critical
POL04325,PRG018,TRT067,2026-11-06,2027-08-22,225959.03,South,Low
POL04326,PRG019,TRT100,2025-11-08,2026-05-15,406840.15,South,Low
POL04327,PRG011,TRT056,2025-11-10,2026-11-11,7837.48,East,Critical
POL04328,PRG014,TRT085,2026-10-09,2027-07-11,15490.12,North,Low
POL04329,PRG005,TRT020,2026-12-14,2028-03-25,252575.85,North,Medium
POL04330,PRG004,TRT031,2026-06-10,2027-11-22,497046.36,East,Critical
POL04331,PRG006,TRT068,2026-11-19,2027-09-17,214870.1,East,Critical
POL04332,PRG014,TRT049,2025-01-19,2027-01-10,252173.66,North,Low
POL04333,PRG010,TRT079,2026-02-28,2027-07-15,326806.36,West,Low
POL04334,PRG009,TRT088,2025-10-13,2026-10-11,164492.07,West,Critical
POL04335,PRG009,TRT028,2025-05-27,2026-04-13,202327.04,North,High
POL04336,PRG012,TRT066,2025-05-06,2026-09-23,106797.72,North,Critical
POL04337,PRG019,TRT039,2026-03-29,2027-06-15,395302.57,South,Low
POL04338,PRG015,TRT063,2025-03-31,2026-01-03,353317.82,West,High
POL04339,PRG009,TRT088,2026-01-27,2027-09-23,490712.55,South,Low
POL04340,PRG013,TRT085,2025-03-08,2026-05-20,123226.7,East,High
POL04341,PRG008,TRT081,2026-01-14,2027-05-06,147533.78,East,High
POL04342,PRG007,TRT035,2025-04-23,2026-06-20,78798.65,South,Low
POL04343,PRG004,TRT069,2026-06-03,2027-09-06,89526.39,East,Medium
POL04344,PRG011,TRT090,2026-07-21,2027-06-26,9643.11,West,High
POL04345,PRG021,TRT047,2025-08-10,2027-07-11,238455.43,South,Low
POL04346,PRG014,TRT035,2026-01-05,2026-08-30,408219.7,South,Low
POL04347,PRG017,TRT018,2026-02-25,2027-02-26,100075.02,North,Low
POL04348,PRG010,TRT093,2026-04-17,2027-12-27,354338.09,East,Low
POL04349,PRG006,TRT079,2026-05-10,2026-12-29,435885.92,West,Critical
POL04350,PRG011,TRT078,2026-02-11,2027-02-28,380018.45,East,Low
POL04351,PRG001,TRT061,2025-05-02,2027-04-13,190561.41,West,Critical
POL04352,PRG006,TRT092,2025-09-24,2027-05-24,381710.47,East,High
POL04353,PRG016,TRT080,2025-07-12,2026-04-28,67852.98,South,High
POL04354,PRG003,TRT053,2025-04-05,2027-03-08,432598.71,West,Medium
POL04355,PRG016,TRT070,2025-09-19,2026-04-15,267807.51,South,Medium
POL04356,PRG005,TRT056,2026-03-12,2026-11-04,416120.56,West,Critical
POL04357,PRG015,TRT020,2025-09-12,2026-06-11,309472.25,East,Low
POL04358,PRG001,TRT024,2026-10-26,2028-06-26,229662.12,West,Critical
POL04359,PRG005,TRT044,2026-08-15,2027-03-15,39542.83,South,Critical
POL04360,PRG014,TRT083,2026-08-16,2028-01-14,71899.98,East,Low
POL04361,PRG011,TRT094,2026-01-10,2027-03-30,299019.58,West,Low
POL04362,PRG009,TRT037,2025-07-29,2026-08-03,131506.69,West,Critical
POL04363,PRG014,TRT084,2026-01-19,2026-11-22,395944.4,East,Low
POL04364,PRG019,TRT054,2025-03-14,2025-10-16,50875.08,South,Medium
POL04365,PRG017,TRT023,2025-02-08,2026-11-10,307183.42,North,Medium
POL04366,PRG023,TRT018,2025-07-13,2027-05-22,205576.24,East,Critical
POL04367,PRG023,TRT037,2026-08-19,2027-09-07,496602.14,South,Medium
POL04368,PRG018,TRT032,2025-01-30,2026-07-06,415596.78,South,Critical
POL04369,PRG012,TRT060,2025-05-23,2026-04-25,250794.73,East,Critical
POL04370,PRG011,TRT020,2025-09-22,2026-10-30,327846.79,East,Low
POL04371,PRG010,TRT024,2025-01-22,2025-11-05,202251.03,North,Low
POL04372,PRG013,TRT054,2027-01-01,2027-10-15,330886.19,East,High
POL04373,PRG014,TRT015,2025-10-14,2026-06-03,312438.63,North,Critical
POL04374,PRG004,TRT012,2026-02-14,2026-10-30,68723.05,East,Medium
POL04375,PRG003,TRT029,2026-01-22,2027-09-14,187395.11,West,Medium
POL04376,PRG013,TRT035,2026-01-05,2026-11-24,429983.1,North,High
POL04377,PRG020,TRT065,2026-06-06,2027-06-25,222738.9,West,Low
POL04378,PRG012,TRT093,2026-06-22,2027-05-13,119326.26,North,Medium
POL04379,PRG011,TRT082,2025-11-17,2027-08-29,32058.59,North,Low
POL04380,PRG001,TRT042,2025-04-26,2026-09-30,332328.09,East,Medium
POL04381,PRG010,TRT061,2025-08-17,2027-06-12,497172.24,East,High
POL04382,PRG009,TRT058,2025-01-16,2026-12-18,160466.03,South,High
POL04383,PRG012,TRT036,2026-02-25,2027-05-16,207156.76,West,Low
POL04384,PRG006,TRT086,2025-09-10,2027-04-26,213409.32,East,High
POL04385,PRG025,TRT015,2026-10-13,2027-05-16,100520.46,West,Medium
POL04386,PRG020,TRT057,2025-02-21,2026-12-03,63584.31,West,Critical
POL04387,PRG010,TRT049,2026-12-24,2028-01-13,474537.08,North,Critical
POL04388,PRG008,TRT035,2025-02-06,2026-10-12,145808.23,East,High
POL04389,PRG019,TRT050,2026-01-19,2027-12-16,186581.11,West,High
POL04390,PRG015,TRT096,2025-03-31,2026-06-17,207666.59,South,High
POL04391,PRG009,TRT002,2025-09-10,2026-05-12,303704.84,South,Critical
POL04392,PRG015,TRT038,2026-03-22,2026-11-26,68044.03,West,High
POL04393,PRG023,TRT065,2026-08-05,2027-08-09,252312.31,West,Low
POL04394,PRG004,TRT030,2026-01-12,2026-08-13,360383.78,West,Critical
POL04395,PRG019,TRT001,2025-06-20,2026-09-03,32271.52,North,High
POL04396,PRG008,TRT028,2025-11-07,2027-02-03,352181.66,North,High
POL04397,PRG011,TRT007,2025-07-01,2027-07-01,92284.32,North,High
POL04398,PRG024,TRT096,2025-02-23,2026-10-05,260049.81,West,High
POL04399,PRG014,TRT064,2026-12-18,2028-02-11,383909.48,East,Medium
POL04400,PRG008,TRT006,2026-01-16,2027-01-09,470195.58,West,High
POL04401,PRG018,TRT002,2025-07-24,2026-08-29,191889.88,South,Critical
POL04402,PRG002,TRT085,2026-05-29,2027-04-26,190537.86,North,Medium
POL04403,PRG012,TRT006,2026-08-25,2028-02-02,171987.41,West,High
POL04404,PRG010,TRT091,2025-01-31,2025-10-06,361327.33,East,Critical
POL04405,PRG023,TRT009,2025-10-19,2026-11-08,235678.92,North,Medium
POL04406,PRG014,TRT074,2025-12-20,2026-12-06,146566.13,South,Critical
POL04407,PRG025,TRT045,2025-02-06,2026-12-12,328067.21,West,Medium
POL04408,PRG015,TRT002,2025-11-19,2026-09-28,416360.8,South,Low
POL04409,PRG007,TRT006,2026-11-30,2027-06-19,65625.46,South,Low
POL04410,PRG015,TRT015,2026-07-28,2027-09-22,116084.68,West,Low
POL04411,PRG013,TRT074,2026-06-14,2027-07-22,266458.27,South,Critical
POL04412,PRG021,TRT012,2025-09-20,2026-04-07,232406.44,South,Critical
POL04413,PRG007,TRT098,2025-01-28,2026-06-21,273079.64,East,Critical
POL04414,PRG003,TRT048,2025-03-12,2026-07-11,263794.71,South,Critical
POL04415,PRG010,TRT040,2026-09-05,2028-06-02,489035.72,West,Low
POL04416,PRG016,TRT020,2026-08-26,2027-05-10,482859.39,East,Medium
POL04417,PRG006,TRT049,2025-06-27,2027-05-10,69920.79,East,Low
POL04418,PRG001,TRT057,2025-01-09,2026-11-15,437397.94,East,Critical
POL04419,PRG023,TRT062,2025-09-25,2026-06-18,403378.18,North,Critical
POL04420,PRG025,TRT041,2026-12-20,2027-11-11,127763.02,West,Medium
POL04421,PRG008,TRT034,2026-11-06,2027-07-05,497801.78,East,Medium
POL04422,PRG015,TRT071,2026-03-18,2026-11-28,429027.61,North,Medium
POL04423,PRG012,TRT085,2026-08-02,2028-01-09,399370.48,South,Low
POL04424,PRG002,TRT041,2026-01-27,2026-10-16,36558.35,South,Critical
POL04425,PRG016,TRT043,2025-10-19,2027-08-28,98864.78,East,Critical
POL04426,PRG003,TRT065,2026-06-15,2027-01-05,346085.11,West,Critical
POL04427,PRG015,TRT052,2026-08-10,2027-02-22,370323.38,East,Medium
POL04428,PRG025,TRT005,2026-01-15,2027-11-24,90295.82,East,Medium
POL04429,PRG013,TRT039,2026-05-18,2026-12-06,96865.17,South,Critical
POL04430,PRG014,TRT035,2026-12-07,2028-10-24,454509.87,North,Medium
POL04431,PRG022,TRT004,2025-11-18,2027-10-29,19576.79,North,Medium
POL04432,PRG021,TRT081,2026-11-30,2027-10-05,362609.6,South,Medium
POL04433,PRG022,TRT087,2026-03-05,2026-10-31,201362.87,West,High
POL04434,PRG001,TRT094,2025-12-09,2027-06-24,206090.62,South,High
POL04435,PRG018,TRT032,2026-01-14,2027-05-23,69510.27,West,High
POL04436,PRG011,TRT086,2025-01-19,2026-03-27,285027.56,South,High
POL04437,PRG021,TRT002,2026-04-05,2027-12-15,187389.26,West,Low
POL04438,PRG013,TRT009,2025-07-06,2026-02-13,209898.46,South,Medium
POL04439,PRG019,TRT016,2026-10-08,2027-11-18,130559.56,South,Medium
POL04440,PRG017,TRT019,2025-03-26,2027-03-21,476941.43,South,Critical
POL04441,PRG010,TRT027,2026-06-27,2027-01-02,156378.64,North,High
POL04442,PRG025,TRT012,2026-11-25,2028-04-09,445182.18,East,Low
POL04443,PRG022,TRT096,2025-12-19,2026-07-19,63371.02,West,High
POL04444,PRG019,TRT050,2025-01-22,2026-02-05,493594.42,North,Medium
POL04445,PRG012,TRT003,2026-04-13,2027-08-28,187795.18,North,Low
POL04446,PRG020,TRT021,2026-11-03,2027-09-11,112194.06,West,Medium
POL04447,PRG005,TRT064,2025-05-03,2027-03-17,8461.81,East,Low
POL04448,PRG017,TRT042,2026-12-04,2027-09-08,241768.4,West,Medium
POL04449,PRG012,TRT043,2027-01-01,2028-10-26,292983.52,West,Critical
POL04450,PRG022,TRT068,2026-03-24,2027-01-30,11237.89,North,Critical
POL04451,PRG009,TRT071,2025-08-26,2027-01-29,81610.81,East,Critical
POL04452,PRG012,TRT028,2026-08-01,2027-09-26,376568.48,South,Critical
POL04453,PRG016,TRT092,2026-12-15,2028-03-19,367532.34,West,Critical
POL04454,PRG011,TRT082,2025-03-16,2026-02-23,117039.88,South,Low
POL04455,PRG025,TRT037,2025-01-25,2026-08-23,52892.97,North,Critical
POL04456,PRG006,TRT012,2026-10-13,2028-05-22,196904.75,East,Critical
POL04457,PRG017,TRT043,2025-05-16,2026-10-27,306899.79,East,Medium
POL04458,PRG007,TRT026,2026-07-31,2028-02-15,400948.8,West,Low
POL04459,PRG025,TRT047,2025-12-01,2027-09-08,463177.26,East,High
POL04460,PRG003,TRT001,2026-02-03,2027-04-09,45856.26,West,Low
POL04461,PRG007,TRT073,2025-02-07,2026-06-30,470803.51,North,High
POL04462,PRG009,TRT019,2025-01-15,2026-05-01,271358.79,North,Low
POL04463,PRG010,TRT048,2025-08-03,2026-11-17,126447.53,East,Critical
POL04464,PRG010,TRT010,2026-08-08,2027-04-15,141303.45,East,Critical
POL04465,PRG024,TRT049,2026-02-06,2027-11-22,166659.67,South,Medium
POL04466,PRG009,TRT046,2025-12-04,2026-07-19,290629.51,West,Critical
POL04467,PRG024,TRT053,2025-08-27,2026-03-18,89404.54,South,Medium
POL04468,PRG017,TRT025,2026-05-14,2027-09-15,382854.01,North,High
POL04469,PRG024,TRT020,2026-04-27,2027-09-03,217272.36,West,Critical
POL04470,PRG021,TRT056,2026-11-24,2028-09-17,381648.43,North,Critical
POL04471,PRG023,TRT067,2025-12-08,2027-03-25,456716.85,South,High
POL04472,PRG014,TRT010,2026-04-17,2026-12-10,107482.04,North,Low
POL04473,PRG007,TRT079,2026-03-19,2026-11-26,17136.26,North,Medium
POL04474,PRG024,TRT084,2026-05-26,2027-10-26,144287.53,North,Critical
POL04475,PRG022,TRT007,2026-03-26,2027-01-28,308044.55,North,Low
POL04476,PRG019,TRT092,2025-10-11,2026-12-14,293127.55,South,Low
POL04477,PRG016,TRT100,2026-07-22,2027-02-21,396722.55,North,Medium
POL04478,PRG015,TRT087,2025-01-21,2026-02-20,430875.83,North,Low
POL04479,PRG008,TRT026,2026-05-03,2027-02-24,24512.73,East,Low
POL04480,PRG002,TRT024,2026-03-27,2027-01-16,330429.36,South,Medium
POL04481,PRG023,TRT020,2026-11-12,2028-05-11,405485.37,West,Medium
POL04482,PRG024,TRT063,2025-09-15,2026-10-22,10198.67,West,Medium
POL04483,PRG022,TRT028,2025-05-31,2026-12-28,209807.43,North,Critical
POL04484,PRG018,TRT080,2025-05-17,2027-02-04,362672.31,West,Critical
POL04485,PRG025,TRT026,2026-01-31,2026-10-04,422548.7,South,Low
POL04486,PRG008,TRT008,2026-09-15,2028-04-17,343534.57,West,Low
POL04487,PRG007,TRT097,2026-10-28,2028-04-08,69050.55,East,Medium
POL04488,PRG022,TRT006,2026-06-22,2027-09-25,208828.88,West,Low
POL04489,PRG019,TRT043,2026-08-04,2027-05-22,498026.92,West,Critical
POL04490,PRG003,TRT007,2026-03-15,2027-03-17,19083.26,West,High
POL04491,PRG013,TRT095,2025-11-24,2027-08-23,170021.88,East,Critical
POL04492,PRG017,TRT003,2026-07-10,2027-10-05,175394.45,West,High
POL04493,PRG017,TRT028,2026-03-07,2027-06-01,108396.74,South,High
POL04494,PRG016,TRT007,2025-03-16,2026-05-14,333946.26,East,Medium
POL04495,PRG010,TRT067,2026-10-07,2028-02-24,258861.45,East,Low
POL04496,PRG010,TRT034,2026-01-08,2026-09-19,193489.14,East,Low
POL04497,PRG008,TRT024,2026-11-13,2028-09-30,358404.37,South,Low
POL04498,PRG009,TRT040,2025-08-07,2027-01-17,255878.89,South,Critical
POL04499,PRG024,TRT010,2025-11-26,2027-05-09,482133.63,East,Critical
POL04500,PRG002,TRT011,2026-04-25,2027-02-24,233257.63,East,High
POL04501,PRG025,TRT032,2026-11-04,2028-05-13,257414.25,West,High
POL04502,PRG023,TRT013,2025-05-11,2027-02-26,11596.71,East,Critical
POL04503,PRG015,TRT093,2026-03-27,2026-10-02,153762.2,North,Critical
POL04504,PRG013,TRT097,2025-10-24,2026-07-30,20886.41,North,Medium
POL04505,PRG013,TRT044,2026-11-12,2028-03-25,356521.0,East,Low
POL04506,PRG015,TRT010,2026-08-22,2028-08-09,426199.73,North,Critical
POL04507,PRG009,TRT056,2025-07-14,2026-12-30,139717.69,East,Critical
POL04508,PRG024,TRT040,2026-01-13,2026-09-14,89164.23,West,Critical
POL04509,PRG009,TRT049,2025-05-10,2026-06-14,334840.97,South,Critical
POL04510,PRG013,TRT076,2025-11-26,2027-02-28,196673.03,North,Medium
POL04511,PRG001,TRT012,2026-09-21,2028-07-22,234225.38,East,Low
POL04512,PRG013,TRT056,2026-01-02,2027-11-09,47753.95,West,Critical
POL04513,PRG009,TRT072,2025-09-19,2026-12-05,440132.13,South,Low
POL04514,PRG004,TRT002,2025-05-02,2026-03-27,417310.17,South,Critical
POL04515,PRG021,TRT003,2025-11-29,2026-12-14,164155.29,South,High
POL04516,PRG014,TRT040,2026-07-27,2028-06-22,160656.51,North,Critical
POL04517,PRG006,TRT086,2025-12-01,2027-01-13,290359.55,West,Low
POL04518,PRG008,TRT025,2026-04-22,2027-10-05,354041.89,East,High
POL04519,PRG021,TRT089,2025-12-12,2027-06-09,493563.04,North,Medium
POL04520,PRG019,TRT072,2026-06-18,2026-12-30,163545.27,North,High
POL04521,PRG001,TRT034,2026-12-23,2028-05-12,125597.95,North,Critical
POL04522,PRG017,TRT062,2026-02-12,2028-02-10,193858.96,West,Medium
POL04523,PRG021,TRT029,2026-09-21,2028-03-30,177580.75,East,High
POL04524,PRG025,TRT025,2025-10-31,2026-05-09,245912.63,West,Low
POL04525,PRG006,TRT018,2025-07-27,2027-01-17,128282.04,East,Critical
POL04526,PRG018,TRT030,2025-08-02,2026-10-20,86011.74,South,Low
POL04527,PRG013,TRT058,2025-03-13,2026-10-19,345205.22,East,Low
POL04528,PRG022,TRT032,2026-07-03,2027-11-16,242462.15,East,Medium
POL04529,PRG005,TRT074,2025-12-30,2027-09-17,313012.71,North,High
POL04530,PRG013,TRT054,2026-09-09,2027-12-17,68488.39,West,Medium
POL04531,PRG025,TRT037,2025-06-05,2026-04-07,359542.6,East,Critical
POL04532,PRG001,TRT071,2026-08-21,2027-08-03,282634.65,North,Critical
POL04533,PRG019,TRT018,2026-08-20,2028-07-24,449610.83,East,Low
POL04534,PRG011,TRT067,2026-08-18,2028-02-09,248023.31,North,High
POL04535,PRG006,TRT025,2026-05-10,2027-07-27,85184.95,East,Medium
POL04536,PRG003,TRT093,2025-02-27,2026-03-13,465385.34,North,Low
POL04537,PRG009,TRT052,2026-04-04,2026-11-18,69028.39,East,Critical
POL04538,PRG011,TRT013,2026-12-26,2028-08-27,443502.44,South,Low
POL04539,PRG008,TRT099,2026-08-08,2027-11-06,143514.47,South,Medium
POL04540,PRG018,TRT090,2026-11-12,2028-10-14,145769.98,East,High
POL04541,PRG013,TRT027,2026-11-23,2028-04-19,168935.47,North,High
POL04542,PRG014,TRT049,2026-01-02,2027-09-11,275583.38,South,Low
POL04543,PRG006,TRT072,2025-07-22,2027-01-20,496884.28,West,Critical
POL04544,PRG022,TRT079,2026-02-22,2027-02-12,429916.44,South,Critical
POL04545,PRG005,TRT099,2026-02-18,2027-03-21,27673.87,North,Critical
POL04546,PRG006,TRT022,2026-04-08,2026-10-11,487060.54,South,Critical
POL04547,PRG024,TRT043,2025-03-15,2027-01-18,303369.59,West,Medium
POL04548,PRG025,TRT022,2025-02-15,2026-03-21,72995.97,North,High
POL04549,PRG003,TRT007,2026-07-12,2027-03-27,217285.72,North,Medium
POL04550,PRG008,TRT040,2026-05-14,2028-03-13,384856.89,East,Low
POL04551,PRG013,TRT031,2026-03-27,2028-03-07,355948.75,West,Critical
POL04552,PRG007,TRT066,2026-02-21,2028-01-23,462287.47,East,Critical
POL04553,PRG016,TRT090,2025-06-25,2026-07-15,124285.27,East,Low
POL04554,PRG010,TRT063,2025-03-15,2026-12-26,451117.92,North,Critical
POL04555,PRG012,TRT089,2026-09-01,2027-10-19,355179.3,North,Medium
POL04556,PRG014,TRT054,2025-08-28,2026-08-28,337221.57,South,Low
POL04557,PRG010,TRT071,2025-02-23,2026-09-26,26158.7,South,High
POL04558,PRG010,TRT019,2026-03-23,2027-08-29,315164.74,North,Medium
POL04559,PRG019,TRT063,2026-08-17,2028-03-19,251862.06,South,Low
POL04560,PRG019,TRT072,2026-06-03,2027-07-22,43146.7,North,High
POL04561,PRG017,TRT049,2026-11-22,2028-08-27,384994.38,North,Low
POL04562,PRG005,TRT063,2025-01-16,2026-06-14,89383.26,South,High
POL04563,PRG019,TRT038,2025-03-27,2025-12-07,482783.14,North,Low
POL04564,PRG023,TRT093,2025-04-15,2026-12-03,485670.1,East,Critical
POL04565,PRG019,TRT092,2026-07-28,2027-02-22,347594.63,East,High
POL04566,PRG022,TRT067,2025-08-12,2026-07-04,236048.3,East,Low
POL04567,PRG012,TRT100,2026-09-04,2027-12-30,29609.46,North,Low
POL04568,PRG008,TRT053,2025-06-24,2025-12-28,135965.85,North,High
POL04569,PRG001,TRT081,2026-04-14,2028-01-16,398702.95,South,High
POL04570,PRG025,TRT014,2026-05-03,2027-09-14,420902.98,West,High
POL04571,PRG020,TRT030,2025-11-01,2027-07-06,459396.04,East,High
POL04572,PRG009,TRT087,2025-07-27,2026-08-27,497282.2,North,Medium
POL04573,PRG011,TRT003,2026-05-20,2027-08-23,418077.47,North,Low
POL04574,PRG004,TRT013,2025-08-11,2027-05-20,133346.61,West,Low
POL04575,PRG015,TRT091,2026-04-03,2027-08-20,279076.1,East,Low
POL04576,PRG019,TRT072,2025-03-21,2026-09-01,303652.24,East,Medium
POL04577,PRG010,TRT023,2025-11-10,2027-01-30,47407.32,North,Medium
POL04578,PRG010,TRT035,2025-07-08,2027-01-08,203934.0,North,Low
POL04579,PRG016,TRT061,2026-09-15,2027-04-29,52328.72,North,Critical
POL04580,PRG016,TRT047,2025-10-13,2027-07-11,353205.1,South,High
POL04581,PRG002,TRT075,2025-08-25,2026-09-06,186818.09,South,Medium
POL04582,PRG015,TRT061,2026-04-25,2027-08-24,345039.3,North,High
POL04583,PRG010,TRT092,2025-05-31,2027-02-06,445854.35,West,Medium
POL04584,PRG005,TRT060,2025-04-09,2027-02-12,75876.63,South,Critical
POL04585,PRG010,TRT039,2026-03-22,2027-08-31,438421.68,West,High
POL04586,PRG002,TRT010,2026-03-22,2026-11-16,130954.55,South,Critical
POL04587,PRG021,TRT099,2026-04-29,2027-11-25,276520.22,North,Low
POL04588,PRG001,TRT040,2025-07-08,2027-03-16,202131.38,South,High
POL04589,PRG007,TRT056,2025-03-23,2026-07-15,487138.57,South,High
POL04590,PRG011,TRT054,2025-06-21,2026-01-29,473637.91,West,Low
POL04591,PRG025,TRT062,2025-04-22,2026-05-05,26158.56,South,Critical
POL04592,PRG002,TRT018,2025-12-13,2027-07-26,5385.84,East,Medium
POL04593,PRG003,TRT085,2026-08-27,2027-06-06,45798.82,North,Low
POL04594,PRG011,TRT090,2026-08-03,2027-12-26,7119.22,North,Critical
POL04595,PRG016,TRT086,2026-10-10,2027-09-25,82563.7,West,High
POL04596,PRG003,TRT077,2025-01-09,2027-01-08,113667.91,West,Critical
POL04597,PRG003,TRT061,2025-02-06,2026-02-07,33954.88,South,Critical
POL04598,PRG001,TRT019,2026-03-12,2026-10-17,184067.73,South,High
POL04599,PRG002,TRT063,2026-08-25,2028-06-07,267524.89,West,High
POL04600,PRG008,TRT099,2026-03-29,2026-09-25,432658.89,West,Critical
POL04601,PRG013,TRT069,2026-06-22,2027-09-12,412083.45,South,Critical
POL04602,PRG002,TRT095,2025-07-27,2026-03-19,173166.47,North,Medium
POL04603,PRG019,TRT043,2025-02-04,2026-05-02,253362.92,East,Low
POL04604,PRG013,TRT015,2026-08-12,2027-09-01,301800.67,East,High
POL04605,PRG002,TRT070,2026-12-17,2028-07-10,148717.35,East,High
POL04606,PRG016,TRT011,2025-09-06,2026-10-12,181995.12,East,Critical
POL04607,PRG020,TRT053,2025-05-29,2026-07-27,323083.48,North,Critical
POL04608,PRG001,TRT027,2025-03-31,2026-05-22,57175.18,South,Medium
POL04609,PRG020,TRT098,2026-10-18,2028-07-29,458228.58,South,Critical
POL04610,PRG023,TRT031,2025-04-28,2027-01-27,85722.3,South,High
POL04611,PRG012,TRT069,2026-07-25,2027-03-03,8859.81,East,Medium
POL04612,PRG016,TRT086,2026-09-05,2028-07-28,451019.56,East,Low
POL04613,PRG006,TRT094,2026-11-25,2028-11-20,236380.3,West,Medium
POL04614,PRG019,TRT056,2025-04-16,2026-02-24,34414.19,South,Low
POL04615,PRG013,TRT066,2026-12-29,2027-08-24,247971.74,South,Medium
POL04616,PRG009,TRT011,2026-12-17,2028-05-22,23256.27,East,Medium
POL04617,PRG003,TRT040,2026-07-05,2028-02-20,151076.69,South,Medium
POL04618,PRG009,TRT030,2026-02-28,2028-01-05,209186.59,West,Critical
POL04619,PRG003,TRT097,2025-01-16,2026-11-03,166870.97,West,High
POL04620,PRG005,TRT033,2026-09-21,2028-04-18,480360.91,North,Low
POL04621,PRG021,TRT038,2025-05-27,2027-05-04,313973.9,West,High
POL04622,PRG013,TRT093,2025-05-30,2026-01-10,131850.59,North,Low
POL04623,PRG017,TRT013,2025-05-15,2026-08-08,210549.02,West,Medium
POL04624,PRG008,TRT083,2026-09-21,2028-08-27,232841.23,North,Low
POL04625,PRG023,TRT004,2025-04-03,2026-06-24,116955.7,East,Critical
POL04626,PRG014,TRT063,2025-07-28,2026-12-20,274108.95,North,High
POL04627,PRG023,TRT088,2025-09-12,2026-04-11,104187.36,East,Low
POL04628,PRG025,TRT026,2026-09-07,2027-05-28,316455.82,West,Critical
POL04629,PRG003,TRT026,2025-03-30,2025-10-18,326905.01,North,Medium
POL04630,PRG017,TRT039,2025-01-12,2026-08-20,113961.11,West,Critical
POL04631,PRG003,TRT034,2025-03-22,2025-09-28,145661.23,North,Critical
POL04632,PRG007,TRT004,2026-01-09,2028-01-01,16688.07,East,Critical
POL04633,PRG022,TRT004,2026-12-29,2028-08-30,152349.51,East,Low
POL04634,PRG015,TRT050,2025-12-02,2027-09-16,482979.16,West,Low
POL04635,PRG004,TRT037,2026-06-27,2028-04-29,486663.35,West,Medium
POL04636,PRG017,TRT032,2025-12-26,2027-12-04,463644.8,East,Low
POL04637,PRG022,TRT048,2026-03-29,2027-01-17,303252.53,West,High
POL04638,PRG025,TRT019,2027-01-01,2028-04-19,483235.92,West,Critical
POL04639,PRG024,TRT020,2026-03-12,2026-11-21,440746.08,South,Medium
POL04640,PRG004,TRT100,2026-01-06,2026-11-23,108937.13,West,Low
POL04641,PRG020,TRT012,2025-01-05,2026-04-21,473177.09,North,High
POL04642,PRG008,TRT076,2025-04-24,2026-02-02,321597.94,North,Critical
POL04643,PRG019,TRT027,2025-01-16,2025-07-21,403411.39,East,High
POL04644,PRG024,TRT077,2026-05-12,2028-04-26,454528.79,South,Medium
POL04645,PRG007,TRT089,2026-03-02,2027-02-04,473018.82,South,Low
POL04646,PRG019,TRT012,2025-02-08,2026-03-23,39705.91,North,Critical
POL04647,PRG013,TRT045,2025-06-11,2026-03-13,360270.75,East,Critical
POL04648,PRG024,TRT012,2025-05-04,2026-06-23,430504.15,West,High
POL04649,PRG016,TRT079,2025-11-19,2026-11-03,304889.83,West,Critical
POL04650,PRG023,TRT011,2026-06-09,2028-03-21,82691.76,East,Medium
POL04651,PRG017,TRT010,2025-09-28,2027-08-22,138986.25,South,Low
POL04652,PRG011,TRT017,2025-03-15,2025-12-04,32764.68,East,Medium
POL04653,PRG022,TRT070,2026-07-24,2027-02-08,102696.61,South,Critical
POL04654,PRG020,TRT023,2026-02-23,2027-03-28,117654.62,South,Medium
POL04655,PRG008,TRT076,2025-03-27,2026-11-19,430409.64,East,Critical
POL04656,PRG002,TRT036,2026-09-26,2027-07-02,310413.33,North,Medium
POL04657,PRG011,TRT100,2025-05-29,2026-01-20,338274.19,West,High
POL04658,PRG002,TRT070,2025-05-22,2027-04-10,50057.08,West,Low
POL04659,PRG019,TRT053,2026-07-12,2028-04-02,243960.44,North,Critical
POL04660,PRG015,TRT083,2025-05-02,2025-12-15,300215.61,North,High
POL04661,PRG025,TRT044,2025-01-10,2026-02-05,372348.46,East,Low
POL04662,PRG018,TRT068,2025-02-14,2026-09-11,319268.16,East,Medium
POL04663,PRG020,TRT035,2026-02-17,2026-11-13,77090.92,South,High
POL04664,PRG025,TRT040,2026-06-23,2027-07-24,186710.94,South,Medium
POL04665,PRG002,TRT053,2026-11-16,2027-06-04,151913.62,South,Critical
POL04666,PRG008,TRT052,2025-05-04,2027-01-05,60554.55,South,Medium
POL04667,PRG017,TRT099,2026-08-03,2027-06-06,151732.27,East,High
POL04668,PRG019,TRT017,2026-07-02,2028-01-30,18485.48,North,Low
POL04669,PRG019,TRT009,2026-11-10,2028-04-22,130399.26,South,Medium
POL04670,PRG009,TRT025,2026-04-05,2027-06-04,327849.08,East,High
POL04671,PRG020,TRT045,2026-02-18,2026-11-28,331900.9,South,High
POL04672,PRG012,TRT034,2025-10-04,2027-06-24,460697.6,North,Medium
POL04673,PRG014,TRT070,2025-09-20,2027-05-16,69018.75,West,Critical
POL04674,PRG016,TRT008,2026-08-17,2028-05-23,264920.79,West,Low
POL04675,PRG020,TRT004,2026-11-18,2027-07-22,99870.61,South,Critical
POL04676,PRG008,TRT098,2025-11-03,2027-03-25,371000.34,East,Medium
POL04677,PRG003,TRT032,2025-01-19,2026-03-25,293694.28,South,Medium
POL04678,PRG015,TRT027,2025-04-02,2026-03-22,119661.73,West,Low
POL04679,PRG019,TRT033,2025-11-16,2026-08-12,12123.2,West,Low
POL04680,PRG018,TRT081,2025-12-23,2027-05-10,375028.34,South,High
POL04681,PRG002,TRT008,2026-11-11,2028-08-12,119051.55,West,Critical
POL04682,PRG006,TRT039,2025-07-09,2026-05-07,38284.27,West,High
POL04683,PRG021,TRT085,2025-08-04,2027-03-04,129721.07,North,High
POL04684,PRG023,TRT001,2026-10-21,2027-12-30,242586.43,South,Low
POL04685,PRG017,TRT066,2026-03-09,2026-11-08,472209.71,East,Medium
POL04686,PRG001,TRT029,2026-07-15,2027-06-23,365878.98,South,Critical
POL04687,PRG014,TRT006,2026-03-11,2026-11-26,269351.19,East,Medium
POL04688,PRG004,TRT073,2026-07-19,2027-01-20,384447.91,East,Medium
POL04689,PRG022,TRT042,2026-04-05,2027-09-05,179293.86,South,High
POL04690,PRG016,TRT090,2026-03-14,2027-03-16,5998.04,South,High
POL04691,PRG003,TRT004,2026-07-25,2028-03-29,256560.78,West,Critical
POL04692,PRG013,TRT025,2026-01-15,2027-08-03,459066.02,West,Medium
POL04693,PRG017,TRT053,2026-12-16,2027-10-16,302933.57,South,High
POL04694,PRG007,TRT027,2025-08-29,2026-05-22,112280.08,North,Critical
POL04695,PRG011,TRT001,2025-03-20,2026-12-15,163377.28,South,Medium
POL04696,PRG004,TRT094,2025-08-24,2026-12-21,192522.43,West,Medium
POL04697,PRG001,TRT045,2025-10-06,2026-05-24,273490.25,North,High
POL04698,PRG022,TRT061,2025-06-29,2026-08-04,388349.13,East,Critical
POL04699,PRG012,TRT071,2026-03-31,2027-03-27,259319.63,East,Low
POL04700,PRG022,TRT056,2025-03-28,2025-11-12,363170.92,West,Medium
POL04701,PRG016,TRT091,2026-09-10,2028-06-29,33221.37,West,Critical
POL04702,PRG002,TRT019,2026-02-28,2026-09-14,327800.57,East,Critical
POL04703,PRG009,TRT032,2026-02-18,2027-04-10,448035.55,East,High
POL04704,PRG008,TRT032,2026-08-16,2028-05-08,309011.34,North,High
POL04705,PRG011,TRT020,2026-12-10,2027-10-06,53381.61,West,Low
POL04706,PRG019,TRT070,2025-10-25,2026-05-15,437894.86,West,Low
POL04707,PRG004,TRT009,2026-05-18,2027-12-15,296496.72,South,Low
POL04708,PRG024,TRT003,2026-09-25,2027-11-04,210768.34,South,Critical
POL04709,PRG017,TRT040,2026-02-12,2028-01-24,286865.85,South,Low
POL04710,PRG014,TRT096,2025-07-26,2027-05-27,50941.31,West,Critical
POL04711,PRG014,TRT035,2025-07-10,2027-02-26,162797.04,West,Medium
POL04712,PRG023,TRT076,2025-07-07,2027-05-15,418765.29,South,Critical
POL04713,PRG022,TRT042,2025-06-30,2026-07-20,429301.95,North,High
POL04714,PRG005,TRT048,2026-06-10,2026-12-22,225555.22,West,Critical
POL04715,PRG013,TRT009,2026-10-05,2027-08-06,110649.69,South,Medium
POL04716,PRG019,TRT053,2025-11-29,2027-02-25,214603.6,South,High
POL04717,PRG011,TRT076,2025-04-29,2027-01-07,183935.28,South,Medium
POL04718,PRG017,TRT024,2026-08-29,2028-05-31,363357.36,West,High
POL04719,PRG005,TRT088,2026-05-13,2027-06-20,329492.94,West,Critical
POL04720,PRG019,TRT031,2026-06-28,2027-06-20,476581.61,North,Low
POL04721,PRG020,TRT072,2026-01-23,2027-12-17,444697.01,South,Medium
POL04722,PRG014,TRT026,2025-09-22,2027-01-27,356567.54,East,High
POL04723,PRG016,TRT073,2026-04-22,2028-01-15,84459.99,South,Critical
POL04724,PRG007,TRT039,2026-07-29,2027-11-24,202717.44,East,Medium
POL04725,PRG016,TRT033,2025-09-10,2026-12-08,493744.81,South,Critical
POL04726,PRG009,TRT057,2026-11-23,2027-09-16,39942.89,South,Medium
POL04727,PRG023,TRT051,2025-08-07,2026-07-29,170645.07,East,Low
POL04728,PRG011,TRT023,2026-03-24,2027-03-07,186350.5,West,Low
POL04729,PRG017,TRT067,2025-03-26,2026-11-22,132312.51,North,Medium
POL04730,PRG018,TRT043,2025-12-25,2027-10-09,312288.05,East,Medium
POL04731,PRG025,TRT003,2026-06-25,2027-09-02,422528.73,East,Low
POL04732,PRG009,TRT061,2026-03-17,2026-12-22,166104.55,East,Critical
POL04733,PRG023,TRT073,2026-09-06,2027-08-10,6645.76,East,Medium
POL04734,PRG021,TRT015,2025-02-28,2027-01-14,112193.45,North,High
POL04735,PRG008,TRT011,2025-04-02,2026-02-07,453105.9,North,Low
POL04736,PRG022,TRT052,2026-02-09,2026-10-16,149792.23,East,High
POL04737,PRG004,TRT090,2026-11-15,2027-06-26,171039.45,East,High
POL04738,PRG004,TRT072,2026-10-24,2028-06-18,185877.35,West,Critical
POL04739,PRG001,TRT096,2026-08-14,2028-07-08,109426.93,North,High
POL04740,PRG023,TRT086,2025-12-05,2027-02-09,54158.08,West,Medium
POL04741,PRG007,TRT023,2025-05-22,2026-04-11,57664.73,East,Critical
POL04742,PRG006,TRT054,2026-07-30,2028-07-18,25850.88,North,Critical
POL04743,PRG007,TRT072,2025-07-31,2026-07-02,376204.19,North,Critical
POL04744,PRG024,TRT018,2025-05-26,2027-03-04,462306.88,South,Medium
POL04745,PRG007,TRT065,2025-06-16,2026-03-01,453574.38,West,High
POL04746,PRG015,TRT078,2025-12-11,2026-07-19,353296.61,East,Critical
POL04747,PRG025,TRT007,2025-06-17,2026-08-09,89460.24,East,Low
POL04748,PRG007,TRT083,2025-11-29,2027-01-09,52686.16,South,High
POL04749,PRG005,TRT088,2025-03-02,2027-02-20,283490.39,North,Low
POL04750,PRG014,TRT072,2025-03-08,2025-12-29,154354.08,East,Critical
POL04751,PRG001,TRT006,2026-07-02,2027-08-07,234609.73,West,Low
POL04752,PRG022,TRT009,2026-10-16,2028-05-05,484059.31,South,Critical
POL04753,PRG023,TRT011,2025-09-07,2027-08-01,173237.85,East,High
POL04754,PRG021,TRT064,2025-12-30,2027-12-19,298674.68,South,Critical
POL04755,PRG009,TRT065,2026-12-24,2028-03-16,393762.99,East,High
POL04756,PRG001,TRT087,2026-09-17,2028-08-10,375421.7,East,Low
POL04757,PRG011,TRT057,2025-07-29,2027-05-24,196883.8,East,Critical
POL04758,PRG024,TRT098,2025-03-04,2026-02-22,485943.3,South,Low
POL04759,PRG019,TRT099,2025-09-14,2026-08-22,111628.72,East,High
POL04760,PRG008,TRT057,2025-02-20,2026-06-20,209722.27,West,High
POL04761,PRG002,TRT097,2025-09-13,2026-12-07,321108.27,East,High
POL04762,PRG020,TRT050,2026-01-18,2027-01-04,479361.73,East,Medium
POL04763,PRG022,TRT081,2026-04-30,2027-07-14,96052.11,South,Critical
POL04764,PRG008,TRT055,2026-04-18,2028-03-27,398383.67,East,Critical
POL04765,PRG020,TRT016,2026-10-24,2028-05-31,474686.81,West,High
POL04766,PRG002,TRT099,2026-06-25,2027-04-06,10970.06,East,Critical
POL04767,PRG014,TRT081,2025-01-03,2027-01-02,407521.88,East,High
POL04768,PRG002,TRT005,2026-05-20,2026-12-28,177862.41,East,Low
POL04769,PRG022,TRT051,2026-12-26,2028-10-09,100891.51,West,High
POL04770,PRG025,TRT067,2025-01-16,2026-07-14,341334.56,East,Low
POL04771,PRG003,TRT070,2026-07-28,2027-05-16,36770.03,North,Critical
POL04772,PRG003,TRT070,2025-06-20,2026-10-11,372534.21,North,Critical
POL04773,PRG005,TRT014,2025-04-12,2027-02-09,169801.2,West,Medium
POL04774,PRG015,TRT067,2026-11-12,2028-02-06,232162.1,East,Critical
POL04775,PRG012,TRT021,2025-06-14,2026-08-23,285632.35,East,Medium
POL04776,PRG017,TRT034,2026-09-23,2028-02-06,344847.82,East,Medium
POL04777,PRG006,TRT062,2026-07-10,2027-04-27,146173.98,South,Low
POL04778,PRG016,TRT004,2026-07-16,2027-03-27,450986.13,East,Critical
POL04779,PRG009,TRT014,2026-11-02,2027-10-29,326681.33,West,High
POL04780,PRG011,TRT054,2025-10-16,2027-07-19,70104.95,West,Critical
POL04781,PRG022,TRT005,2025-10-01,2027-04-30,44939.91,North,Critical
POL04782,PRG023,TRT059,2026-05-06,2026-12-29,170702.38,South,Low
POL04783,PRG025,TRT100,2025-05-07,2026-06-08,48409.56,West,Medium
POL04784,PRG022,TRT005,2025-11-29,2026-11-23,351070.62,West,Medium
POL04785,PRG012,TRT035,2025-05-31,2025-12-30,442634.49,East,Low
POL04786,PRG018,TRT005,2026-07-08,2027-05-02,225799.34,South,Medium
POL04787,PRG016,TRT057,2026-05-21,2027-05-05,406987.39,East,Medium
POL04788,PRG025,TRT051,2026-07-11,2027-02-01,147170.78,South,Critical
POL04789,PRG020,TRT058,2026-08-10,2028-04-07,293251.01,West,High
POL04790,PRG018,TRT100,2025-01-14,2025-10-29,428243.26,South,Medium
POL04791,PRG004,TRT027,2025-07-31,2027-03-11,409524.15,South,Medium
POL04792,PRG002,TRT071,2025-12-19,2026-12-21,339689.25,North,Low
POL04793,PRG020,TRT045,2025-10-28,2026-11-04,405682.54,South,Medium
POL04794,PRG021,TRT035,2026-12-31,2027-08-28,279864.2,West,Low
POL04795,PRG008,TRT066,2025-03-31,2025-10-06,33091.63,North,High
POL04796,PRG010,TRT081,2025-11-22,2026-10-14,459472.16,South,Medium
POL04797,PRG013,TRT018,2026-03-08,2027-06-21,327208.17,South,High
POL04798,PRG016,TRT035,2025-01-03,2026-02-24,324931.8,West,High
POL04799,PRG023,TRT087,2026-10-21,2028-01-16,293859.1,East,Critical
POL04800,PRG021,TRT067,2025-07-05,2026-10-05,230087.99,South,Critical
POL04801,PRG001,TRT091,2026-03-06,2026-12-28,232913.8,North,High
POL04802,PRG012,TRT001,2026-02-12,2027-05-31,433601.36,West,Critical
POL04803,PRG003,TRT033,2025-04-08,2026-10-19,13518.36,East,Critical
POL04804,PRG025,TRT094,2025-09-08,2026-03-15,216620.54,West,Low
POL04805,PRG004,TRT029,2025-07-30,2026-04-09,243368.14,South,Low
POL04806,PRG015,TRT003,2026-06-07,2027-12-30,141499.17,North,Critical
POL04807,PRG001,TRT064,2025-07-31,2026-12-27,349824.31,North,High
POL04808,PRG005,TRT031,2025-06-27,2027-02-10,109936.65,West,Low
POL04809,PRG017,TRT080,2025-08-07,2027-04-29,64050.29,North,High
POL04810,PRG017,TRT075,2026-09-18,2027-06-09,362575.66,North,High
POL04811,PRG007,TRT041,2025-12-14,2026-07-08,60902.96,West,Medium
POL04812,PRG006,TRT083,2026-05-23,2028-05-08,288058.87,East,High
POL04813,PRG004,TRT011,2025-03-15,2025-11-20,436562.6,South,Low
POL04814,PRG019,TRT017,2026-11-27,2027-12-27,15091.36,North,High
POL04815,PRG008,TRT100,2025-07-22,2026-09-26,11203.68,South,High
POL04816,PRG014,TRT049,2025-05-19,2026-02-20,331069.0,North,Low
POL04817,PRG001,TRT069,2025-06-05,2025-12-29,439394.8,North,Medium
POL04818,PRG008,TRT093,2025-01-29,2026-03-04,430657.56,East,Medium
POL04819,PRG003,TRT066,2025-01-28,2026-02-08,210137.54,North,High
POL04820,PRG009,TRT030,2025-09-12,2026-12-25,246677.15,West,Critical
POL04821,PRG022,TRT083,2026-04-16,2027-03-06,406861.95,East,Medium
POL04822,PRG004,TRT032,2025-01-20,2026-04-30,467423.98,West,High
POL04823,PRG003,TRT005,2026-02-14,2027-05-19,362577.86,East,Medium
POL04824,PRG010,TRT002,2026-10-10,2028-08-03,319984.21,East,Medium
POL04825,PRG004,TRT091,2026-05-29,2027-10-29,394554.52,North,Medium
POL04826,PRG010,TRT011,2026-05-27,2027-07-15,381145.18,North,Critical
POL04827,PRG013,TRT010,2026-05-20,2027-10-05,76020.42,South,High
POL04828,PRG022,TRT040,2025-10-02,2027-01-13,165756.8,West,Critical
POL04829,PRG017,TRT044,2026-06-17,2028-06-05,70782.55,West,Critical
POL04830,PRG009,TRT054,2025-12-17,2027-03-27,231934.83,South,Medium
POL04831,PRG006,TRT031,2025-03-08,2026-05-02,17911.91,East,Medium
POL04832,PRG010,TRT078,2025-09-02,2027-03-12,264737.44,East,High
POL04833,PRG002,TRT040,2026-07-31,2028-02-22,340645.85,North,Low
POL04834,PRG002,TRT056,2025-01-11,2025-09-12,112202.14,South,Critical
POL04835,PRG002,TRT074,2025-03-15,2026-12-24,431686.97,South,Low
POL04836,PRG015,TRT062,2025-07-01,2026-08-26,155045.75,West,Medium
POL04837,PRG009,TRT021,2026-12-28,2028-05-03,296765.68,South,Low
POL04838,PRG017,TRT100,2026-06-25,2027-07-12,55450.96,South,Critical
POL04839,PRG001,TRT010,2025-10-28,2027-07-21,132977.52,West,Medium
POL04840,PRG024,TRT062,2025-02-13,2026-08-28,255086.12,North,Low
POL04841,PRG004,TRT008,2025-05-16,2026-05-20,483614.5,East,High
POL04842,PRG001,TRT083,2026-11-30,2027-07-24,423217.28,West,Low
POL04843,PRG016,TRT100,2026-08-23,2027-12-22,124206.52,South,High
POL04844,PRG018,TRT070,2025-08-25,2026-10-10,432999.55,West,High
POL04845,PRG010,TRT062,2026-03-01,2026-10-27,360658.74,West,Critical
POL04846,PRG014,TRT060,2025-11-24,2027-03-05,82934.6,South,Critical
POL04847,PRG019,TRT020,2026-10-11,2028-03-29,76285.08,North,Low
POL04848,PRG001,TRT043,2026-06-12,2027-07-23,101168.24,South,Medium
POL04849,PRG005,TRT013,2025-06-05,2026-05-14,110896.9,South,High
POL04850,PRG022,TRT049,2026-02-07,2028-01-20,164857.39,East,Critical
POL04851,PRG018,TRT045,2025-09-19,2027-06-30,16359.54,North,Medium
POL04852,PRG008,TRT022,2025-11-07,2026-10-02,78671.87,North,High
POL04853,PRG021,TRT077,2025-07-31,2027-06-30,305342.07,South,High
POL04854,PRG023,TRT068,2025-05-15,2027-02-26,289595.65,North,Critical
POL04855,PRG009,TRT074,2025-02-21,2026-04-18,265767.2,North,Low
POL04856,PRG012,TRT031,2025-01-20,2025-10-29,319691.78,East,Low
POL04857,PRG005,TRT001,2026-04-05,2027-03-30,11402.07,North,High
POL04858,PRG015,TRT088,2026-05-04,2028-03-08,222731.06,East,Critical
POL04859,PRG001,TRT068,2025-02-02,2025-08-24,21246.78,East,Medium
POL04860,PRG022,TRT075,2026-06-17,2027-07-04,13524.4,West,Medium
POL04861,PRG004,TRT048,2025-09-04,2026-05-26,137247.67,North,Critical
POL04862,PRG001,TRT006,2026-03-15,2027-08-21,277252.05,North,Low
POL04863,PRG004,TRT057,2026-09-07,2027-08-31,361174.62,North,High
POL04864,PRG023,TRT040,2025-02-22,2026-11-12,10997.22,North,Medium
POL04865,PRG001,TRT013,2025-02-05,2026-06-14,118714.45,South,Critical
POL04866,PRG018,TRT005,2025-05-24,2026-11-11,293296.8,West,Medium
POL04867,PRG021,TRT033,2026-07-25,2027-12-13,139294.72,South,Low
POL04868,PRG017,TRT086,2026-09-13,2028-05-06,85549.11,East,Critical
POL04869,PRG012,TRT001,2025-04-19,2025-10-17,397238.65,East,High
POL04870,PRG022,TRT092,2025-02-12,2026-01-30,495453.62,West,High
POL04871,PRG020,TRT020,2026-02-07,2027-01-16,346302.76,North,Critical
POL04872,PRG002,TRT024,2025-11-08,2027-10-07,309172.49,West,Medium
POL04873,PRG021,TRT007,2026-09-11,2028-06-16,8183.57,North,Medium
POL04874,PRG008,TRT098,2025-07-12,2026-12-17,386515.73,South,Critical
POL04875,PRG015,TRT033,2026-10-17,2027-06-21,393348.27,South,Low
POL04876,PRG015,TRT034,2025-10-21,2027-02-02,310320.64,East,High
POL04877,PRG001,TRT096,2026-10-13,2027-04-27,270259.28,West,Critical
POL04878,PRG020,TRT004,2025-03-10,2026-07-06,211595.28,East,Critical
POL04879,PRG024,TRT023,2026-01-04,2027-09-10,164378.53,South,Critical
POL04880,PRG018,TRT037,2026-05-25,2027-07-09,72078.4,West,Low
POL04881,PRG014,TRT085,2025-01-16,2026-09-27,393778.53,South,High
POL04882,PRG012,TRT027,2025-11-03,2026-10-01,323115.35,South,Medium
POL04883,PRG019,TRT030,2026-12-14,2027-08-12,75706.02,East,Critical
POL04884,PRG019,TRT091,2026-07-01,2027-09-25,148798.4,South,Low
POL04885,PRG001,TRT082,2025-03-29,2026-09-01,14860.98,North,Medium
POL04886,PRG014,TRT035,2025-12-20,2027-04-13,122744.86,East,Critical
POL04887,PRG002,TRT080,2025-11-15,2027-11-07,370679.23,North,Critical
POL04888,PRG012,TRT031,2025-07-18,2026-06-16,463472.86,East,Medium
POL04889,PRG021,TRT056,2025-07-19,2026-03-18,260452.62,South,High
POL04890,PRG003,TRT019,2025-03-19,2026-12-21,268089.29,West,High
POL04891,PRG015,TRT061,2026-02-17,2027-12-11,224868.78,North,High
POL04892,PRG018,TRT048,2025-03-19,2027-02-10,158188.62,West,High
POL04893,PRG013,TRT059,2026-12-12,2027-11-06,122967.41,East,Critical
POL04894,PRG018,TRT094,2026-08-02,2027-12-20,376654.29,West,Low
POL04895,PRG022,TRT087,2026-08-02,2028-04-17,68213.83,West,Critical
POL04896,PRG020,TRT091,2025-02-12,2026-03-01,492197.57,North,Medium
POL04897,PRG003,TRT001,2026-01-01,2027-09-08,172925.46,South,Medium
POL04898,PRG009,TRT022,2026-02-26,2027-07-21,417661.15,West,Medium
POL04899,PRG012,TRT025,2025-11-23,2027-02-22,176829.28,North,Low
POL04900,PRG005,TRT069,2026-07-29,2027-07-14,247566.71,West,Low
POL04901,PRG023,TRT069,2026-05-14,2028-03-31,96461.0,South,Low
POL04902,PRG014,TRT004,2025-11-18,2026-07-11,43066.99,East,Medium
POL04903,PRG023,TRT006,2026-08-10,2027-07-15,281810.17,South,Medium
POL04904,PRG004,TRT026,2025-05-12,2027-01-25,439252.7,South,Medium
POL04905,PRG021,TRT078,2026-11-27,2027-11-06,262062.67,East,Critical
POL04906,PRG005,TRT004,2026-01-01,2026-08-25,419408.88,North,High
POL04907,PRG004,TRT042,2025-06-02,2026-09-06,496584.82,East,Medium
POL04908,PRG022,TRT033,2025-02-02,2027-02-01,211167.77,West,Medium
POL04909,PRG015,TRT051,2025-08-10,2026-12-26,404154.21,West,Medium
POL04910,PRG023,TRT064,2026-11-03,2027-05-13,150984.24,East,Critical
POL04911,PRG022,TRT025,2026-08-04,2027-11-29,166462.53,North,Medium
POL04912,PRG024,TRT008,2026-09-19,2027-05-23,100414.7,North,Medium
POL04913,PRG020,TRT043,2025-01-04,2026-03-19,234879.47,West,High
POL04914,PRG004,TRT088,2026-10-29,2028-07-22,308646.74,South,Medium
POL04915,PRG006,TRT098,2025-01-09,2026-10-02,176437.81,West,High
POL04916,PRG002,TRT047,2026-10-23,2027-09-05,475420.67,North,Critical
POL04917,PRG007,TRT002,2026-12-01,2028-03-11,148611.61,West,Medium
POL04918,PRG018,TRT073,2025-01-01,2026-01-04,15654.43,West,Low
POL04919,PRG003,TRT093,2026-06-29,2028-04-23,38580.72,East,High
POL04920,PRG015,TRT059,2025-03-29,2027-01-05,44687.62,East,Medium
POL04921,PRG019,TRT064,2025-04-27,2026-06-12,387449.92,East,Critical
POL04922,PRG022,TRT006,2025-05-04,2026-04-13,212815.74,South,Medium
POL04923,PRG019,TRT037,2026-11-03,2027-12-12,398847.02,West,High
POL04924,PRG014,TRT054,2025-07-04,2027-05-21,477067.64,North,Medium
POL04925,PRG020,TRT037,2025-10-19,2027-04-01,74983.48,North,Medium
POL04926,PRG018,TRT084,2026-04-15,2028-03-01,211162.6,North,Critical
POL04927,PRG010,TRT094,2026-07-19,2028-01-14,435856.99,South,High
POL04928,PRG018,TRT014,2025-11-30,2027-04-25,95282.44,West,Low
POL04929,PRG021,TRT042,2025-12-14,2026-07-16,66045.65,North,Critical
POL04930,PRG022,TRT012,2025-09-30,2026-12-30,451937.04,North,Critical
POL04931,PRG018,TRT032,2026-12-26,2028-02-07,444781.27,West,Critical
POL04932,PRG019,TRT057,2025-05-01,2026-12-09,57375.81,East,Low
POL04933,PRG025,TRT073,2026-10-08,2027-10-10,450347.54,South,Critical
POL04934,PRG002,TRT028,2026-02-15,2027-11-18,223778.95,North,Low
POL04935,PRG025,TRT049,2025-05-28,2026-06-15,163333.71,North,Medium
POL04936,PRG006,TRT064,2026-06-17,2027-01-30,251250.66,North,Low
POL04937,PRG001,TRT003,2026-11-10,2027-05-19,417221.15,South,Low
POL04938,PRG014,TRT031,2025-03-16,2026-05-12,22216.72,West,Medium
POL04939,PRG011,TRT002,2026-03-04,2027-02-15,486005.2,West,Critical
POL04940,PRG025,TRT092,2025-01-07,2026-01-11,84457.67,South,Medium
POL04941,PRG010,TRT047,2026-04-12,2027-12-12,289841.21,North,Critical
POL04942,PRG006,TRT024,2026-09-17,2027-03-26,259973.08,South,High
POL04943,PRG003,TRT029,2025-11-23,2027-11-16,87744.43,West,Low
POL04944,PRG006,TRT018,2025-09-19,2026-07-28,116131.87,East,High
POL04945,PRG005,TRT023,2025-08-12,2026-05-08,74285.86,West,Low
POL04946,PRG005,TRT096,2026-11-19,2028-06-28,372587.42,South,Low
POL04947,PRG023,TRT070,2025-04-04,2027-03-13,369040.31,East,Medium
POL04948,PRG019,TRT016,2026-11-30,2028-04-18,462533.0,South,Low
POL04949,PRG017,TRT051,2025-11-07,2026-05-14,385402.31,East,Medium
POL04950,PRG013,TRT016,2025-02-17,2026-03-28,235837.02,East,Low
POL04951,PRG020,TRT019,2026-02-24,2027-11-15,77191.43,South,Critical
POL04952,PRG005,TRT045,2025-12-25,2026-11-11,66499.5,West,High
POL04953,PRG017,TRT048,2025-04-06,2026-12-13,55246.53,North,Low
POL04954,PRG018,TRT050,2026-03-08,2027-01-12,170007.99,North,Low
POL04955,PRG009,TRT049,2025-07-19,2026-03-21,234761.2,North,Critical
POL04956,PRG025,TRT070,2026-09-01,2027-08-14,307975.95,South,High
POL04957,PRG008,TRT084,2026-04-03,2027-03-04,166394.03,East,High
POL04958,PRG005,TRT011,2026-09-18,2028-02-12,376746.0,North,Low
POL04959,PRG019,TRT084,2026-07-30,2027-04-28,417825.8,North,Critical
POL04960,PRG008,TRT068,2026-11-19,2028-10-31,137549.47,South,Low
POL04961,PRG023,TRT089,2026-06-11,2028-02-07,455579.18,West,High
POL04962,PRG018,TRT023,2025-04-30,2026-07-29,101991.75,East,Critical
POL04963,PRG023,TRT061,2026-02-24,2026-09-08,170164.52,East,Low
POL04964,PRG023,TRT097,2025-06-17,2027-05-24,483934.38,West,Critical
POL04965,PRG020,TRT077,2026-10-27,2028-03-24,223206.64,East,Critical
POL04966,PRG003,TRT085,2026-10-22,2028-01-11,366368.93,West,Low
POL04967,PRG008,TRT005,2025-12-19,2027-05-11,110067.64,East,Low
POL04968,PRG023,TRT051,2026-08-30,2028-03-09,439443.25,South,Medium
POL04969,PRG011,TRT085,2026-03-29,2028-03-19,265489.37,West,Critical
POL04970,PRG007,TRT009,2026-01-16,2026-07-26,470756.61,East,Medium
POL04971,PRG003,TRT092,2025-07-04,2026-06-24,169389.27,North,Low
POL04972,PRG019,TRT011,2025-06-01,2027-03-26,312563.88,West,Critical
POL04973,PRG011,TRT084,2025-01-22,2025-11-03,145451.6,East,Medium
POL04974,PRG007,TRT009,2026-08-03,2028-02-12,128153.29,West,High
POL04975,PRG009,TRT028,2025-06-26,2027-05-25,268056.79,North,Medium
POL04976,PRG022,TRT012,2026-11-10,2028-10-18,255913.52,East,Critical
POL04977,PRG016,TRT003,2026-05-07,2027-01-20,477630.31,East,Medium
POL04978,PRG024,TRT090,2025-08-13,2027-07-07,497284.02,South,Low
POL04979,PRG016,TRT020,2026-07-11,2028-03-20,133689.81,West,Critical
POL04980,PRG011,TRT015,2026-03-31,2027-07-19,296291.2,West,High
POL04981,PRG001,TRT026,2026-12-19,2028-04-18,34942.88,South,Critical
POL04982,PRG005,TRT068,2026-03-03,2027-02-01,415385.16,South,Medium
POL04983,PRG025,TRT069,2025-06-25,2027-02-14,477852.72,West,Medium
POL04984,PRG002,TRT091,2026-03-17,2028-03-03,13175.45,North,Critical
POL04985,PRG003,TRT029,2025-08-27,2026-12-21,97747.08,North,Medium
POL04986,PRG010,TRT001,2026-12-11,2028-08-04,311906.02,East,Low
POL04987,PRG017,TRT029,2025-03-09,2026-02-13,159451.33,East,Critical
POL04988,PRG014,TRT062,2026-11-08,2028-09-26,211984.69,North,Critical
POL04989,PRG020,TRT008,2026-05-26,2028-03-17,408689.73,West,Low
POL04990,PRG024,TRT009,2025-11-28,2026-10-23,479055.83,North,Medium
POL04991,PRG017,TRT063,2026-09-18,2027-12-29,366420.42,East,Low
POL04992,PRG001,TRT088,2026-07-29,2028-03-28,10024.66,South,Medium
POL04993,PRG012,TRT082,2025-03-04,2026-01-21,201523.18,South,Medium
POL04994,PRG016,TRT080,2025-09-26,2027-01-29,424821.29,West,Medium
POL04995,PRG018,TRT068,2026-11-30,2028-06-10,183553.59,West,Low
POL04996,PRG014,TRT055,2025-01-10,2025-08-13,359029.06,East,High
POL04997,PRG018,TRT051,2025-06-21,2026-08-25,137656.17,East,Medium
POL04998,PRG005,TRT081,2026-10-10,2028-01-08,149809.05,South,Low
POL04999,PRG004,TRT033,2026-07-04,2027-09-09,394593.62,South,Critical
POL05000,PRG013,TRT098,2026-11-18,2028-06-06,365561.43,North,Medium
POL05001,PRG008,TRT075,2025-07-21,2026-07-21,340121.49,West,Medium
POL05002,PRG016,TRT049,2026-05-20,2027-10-15,194160.7,East,Medium
POL05003,PRG002,TRT003,2025-01-11,2025-09-29,425737.16,South,Critical
POL05004,PRG007,TRT006,2025-07-19,2026-12-05,360010.82,South,Medium
POL05005,PRG004,TRT049,2025-10-24,2026-12-13,194829.66,East,Critical
POL05006,PRG021,TRT077,2026-07-09,2027-11-11,78024.08,South,Medium
POL05007,PRG002,TRT011,2025-11-13,2026-11-23,448920.61,East,High
POL05008,PRG004,TRT033,2026-04-04,2027-07-31,464454.75,South,High
POL05009,PRG014,TRT028,2025-05-02,2026-08-17,32947.92,North,Medium
POL05010,PRG019,TRT032,2026-07-07,2028-02-18,461309.82,West,Critical
POL05011,PRG021,TRT033,2025-01-28,2026-10-09,165618.78,West,Low
POL05012,PRG013,TRT045,2026-12-22,2027-10-20,53692.82,South,High
POL05013,PRG007,TRT003,2026-02-17,2027-07-03,129754.38,East,Low
POL05014,PRG006,TRT035,2025-11-24,2027-01-20,407256.51,South,Medium
POL05015,PRG018,TRT081,2025-05-01,2026-04-04,165681.87,North,Low
POL05016,PRG007,TRT089,2026-11-21,2028-09-03,353450.16,South,Low
POL05017,PRG009,TRT055,2026-12-30,2027-11-14,257042.89,North,Low
POL05018,PRG018,TRT017,2025-11-11,2027-02-18,229010.99,East,Medium
POL05019,PRG023,TRT010,2026-11-11,2028-09-03,77434.3,North,High
POL05020,PRG020,TRT011,2025-07-01,2026-05-24,155468.45,East,Low
POL05021,PRG024,TRT077,2026-01-21,2026-11-24,270691.15,West,Low
POL05022,PRG008,TRT011,2025-11-11,2026-10-26,12660.53,East,Low
POL05023,PRG024,TRT076,2025-08-17,2026-06-12,304243.53,West,Low
POL05024,PRG007,TRT075,2026-10-19,2027-10-11,293608.91,North,Critical
POL05025,PRG016,TRT084,2026-08-16,2027-11-07,407823.61,North,Critical
POL05026,PRG005,TRT049,2026-01-05,2026-12-01,199040.41,North,Medium
POL05027,PRG025,TRT098,2025-05-22,2027-05-07,141293.56,North,Low
POL05028,PRG001,TRT044,2025-07-12,2026-10-11,382774.22,North,Critical
POL05029,PRG013,TRT066,2025-11-24,2027-04-18,73471.71,West,Critical
POL05030,PRG017,TRT066,2025-12-13,2027-03-29,343247.44,West,High
POL05031,PRG022,TRT093,2026-11-01,2027-07-25,78856.32,South,High
POL05032,PRG016,TRT021,2026-06-11,2027-03-24,450179.19,North,Medium
POL05033,PRG022,TRT044,2026-12-27,2027-08-19,50507.83,North,Critical
POL05034,PRG023,TRT083,2025-11-05,2027-10-08,257822.24,North,High
POL05035,PRG018,TRT017,2025-08-10,2027-04-25,107585.61,South,Medium
POL05036,PRG004,TRT070,2025-06-10,2026-02-18,487608.83,North,Critical
POL05037,PRG011,TRT085,2025-01-12,2026-09-19,232540.57,South,Critical
POL05038,PRG021,TRT099,2025-10-20,2027-09-27,122364.78,North,High
POL05039,PRG010,TRT051,2026-05-14,2027-03-12,439064.41,East,Low
POL05040,PRG005,TRT073,2025-11-12,2026-06-18,486123.88,North,Critical
POL05041,PRG002,TRT033,2025-03-03,2025-10-30,197047.53,North,Critical
POL05042,PRG022,TRT059,2025-05-10,2027-04-15,471941.06,East,High
POL05043,PRG009,TRT009,2026-05-01,2027-06-06,373555.47,North,Low
POL05044,PRG017,TRT035,2026-06-20,2027-12-14,161109.75,West,Low
POL05045,PRG002,TRT067,2025-04-27,2025-11-06,382949.21,South,Low
POL05046,PRG017,TRT065,2025-07-22,2026-05-10,42883.14,East,Critical
POL05047,PRG009,TRT001,2025-09-27,2027-05-21,469406.94,East,Low
POL05048,PRG024,TRT091,2025-01-01,2026-04-16,135306.71,North,Critical
POL05049,PRG021,TRT054,2025-07-25,2026-09-25,362592.98,South,High
POL05050,PRG011,TRT022,2025-10-30,2026-07-19,444422.21,North,Medium
POL05051,PRG015,TRT023,2025-11-22,2026-09-09,201540.08,North,High
POL05052,PRG024,TRT076,2026-06-09,2027-08-28,452115.47,North,Critical
POL05053,PRG008,TRT020,2026-05-30,2027-03-07,225426.32,South,High
POL05054,PRG004,TRT011,2025-04-03,2025-11-26,222238.09,West,Critical
POL05055,PRG007,TRT036,2026-03-14,2027-11-27,271338.15,North,High
POL05056,PRG022,TRT021,2025-10-23,2027-10-09,450523.6,East,Low
POL05057,PRG001,TRT091,2026-12-07,2028-11-10,45449.47,East,High
POL05058,PRG015,TRT092,2025-04-01,2026-03-02,205992.83,East,Low
POL05059,PRG009,TRT067,2026-02-09,2028-01-14,463914.83,South,High
POL05060,PRG013,TRT095,2026-05-12,2027-12-16,95356.07,North,Medium
POL05061,PRG016,TRT086,2025-08-18,2027-03-02,138876.08,North,Critical
POL05062,PRG018,TRT094,2026-02-19,2027-03-12,78787.94,East,Critical
POL05063,PRG016,TRT062,2025-01-08,2027-01-08,120425.37,South,Critical
POL05064,PRG016,TRT001,2026-08-03,2028-04-20,7672.8,East,High
POL05065,PRG010,TRT063,2026-11-18,2028-03-17,318358.76,North,High
POL05066,PRG010,TRT009,2025-08-28,2026-07-27,150261.54,North,Medium
POL05067,PRG022,TRT053,2025-04-26,2025-11-25,260536.76,East,Low
POL05068,PRG014,TRT008,2025-08-09,2027-04-02,65148.88,South,Low
POL05069,PRG019,TRT004,2026-06-06,2027-07-05,18212.76,North,Critical
POL05070,PRG005,TRT007,2025-05-18,2026-06-14,415636.57,West,Low
POL05071,PRG005,TRT054,2026-09-24,2027-05-03,196416.26,West,Low
POL05072,PRG017,TRT033,2025-09-06,2027-05-18,55431.29,South,Low
POL05073,PRG024,TRT064,2026-03-02,2027-09-11,91628.46,South,Low
POL05074,PRG023,TRT043,2025-02-02,2025-12-08,282309.47,West,Critical
POL05075,PRG016,TRT010,2026-06-29,2027-12-30,201426.52,West,Medium
POL05076,PRG006,TRT051,2026-09-25,2027-04-23,157392.98,North,Medium
POL05077,PRG025,TRT076,2026-10-27,2028-10-13,107013.84,East,High
POL05078,PRG017,TRT068,2025-10-29,2026-09-01,208607.27,North,Low
POL05079,PRG010,TRT084,2026-05-17,2027-01-17,46132.35,South,Medium
POL05080,PRG018,TRT050,2026-12-14,2028-04-21,217399.25,North,Medium
POL05081,PRG010,TRT010,2025-02-24,2025-09-06,298858.67,South,Medium
POL05082,PRG021,TRT096,2026-04-13,2026-11-12,466282.85,North,Critical
POL05083,PRG025,TRT051,2026-04-14,2027-01-20,119341.65,North,Low
POL05084,PRG016,TRT066,2025-04-26,2027-04-07,395332.76,East,High
POL05085,PRG010,TRT019,2026-04-14,2026-11-01,481409.77,North,High
POL05086,PRG010,TRT030,2026-08-29,2027-10-10,125830.21,West,High
POL05087,PRG008,TRT059,2025-02-15,2026-01-11,175145.9,East,Medium
POL05088,PRG004,TRT087,2026-12-12,2028-10-14,60776.39,West,Critical
POL05089,PRG019,TRT006,2025-08-16,2026-07-06,481673.99,North,Low
POL05090,PRG024,TRT029,2025-02-25,2026-07-03,239113.4,North,Medium
POL05091,PRG020,TRT074,2026-12-28,2027-08-19,469308.47,South,High
POL05092,PRG002,TRT011,2025-04-28,2026-04-11,115012.37,South,Medium
POL05093,PRG013,TRT096,2025-06-02,2026-07-10,453873.32,West,High
POL05094,PRG020,TRT058,2025-08-26,2026-11-06,489091.15,East,Medium
POL05095,PRG015,TRT028,2025-10-21,2026-07-10,451315.04,North,High
POL05096,PRG020,TRT038,2025-09-27,2026-12-08,194229.38,South,Critical
POL05097,PRG010,TRT045,2026-01-17,2027-07-06,481341.19,North,Critical
POL05098,PRG003,TRT042,2025-05-04,2026-11-20,389240.81,South,Critical
POL05099,PRG024,TRT028,2026-07-23,2027-06-26,205946.06,East,Critical
POL05100,PRG008,TRT027,2026-10-01,2028-08-01,474821.46,West,Critical
POL05101,PRG001,TRT031,2026-09-20,2028-07-16,196982.05,North,Low
POL05102,PRG015,TRT050,2025-10-10,2027-08-02,375113.02,West,Medium
POL05103,PRG022,TRT065,2025-05-11,2026-10-31,234713.49,South,Critical
POL05104,PRG007,TRT082,2025-04-29,2026-11-03,181440.5,South,Medium
POL05105,PRG019,TRT056,2026-02-18,2026-11-22,119182.75,North,Critical
POL05106,PRG019,TRT082,2025-10-23,2026-07-24,155149.98,East,High
POL05107,PRG009,TRT083,2026-10-18,2028-07-21,374918.17,North,High
POL05108,PRG022,TRT027,2025-04-18,2025-12-13,163006.24,South,Low
POL05109,PRG024,TRT085,2026-05-16,2027-05-12,299585.68,West,Critical
POL05110,PRG013,TRT094,2025-07-19,2027-05-09,254278.0,West,Medium
POL05111,PRG009,TRT026,2025-07-09,2027-04-27,60359.2,South,High
POL05112,PRG015,TRT016,2025-10-15,2027-08-19,385965.89,North,Low
POL05113,PRG019,TRT049,2026-04-07,2026-10-26,54555.61,East,Low
POL05114,PRG004,TRT028,2025-11-28,2026-08-07,367455.91,West,High
POL05115,PRG016,TRT005,2026-11-01,2028-03-23,12179.38,South,Critical
POL05116,PRG002,TRT028,2026-01-28,2027-12-02,188626.8,East,Medium
POL05117,PRG009,TRT025,2026-04-13,2027-03-19,460376.06,North,High
POL05118,PRG010,TRT075,2025-01-26,2026-05-22,356349.1,West,Low
POL05119,PRG017,TRT090,2026-03-06,2026-10-25,246164.26,West,Low
POL05120,PRG005,TRT001,2026-08-31,2027-06-29,325985.21,East,Low
POL05121,PRG006,TRT001,2025-09-24,2026-07-05,416494.2,North,Medium
POL05122,PRG007,TRT083,2025-09-02,2027-02-05,269463.86,North,Low
POL05123,PRG021,TRT011,2025-12-18,2027-01-23,171320.03,West,Low
POL05124,PRG009,TRT082,2025-11-05,2027-02-27,499760.51,North,High
POL05125,PRG021,TRT032,2026-01-24,2027-11-26,146136.05,North,Critical
POL05126,PRG008,TRT066,2025-08-29,2026-08-15,233641.65,West,High
POL05127,PRG002,TRT087,2025-11-07,2026-12-13,296904.84,South,Low
POL05128,PRG003,TRT004,2026-09-03,2027-04-11,232060.29,South,Low
POL05129,PRG009,TRT084,2025-09-25,2027-09-07,478494.45,South,Low
POL05130,PRG007,TRT062,2026-03-27,2028-03-15,358188.77,North,High
POL05131,PRG018,TRT029,2025-08-01,2027-03-15,374963.51,North,Low
POL05132,PRG021,TRT086,2025-12-18,2027-03-16,253826.22,West,Medium
POL05133,PRG005,TRT014,2025-07-08,2026-05-18,169099.44,South,Critical
POL05134,PRG024,TRT006,2026-06-12,2027-06-11,243863.1,North,High
POL05135,PRG012,TRT002,2026-04-05,2027-10-05,128563.29,South,Critical
POL05136,PRG008,TRT086,2025-12-31,2027-07-16,261982.48,West,High
POL05137,PRG025,TRT096,2026-02-18,2026-08-25,55143.99,North,High
POL05138,PRG005,TRT085,2025-09-25,2027-07-04,381304.44,East,High
POL05139,PRG018,TRT004,2025-03-10,2025-09-22,472504.53,East,Medium
POL05140,PRG025,TRT093,2026-06-07,2027-09-22,332202.75,East,Critical
POL05141,PRG012,TRT063,2026-02-10,2027-06-25,221785.15,North,Low
POL05142,PRG008,TRT048,2025-03-27,2027-03-04,327264.9,East,Low
POL05143,PRG020,TRT089,2026-11-20,2028-10-22,292926.46,West,Low
POL05144,PRG020,TRT065,2025-01-13,2025-10-07,499624.65,North,Medium
POL05145,PRG005,TRT042,2026-03-21,2026-12-07,293164.92,North,High
POL05146,PRG013,TRT015,2026-02-08,2026-09-17,453351.23,South,Medium
POL05147,PRG002,TRT081,2025-06-24,2026-10-04,10578.23,South,Critical
POL05148,PRG014,TRT087,2026-11-13,2027-10-26,148327.64,East,Medium
POL05149,PRG021,TRT023,2025-04-27,2026-12-18,250946.27,South,Low
POL05150,PRG018,TRT025,2025-07-19,2026-12-16,427248.69,South,High
POL05151,PRG004,TRT008,2025-08-23,2026-03-13,419454.02,West,Critical
POL05152,PRG019,TRT009,2026-05-29,2028-03-10,318172.13,West,Critical
POL05153,PRG022,TRT068,2026-01-16,2027-02-05,399365.86,South,High
POL05154,PRG014,TRT047,2025-12-29,2027-09-04,34526.02,North,Medium
POL05155,PRG008,TRT029,2026-02-08,2026-10-07,420645.23,East,Low
POL05156,PRG018,TRT099,2025-10-09,2026-10-04,266824.19,East,Medium
POL05157,PRG008,TRT017,2025-02-25,2026-05-07,169908.8,East,High
POL05158,PRG018,TRT044,2026-04-14,2027-07-30,201177.31,West,High
POL05159,PRG012,TRT008,2026-12-19,2027-11-14,442197.07,West,Critical
POL05160,PRG002,TRT072,2026-10-19,2027-06-04,142455.01,South,Medium
POL05161,PRG015,TRT003,2025-05-05,2026-01-12,269818.86,South,Low
POL05162,PRG019,TRT051,2026-03-14,2026-10-18,263995.44,North,Critical
POL05163,PRG013,TRT076,2026-04-16,2027-04-29,207912.77,East,High
POL05164,PRG004,TRT090,2026-08-08,2028-04-23,157598.24,North,Critical
POL05165,PRG012,TRT047,2026-12-06,2027-08-06,306225.34,South,High
POL05166,PRG017,TRT066,2025-06-15,2026-01-12,427265.56,East,Low
POL05167,PRG003,TRT030,2025-07-14,2027-02-27,496189.27,West,High
POL05168,PRG022,TRT021,2025-12-20,2027-02-08,428691.4,West,Low
POL05169,PRG004,TRT042,2025-05-29,2026-09-03,97017.57,East,High
POL05170,PRG001,TRT011,2025-06-14,2026-12-26,127591.74,North,Critical
POL05171,PRG006,TRT087,2025-11-29,2026-07-24,451228.39,West,High
POL05172,PRG003,TRT094,2025-09-23,2026-09-07,24387.4,East,Low
POL05173,PRG018,TRT091,2025-10-28,2027-01-10,96898.0,West,Low
POL05174,PRG004,TRT025,2026-03-11,2026-12-14,221079.56,East,Critical
POL05175,PRG002,TRT011,2026-08-24,2028-02-05,33341.94,East,High
POL05176,PRG013,TRT061,2026-08-26,2027-07-16,131712.0,North,High
POL05177,PRG013,TRT095,2025-02-02,2026-11-29,121257.19,South,Critical
POL05178,PRG005,TRT083,2025-01-20,2027-01-18,229332.87,West,Low
POL05179,PRG022,TRT062,2026-04-03,2027-03-09,11908.68,West,Critical
POL05180,PRG003,TRT024,2025-02-16,2025-10-17,326902.26,West,Medium
POL05181,PRG002,TRT040,2026-11-14,2028-03-05,492767.25,East,Low
POL05182,PRG006,TRT089,2025-04-02,2026-08-24,312607.19,South,Low
POL05183,PRG019,TRT022,2026-04-25,2027-02-03,107762.03,South,Critical
POL05184,PRG010,TRT073,2026-02-11,2026-10-18,130653.05,East,Medium
POL05185,PRG006,TRT017,2026-12-25,2028-07-17,119825.85,East,Medium
POL05186,PRG003,TRT042,2025-11-14,2026-07-05,76698.4,West,Critical
POL05187,PRG008,TRT031,2025-01-06,2025-07-06,496292.29,North,High
POL05188,PRG025,TRT088,2026-09-29,2028-09-19,358569.08,West,High
POL05189,PRG022,TRT039,2025-01-30,2026-02-02,5963.66,North,Medium
POL05190,PRG022,TRT007,2026-06-17,2028-03-04,408596.62,West,High
POL05191,PRG021,TRT044,2025-10-30,2026-10-19,151413.41,East,Medium
POL05192,PRG020,TRT036,2026-11-02,2028-03-03,433015.91,South,Critical
POL05193,PRG013,TRT099,2026-09-25,2027-08-03,18278.48,North,Medium
POL05194,PRG021,TRT090,2025-03-18,2027-01-21,95631.16,East,Critical
POL05195,PRG011,TRT090,2026-09-20,2027-10-10,297401.02,West,Critical
POL05196,PRG008,TRT039,2025-09-19,2026-07-04,22916.98,South,Medium
POL05197,PRG023,TRT004,2026-03-09,2027-11-17,301329.74,East,High
POL05198,PRG003,TRT031,2026-02-18,2027-09-28,328713.05,South,High
POL05199,PRG017,TRT079,2026-01-10,2026-10-30,65813.94,West,Low
POL05200,PRG025,TRT011,2026-04-08,2026-10-24,428679.56,South,Low
POL05201,PRG003,TRT023,2026-11-23,2027-10-25,177763.63,East,Low
POL05202,PRG009,TRT098,2026-01-09,2026-09-28,262620.06,South,High
POL05203,PRG003,TRT033,2025-01-17,2026-12-30,17186.84,North,Low
POL05204,PRG010,TRT073,2025-11-19,2026-11-15,68334.06,West,Low
POL05205,PRG017,TRT002,2025-06-14,2026-03-25,424601.0,North,High
POL05206,PRG008,TRT004,2026-07-11,2027-02-22,155999.69,West,Low
POL05207,PRG022,TRT026,2025-12-28,2026-11-06,272221.8,South,Critical
POL05208,PRG013,TRT080,2026-10-03,2028-07-14,436447.72,North,Medium
POL05209,PRG004,TRT049,2025-12-17,2026-06-27,50956.57,North,High
POL05210,PRG013,TRT054,2025-08-23,2027-07-11,236926.7,North,Critical
POL05211,PRG013,TRT014,2025-08-04,2026-10-03,280101.35,West,Low
POL05212,PRG004,TRT086,2026-05-02,2027-11-18,378292.68,West,Medium
POL05213,PRG025,TRT062,2026-01-16,2027-02-13,190201.86,South,Medium
POL05214,PRG015,TRT096,2025-02-16,2025-12-10,315758.22,East,Medium
POL05215,PRG012,TRT072,2025-07-09,2026-02-11,25415.09,South,Low
POL05216,PRG009,TRT009,2026-02-11,2026-09-28,442273.4,East,High
POL05217,PRG006,TRT002,2026-11-26,2027-11-20,489317.1,North,Medium
POL05218,PRG006,TRT022,2026-03-06,2027-05-22,241949.41,West,High
POL05219,PRG009,TRT042,2026-10-07,2028-05-08,281349.61,West,High
POL05220,PRG024,TRT036,2026-07-08,2028-04-15,132114.53,South,Medium
POL05221,PRG012,TRT097,2026-10-22,2028-08-27,367808.92,West,Medium
POL05222,PRG018,TRT089,2026-09-09,2028-01-24,419704.24,North,High
POL05223,PRG006,TRT005,2025-02-16,2026-01-07,306864.62,East,Medium
POL05224,PRG010,TRT049,2026-09-07,2028-04-03,348047.89,North,High
POL05225,PRG016,TRT083,2026-03-25,2026-10-29,231580.04,North,High
POL05226,PRG025,TRT048,2026-02-26,2027-01-27,278807.67,North,Medium
POL05227,PRG022,TRT043,2025-02-14,2026-08-01,178147.79,South,High
POL05228,PRG022,TRT020,2026-01-10,2027-10-20,246533.2,East,Low
POL05229,PRG003,TRT035,2026-02-01,2026-11-07,347439.47,South,High
POL05230,PRG020,TRT062,2026-11-17,2028-09-08,97920.09,South,Low
POL05231,PRG007,TRT014,2025-12-04,2027-08-16,254414.41,West,Low
POL05232,PRG016,TRT004,2025-03-14,2025-10-02,279446.1,North,High
POL05233,PRG006,TRT003,2025-08-04,2026-10-12,155224.42,East,Low
POL05234,PRG025,TRT050,2025-04-25,2025-11-07,56807.83,West,Medium
POL05235,PRG001,TRT081,2025-02-18,2026-10-13,372306.19,North,Low
POL05236,PRG015,TRT076,2026-10-07,2027-08-21,462319.49,North,Critical
POL05237,PRG003,TRT001,2025-06-12,2026-08-15,498734.98,West,Low
POL05238,PRG007,TRT018,2025-07-12,2026-06-26,405644.17,West,Low
POL05239,PRG020,TRT031,2026-09-07,2028-06-05,163348.31,South,Medium
POL05240,PRG016,TRT034,2025-02-24,2025-08-28,141393.3,North,Medium
POL05241,PRG010,TRT082,2026-10-10,2027-07-31,116336.64,East,High
POL05242,PRG002,TRT079,2025-12-11,2027-03-26,104197.47,South,Low
POL05243,PRG013,TRT055,2026-08-08,2027-09-15,433689.78,East,Low
POL05244,PRG018,TRT100,2025-12-06,2027-04-28,361255.21,North,Low
POL05245,PRG021,TRT066,2025-08-08,2026-09-05,224982.55,North,Low
POL05246,PRG021,TRT038,2026-12-09,2028-08-27,316329.93,West,Medium
POL05247,PRG005,TRT006,2025-09-02,2027-08-13,460991.01,West,Medium
POL05248,PRG004,TRT033,2026-03-21,2027-09-22,20209.31,West,High
POL05249,PRG018,TRT029,2025-11-13,2026-05-19,14607.3,North,Medium
POL05250,PRG008,TRT036,2026-02-09,2026-08-12,350517.16,East,High
POL05251,PRG017,TRT004,2025-07-22,2026-06-03,384685.37,South,Medium
POL05252,PRG006,TRT098,2026-06-08,2027-02-28,276672.0,West,Critical
POL05253,PRG018,TRT019,2026-12-29,2028-06-15,247286.71,East,Critical
POL05254,PRG021,TRT075,2025-01-20,2025-10-05,467264.93,West,Medium
POL05255,PRG013,TRT087,2026-04-09,2027-01-01,331641.81,South,Medium
POL05256,PRG014,TRT022,2025-06-06,2026-05-21,130324.99,West,Critical
POL05257,PRG021,TRT091,2026-06-16,2028-05-25,384316.34,West,Medium
POL05258,PRG019,TRT066,2025-08-22,2026-06-11,301525.22,North,Critical
POL05259,PRG010,TRT085,2026-03-31,2027-09-23,383529.34,West,Critical
POL05260,PRG021,TRT029,2026-06-14,2027-07-23,274836.54,South,Medium
POL05261,PRG002,TRT006,2025-09-27,2026-04-08,122942.65,East,Critical
POL05262,PRG025,TRT094,2026-02-17,2027-03-01,303630.69,South,Critical
POL05263,PRG013,TRT096,2026-07-02,2027-03-25,137978.8,North,High
POL05264,PRG004,TRT034,2026-03-03,2027-08-18,208351.54,North,Critical
POL05265,PRG013,TRT068,2026-03-21,2027-03-08,461413.26,East,High
POL05266,PRG005,TRT042,2025-12-16,2027-11-03,242942.04,North,Critical
POL05267,PRG018,TRT081,2026-08-09,2027-06-20,140272.55,West,High
POL05268,PRG001,TRT098,2026-04-16,2027-09-18,433956.0,West,High
POL05269,PRG004,TRT044,2026-08-20,2028-05-19,287078.4,North,High
POL05270,PRG009,TRT009,2026-12-05,2028-08-24,447662.75,East,High
POL05271,PRG020,TRT078,2025-01-13,2026-05-16,234460.32,North,Low
POL05272,PRG021,TRT084,2025-09-17,2027-05-03,267826.52,North,High
POL05273,PRG025,TRT037,2025-12-15,2026-11-20,305235.74,South,High
POL05274,PRG008,TRT055,2025-05-19,2026-12-12,243882.35,South,High
POL05275,PRG004,TRT063,2026-08-25,2028-06-30,36247.0,East,Low
POL05276,PRG015,TRT011,2025-08-23,2027-03-11,73683.53,East,Medium
POL05277,PRG008,TRT073,2025-06-13,2026-12-03,177850.36,North,Medium
POL05278,PRG022,TRT040,2026-06-27,2027-04-16,331284.68,East,High
POL05279,PRG013,TRT083,2025-11-12,2026-07-25,288607.05,North,Low
POL05280,PRG020,TRT074,2025-02-13,2026-06-29,103179.75,East,High
POL05281,PRG009,TRT025,2025-06-30,2027-04-13,38530.76,South,Critical
POL05282,PRG022,TRT066,2025-12-26,2027-07-14,224237.19,West,Medium
POL05283,PRG015,TRT066,2026-01-22,2026-12-19,108688.15,South,Critical
POL05284,PRG015,TRT025,2026-03-27,2026-12-09,322302.81,East,Medium
POL05285,PRG025,TRT092,2025-03-01,2026-11-17,465970.07,West,Critical
POL05286,PRG012,TRT064,2025-04-13,2026-03-15,299848.92,North,High
POL05287,PRG003,TRT008,2026-05-10,2026-11-19,231710.33,North,Critical
POL05288,PRG019,TRT015,2026-10-23,2028-09-28,88823.63,West,High
POL05289,PRG013,TRT080,2026-01-30,2026-12-25,29391.27,South,Medium
POL05290,PRG020,TRT011,2025-11-09,2026-06-23,265799.28,East,High
POL05291,PRG003,TRT048,2025-01-03,2026-10-04,259016.49,East,Medium
POL05292,PRG024,TRT062,2025-06-21,2026-02-27,109709.51,South,Medium
POL05293,PRG025,TRT014,2025-06-04,2026-11-29,491151.22,South,High
POL05294,PRG007,TRT074,2025-02-11,2026-09-08,304009.69,West,High
POL05295,PRG020,TRT076,2026-08-19,2027-06-16,367929.28,West,Critical
POL05296,PRG008,TRT036,2025-02-25,2026-02-18,56295.84,South,Medium
POL05297,PRG017,TRT075,2025-07-17,2026-07-19,169036.76,West,High
POL05298,PRG007,TRT052,2026-01-03,2026-11-19,305766.22,East,Medium
POL05299,PRG022,TRT076,2025-06-06,2027-03-08,22921.64,North,Low
POL05300,PRG011,TRT030,2026-07-23,2027-04-12,84564.36,East,Medium
POL05301,PRG020,TRT098,2025-06-24,2026-06-21,163697.19,West,Medium
POL05302,PRG002,TRT050,2025-09-12,2027-05-02,16033.28,East,Medium
POL05303,PRG020,TRT057,2025-11-26,2027-08-17,109328.23,South,Low
POL05304,PRG015,TRT050,2026-12-07,2027-11-22,459697.44,South,Low
POL05305,PRG002,TRT029,2026-11-02,2028-07-03,320192.03,South,Low
POL05306,PRG019,TRT035,2026-07-29,2027-05-05,71806.41,South,Medium
POL05307,PRG005,TRT068,2025-10-14,2027-08-16,451810.42,East,High
POL05308,PRG019,TRT082,2025-06-14,2026-09-21,390964.54,North,Medium
POL05309,PRG021,TRT018,2025-05-08,2027-02-06,416443.7,East,Critical
POL05310,PRG010,TRT100,2026-07-21,2027-10-13,290359.8,South,High
POL05311,PRG011,TRT003,2026-11-10,2028-05-25,136844.57,North,Medium
POL05312,PRG010,TRT093,2025-03-24,2026-10-29,110264.4,South,High
POL05313,PRG017,TRT023,2025-08-23,2026-12-13,344659.74,South,Low
POL05314,PRG025,TRT054,2026-05-16,2027-07-25,196710.9,South,Medium
POL05315,PRG011,TRT023,2026-12-05,2027-12-05,182848.09,East,Medium
POL05316,PRG001,TRT098,2026-01-09,2026-12-11,27032.04,South,Low
POL05317,PRG009,TRT035,2026-03-17,2028-01-10,73125.67,West,High
POL05318,PRG006,TRT063,2026-09-11,2027-04-24,290156.03,South,Critical
POL05319,PRG001,TRT048,2026-01-07,2027-12-08,89878.6,North,Medium
POL05320,PRG012,TRT016,2025-09-03,2026-10-04,297960.86,West,High
POL05321,PRG019,TRT017,2025-03-08,2025-11-11,451557.69,North,Critical
POL05322,PRG025,TRT006,2026-04-22,2028-02-22,457466.09,North,Medium
POL05323,PRG019,TRT021,2025-03-25,2027-02-11,470178.36,North,High
POL05324,PRG002,TRT073,2026-08-13,2027-02-25,105418.45,West,High
POL05325,PRG019,TRT084,2026-05-13,2027-09-01,326738.19,South,Medium
POL05326,PRG014,TRT081,2025-02-22,2026-03-24,181784.67,North,High
POL05327,PRG015,TRT013,2026-04-12,2028-03-07,398328.58,North,Low
POL05328,PRG013,TRT027,2025-11-05,2026-12-06,287564.7,North,Critical
POL05329,PRG011,TRT059,2025-11-04,2027-07-11,95048.37,North,Low
POL05330,PRG003,TRT008,2025-10-20,2027-05-16,392281.0,East,Critical
POL05331,PRG019,TRT097,2025-09-11,2027-07-13,107141.74,West,Low
POL05332,PRG002,TRT030,2025-04-29,2026-10-15,80361.28,West,Critical
POL05333,PRG021,TRT042,2025-09-03,2026-12-22,83046.34,North,Critical
POL05334,PRG007,TRT097,2026-04-10,2027-10-02,244692.89,North,Medium
POL05335,PRG023,TRT015,2025-07-03,2027-04-22,165800.75,North,Medium
POL05336,PRG012,TRT066,2025-11-05,2027-05-03,154605.53,East,Critical
POL05337,PRG004,TRT009,2025-05-11,2026-04-12,450039.11,West,Critical
POL05338,PRG001,TRT001,2025-06-14,2026-03-09,258088.47,West,Critical
POL05339,PRG021,TRT046,2026-03-01,2027-12-22,100385.0,North,Medium
POL05340,PRG017,TRT010,2026-12-26,2028-03-03,370351.59,East,Medium
POL05341,PRG003,TRT084,2026-10-26,2028-06-27,298294.85,South,Low
POL05342,PRG023,TRT041,2026-12-28,2028-07-19,190630.66,West,High
POL05343,PRG005,TRT009,2025-06-18,2026-05-09,236309.77,East,Low
POL05344,PRG014,TRT066,2026-07-31,2027-08-11,28651.78,West,Medium
POL05345,PRG019,TRT022,2025-02-04,2025-09-23,138738.38,West,High
POL05346,PRG003,TRT096,2025-03-26,2026-01-01,177651.17,East,Medium
POL05347,PRG023,TRT092,2026-02-16,2027-06-08,253100.55,North,Low
POL05348,PRG020,TRT037,2026-07-24,2027-02-12,470582.81,North,High
POL05349,PRG018,TRT027,2025-01-08,2026-07-16,206269.43,West,Critical
POL05350,PRG023,TRT062,2026-08-07,2028-02-21,286131.18,West,Critical
POL05351,PRG022,TRT074,2026-10-22,2027-11-15,400433.19,South,High
POL05352,PRG019,TRT026,2025-07-15,2026-12-21,491652.06,South,High
POL05353,PRG007,TRT063,2025-11-13,2027-04-15,77217.76,North,Medium
POL05354,PRG022,TRT079,2025-10-31,2027-08-21,460912.29,West,Critical
POL05355,PRG010,TRT075,2025-01-21,2025-12-14,119737.01,South,Low
POL05356,PRG019,TRT021,2025-08-11,2026-05-31,33098.02,West,High
POL05357,PRG023,TRT005,2026-12-09,2028-10-30,333695.23,South,Medium
POL05358,PRG013,TRT058,2025-03-25,2026-02-21,311230.01,North,Critical
POL05359,PRG019,TRT089,2025-02-25,2025-09-30,232316.32,North,High
POL05360,PRG005,TRT060,2025-06-07,2026-08-26,487323.41,South,High
POL05361,PRG025,TRT043,2026-11-10,2028-09-09,312720.2,West,Medium
POL05362,PRG012,TRT013,2026-09-19,2027-12-12,105479.09,North,High
POL05363,PRG010,TRT084,2026-04-27,2028-01-20,191871.28,West,High
POL05364,PRG002,TRT094,2025-04-22,2026-03-24,280827.88,West,High
POL05365,PRG025,TRT036,2026-05-07,2027-04-17,114324.11,South,Critical
POL05366,PRG002,TRT002,2025-07-02,2026-12-23,163219.71,South,Low
POL05367,PRG009,TRT030,2026-08-11,2027-04-03,410248.43,South,Medium
POL05368,PRG001,TRT037,2025-08-20,2027-07-19,16422.72,East,High
POL05369,PRG011,TRT053,2025-01-24,2027-01-09,356611.22,North,High
POL05370,PRG014,TRT068,2025-04-07,2026-11-14,409481.63,North,Critical
POL05371,PRG007,TRT098,2025-07-19,2026-07-17,75529.3,East,Low
POL05372,PRG023,TRT001,2026-03-23,2027-10-10,151794.16,South,Low
POL05373,PRG015,TRT010,2025-01-06,2025-11-15,196170.84,West,High
POL05374,PRG024,TRT064,2026-12-23,2028-04-15,312497.16,East,Critical
POL05375,PRG013,TRT086,2025-05-06,2027-04-05,85699.54,West,Critical
POL05376,PRG023,TRT097,2025-01-12,2026-04-28,374384.37,West,Medium
POL05377,PRG008,TRT094,2026-01-09,2027-04-12,371897.05,North,Low
POL05378,PRG015,TRT030,2026-10-06,2027-04-21,435813.23,West,Medium
POL05379,PRG021,TRT082,2026-07-19,2027-11-18,49282.78,West,Medium
POL05380,PRG004,TRT089,2025-02-11,2027-01-23,378939.53,North,Medium
POL05381,PRG012,TRT022,2026-11-06,2028-01-08,310707.38,West,Low
POL05382,PRG017,TRT008,2025-06-22,2027-05-31,387224.28,East,Medium
POL05383,PRG023,TRT021,2025-04-19,2026-05-15,439660.93,North,Low
POL05384,PRG008,TRT022,2026-08-09,2027-12-15,299690.76,South,High
POL05385,PRG018,TRT033,2025-02-26,2026-05-28,228127.34,North,Critical
POL05386,PRG011,TRT024,2026-03-26,2026-10-17,402470.1,West,Critical
POL05387,PRG021,TRT009,2025-02-16,2026-11-06,136469.71,East,Medium
POL05388,PRG007,TRT075,2026-03-12,2027-05-16,255335.01,South,Medium
POL05389,PRG005,TRT078,2025-11-04,2026-08-04,403284.73,West,Critical
POL05390,PRG003,TRT077,2026-08-22,2027-08-28,19788.05,South,Low
POL05391,PRG007,TRT032,2026-02-10,2028-02-07,302603.81,East,Critical
POL05392,PRG011,TRT087,2026-12-09,2028-09-16,403905.56,South,Medium
POL05393,PRG024,TRT022,2025-09-29,2026-04-18,177870.59,South,Medium
POL05394,PRG012,TRT076,2026-07-30,2027-10-18,324992.16,North,Medium
POL05395,PRG012,TRT067,2025-02-07,2025-09-28,103324.88,East,Medium
POL05396,PRG007,TRT028,2026-07-31,2028-01-12,333195.99,South,High
POL05397,PRG018,TRT064,2025-12-11,2026-09-03,451725.38,West,High
POL05398,PRG001,TRT022,2026-07-10,2027-07-06,382507.73,West,High
POL05399,PRG021,TRT048,2026-03-07,2027-01-20,379811.82,North,High
POL05400,PRG003,TRT049,2025-09-13,2027-08-19,32977.86,South,Critical
POL05401,PRG016,TRT039,2026-12-18,2028-06-22,137873.48,East,Medium
POL05402,PRG010,TRT082,2025-01-23,2026-02-22,418381.84,East,Low
POL05403,PRG011,TRT042,2026-07-08,2028-03-23,243747.46,North,Low
POL05404,PRG021,TRT089,2025-05-30,2025-11-29,215533.31,South,Low
POL05405,PRG012,TRT020,2026-08-28,2028-03-12,401187.48,North,Low
POL05406,PRG013,TRT081,2026-06-26,2027-07-26,369442.58,East,Medium
POL05407,PRG023,TRT044,2026-07-01,2027-12-05,468164.66,West,Low
POL05408,PRG019,TRT061,2025-12-02,2026-09-11,389844.94,East,Medium
POL05409,PRG016,TRT037,2025-11-10,2026-10-12,140306.33,East,High
POL05410,PRG016,TRT034,2026-12-18,2028-09-19,165263.17,West,High
POL05411,PRG011,TRT067,2026-02-27,2027-10-14,309157.24,West,Critical
POL05412,PRG008,TRT019,2025-06-01,2026-04-23,231737.99,East,High
POL05413,PRG009,TRT046,2025-07-28,2027-07-19,13430.47,East,High
POL05414,PRG016,TRT062,2025-12-24,2026-07-29,480490.16,West,Medium
POL05415,PRG008,TRT040,2026-09-30,2027-05-24,44723.19,West,Low
POL05416,PRG007,TRT066,2025-05-23,2027-04-25,236618.76,West,Critical
POL05417,PRG003,TRT006,2025-02-26,2025-09-22,471160.94,East,Low
POL05418,PRG020,TRT052,2026-04-02,2028-01-10,291190.47,West,High
POL05419,PRG016,TRT037,2026-05-29,2028-05-12,90970.2,South,Low
POL05420,PRG005,TRT008,2026-02-03,2026-12-31,496943.98,West,Medium
POL05421,PRG012,TRT004,2025-05-30,2026-10-28,488729.18,South,High
POL05422,PRG020,TRT053,2026-08-09,2028-04-27,258174.79,West,Medium
POL05423,PRG004,TRT071,2025-04-14,2027-01-07,5548.86,East,High
POL05424,PRG004,TRT010,2026-08-13,2028-04-02,469063.8,North,Medium
POL05425,PRG020,TRT068,2025-02-01,2026-02-01,73457.05,East,Critical
POL05426,PRG023,TRT071,2026-07-06,2027-07-27,457596.73,North,Critical
POL05427,PRG020,TRT062,2025-10-01,2026-08-07,362640.39,West,High
POL05428,PRG019,TRT062,2026-04-26,2027-03-16,497016.3,West,Medium
POL05429,PRG006,TRT096,2025-07-03,2027-06-04,74191.47,West,Critical
POL05430,PRG020,TRT070,2025-08-17,2027-02-10,437904.22,East,Critical
POL05431,PRG025,TRT025,2026-03-28,2027-06-28,221669.34,South,Medium
POL05432,PRG001,TRT053,2025-02-21,2027-02-11,323217.76,North,Low
POL05433,PRG001,TRT097,2025-02-26,2026-06-14,75505.3,East,High
POL05434,PRG023,TRT018,2026-06-14,2027-06-28,347694.25,East,Critical
POL05435,PRG002,TRT027,2026-06-24,2027-04-23,156668.49,West,Low
POL05436,PRG022,TRT028,2025-05-03,2027-02-10,112591.68,South,Critical
POL05437,PRG015,TRT079,2026-01-28,2026-08-13,488369.62,West,Medium
POL05438,PRG010,TRT016,2025-05-06,2025-12-15,484538.26,East,Critical
POL05439,PRG019,TRT042,2025-01-29,2026-10-11,100227.7,South,Medium
POL05440,PRG012,TRT054,2026-07-06,2028-05-27,59800.07,South,High
POL05441,PRG002,TRT021,2025-06-23,2026-12-01,9995.81,West,High
POL05442,PRG022,TRT040,2026-05-12,2027-01-18,405446.64,South,High
POL05443,PRG001,TRT010,2026-09-25,2028-06-02,255980.39,North,Medium
POL05444,PRG012,TRT023,2026-06-26,2026-12-24,92623.97,North,High
POL05445,PRG014,TRT073,2026-05-11,2028-01-09,147902.09,East,High
POL05446,PRG005,TRT001,2025-10-02,2026-04-05,225573.2,North,Low
POL05447,PRG014,TRT090,2025-12-02,2027-01-30,489919.69,West,Medium
POL05448,PRG012,TRT036,2025-09-03,2026-12-12,445155.11,East,Medium
POL05449,PRG002,TRT046,2025-09-10,2027-06-28,438134.65,South,Low
POL05450,PRG011,TRT011,2026-08-29,2027-05-18,132076.16,West,Low
POL05451,PRG014,TRT071,2026-10-24,2028-02-29,284260.55,North,Medium
POL05452,PRG005,TRT020,2026-07-07,2027-06-14,244923.17,South,Critical
POL05453,PRG019,TRT042,2025-12-14,2027-11-26,77915.26,South,Critical
POL05454,PRG005,TRT001,2025-11-23,2027-06-15,175569.65,North,Low
POL05455,PRG021,TRT035,2025-03-01,2027-01-23,107284.43,East,Critical
POL05456,PRG004,TRT074,2025-03-25,2027-03-16,441531.09,West,Low
POL05457,PRG017,TRT090,2026-02-16,2027-02-23,191686.34,East,High
POL05458,PRG024,TRT083,2026-12-25,2028-06-06,454644.2,East,Low
POL05459,PRG014,TRT092,2026-08-26,2028-02-20,14616.59,South,Critical
POL05460,PRG024,TRT011,2026-11-30,2027-06-12,396072.26,North,High
POL05461,PRG007,TRT099,2026-07-12,2028-02-07,111508.73,West,Critical
POL05462,PRG004,TRT089,2026-06-09,2027-07-23,106696.64,East,Low
POL05463,PRG012,TRT008,2025-04-23,2025-12-17,394390.07,East,High
POL05464,PRG006,TRT058,2025-04-11,2027-02-09,384504.79,North,High
POL05465,PRG012,TRT057,2026-11-19,2027-07-19,86091.75,East,Critical
POL05466,PRG023,TRT015,2026-12-08,2028-03-12,252096.42,South,Critical
POL05467,PRG016,TRT034,2025-12-11,2026-12-28,383125.65,North,Critical
POL05468,PRG008,TRT043,2025-03-21,2026-03-13,356168.02,West,Low
POL05469,PRG019,TRT027,2025-08-14,2027-02-16,269849.49,South,High
POL05470,PRG016,TRT055,2026-01-12,2026-11-04,255283.02,South,High
POL05471,PRG006,TRT007,2026-07-11,2027-04-22,268594.24,East,Critical
POL05472,PRG002,TRT055,2025-12-28,2026-11-10,450338.13,East,Medium
POL05473,PRG012,TRT048,2025-02-16,2026-01-28,87725.1,East,Medium
POL05474,PRG015,TRT002,2025-08-06,2026-12-29,418082.95,West,Medium
POL05475,PRG002,TRT019,2025-05-21,2026-04-13,336890.91,West,High
POL05476,PRG007,TRT014,2025-10-11,2026-06-07,67198.02,West,Low
POL05477,PRG020,TRT090,2025-05-29,2027-04-30,66495.46,East,Medium
POL05478,PRG010,TRT090,2025-05-26,2026-05-23,200408.48,West,High
POL05479,PRG025,TRT072,2025-07-02,2026-05-28,192614.0,North,Medium
POL05480,PRG007,TRT068,2025-01-02,2026-02-09,276864.57,North,Medium
POL05481,PRG017,TRT052,2025-09-08,2026-10-30,289218.26,North,High
POL05482,PRG019,TRT099,2025-11-23,2026-09-19,487598.34,East,Low
POL05483,PRG019,TRT082,2025-09-01,2026-03-26,403699.98,West,Medium
POL05484,PRG011,TRT024,2026-11-28,2027-06-25,339947.49,South,High
POL05485,PRG009,TRT032,2026-06-02,2028-04-15,346887.25,West,High
POL05486,PRG003,TRT079,2026-07-28,2027-09-26,89749.44,East,Low
POL05487,PRG007,TRT025,2025-01-25,2026-08-13,494716.97,North,High
POL05488,PRG010,TRT060,2026-10-07,2027-12-26,407906.21,West,Low
POL05489,PRG021,TRT017,2026-02-03,2026-08-26,178299.12,South,Low
POL05490,PRG024,TRT060,2026-08-13,2028-05-01,122274.58,West,Medium
POL05491,PRG012,TRT001,2026-05-26,2027-06-16,338173.33,South,Medium
POL05492,PRG003,TRT052,2025-08-08,2026-05-18,331569.63,East,Medium
POL05493,PRG006,TRT026,2026-02-23,2027-02-23,375537.57,North,Low
POL05494,PRG005,TRT010,2026-12-13,2027-12-10,320566.51,North,Critical
POL05495,PRG014,TRT014,2025-12-13,2027-05-18,41208.18,South,High
POL05496,PRG012,TRT019,2025-07-28,2026-06-14,251465.99,South,High
POL05497,PRG007,TRT068,2025-07-07,2026-12-11,157110.55,South,High
POL05498,PRG014,TRT060,2026-10-13,2028-02-26,474139.23,North,Medium
POL05499,PRG004,TRT024,2026-06-29,2028-02-05,259358.59,South,High
POL05500,PRG020,TRT054,2025-09-29,2027-03-25,310259.22,South,Critical
POL05501,PRG009,TRT075,2025-02-01,2026-10-23,85231.19,South,Medium
POL05502,PRG022,TRT009,2026-05-06,2027-01-04,441921.03,West,Medium
POL05503,PRG009,TRT084,2026-07-31,2027-04-13,439421.68,North,High
POL05504,PRG022,TRT045,2026-01-14,2027-09-29,352993.51,East,Medium
POL05505,PRG024,TRT012,2025-12-16,2027-10-20,63287.92,West,Critical
POL05506,PRG019,TRT013,2025-09-11,2027-05-06,71899.13,East,Critical
POL05507,PRG016,TRT042,2025-07-22,2027-04-11,83785.65,North,Critical
POL05508,PRG007,TRT051,2026-11-02,2027-08-13,46373.36,North,Low
POL05509,PRG011,TRT044,2026-06-14,2028-05-18,137893.67,North,High
POL05510,PRG015,TRT089,2026-04-22,2027-10-15,357312.82,North,Critical
POL05511,PRG004,TRT058,2026-01-30,2027-11-04,419399.94,North,Critical
POL05512,PRG003,TRT001,2026-08-31,2027-09-23,195589.42,North,Medium
POL05513,PRG020,TRT073,2025-09-30,2026-05-11,20238.3,North,High
POL05514,PRG016,TRT082,2025-08-24,2027-04-28,305857.53,East,Low
POL05515,PRG008,TRT067,2025-12-17,2027-04-07,308293.33,East,High
POL05516,PRG014,TRT012,2025-03-18,2026-01-27,298380.12,North,Low
POL05517,PRG009,TRT025,2025-02-28,2026-11-03,489471.43,West,Medium
POL05518,PRG016,TRT052,2025-03-02,2026-10-29,248319.89,South,High
POL05519,PRG024,TRT037,2026-07-11,2027-08-08,23306.87,East,High
POL05520,PRG005,TRT063,2025-02-06,2026-03-22,225130.72,North,Medium
POL05521,PRG025,TRT019,2025-08-22,2026-03-19,139510.27,North,Low
POL05522,PRG015,TRT043,2026-12-17,2027-07-25,181139.79,North,Critical
POL05523,PRG018,TRT038,2025-05-22,2026-06-24,272461.21,South,Low
POL05524,PRG021,TRT008,2025-06-25,2026-10-29,54568.06,North,High
POL05525,PRG010,TRT006,2026-02-19,2026-12-25,406004.09,North,Critical
POL05526,PRG022,TRT068,2026-09-14,2028-09-01,310365.93,West,Critical
POL05527,PRG009,TRT028,2026-09-10,2028-03-13,225731.17,East,Medium
POL05528,PRG013,TRT071,2025-07-25,2027-04-09,123228.42,South,Critical
POL05529,PRG011,TRT085,2026-11-27,2028-06-16,408423.42,South,Critical
POL05530,PRG011,TRT025,2025-03-28,2026-07-23,124586.51,South,Low
POL05531,PRG004,TRT041,2025-01-03,2026-09-26,239527.65,East,Low
POL05532,PRG023,TRT074,2026-06-21,2027-03-09,262859.16,East,Medium
POL05533,PRG012,TRT039,2025-05-13,2026-12-21,310363.27,North,Medium
POL05534,PRG002,TRT016,2025-05-28,2026-08-09,435801.34,South,Critical
POL05535,PRG019,TRT086,2025-10-01,2026-07-14,382311.88,South,Medium
POL05536,PRG022,TRT051,2025-05-22,2026-04-30,426752.46,East,Low
POL05537,PRG005,TRT071,2025-06-11,2026-02-06,434004.77,East,Low
POL05538,PRG010,TRT030,2025-08-31,2027-06-06,223283.57,East,Low
POL05539,PRG007,TRT098,2025-05-07,2026-04-06,324717.06,West,Low
POL05540,PRG018,TRT001,2025-10-16,2026-10-19,482281.94,West,Medium
POL05541,PRG005,TRT004,2026-03-01,2027-01-20,282305.98,North,Medium
POL05542,PRG005,TRT076,2026-09-12,2027-12-21,113644.67,North,Medium
POL05543,PRG015,TRT049,2025-07-30,2026-09-25,289621.39,North,Critical
POL05544,PRG008,TRT051,2026-10-10,2028-08-14,112459.05,North,Medium
POL05545,PRG020,TRT019,2025-07-20,2026-12-03,216808.72,East,Low
POL05546,PRG023,TRT017,2025-04-16,2026-02-11,201387.11,North,Critical
POL05547,PRG003,TRT060,2026-01-15,2026-10-31,61545.12,West,Medium
POL05548,PRG011,TRT020,2025-11-06,2027-05-10,428562.16,North,High
POL05549,PRG011,TRT098,2026-06-21,2027-07-27,207769.96,South,Low
POL05550,PRG018,TRT075,2026-10-20,2027-11-26,219879.96,South,Low
POL05551,PRG024,TRT082,2026-02-07,2027-03-02,256345.56,South,Medium
POL05552,PRG009,TRT037,2025-03-04,2026-03-15,154448.71,North,Critical
POL05553,PRG019,TRT030,2025-06-12,2025-12-15,399291.85,North,Medium
POL05554,PRG003,TRT001,2025-06-12,2026-09-24,473928.8,West,Low
POL05555,PRG002,TRT082,2025-11-20,2027-07-30,331554.59,South,Medium
POL05556,PRG020,TRT070,2026-03-08,2027-12-09,230340.49,West,Medium
POL05557,PRG018,TRT002,2026-04-13,2027-09-24,222568.62,North,Critical
POL05558,PRG004,TRT037,2026-06-06,2028-05-14,115760.8,North,Critical
POL05559,PRG020,TRT027,2025-06-21,2026-06-08,322355.99,North,High
POL05560,PRG005,TRT006,2025-09-01,2026-08-11,463019.93,East,High
POL05561,PRG020,TRT085,2025-12-16,2026-08-19,470591.55,West,Critical
POL05562,PRG010,TRT002,2025-11-07,2026-11-25,132227.19,North,Low
POL05563,PRG022,TRT097,2025-07-20,2027-04-27,284406.13,East,Low
POL05564,PRG010,TRT014,2026-11-14,2028-01-10,252508.18,North,Low
POL05565,PRG004,TRT009,2026-02-02,2027-10-19,86254.43,South,Low
POL05566,PRG014,TRT043,2025-07-07,2026-12-30,36127.22,East,Low
POL05567,PRG007,TRT053,2026-06-11,2027-03-03,311874.01,East,Critical
POL05568,PRG002,TRT048,2026-04-20,2028-02-24,338072.0,East,Medium
POL05569,PRG015,TRT009,2026-02-22,2027-10-19,32051.01,North,High
POL05570,PRG011,TRT088,2025-04-27,2026-12-07,487737.06,South,Low
POL05571,PRG014,TRT054,2026-03-17,2028-01-20,305467.24,North,Low
POL05572,PRG019,TRT008,2025-08-24,2026-04-22,44092.35,West,Critical
POL05573,PRG022,TRT075,2026-04-07,2027-12-03,433369.17,South,Critical
POL05574,PRG024,TRT068,2026-01-01,2027-01-09,275101.32,North,Medium
POL05575,PRG025,TRT064,2026-03-25,2027-08-02,84390.33,South,Low
POL05576,PRG002,TRT016,2026-08-13,2027-06-26,128373.85,North,High
POL05577,PRG006,TRT024,2026-11-18,2028-07-10,433831.33,East,Low
POL05578,PRG002,TRT065,2025-06-09,2026-08-29,244892.3,South,Critical
POL05579,PRG015,TRT078,2026-05-21,2026-11-25,60876.95,East,High
POL05580,PRG020,TRT026,2025-07-06,2027-04-29,264608.79,West,High
POL05581,PRG019,TRT082,2025-01-15,2026-10-28,419762.4,East,Low
POL05582,PRG024,TRT054,2025-04-30,2026-03-30,181036.3,East,Low
POL05583,PRG013,TRT041,2026-02-14,2027-10-04,383895.04,East,Medium
POL05584,PRG018,TRT058,2025-08-21,2027-04-12,44337.23,West,Critical
POL05585,PRG005,TRT035,2025-10-19,2027-01-20,252483.8,South,Medium
POL05586,PRG008,TRT021,2025-08-29,2027-05-18,32063.26,South,Low
POL05587,PRG020,TRT099,2025-12-13,2027-07-19,315549.3,East,Critical
POL05588,PRG004,TRT096,2026-12-23,2027-08-09,449347.01,North,High
POL05589,PRG010,TRT033,2026-10-14,2027-10-11,211206.97,North,Low
POL05590,PRG001,TRT061,2025-02-08,2026-08-23,298131.06,North,Critical
POL05591,PRG012,TRT043,2025-08-29,2026-06-14,414172.16,North,High
POL05592,PRG014,TRT032,2025-03-05,2026-07-22,365026.96,West,High
POL05593,PRG012,TRT061,2026-02-06,2027-09-20,405602.59,East,Medium
POL05594,PRG021,TRT003,2025-01-09,2025-10-01,173928.4,North,Medium
POL05595,PRG002,TRT068,2025-03-22,2025-11-08,375880.18,North,High
POL05596,PRG022,TRT091,2026-04-15,2027-10-20,467625.92,West,Low
POL05597,PRG013,TRT010,2025-07-02,2026-03-17,365460.74,East,Low
POL05598,PRG012,TRT079,2025-01-19,2026-07-08,443878.72,East,High
POL05599,PRG009,TRT033,2026-01-26,2027-03-25,314479.21,South,Critical
POL05600,PRG023,TRT028,2026-10-23,2027-08-11,455174.15,North,Medium
POL05601,PRG007,TRT026,2025-10-09,2026-08-24,72699.9,West,Critical
POL05602,PRG024,TRT023,2026-02-02,2027-06-14,454992.87,East,High
POL05603,PRG010,TRT022,2026-07-15,2027-04-28,186151.86,West,Low
POL05604,PRG006,TRT067,2026-02-15,2027-12-17,38739.1,North,Medium
POL05605,PRG013,TRT100,2026-11-15,2027-07-07,104186.58,East,High
POL05606,PRG022,TRT033,2025-02-18,2025-08-26,14527.19,North,High
POL05607,PRG004,TRT085,2025-09-22,2026-06-04,248737.99,East,Critical
POL05608,PRG012,TRT031,2025-12-24,2027-06-21,27888.97,North,Critical
POL05609,PRG016,TRT051,2025-09-21,2027-06-15,310280.42,South,Critical
POL05610,PRG011,TRT094,2026-05-07,2027-05-25,343350.65,West,Medium
POL05611,PRG019,TRT076,2025-02-18,2026-12-01,154852.94,East,High
POL05612,PRG025,TRT089,2025-12-22,2027-12-21,338463.98,South,Low
POL05613,PRG021,TRT077,2025-05-23,2026-02-05,250165.56,East,High
POL05614,PRG010,TRT088,2025-07-16,2027-01-03,239270.26,North,Critical
POL05615,PRG017,TRT027,2026-02-15,2027-02-06,338863.48,West,High
POL05616,PRG014,TRT059,2025-05-31,2026-02-12,246951.06,North,Medium
POL05617,PRG002,TRT039,2026-08-07,2028-02-27,186346.62,East,High
POL05618,PRG001,TRT053,2025-10-27,2027-07-30,121852.46,North,Low
POL05619,PRG015,TRT096,2026-07-05,2028-05-06,492766.54,East,High
POL05620,PRG003,TRT090,2025-10-22,2026-10-02,331485.89,North,Medium
POL05621,PRG025,TRT042,2025-04-04,2026-06-14,300969.64,North,High
POL05622,PRG021,TRT013,2026-05-05,2027-05-10,250513.49,North,Low
POL05623,PRG015,TRT001,2025-06-11,2026-07-07,192192.09,West,Medium
POL05624,PRG002,TRT086,2026-10-10,2028-03-10,467010.1,East,Medium
POL05625,PRG007,TRT073,2026-11-22,2027-09-20,448196.15,South,High
POL05626,PRG006,TRT058,2025-01-27,2026-05-23,480783.63,West,Low
POL05627,PRG001,TRT055,2026-02-12,2028-01-14,341524.21,North,High
POL05628,PRG021,TRT065,2025-10-27,2027-08-26,204017.94,East,Medium
POL05629,PRG017,TRT098,2025-05-30,2026-11-27,191972.77,South,Low
POL05630,PRG018,TRT085,2026-12-23,2028-01-17,419294.58,East,High
POL05631,PRG023,TRT090,2026-05-26,2027-10-15,128778.78,South,High
POL05632,PRG010,TRT031,2025-01-02,2026-03-27,477556.7,East,Low
POL05633,PRG024,TRT084,2026-09-18,2028-04-18,450589.94,West,High
POL05634,PRG014,TRT092,2026-12-18,2028-11-15,179927.3,North,Low
POL05635,PRG002,TRT060,2025-09-16,2026-10-22,289358.64,East,High
POL05636,PRG018,TRT056,2026-03-09,2028-02-09,60319.85,North,Medium
POL05637,PRG007,TRT022,2026-09-01,2027-07-16,497253.63,South,Medium
POL05638,PRG022,TRT029,2026-05-12,2028-03-29,177346.3,East,Critical
POL05639,PRG021,TRT075,2025-03-13,2025-11-10,62757.47,West,Critical
POL05640,PRG025,TRT063,2026-08-31,2028-02-24,270666.72,North,High
POL05641,PRG020,TRT056,2026-01-05,2026-07-04,261721.81,North,High
POL05642,PRG013,TRT010,2026-11-28,2027-07-02,80520.01,North,Medium
POL05643,PRG023,TRT100,2026-10-16,2028-01-30,207541.75,North,Medium
POL05644,PRG016,TRT010,2025-03-23,2026-05-16,290807.43,South,Medium
POL05645,PRG020,TRT018,2025-10-22,2027-06-23,256051.74,West,High
POL05646,PRG016,TRT047,2025-03-16,2025-12-09,483258.32,West,High
POL05647,PRG006,TRT035,2025-08-23,2026-09-24,65123.28,East,Medium
POL05648,PRG013,TRT099,2025-02-26,2025-10-23,173646.14,West,Medium
POL05649,PRG024,TRT011,2025-02-24,2027-01-23,156472.16,East,Medium
POL05650,PRG024,TRT010,2026-12-09,2028-08-17,184716.86,East,Medium
POL05651,PRG006,TRT043,2026-02-17,2027-01-31,43111.84,North,Medium
POL05652,PRG019,TRT074,2025-11-30,2026-08-17,49729.59,North,Medium
POL05653,PRG020,TRT081,2026-11-24,2027-07-20,429570.37,North,Medium
POL05654,PRG020,TRT099,2025-01-29,2026-09-29,258127.26,South,Low
POL05655,PRG024,TRT038,2026-10-13,2028-08-06,151742.37,East,Critical
POL05656,PRG005,TRT035,2025-02-16,2026-06-26,112959.59,West,Low
POL05657,PRG021,TRT095,2025-09-24,2026-12-11,331665.67,East,Medium
POL05658,PRG004,TRT081,2025-09-20,2027-04-11,172129.28,North,High
POL05659,PRG007,TRT043,2025-12-11,2026-09-20,239186.83,East,Critical
POL05660,PRG007,TRT028,2025-10-07,2026-06-21,111554.03,East,High
POL05661,PRG004,TRT035,2026-05-11,2027-01-18,197489.01,South,Critical
POL05662,PRG017,TRT070,2026-05-17,2027-03-06,433983.68,West,High
POL05663,PRG002,TRT033,2026-09-13,2027-10-05,370406.76,West,Critical
POL05664,PRG020,TRT051,2025-07-16,2026-05-30,77097.17,South,Low
POL05665,PRG012,TRT030,2025-12-19,2026-12-23,114541.45,North,Medium
POL05666,PRG024,TRT032,2026-11-09,2027-11-28,285812.12,East,High
POL05667,PRG024,TRT018,2026-11-02,2027-09-22,469566.77,North,High
POL05668,PRG003,TRT089,2026-02-11,2027-10-28,387210.88,East,Critical
POL05669,PRG016,TRT036,2026-06-19,2027-07-21,37468.15,West,Medium
POL05670,PRG015,TRT078,2026-05-12,2028-04-15,147940.39,West,Low
POL05671,PRG007,TRT054,2026-03-25,2027-12-31,134980.91,West,Medium
POL05672,PRG014,TRT049,2026-12-12,2028-07-28,312609.52,West,Low
POL05673,PRG017,TRT061,2026-10-19,2028-07-25,328090.66,South,Low
POL05674,PRG009,TRT038,2025-11-22,2026-11-19,483700.9,North,Critical
POL05675,PRG005,TRT044,2026-03-20,2027-09-17,400070.2,East,Low
POL05676,PRG005,TRT041,2026-03-27,2027-05-16,488180.23,South,High
POL05677,PRG010,TRT057,2026-11-18,2028-10-15,312932.57,East,High
POL05678,PRG015,TRT092,2025-01-01,2025-10-15,268027.8,East,Critical
POL05679,PRG014,TRT039,2025-05-29,2026-04-15,390294.26,South,High
POL05680,PRG013,TRT010,2025-08-27,2026-10-09,452631.53,South,Medium
POL05681,PRG005,TRT014,2025-02-25,2026-07-14,127743.24,East,Low
POL05682,PRG007,TRT009,2025-11-19,2026-09-22,16827.07,South,Critical
POL05683,PRG016,TRT096,2026-02-01,2027-01-09,130155.61,South,Critical
POL05684,PRG001,TRT093,2025-08-15,2026-07-12,28961.81,North,Medium
POL05685,PRG024,TRT006,2026-08-06,2027-05-31,309388.93,West,High
POL05686,PRG001,TRT086,2025-07-08,2026-01-28,324175.68,North,High
POL05687,PRG022,TRT089,2026-07-06,2027-08-08,101224.72,North,Medium
POL05688,PRG015,TRT014,2026-10-17,2028-08-27,77950.39,South,Medium
POL05689,PRG016,TRT049,2026-10-21,2027-11-29,310420.16,North,High
POL05690,PRG022,TRT028,2025-12-13,2027-03-14,188067.72,South,Medium
POL05691,PRG009,TRT061,2026-05-28,2028-04-03,382545.64,East,High
POL05692,PRG010,TRT051,2025-07-11,2027-01-31,361090.42,South,Low
POL05693,PRG004,TRT067,2025-08-27,2026-05-14,54895.77,South,Critical
POL05694,PRG004,TRT022,2025-12-19,2027-05-20,226330.25,South,Medium
POL05695,PRG002,TRT016,2026-11-17,2028-03-28,61701.62,South,Medium
POL05696,PRG023,TRT050,2025-09-30,2026-11-24,348113.03,West,High
POL05697,PRG022,TRT080,2025-10-29,2026-07-15,114738.57,North,Medium
POL05698,PRG003,TRT085,2025-10-23,2027-07-05,38671.42,South,Medium
POL05699,PRG011,TRT057,2026-12-07,2027-07-02,246551.22,West,Low
POL05700,PRG020,TRT047,2026-01-18,2027-05-08,248657.82,West,High
POL05701,PRG004,TRT075,2025-10-10,2027-05-12,162230.0,West,High
POL05702,PRG014,TRT087,2025-09-19,2027-02-13,271859.66,North,High
POL05703,PRG019,TRT007,2025-01-06,2026-04-08,201463.19,West,High
POL05704,PRG003,TRT027,2026-01-22,2026-10-20,129349.16,East,Medium
POL05705,PRG011,TRT006,2026-01-22,2027-06-12,250616.39,North,Critical
POL05706,PRG024,TRT020,2025-06-03,2026-05-06,489573.16,West,Medium
POL05707,PRG004,TRT012,2025-03-08,2026-12-15,180773.95,North,Medium
POL05708,PRG025,TRT038,2025-10-02,2026-07-24,9093.9,South,Low
POL05709,PRG016,TRT093,2025-06-17,2026-01-17,138299.67,East,Medium
POL05710,PRG004,TRT014,2026-02-16,2027-08-19,249701.2,East,High
POL05711,PRG019,TRT055,2026-02-01,2027-01-28,70574.67,East,Medium
POL05712,PRG019,TRT013,2026-05-17,2028-01-13,324284.58,East,Critical
POL05713,PRG014,TRT076,2025-08-31,2026-08-07,338464.05,West,Critical
POL05714,PRG014,TRT018,2026-10-20,2027-09-01,138426.3,North,Critical
POL05715,PRG007,TRT091,2026-10-18,2027-06-26,382561.73,North,Critical
POL05716,PRG001,TRT074,2026-07-13,2027-01-13,362596.42,East,High
POL05717,PRG003,TRT086,2026-06-19,2027-03-05,46154.17,South,Critical
POL05718,PRG014,TRT082,2025-04-05,2026-06-19,368989.18,East,Low
POL05719,PRG001,TRT089,2026-11-07,2028-03-16,21294.2,East,High
POL05720,PRG018,TRT024,2025-06-19,2026-07-30,57822.16,East,Low
POL05721,PRG025,TRT093,2026-03-28,2027-08-21,488437.86,South,High
POL05722,PRG006,TRT087,2025-01-13,2026-02-13,427252.63,East,Critical
POL05723,PRG022,TRT048,2025-04-27,2026-01-04,311061.34,North,High
POL05724,PRG011,TRT060,2026-04-21,2028-03-20,412337.38,West,Critical
POL05725,PRG010,TRT013,2026-12-21,2028-09-17,357086.71,South,Low
POL05726,PRG024,TRT065,2026-04-21,2027-01-04,65824.71,North,Medium
POL05727,PRG025,TRT025,2026-10-31,2028-07-04,173031.7,South,High
POL05728,PRG002,TRT043,2025-10-20,2027-08-20,170735.1,South,High
POL05729,PRG016,TRT092,2025-02-28,2026-02-16,456945.05,North,Critical
POL05730,PRG003,TRT070,2025-11-26,2026-07-21,314084.35,South,Medium
POL05731,PRG002,TRT030,2026-08-12,2028-02-02,118293.36,North,Medium
POL05732,PRG009,TRT096,2025-05-08,2025-12-01,147368.86,South,Critical
POL05733,PRG011,TRT020,2026-05-02,2027-02-19,22880.11,East,Medium
POL05734,PRG014,TRT034,2025-07-05,2026-05-31,213797.07,South,Critical
POL05735,PRG025,TRT097,2026-02-22,2027-08-20,435411.75,East,High
POL05736,PRG016,TRT052,2025-04-16,2025-11-03,408621.74,West,Low
POL05737,PRG022,TRT083,2026-10-09,2027-08-08,286711.66,North,Medium
POL05738,PRG004,TRT084,2026-06-30,2028-02-01,482901.93,South,Medium
POL05739,PRG010,TRT057,2026-10-03,2028-02-06,93820.91,South,High
POL05740,PRG004,TRT100,2026-01-16,2027-02-08,287908.96,South,Medium
POL05741,PRG018,TRT056,2026-11-15,2028-07-18,203501.77,South,Low
POL05742,PRG013,TRT086,2025-09-19,2026-09-26,469291.76,West,Medium
POL05743,PRG015,TRT070,2026-01-16,2027-10-14,122391.28,East,Medium
POL05744,PRG010,TRT041,2025-09-23,2027-08-10,146052.04,West,High
POL05745,PRG024,TRT044,2026-04-13,2027-02-19,215993.59,South,High
POL05746,PRG024,TRT002,2025-11-12,2027-07-24,253803.09,South,Medium
POL05747,PRG015,TRT048,2026-09-06,2028-01-07,463878.1,South,Medium
POL05748,PRG024,TRT021,2026-12-22,2028-06-09,92261.53,West,Critical
POL05749,PRG021,TRT024,2026-12-20,2028-06-14,334399.64,East,High
POL05750,PRG015,TRT082,2025-12-17,2027-02-09,398442.29,North,High
POL05751,PRG007,TRT015,2026-01-08,2027-11-28,301549.64,East,Low
POL05752,PRG011,TRT067,2026-08-09,2028-01-30,71793.59,West,Critical
POL05753,PRG022,TRT086,2026-07-03,2028-03-12,382475.43,North,High
POL05754,PRG008,TRT096,2025-04-18,2026-06-25,10454.46,West,Medium
POL05755,PRG022,TRT052,2026-12-30,2028-11-11,476837.93,North,Critical
POL05756,PRG018,TRT062,2025-12-11,2027-10-10,380092.91,South,Critical
POL05757,PRG015,TRT006,2026-05-23,2028-03-02,420545.95,East,High
POL05758,PRG014,TRT082,2026-05-20,2027-04-05,451058.68,South,Critical
POL05759,PRG002,TRT001,2026-04-06,2028-03-11,237350.81,South,Low
POL05760,PRG013,TRT021,2026-07-27,2027-12-06,464459.97,East,Low
POL05761,PRG016,TRT054,2026-10-03,2027-08-23,218075.37,West,Medium
POL05762,PRG007,TRT016,2025-07-01,2026-09-02,221752.91,West,Low
POL05763,PRG001,TRT009,2025-08-19,2027-08-10,9101.81,North,High
POL05764,PRG006,TRT082,2026-12-13,2027-10-31,223684.82,East,High
POL05765,PRG008,TRT023,2025-04-30,2026-05-17,398888.21,North,Critical
POL05766,PRG020,TRT033,2026-02-07,2027-05-02,49358.55,West,Medium
POL05767,PRG009,TRT060,2025-10-26,2027-04-18,17576.38,West,Medium
POL05768,PRG024,TRT007,2025-08-22,2026-03-30,102775.59,North,Low
POL05769,PRG011,TRT068,2026-03-21,2027-07-11,49943.83,East,High
POL05770,PRG013,TRT073,2026-12-30,2028-01-25,428113.59,South,Critical
POL05771,PRG009,TRT051,2025-08-20,2026-09-01,249451.06,North,Low
POL05772,PRG021,TRT042,2026-03-01,2028-01-20,368377.04,North,Critical
POL05773,PRG020,TRT092,2026-05-30,2027-10-18,280849.54,North,Critical
POL05774,PRG018,TRT088,2026-11-21,2028-09-29,143630.76,South,Critical
POL05775,PRG025,TRT040,2026-02-26,2027-11-04,304378.06,North,High
POL05776,PRG010,TRT063,2025-09-27,2026-11-17,136859.83,East,Low
POL05777,PRG021,TRT058,2026-09-04,2027-04-28,246489.76,South,Medium
POL05778,PRG019,TRT085,2025-04-19,2026-04-26,381759.13,East,Critical
POL05779,PRG007,TRT054,2026-03-19,2026-11-03,394358.35,North,Low
POL05780,PRG007,TRT015,2025-03-01,2025-09-05,21372.61,North,High
POL05781,PRG001,TRT041,2025-02-01,2026-02-18,328714.61,South,Medium
POL05782,PRG004,TRT051,2025-03-11,2026-09-02,69597.36,South,High
POL05783,PRG007,TRT050,2025-03-21,2026-12-11,465614.41,East,Low
POL05784,PRG012,TRT078,2026-06-05,2027-04-14,274422.42,West,Low
POL05785,PRG014,TRT028,2026-10-25,2027-05-08,39693.63,East,Critical
POL05786,PRG014,TRT078,2026-06-28,2027-12-09,73919.64,South,Low
POL05787,PRG016,TRT073,2026-03-23,2027-05-21,212810.71,East,Low
POL05788,PRG005,TRT020,2026-11-18,2028-09-14,324349.2,North,Medium
POL05789,PRG006,TRT082,2026-10-02,2028-01-10,173638.01,North,High
POL05790,PRG005,TRT040,2026-10-05,2028-04-12,428617.79,West,Critical
POL05791,PRG019,TRT055,2026-11-11,2028-10-14,385358.76,South,Medium
POL05792,PRG016,TRT070,2026-11-21,2028-03-11,147790.0,South,Medium
POL05793,PRG023,TRT009,2025-09-08,2026-04-16,363392.43,South,Medium
POL05794,PRG025,TRT062,2026-09-26,2028-08-18,145854.36,North,Critical
POL05795,PRG007,TRT069,2025-08-03,2026-07-17,374168.25,North,High
POL05796,PRG019,TRT039,2026-05-16,2026-12-10,143506.12,West,High
POL05797,PRG002,TRT060,2026-12-10,2027-10-28,149733.17,West,Low
POL05798,PRG019,TRT044,2025-10-28,2026-12-03,84477.45,East,Critical
POL05799,PRG007,TRT072,2025-12-07,2027-04-15,266006.98,South,Low
POL05800,PRG008,TRT020,2026-11-12,2027-05-12,423950.54,South,Low
POL05801,PRG013,TRT020,2026-01-16,2027-07-07,492063.69,East,Critical
POL05802,PRG008,TRT019,2026-08-18,2027-08-12,168263.95,West,Low
POL05803,PRG019,TRT054,2025-09-05,2026-08-05,122625.51,North,High
POL05804,PRG014,TRT059,2025-12-12,2027-10-30,427269.94,North,Critical
POL05805,PRG019,TRT065,2026-11-11,2027-05-13,405864.84,West,High
POL05806,PRG024,TRT017,2026-04-14,2028-01-22,242625.3,East,High
POL05807,PRG004,TRT041,2025-01-05,2026-10-02,388456.35,South,Low
POL05808,PRG011,TRT034,2025-02-22,2025-12-23,428999.34,North,Medium
POL05809,PRG018,TRT091,2026-06-23,2027-05-25,476197.91,East,High
POL05810,PRG017,TRT088,2025-09-02,2026-08-11,265140.69,North,Critical
POL05811,PRG012,TRT094,2026-04-03,2027-09-21,434927.29,North,Low
POL05812,PRG019,TRT076,2025-08-14,2026-10-10,464370.82,South,Critical
POL05813,PRG007,TRT088,2026-05-17,2028-02-10,195186.89,West,Low
POL05814,PRG005,TRT091,2026-04-20,2028-04-15,454983.4,West,Critical
POL05815,PRG005,TRT095,2025-05-16,2026-06-02,437714.07,West,Medium
POL05816,PRG021,TRT042,2025-03-08,2025-10-24,282661.25,South,Medium
POL05817,PRG005,TRT073,2025-12-04,2027-09-19,167583.82,South,Medium
POL05818,PRG004,TRT036,2025-07-23,2026-02-18,297487.04,South,Medium
POL05819,PRG016,TRT092,2025-03-11,2025-10-20,9370.1,West,Medium
POL05820,PRG006,TRT037,2025-04-08,2026-11-25,308374.07,East,Critical
POL05821,PRG024,TRT054,2026-07-04,2027-08-24,471713.29,East,Critical
POL05822,PRG004,TRT065,2026-10-05,2027-08-21,451710.35,North,Critical
POL05823,PRG019,TRT013,2025-02-25,2026-11-30,353792.67,West,Low
POL05824,PRG024,TRT080,2025-03-23,2027-02-05,222438.51,West,Critical
POL05825,PRG006,TRT068,2025-07-21,2026-05-07,163207.73,West,Medium
POL05826,PRG015,TRT075,2025-03-01,2027-01-20,471205.36,East,High
POL05827,PRG011,TRT024,2025-05-08,2026-02-13,185245.95,South,Critical
POL05828,PRG005,TRT037,2026-08-12,2027-08-28,224555.55,West,High
POL05829,PRG006,TRT086,2025-07-28,2027-07-24,353930.93,West,High
POL05830,PRG002,TRT018,2025-05-04,2026-10-21,421244.89,East,Low
POL05831,PRG005,TRT002,2025-02-11,2026-01-17,130670.88,East,Critical
POL05832,PRG008,TRT067,2026-05-15,2027-04-16,153065.11,East,Critical
POL05833,PRG019,TRT041,2026-10-18,2028-08-27,252226.94,East,Critical
POL05834,PRG021,TRT046,2025-01-29,2025-11-26,7536.2,South,Low
POL05835,PRG014,TRT017,2025-02-14,2026-07-28,5143.93,North,Critical
POL05836,PRG025,TRT046,2026-11-08,2028-03-02,302900.59,North,Medium
POL05837,PRG011,TRT043,2025-02-07,2026-08-02,460188.79,North,Low
POL05838,PRG004,TRT005,2026-05-24,2027-02-24,420120.85,East,Low
POL05839,PRG012,TRT059,2025-04-04,2027-01-03,194398.97,North,Medium
POL05840,PRG017,TRT048,2026-08-22,2027-10-23,83818.0,East,Low
POL05841,PRG023,TRT066,2026-02-18,2027-05-25,397797.54,West,Low
POL05842,PRG011,TRT073,2026-04-26,2027-08-22,112074.1,East,Low
POL05843,PRG001,TRT077,2025-01-30,2025-11-14,381151.41,East,Critical
POL05844,PRG011,TRT032,2025-11-17,2026-08-24,78088.36,East,High
POL05845,PRG015,TRT092,2025-07-29,2027-02-24,19822.64,West,Critical
POL05846,PRG010,TRT051,2026-04-27,2028-02-20,207687.13,North,Medium
POL05847,PRG017,TRT070,2026-05-26,2027-07-15,146411.81,North,Low
POL05848,PRG001,TRT089,2025-11-26,2026-09-07,156898.77,South,Low
POL05849,PRG001,TRT051,2025-08-11,2026-07-24,74497.7,East,Critical
POL05850,PRG017,TRT018,2025-11-18,2026-08-22,17913.17,West,Critical
POL05851,PRG017,TRT030,2025-02-21,2025-11-01,35280.34,East,High
POL05852,PRG015,TRT090,2026-08-26,2027-09-03,369298.55,North,High
POL05853,PRG016,TRT074,2025-09-28,2027-03-22,222919.93,East,Medium
POL05854,PRG020,TRT045,2025-07-14,2027-02-12,184306.71,East,Low
POL05855,PRG008,TRT011,2026-03-13,2027-07-25,272011.82,East,Low
POL05856,PRG015,TRT002,2026-12-03,2027-11-09,330458.27,West,High
POL05857,PRG023,TRT016,2025-04-14,2027-02-12,361156.55,West,Low
POL05858,PRG016,TRT063,2026-09-12,2027-05-23,387866.46,North,Low
POL05859,PRG005,TRT026,2025-08-17,2026-07-13,73594.03,South,High
POL05860,PRG014,TRT070,2025-06-27,2026-10-06,277273.59,South,High
POL05861,PRG005,TRT053,2025-05-29,2026-11-30,31016.55,South,High
POL05862,PRG012,TRT048,2026-06-02,2028-05-15,282137.26,West,Low
POL05863,PRG018,TRT002,2025-11-07,2026-09-11,233132.37,West,Medium
POL05864,PRG022,TRT098,2025-05-17,2027-04-22,75068.94,East,High
POL05865,PRG005,TRT077,2026-07-31,2027-07-27,81713.08,North,Low
POL05866,PRG003,TRT078,2026-01-11,2026-09-13,66323.53,East,Low
POL05867,PRG011,TRT034,2025-06-14,2027-01-03,471917.36,East,High
POL05868,PRG020,TRT091,2025-05-25,2026-09-15,174268.62,North,High
POL05869,PRG011,TRT022,2026-11-16,2028-03-07,328445.93,East,Low
POL05870,PRG001,TRT059,2026-04-20,2027-07-31,77763.2,South,High
POL05871,PRG015,TRT058,2025-11-07,2026-09-15,125763.69,South,Medium
POL05872,PRG018,TRT039,2025-09-26,2027-03-11,179418.99,South,Critical
POL05873,PRG020,TRT056,2025-08-23,2027-08-10,335958.01,West,Medium
POL05874,PRG001,TRT070,2026-12-05,2028-11-02,493646.78,East,Low
POL05875,PRG017,TRT094,2026-11-30,2027-07-11,313637.4,North,Critical
POL05876,PRG006,TRT047,2025-12-23,2027-05-14,474233.04,South,Medium
POL05877,PRG004,TRT071,2026-12-26,2027-12-22,409836.91,North,Low
POL05878,PRG012,TRT041,2025-02-07,2026-09-09,403939.87,North,Medium
POL05879,PRG024,TRT051,2026-10-03,2027-10-21,439370.39,West,Low
POL05880,PRG016,TRT014,2026-10-08,2028-10-04,382421.67,West,Low
POL05881,PRG011,TRT090,2025-10-03,2027-06-29,139169.55,North,Medium
POL05882,PRG020,TRT008,2025-10-29,2026-07-03,85813.47,West,Critical
POL05883,PRG021,TRT014,2025-03-10,2025-10-06,57471.16,South,Critical
POL05884,PRG017,TRT050,2026-11-13,2027-08-04,269988.29,East,Critical
POL05885,PRG020,TRT062,2025-02-16,2026-06-30,472511.92,West,Critical
POL05886,PRG024,TRT036,2025-06-18,2026-01-24,283490.95,East,Low
POL05887,PRG008,TRT007,2026-10-24,2028-07-08,367704.6,South,Low
POL05888,PRG025,TRT029,2025-02-12,2025-10-04,224433.73,West,Low
POL05889,PRG020,TRT050,2025-04-28,2026-12-19,104245.92,South,Low
POL05890,PRG016,TRT021,2026-08-13,2028-02-07,498149.88,East,High
POL05891,PRG018,TRT094,2026-09-22,2028-02-15,102273.92,South,High
POL05892,PRG016,TRT065,2025-02-03,2026-01-16,484322.02,East,Medium
POL05893,PRG012,TRT025,2026-02-16,2027-11-22,146931.92,West,Critical
POL05894,PRG009,TRT070,2026-08-15,2027-11-20,33112.08,East,High
POL05895,PRG006,TRT037,2025-09-25,2027-04-29,434529.27,East,High
POL05896,PRG022,TRT060,2026-06-04,2028-02-25,189782.46,West,Low
POL05897,PRG017,TRT011,2025-06-24,2026-06-04,127952.33,West,Low
POL05898,PRG015,TRT096,2025-04-25,2026-12-19,411820.96,East,Critical
POL05899,PRG020,TRT074,2026-04-24,2027-10-27,269452.4,East,Medium
POL05900,PRG021,TRT081,2026-03-30,2027-01-28,407817.72,West,Medium
POL05901,PRG018,TRT087,2025-07-21,2027-07-03,252895.66,South,High
POL05902,PRG020,TRT063,2025-08-22,2026-07-12,97727.03,North,Medium
POL05903,PRG008,TRT045,2026-05-18,2026-12-16,62529.24,West,Medium
POL05904,PRG012,TRT009,2026-10-26,2027-09-25,217531.44,South,Critical
POL05905,PRG013,TRT009,2026-11-26,2028-09-28,454319.81,East,Critical
POL05906,PRG025,TRT011,2026-12-24,2028-01-12,78038.56,West,High
POL05907,PRG023,TRT024,2026-10-13,2028-02-04,72519.94,South,High
POL05908,PRG021,TRT096,2026-04-04,2026-12-13,268270.22,West,Critical
POL05909,PRG012,TRT026,2025-07-15,2027-03-21,365405.65,North,Critical
POL05910,PRG023,TRT041,2026-07-29,2028-07-22,110164.32,East,High
POL05911,PRG014,TRT100,2025-09-25,2027-04-04,344645.5,North,Low
POL05912,PRG010,TRT027,2026-05-03,2027-12-23,138846.43,South,High
POL05913,PRG011,TRT008,2025-06-19,2026-10-08,71646.23,South,High
POL05914,PRG020,TRT055,2025-07-23,2026-02-06,191505.16,West,High
POL05915,PRG011,TRT087,2026-11-03,2028-09-09,296132.5,West,Low
POL05916,PRG020,TRT081,2025-02-14,2026-04-21,475772.23,North,Low
POL05917,PRG002,TRT094,2026-07-20,2028-02-20,99542.42,North,High
POL05918,PRG002,TRT081,2025-09-03,2027-05-30,466154.9,North,Critical
POL05919,PRG019,TRT089,2026-09-01,2028-03-04,23393.26,North,Low
POL05920,PRG019,TRT063,2026-10-06,2027-11-05,341056.1,North,Low
POL05921,PRG024,TRT011,2026-04-23,2028-01-26,85805.01,East,High
POL05922,PRG004,TRT057,2025-12-23,2027-08-09,484265.47,South,High
POL05923,PRG002,TRT030,2025-10-03,2026-08-09,489185.19,East,Low
POL05924,PRG023,TRT072,2026-01-13,2027-07-17,363929.98,North,Low
POL05925,PRG023,TRT029,2025-01-30,2026-12-19,145422.31,North,Critical
POL05926,PRG017,TRT035,2025-10-02,2027-04-29,83179.54,East,High
POL05927,PRG008,TRT015,2025-03-26,2026-04-18,23049.24,South,Critical
POL05928,PRG014,TRT060,2026-06-09,2028-06-06,77517.5,West,Low
POL05929,PRG022,TRT019,2026-05-19,2027-08-10,309114.08,East,Critical
POL05930,PRG009,TRT030,2025-07-28,2026-02-06,107010.88,West,Low
POL05931,PRG002,TRT027,2026-12-25,2027-10-08,313604.49,West,Low
POL05932,PRG022,TRT013,2026-02-06,2027-06-13,212639.7,East,Low
POL05933,PRG013,TRT077,2025-05-09,2026-11-10,117974.07,South,High
POL05934,PRG005,TRT068,2026-04-30,2027-01-09,264634.29,West,Medium
POL05935,PRG003,TRT055,2026-02-01,2027-11-14,356638.77,East,High
POL05936,PRG007,TRT060,2026-03-31,2027-12-08,427220.06,East,Low
POL05937,PRG020,TRT024,2026-09-14,2027-08-01,140890.78,East,High
POL05938,PRG006,TRT030,2026-10-10,2028-08-10,219009.39,South,Low
POL05939,PRG018,TRT011,2025-07-10,2026-01-27,399595.21,South,Critical
POL05940,PRG011,TRT006,2026-02-13,2027-10-10,359776.85,South,High
POL05941,PRG001,TRT045,2025-05-29,2026-06-15,166401.9,South,Critical
POL05942,PRG023,TRT039,2026-04-15,2027-12-17,84913.91,South,High
POL05943,PRG007,TRT038,2025-10-17,2026-12-29,211685.7,South,Low
POL05944,PRG005,TRT049,2025-08-13,2026-03-17,145178.06,North,High
POL05945,PRG019,TRT048,2026-01-30,2027-04-30,149274.86,South,High
POL05946,PRG003,TRT012,2025-04-12,2026-08-10,321222.42,North,Low
POL05947,PRG004,TRT051,2026-06-10,2028-02-06,404754.44,West,Critical
POL05948,PRG002,TRT023,2025-12-05,2027-09-26,187832.75,East,Low
POL05949,PRG013,TRT099,2026-04-23,2026-11-24,128783.97,West,Medium
POL05950,PRG006,TRT089,2025-10-06,2027-04-24,242083.36,West,High
POL05951,PRG005,TRT025,2026-02-07,2027-06-16,313692.33,West,Critical
POL05952,PRG008,TRT016,2026-08-14,2028-01-10,426259.56,West,Low
POL05953,PRG011,TRT006,2025-11-28,2027-08-18,341485.77,East,Low
POL05954,PRG020,TRT042,2025-11-30,2027-10-27,187009.89,South,High
POL05955,PRG009,TRT091,2025-11-25,2026-07-21,58584.5,East,High
POL05956,PRG015,TRT050,2025-07-29,2026-02-05,238863.59,South,High
POL05957,PRG007,TRT083,2026-03-27,2027-06-20,232903.36,North,Critical
POL05958,PRG013,TRT057,2025-08-25,2027-03-29,236182.54,North,Low
POL05959,PRG012,TRT093,2025-07-03,2027-01-21,16536.83,East,Critical
POL05960,PRG008,TRT059,2025-11-21,2027-07-13,468885.47,South,Critical
POL05961,PRG018,TRT038,2026-07-02,2027-11-12,372413.0,South,Medium
POL05962,PRG001,TRT058,2025-04-21,2027-04-16,350617.86,West,High
POL05963,PRG019,TRT077,2025-12-16,2027-11-22,436018.27,East,Low
POL05964,PRG010,TRT088,2026-11-10,2027-05-20,194836.05,East,Medium
POL05965,PRG019,TRT048,2026-12-29,2028-07-06,363228.09,East,Low
POL05966,PRG018,TRT018,2026-04-02,2027-07-05,341037.55,North,Medium
POL05967,PRG022,TRT008,2026-03-13,2028-03-10,487955.9,South,High
POL05968,PRG019,TRT063,2026-12-19,2028-08-13,70711.82,East,Critical
POL05969,PRG024,TRT073,2025-04-27,2026-04-17,34276.27,South,Critical
POL05970,PRG002,TRT098,2026-03-28,2027-07-21,369004.23,East,High
POL05971,PRG016,TRT033,2025-05-18,2027-02-02,141805.25,North,High
POL05972,PRG008,TRT024,2025-03-12,2026-06-05,443785.44,South,Critical
POL05973,PRG006,TRT054,2025-03-09,2025-12-12,273514.55,North,Medium
POL05974,PRG002,TRT031,2026-06-20,2027-12-30,235864.22,South,Critical
POL05975,PRG014,TRT024,2026-04-07,2027-04-10,196463.16,South,Low
POL05976,PRG007,TRT043,2025-07-15,2026-06-16,37685.85,East,Low
POL05977,PRG019,TRT073,2026-10-31,2028-10-22,391980.92,East,High
POL05978,PRG016,TRT039,2026-04-11,2027-12-26,306682.7,West,Medium
POL05979,PRG018,TRT033,2025-11-22,2026-12-23,143096.98,South,Medium
POL05980,PRG023,TRT045,2025-08-26,2027-07-14,341727.96,North,Low
POL05981,PRG010,TRT089,2025-04-26,2025-12-08,360393.21,North,Critical
POL05982,PRG003,TRT083,2025-12-25,2027-12-16,443269.79,East,High
POL05983,PRG010,TRT038,2026-07-25,2027-06-11,349781.33,North,Critical
POL05984,PRG025,TRT035,2025-05-12,2026-02-05,292034.96,South,Critical
POL05985,PRG011,TRT088,2025-05-12,2027-05-08,136281.22,East,Medium
POL05986,PRG004,TRT003,2026-05-14,2027-12-15,201228.29,East,Medium
POL05987,PRG012,TRT093,2025-06-12,2027-01-17,43655.38,West,Medium
POL05988,PRG010,TRT048,2025-03-11,2026-05-04,269617.45,West,Critical
POL05989,PRG012,TRT070,2025-01-07,2025-12-12,323560.3,West,Critical
POL05990,PRG024,TRT060,2025-02-02,2025-12-26,7981.71,East,Critical
POL05991,PRG007,TRT045,2026-04-01,2027-08-30,186557.51,South,High
POL05992,PRG020,TRT035,2025-07-23,2026-08-20,266402.79,North,Critical
POL05993,PRG015,TRT080,2026-02-03,2027-10-08,425426.61,North,High
POL05994,PRG017,TRT017,2025-07-11,2026-08-18,444101.56,East,Critical
POL05995,PRG012,TRT022,2025-09-04,2026-07-15,400670.07,East,High
POL05996,PRG019,TRT017,2025-12-12,2027-10-16,235013.0,North,High
POL05997,PRG024,TRT077,2025-09-21,2026-07-08,416430.48,South,Low
POL05998,PRG006,TRT029,2025-01-16,2025-08-18,5617.37,South,Critical
POL05999,PRG020,TRT077,2025-10-09,2027-07-07,309449.47,West,Critical
POL06000,PRG004,TRT064,2026-02-27,2026-10-17,164159.27,North,High
POL06001,PRG019,TRT023,2026-07-13,2028-01-01,341770.5,East,High
POL06002,PRG020,TRT009,2026-09-29,2027-08-15,348525.08,East,Critical
POL06003,PRG007,TRT023,2025-07-24,2026-07-08,169124.31,East,Low
POL06004,PRG018,TRT093,2025-12-29,2026-08-13,125878.89,West,Critical
POL06005,PRG009,TRT064,2026-09-20,2027-05-05,338553.94,East,Medium
POL06006,PRG005,TRT020,2025-05-19,2026-03-06,57059.58,South,High
POL06007,PRG015,TRT097,2026-04-01,2028-03-31,310661.95,East,Low
POL06008,PRG016,TRT007,2025-05-07,2026-11-02,261763.38,North,Medium
POL06009,PRG004,TRT097,2025-01-30,2026-08-31,459903.92,West,Low
POL06010,PRG010,TRT008,2026-06-07,2027-01-26,100256.0,East,High
POL06011,PRG011,TRT003,2025-02-22,2026-07-10,460513.65,West,Critical
POL06012,PRG015,TRT047,2026-05-30,2027-08-25,197659.59,West,High
POL06013,PRG023,TRT081,2025-10-17,2027-06-11,375978.43,North,Critical
POL06014,PRG022,TRT091,2025-12-15,2027-06-10,358078.45,West,High
POL06015,PRG023,TRT039,2025-07-12,2027-04-07,452424.59,West,Critical
POL06016,PRG022,TRT045,2026-01-22,2026-09-05,180163.1,East,Critical
POL06017,PRG001,TRT023,2025-11-21,2027-09-11,451468.55,North,Low
POL06018,PRG009,TRT059,2026-11-10,2027-12-31,402562.38,East,Critical
POL06019,PRG021,TRT031,2026-04-13,2027-12-21,462057.79,North,High
POL06020,PRG019,TRT091,2025-11-26,2027-07-31,98013.6,South,Low
POL06021,PRG016,TRT055,2026-09-22,2027-07-05,340014.86,North,Medium
POL06022,PRG005,TRT020,2026-08-14,2027-11-22,322152.03,South,Critical
POL06023,PRG024,TRT002,2025-07-18,2026-04-21,361064.24,North,High
POL06024,PRG007,TRT041,2026-07-06,2028-01-13,162824.87,South,Critical
POL06025,PRG013,TRT011,2026-02-08,2027-01-28,358844.25,East,Medium
POL06026,PRG025,TRT053,2025-04-06,2026-10-07,279765.68,North,Critical
POL06027,PRG004,TRT008,2026-03-23,2027-09-09,352386.3,North,Critical
POL06028,PRG010,TRT053,2025-10-29,2027-10-29,410973.2,East,Critical
POL06029,PRG015,TRT012,2025-09-27,2026-09-18,350763.23,North,Medium
POL06030,PRG004,TRT094,2025-03-31,2027-02-13,102032.59,West,Critical
POL06031,PRG008,TRT087,2026-07-13,2027-08-02,60352.75,West,Low
POL06032,PRG010,TRT002,2025-10-21,2026-12-06,40801.35,West,Low
POL06033,PRG008,TRT014,2025-01-24,2025-11-09,416916.68,East,High
POL06034,PRG004,TRT082,2026-12-31,2027-09-28,27602.4,West,Low
POL06035,PRG022,TRT066,2026-10-15,2027-12-11,327413.14,North,High
POL06036,PRG010,TRT073,2025-05-09,2026-05-02,210664.82,East,Critical
POL06037,PRG016,TRT010,2026-09-09,2027-12-02,209628.72,East,Critical
POL06038,PRG018,TRT026,2026-08-12,2028-02-08,33443.9,East,Low
POL06039,PRG004,TRT019,2025-12-16,2027-09-10,253802.14,South,Critical
POL06040,PRG005,TRT052,2025-09-27,2027-09-27,353248.21,North,Medium
POL06041,PRG025,TRT023,2025-10-13,2026-05-09,180771.86,East,Low
POL06042,PRG011,TRT045,2026-04-14,2027-02-17,36801.56,North,Low
POL06043,PRG016,TRT055,2026-04-20,2026-11-13,400994.78,West,Critical
POL06044,PRG017,TRT070,2025-03-23,2027-03-21,302717.22,South,Low
POL06045,PRG019,TRT051,2026-09-21,2027-06-18,242011.4,East,Medium
POL06046,PRG014,TRT091,2025-02-17,2026-12-07,122254.75,South,Low
POL06047,PRG023,TRT019,2026-05-19,2027-11-04,355953.84,West,Medium
POL06048,PRG003,TRT059,2026-03-16,2027-12-12,101392.56,West,Critical
POL06049,PRG023,TRT033,2026-01-25,2027-09-15,415430.1,West,Low
POL06050,PRG023,TRT025,2025-11-30,2027-11-22,214064.37,South,Medium
POL06051,PRG007,TRT007,2026-04-02,2027-06-25,386533.19,North,High
POL06052,PRG019,TRT076,2025-04-12,2026-02-10,491079.58,South,Low
POL06053,PRG007,TRT081,2026-06-30,2027-11-19,252607.17,South,High
POL06054,PRG004,TRT042,2025-05-27,2027-04-18,354639.86,North,Critical
POL06055,PRG011,TRT068,2025-11-14,2027-10-04,282594.0,North,Critical
POL06056,PRG009,TRT073,2025-03-06,2026-01-05,155043.55,North,Medium
POL06057,PRG014,TRT050,2026-04-06,2027-02-15,132951.89,North,High
POL06058,PRG003,TRT010,2026-07-03,2027-07-05,454759.9,South,Critical
POL06059,PRG025,TRT021,2025-12-18,2027-07-18,99170.9,East,Critical
POL06060,PRG022,TRT043,2026-04-29,2028-03-03,330992.95,North,Critical
POL06061,PRG012,TRT018,2026-06-09,2028-03-18,72276.35,West,Critical
POL06062,PRG005,TRT058,2026-01-09,2027-03-12,66670.33,East,High
POL06063,PRG010,TRT053,2026-01-12,2027-08-04,416184.09,East,High
POL06064,PRG015,TRT047,2025-10-08,2026-07-31,343715.04,South,Critical
POL06065,PRG013,TRT079,2026-07-18,2027-02-24,452126.41,North,Low
POL06066,PRG015,TRT070,2026-07-05,2027-05-16,162108.78,North,Critical
POL06067,PRG002,TRT082,2025-08-21,2026-12-13,175522.81,East,Critical
POL06068,PRG024,TRT091,2026-05-29,2028-01-12,57479.29,East,Low
POL06069,PRG023,TRT029,2026-12-28,2028-07-16,150464.47,West,Low
POL06070,PRG020,TRT035,2026-08-14,2027-06-11,450884.14,South,Medium
POL06071,PRG001,TRT090,2026-10-10,2027-08-16,444614.85,North,Medium
POL06072,PRG006,TRT039,2026-03-09,2027-04-02,54351.51,North,Medium
POL06073,PRG023,TRT087,2025-07-03,2026-11-22,458751.35,North,Low
POL06074,PRG008,TRT071,2025-09-05,2026-04-02,344315.85,East,Medium
POL06075,PRG014,TRT069,2026-10-19,2027-05-15,494033.34,West,High
POL06076,PRG015,TRT007,2026-02-14,2026-12-02,27191.85,West,Medium
POL06077,PRG013,TRT046,2025-09-26,2026-09-03,389078.94,East,Medium
POL06078,PRG019,TRT031,2026-01-02,2027-11-18,325993.82,North,Medium
POL06079,PRG009,TRT055,2025-09-01,2027-08-27,277140.64,East,Medium
POL06080,PRG025,TRT026,2026-01-17,2026-10-17,252908.27,East,Critical
POL06081,PRG012,TRT073,2025-03-18,2025-12-16,37201.67,South,Medium
POL06082,PRG021,TRT029,2025-11-27,2027-07-15,146980.9,East,High
POL06083,PRG021,TRT061,2025-06-12,2026-10-29,337615.4,East,Low
POL06084,PRG017,TRT094,2026-11-03,2028-05-13,216508.06,North,Low
POL06085,PRG008,TRT015,2025-04-21,2026-03-26,6246.52,North,Medium
POL06086,PRG021,TRT053,2025-12-27,2027-11-26,186061.1,East,High
POL06087,PRG006,TRT053,2025-12-02,2026-09-06,159752.89,East,Critical
POL06088,PRG001,TRT029,2026-06-04,2028-05-25,234023.51,South,High
POL06089,PRG025,TRT048,2025-01-09,2026-10-13,334050.82,North,Critical
POL06090,PRG007,TRT023,2025-12-02,2027-04-09,7129.94,West,Critical
POL06091,PRG007,TRT077,2025-05-31,2026-12-01,27420.12,West,Critical
POL06092,PRG014,TRT055,2026-02-16,2027-02-06,17079.52,East,Critical
POL06093,PRG001,TRT045,2025-03-09,2026-11-28,484378.3,East,Medium
POL06094,PRG005,TRT023,2025-08-10,2026-08-05,481240.02,West,Low
POL06095,PRG006,TRT098,2025-08-08,2026-05-20,190095.87,South,High
POL06096,PRG021,TRT012,2026-04-29,2028-04-25,27633.74,East,Low
POL06097,PRG021,TRT001,2025-04-21,2026-06-30,134279.57,West,High
POL06098,PRG014,TRT009,2026-06-08,2028-01-02,273655.36,East,High
POL06099,PRG019,TRT016,2026-11-05,2028-01-19,75377.58,North,Low
POL06100,PRG008,TRT059,2026-07-04,2027-10-14,294218.77,South,High
POL06101,PRG013,TRT053,2025-08-19,2026-03-20,216549.72,North,Low
POL06102,PRG022,TRT067,2026-04-30,2026-12-13,87902.37,North,Critical
POL06103,PRG005,TRT054,2025-11-09,2026-09-04,246837.24,South,Medium
POL06104,PRG017,TRT065,2025-07-09,2026-07-18,365920.02,East,Low
POL06105,PRG013,TRT031,2025-06-06,2026-08-04,419402.31,East,High
POL06106,PRG006,TRT008,2026-03-18,2026-12-10,212204.34,West,Critical
POL06107,PRG017,TRT004,2025-04-16,2026-01-27,152038.6,South,Low
POL06108,PRG010,TRT071,2026-06-10,2028-04-26,246414.2,South,Low
POL06109,PRG002,TRT053,2025-11-12,2027-05-15,66890.25,North,Low
POL06110,PRG008,TRT091,2026-02-15,2028-01-07,360905.12,East,Critical
POL06111,PRG015,TRT012,2025-07-09,2026-10-18,396653.93,West,High
POL06112,PRG011,TRT040,2025-11-02,2027-10-20,195719.79,South,Critical
POL06113,PRG017,TRT084,2026-08-20,2027-12-28,37854.16,West,Low
POL06114,PRG009,TRT093,2025-10-09,2026-11-15,48837.52,South,Low
POL06115,PRG010,TRT020,2026-08-03,2027-09-12,169032.1,East,Critical
POL06116,PRG011,TRT070,2026-04-08,2027-08-03,427003.25,West,Critical
POL06117,PRG002,TRT042,2026-12-16,2028-08-29,45645.34,North,Medium
POL06118,PRG018,TRT036,2026-04-04,2027-07-08,121292.69,South,High
POL06119,PRG006,TRT100,2026-08-04,2028-06-29,160581.29,East,High
POL06120,PRG010,TRT041,2025-11-04,2027-03-06,225667.16,North,Medium
POL06121,PRG016,TRT040,2026-08-31,2027-09-21,473240.83,East,High
POL06122,PRG019,TRT021,2025-05-16,2027-02-12,141580.66,West,Low
POL06123,PRG009,TRT010,2025-05-11,2027-01-18,38103.02,West,Low
POL06124,PRG004,TRT007,2025-06-25,2026-11-22,100634.82,South,Medium
POL06125,PRG017,TRT001,2025-10-12,2027-03-11,21270.77,North,Medium
POL06126,PRG007,TRT097,2026-11-10,2028-08-29,129159.2,North,High
POL06127,PRG013,TRT098,2025-11-24,2026-10-09,19799.61,North,Medium
POL06128,PRG009,TRT092,2026-04-23,2027-05-09,130121.18,South,Critical
POL06129,PRG011,TRT036,2026-02-07,2027-10-04,353796.1,West,Medium
POL06130,PRG017,TRT081,2026-10-21,2028-07-20,170925.56,East,Low
POL06131,PRG013,TRT001,2026-06-24,2028-01-09,81534.09,North,Critical
POL06132,PRG020,TRT016,2026-01-12,2027-09-16,169964.5,South,Critical
POL06133,PRG024,TRT056,2026-01-20,2027-04-15,25897.44,South,Critical
POL06134,PRG011,TRT026,2025-06-22,2026-06-20,438640.82,South,Medium
POL06135,PRG003,TRT019,2025-04-22,2026-07-10,33269.91,North,Critical
POL06136,PRG021,TRT029,2025-05-15,2026-01-08,458982.82,West,Medium
POL06137,PRG018,TRT062,2025-06-28,2026-06-26,499161.4,West,Medium
POL06138,PRG019,TRT074,2025-05-05,2026-10-29,83483.44,East,Low
POL06139,PRG011,TRT018,2025-02-24,2027-01-06,27935.09,North,High
POL06140,PRG012,TRT100,2026-12-21,2028-12-14,375861.37,South,High
POL06141,PRG014,TRT054,2025-11-13,2026-07-24,11034.57,North,Low
POL06142,PRG017,TRT028,2026-07-30,2027-07-09,438058.11,South,Low
POL06143,PRG025,TRT007,2025-05-28,2026-02-20,107388.65,West,Low
POL06144,PRG017,TRT012,2026-03-22,2027-12-14,184591.22,North,Critical
POL06145,PRG013,TRT018,2025-10-08,2026-10-04,157683.52,West,High
POL06146,PRG012,TRT064,2026-01-28,2027-02-11,169358.88,North,Low
POL06147,PRG017,TRT035,2026-12-11,2027-06-25,114925.98,South,Medium
POL06148,PRG005,TRT074,2025-03-09,2026-01-25,474681.17,West,Medium
POL06149,PRG001,TRT060,2025-03-13,2026-05-24,464487.79,North,Medium
POL06150,PRG001,TRT063,2025-12-30,2027-03-28,54295.44,East,Medium
POL06151,PRG023,TRT066,2025-01-06,2026-11-18,374252.13,South,High
POL06152,PRG004,TRT024,2026-01-02,2027-11-05,153743.89,West,Low
POL06153,PRG004,TRT041,2025-08-25,2027-01-10,97171.43,South,Medium
POL06154,PRG015,TRT049,2026-05-08,2026-12-08,185476.05,North,Low
POL06155,PRG024,TRT007,2025-06-05,2026-01-24,478860.96,South,Low
POL06156,PRG012,TRT020,2025-11-05,2026-10-25,232635.55,East,Critical
POL06157,PRG025,TRT039,2025-09-07,2026-10-01,370720.66,North,Low
POL06158,PRG015,TRT025,2025-04-30,2025-11-11,352998.11,West,High
POL06159,PRG015,TRT095,2026-08-27,2028-06-09,116398.66,South,Medium
POL06160,PRG015,TRT053,2026-03-16,2027-05-20,192724.76,West,Critical
POL06161,PRG023,TRT004,2026-12-06,2028-11-26,306765.84,East,Medium
POL06162,PRG004,TRT079,2025-01-29,2026-05-01,334054.78,West,Medium
POL06163,PRG006,TRT021,2025-10-16,2026-10-22,118405.77,North,Medium
POL06164,PRG007,TRT029,2026-08-10,2027-12-27,30398.21,West,High
POL06165,PRG001,TRT002,2026-01-17,2027-09-02,139821.54,West,Medium
POL06166,PRG022,TRT054,2026-08-05,2027-05-01,153715.89,North,Medium
POL06167,PRG018,TRT021,2026-07-21,2027-08-27,312408.39,South,High
POL06168,PRG020,TRT058,2026-08-05,2028-06-17,328133.19,South,High
POL06169,PRG019,TRT038,2026-08-08,2028-04-08,5744.85,South,High
POL06170,PRG001,TRT009,2026-05-20,2027-04-04,370364.3,South,Medium
POL06171,PRG024,TRT078,2026-04-19,2026-12-09,18546.94,South,Medium
POL06172,PRG010,TRT060,2026-06-08,2027-01-13,25846.14,South,Low
POL06173,PRG005,TRT046,2025-04-12,2026-02-04,487001.12,North,Medium
POL06174,PRG014,TRT084,2026-11-04,2027-08-10,235166.19,South,Low
POL06175,PRG020,TRT008,2026-07-15,2027-02-27,448161.03,South,Critical
POL06176,PRG010,TRT016,2025-02-20,2026-12-13,457713.56,North,Medium
POL06177,PRG002,TRT019,2025-10-16,2026-11-23,184152.44,West,Medium
POL06178,PRG004,TRT098,2026-04-08,2028-01-03,257337.06,East,Critical
POL06179,PRG004,TRT073,2026-04-03,2028-03-15,396890.82,South,Low
POL06180,PRG020,TRT006,2026-12-14,2028-03-12,97396.29,South,Low
POL06181,PRG002,TRT018,2026-07-11,2028-05-12,496004.09,North,Critical
POL06182,PRG021,TRT022,2026-09-15,2027-03-21,160249.32,West,High
POL06183,PRG013,TRT085,2025-07-19,2027-06-10,23060.49,West,Critical
POL06184,PRG003,TRT012,2025-03-01,2025-11-16,263231.34,South,Critical
POL06185,PRG002,TRT022,2025-09-19,2026-08-21,174216.12,South,Low
POL06186,PRG013,TRT070,2026-07-13,2028-05-08,235233.84,West,Low
POL06187,PRG008,TRT048,2026-08-09,2027-04-17,185562.74,East,Critical
POL06188,PRG016,TRT041,2025-07-31,2027-05-30,227103.74,North,High
POL06189,PRG015,TRT011,2025-07-03,2027-06-05,332963.24,East,Medium
POL06190,PRG008,TRT068,2026-06-28,2028-02-16,362260.0,South,Low
POL06191,PRG017,TRT025,2025-01-02,2025-12-18,390812.59,South,High
POL06192,PRG006,TRT087,2025-11-12,2027-01-13,482428.86,North,High
POL06193,PRG017,TRT046,2025-05-11,2026-10-14,225026.0,North,High
POL06194,PRG023,TRT031,2025-07-21,2027-04-27,158289.86,West,High
POL06195,PRG013,TRT093,2026-07-07,2027-03-03,15867.37,South,Low
POL06196,PRG013,TRT033,2026-05-02,2028-04-22,108094.13,West,Medium
POL06197,PRG020,TRT087,2026-11-10,2027-10-23,305038.71,West,Low
POL06198,PRG003,TRT071,2025-11-29,2026-07-14,340968.75,West,Critical
POL06199,PRG018,TRT033,2025-06-07,2026-08-08,256862.23,North,High
POL06200,PRG017,TRT044,2025-09-12,2026-03-13,431411.73,South,Medium
POL06201,PRG009,TRT028,2025-04-03,2026-11-13,450660.85,South,High
POL06202,PRG019,TRT041,2025-09-30,2027-03-12,472699.81,South,Critical
POL06203,PRG024,TRT021,2025-06-11,2026-01-02,262951.77,South,Low
POL06204,PRG006,TRT016,2026-08-12,2028-01-10,469135.36,West,High
POL06205,PRG015,TRT016,2026-01-22,2026-07-31,410950.3,West,Medium
POL06206,PRG025,TRT092,2025-02-12,2026-04-23,163580.04,South,Low
POL06207,PRG012,TRT024,2026-10-19,2027-05-14,285949.1,West,Critical
POL06208,PRG002,TRT089,2026-11-14,2027-11-12,90091.7,East,Medium
POL06209,PRG020,TRT043,2025-03-23,2026-12-21,112167.88,North,High
POL06210,PRG003,TRT060,2026-11-10,2027-06-09,271742.4,South,Critical
POL06211,PRG017,TRT045,2026-11-07,2027-12-27,163323.83,North,Critical
POL06212,PRG003,TRT088,2025-09-27,2026-04-13,60214.58,West,Low
POL06213,PRG020,TRT032,2025-06-03,2026-07-12,72706.33,North,Critical
POL06214,PRG013,TRT038,2026-04-09,2027-09-15,192861.94,South,Low
POL06215,PRG025,TRT050,2026-10-14,2027-04-13,139512.05,East,Medium
POL06216,PRG003,TRT094,2026-11-04,2028-02-09,390415.1,North,Low
POL06217,PRG010,TRT050,2025-04-23,2026-08-04,140465.25,North,Critical
POL06218,PRG004,TRT049,2025-07-13,2026-01-30,160109.91,West,Medium
POL06219,PRG022,TRT031,2026-05-24,2027-12-08,188955.6,East,Low
POL06220,PRG019,TRT056,2026-01-02,2027-07-04,230595.49,North,Critical
POL06221,PRG002,TRT088,2026-08-01,2027-03-29,495292.23,West,Critical
POL06222,PRG002,TRT002,2025-03-16,2026-02-24,401705.45,East,Critical
POL06223,PRG014,TRT019,2026-09-27,2028-01-25,339392.08,East,Medium
POL06224,PRG025,TRT027,2026-08-11,2028-06-12,274361.52,South,High
POL06225,PRG023,TRT047,2025-09-30,2027-01-10,214325.13,East,Critical
POL06226,PRG016,TRT068,2025-05-03,2026-06-28,343960.39,East,Medium
POL06227,PRG011,TRT099,2025-01-25,2025-11-24,233612.74,East,Critical
POL06228,PRG013,TRT025,2026-08-25,2028-08-09,170276.79,West,Critical
POL06229,PRG013,TRT011,2025-09-20,2027-06-30,19319.01,South,Medium
POL06230,PRG003,TRT044,2026-03-27,2026-12-29,214164.61,South,Low
POL06231,PRG006,TRT063,2025-03-05,2027-02-19,214284.13,East,Critical
POL06232,PRG016,TRT010,2026-11-20,2028-08-16,103313.85,East,High
POL06233,PRG002,TRT019,2026-04-11,2028-04-09,273507.9,West,High
POL06234,PRG016,TRT044,2026-10-14,2027-05-13,293753.83,West,Medium
POL06235,PRG019,TRT002,2026-12-16,2028-07-31,52912.28,West,Medium
POL06236,PRG025,TRT044,2025-03-31,2026-05-29,135287.61,West,Medium
POL06237,PRG018,TRT089,2026-12-10,2028-05-04,335722.21,North,High
POL06238,PRG013,TRT017,2025-12-11,2027-08-08,135668.42,West,Critical
POL06239,PRG019,TRT062,2025-09-12,2027-05-23,112416.32,South,Critical
POL06240,PRG011,TRT008,2025-01-02,2025-08-01,353285.13,North,Critical
POL06241,PRG005,TRT044,2025-08-01,2027-02-08,313517.69,East,Critical
POL06242,PRG025,TRT062,2025-04-29,2025-12-03,414479.45,East,Low
POL06243,PRG013,TRT075,2026-04-15,2026-12-23,202611.7,West,Medium
POL06244,PRG019,TRT038,2026-08-22,2028-07-09,229105.63,East,Medium
POL06245,PRG002,TRT052,2025-11-17,2027-11-15,318683.47,North,Low
POL06246,PRG004,TRT089,2026-03-09,2026-12-01,130334.69,West,Critical
POL06247,PRG001,TRT090,2026-11-22,2027-07-04,275924.3,North,Low
POL06248,PRG010,TRT091,2026-06-23,2028-03-31,232487.84,South,Critical
POL06249,PRG006,TRT076,2025-09-02,2027-07-05,47478.79,East,Critical
POL06250,PRG001,TRT083,2025-10-28,2027-02-15,316398.43,West,Critical
POL06251,PRG014,TRT029,2026-05-03,2028-04-15,329300.96,West,Critical
POL06252,PRG020,TRT006,2025-05-25,2026-01-25,409073.51,South,Critical
POL06253,PRG023,TRT062,2025-10-15,2026-11-27,77999.53,East,High
POL06254,PRG023,TRT090,2026-08-27,2027-07-27,137363.65,South,High
POL06255,PRG014,TRT049,2025-04-20,2026-08-15,368226.67,East,Critical
POL06256,PRG014,TRT044,2026-12-18,2028-10-30,345573.98,South,High
POL06257,PRG024,TRT060,2025-03-19,2026-07-29,378723.37,North,Low
POL06258,PRG012,TRT100,2026-07-10,2028-02-15,217518.29,West,Medium
POL06259,PRG002,TRT043,2025-04-19,2025-10-24,135662.08,East,Low
POL06260,PRG022,TRT016,2026-11-01,2028-06-20,242149.53,West,Medium
POL06261,PRG018,TRT098,2025-09-06,2026-08-25,347146.6,East,Medium
POL06262,PRG013,TRT006,2025-10-26,2026-10-31,279648.28,North,Medium
POL06263,PRG002,TRT091,2025-05-14,2027-02-05,379450.34,South,Low
POL06264,PRG023,TRT074,2025-03-24,2026-10-06,150646.0,East,Low
POL06265,PRG021,TRT084,2025-11-26,2026-07-21,331080.19,East,Critical
POL06266,PRG007,TRT006,2025-03-19,2026-07-20,43858.59,West,High
POL06267,PRG023,TRT024,2026-01-14,2027-10-25,310540.49,North,Critical
POL06268,PRG021,TRT066,2025-04-08,2025-12-05,97602.61,East,High
POL06269,PRG004,TRT092,2025-09-21,2027-04-09,83241.77,North,Medium
POL06270,PRG013,TRT064,2026-10-05,2028-02-03,92575.07,South,High
POL06271,PRG003,TRT095,2026-10-28,2028-08-04,227179.67,South,Critical
POL06272,PRG019,TRT057,2026-10-28,2027-11-15,326521.13,West,Medium
POL06273,PRG018,TRT069,2026-02-25,2027-04-19,73136.45,West,Medium
POL06274,PRG015,TRT093,2026-02-17,2027-02-18,498985.48,East,Critical
POL06275,PRG014,TRT038,2025-09-09,2027-04-22,340573.03,North,Medium
POL06276,PRG013,TRT044,2026-06-20,2027-03-26,56437.08,North,Medium
POL06277,PRG003,TRT087,2026-05-08,2027-09-22,278508.84,West,High
POL06278,PRG003,TRT023,2026-05-17,2026-11-13,78656.64,West,High
POL06279,PRG022,TRT017,2025-11-02,2027-06-22,345821.35,East,Medium
POL06280,PRG021,TRT035,2025-12-23,2027-05-06,151013.41,South,Medium
POL06281,PRG018,TRT016,2025-10-20,2026-06-20,178924.72,North,Critical
POL06282,PRG009,TRT012,2025-05-06,2026-01-10,54055.85,West,Critical
POL06283,PRG011,TRT065,2026-03-06,2027-11-02,362748.59,North,Critical
POL06284,PRG003,TRT097,2026-12-24,2028-09-09,439895.82,East,Medium
POL06285,PRG006,TRT036,2025-09-14,2026-10-13,20693.11,West,Medium
POL06286,PRG014,TRT089,2026-06-09,2027-12-31,333440.18,North,Medium
POL06287,PRG020,TRT052,2026-08-18,2027-04-06,354371.44,West,High
POL06288,PRG020,TRT041,2025-08-04,2026-05-29,288363.18,South,Medium
POL06289,PRG019,TRT021,2026-02-26,2027-12-31,26502.76,East,High
POL06290,PRG002,TRT013,2025-03-13,2026-04-08,403046.56,East,Critical
POL06291,PRG019,TRT061,2025-10-28,2027-06-25,388740.69,North,Critical
POL06292,PRG016,TRT022,2025-02-06,2026-11-20,92199.39,South,High
POL06293,PRG015,TRT050,2026-06-21,2027-11-21,328900.13,South,Critical
POL06294,PRG006,TRT088,2026-10-23,2028-07-23,427105.89,South,High
POL06295,PRG014,TRT079,2026-09-29,2027-09-03,87315.54,South,Medium
POL06296,PRG011,TRT039,2025-11-13,2026-12-28,69317.45,East,Medium
POL06297,PRG025,TRT001,2026-06-11,2026-12-28,190241.05,East,Medium
POL06298,PRG017,TRT046,2025-11-27,2027-05-08,443795.28,South,High
POL06299,PRG021,TRT009,2025-05-03,2027-05-03,223833.08,North,Critical
POL06300,PRG002,TRT069,2025-07-05,2027-03-18,256563.05,South,Low
POL06301,PRG015,TRT084,2025-02-20,2026-03-06,476531.06,South,Critical
POL06302,PRG008,TRT042,2026-11-20,2027-07-29,167758.24,North,High
POL06303,PRG023,TRT025,2025-07-14,2026-03-22,158624.33,North,Low
POL06304,PRG019,TRT054,2025-02-04,2026-06-14,52700.79,East,Critical
POL06305,PRG002,TRT032,2026-03-28,2026-12-19,42547.26,South,Medium
POL06306,PRG013,TRT040,2025-12-04,2027-09-10,288279.48,South,Medium
POL06307,PRG024,TRT093,2026-03-03,2027-12-04,299079.51,North,High
POL06308,PRG013,TRT006,2025-06-11,2026-03-22,9178.9,East,High
POL06309,PRG001,TRT048,2025-10-29,2027-10-03,350457.26,East,High
POL06310,PRG008,TRT076,2026-02-27,2027-11-23,382380.21,West,Medium
POL06311,PRG019,TRT093,2025-01-31,2026-12-25,393835.43,North,Medium
POL06312,PRG003,TRT085,2025-06-25,2027-05-04,127534.63,East,Low
POL06313,PRG005,TRT003,2025-10-19,2026-06-04,32997.04,North,Low
POL06314,PRG013,TRT037,2025-04-25,2025-12-30,287294.79,South,Low
POL06315,PRG002,TRT099,2025-01-17,2026-04-29,384760.79,South,High
POL06316,PRG019,TRT037,2025-12-06,2027-08-02,221849.05,South,Critical
POL06317,PRG021,TRT059,2025-12-23,2027-07-09,366512.94,West,Medium
POL06318,PRG016,TRT013,2025-04-09,2027-03-02,307571.66,East,Medium
POL06319,PRG017,TRT065,2026-12-13,2028-08-25,148765.91,North,Medium
POL06320,PRG015,TRT093,2026-10-16,2027-10-01,67528.87,West,Low
POL06321,PRG013,TRT078,2025-08-28,2027-07-25,456212.97,South,Low
POL06322,PRG018,TRT060,2025-05-27,2026-04-27,6694.33,South,Low
POL06323,PRG023,TRT021,2025-04-30,2025-12-17,448555.47,West,Medium
POL06324,PRG024,TRT051,2025-08-30,2026-05-16,240098.23,South,Low
POL06325,PRG021,TRT060,2025-01-23,2026-02-22,147800.9,South,Medium
POL06326,PRG007,TRT086,2026-07-21,2027-10-12,101457.39,West,Medium
POL06327,PRG015,TRT067,2025-10-24,2026-12-07,179400.11,North,High
POL06328,PRG025,TRT038,2026-09-07,2027-05-20,303946.97,South,Medium
POL06329,PRG007,TRT075,2025-02-26,2026-02-12,214714.7,East,High
POL06330,PRG005,TRT064,2025-10-07,2026-07-23,142149.05,South,Low
POL06331,PRG005,TRT078,2025-10-11,2026-08-25,143510.46,East,Low
POL06332,PRG006,TRT065,2026-02-11,2027-01-12,468466.14,South,High
POL06333,PRG025,TRT019,2025-12-14,2027-07-24,451322.14,East,Low
POL06334,PRG009,TRT075,2025-07-30,2026-07-01,37870.23,North,Critical
POL06335,PRG009,TRT011,2025-09-25,2027-04-04,350928.18,North,High
POL06336,PRG013,TRT072,2025-06-18,2026-04-04,414176.72,West,Low
POL06337,PRG013,TRT031,2026-08-21,2027-06-27,157183.52,West,Medium
POL06338,PRG015,TRT085,2025-03-19,2026-02-27,189362.25,East,Low
POL06339,PRG005,TRT012,2025-06-10,2026-10-12,22006.79,North,Low
POL06340,PRG005,TRT049,2026-10-02,2028-01-20,142914.33,West,Critical
POL06341,PRG023,TRT015,2025-01-31,2025-10-07,404544.26,South,Medium
POL06342,PRG007,TRT066,2026-06-28,2028-04-29,259420.14,East,High
POL06343,PRG011,TRT077,2026-10-13,2028-02-19,22862.26,East,Critical
POL06344,PRG024,TRT069,2025-05-24,2026-03-23,408053.91,North,Low
POL06345,PRG014,TRT042,2025-06-26,2026-09-09,48671.69,North,Low
POL06346,PRG025,TRT044,2025-10-03,2027-06-18,56203.72,North,Medium
POL06347,PRG011,TRT006,2026-09-17,2027-06-18,250686.23,North,Medium
POL06348,PRG018,TRT025,2026-11-27,2027-07-11,46347.59,East,Medium
POL06349,PRG014,TRT025,2026-03-06,2027-01-25,115346.7,East,Medium
POL06350,PRG019,TRT063,2026-10-03,2027-07-28,186052.14,South,Low
POL06351,PRG008,TRT096,2025-12-29,2027-12-26,221340.24,North,Medium
POL06352,PRG004,TRT025,2025-09-04,2027-04-20,204965.67,North,High
POL06353,PRG005,TRT011,2025-09-19,2027-07-11,184179.58,West,Low
POL06354,PRG004,TRT026,2026-07-29,2027-09-16,203970.97,West,Low
POL06355,PRG001,TRT088,2025-01-07,2025-10-31,221578.06,West,Low
POL06356,PRG006,TRT031,2025-02-18,2026-12-23,397668.08,East,Medium
POL06357,PRG006,TRT073,2025-06-09,2026-08-30,302558.23,South,Low
POL06358,PRG025,TRT077,2026-08-12,2028-03-09,133204.5,West,Critical
POL06359,PRG017,TRT046,2025-01-19,2026-11-15,493672.52,North,Medium
POL06360,PRG009,TRT015,2026-11-07,2027-11-27,308296.31,East,Medium
POL06361,PRG008,TRT014,2025-10-08,2027-07-19,163386.95,West,Low
POL06362,PRG006,TRT057,2026-03-10,2026-10-28,455228.38,East,Medium
POL06363,PRG011,TRT055,2025-03-23,2025-10-22,82046.02,North,Critical
POL06364,PRG002,TRT021,2026-03-05,2027-05-05,138947.2,West,High
POL06365,PRG021,TRT019,2025-08-03,2026-05-21,43735.46,West,High
POL06366,PRG002,TRT082,2026-04-15,2027-06-09,452121.03,West,Critical
POL06367,PRG008,TRT046,2026-04-19,2027-09-01,435818.02,West,Medium
POL06368,PRG006,TRT014,2026-04-15,2027-10-06,144876.21,West,High
POL06369,PRG015,TRT066,2026-12-16,2027-11-21,278168.16,East,High
POL06370,PRG009,TRT039,2026-05-28,2027-09-20,293718.62,East,Low
POL06371,PRG017,TRT015,2025-11-09,2026-10-30,81328.06,North,Medium
POL06372,PRG018,TRT030,2026-09-20,2027-10-18,329078.48,South,High
POL06373,PRG020,TRT076,2026-01-23,2026-08-14,319781.49,East,Medium
POL06374,PRG021,TRT046,2026-01-23,2027-07-05,417731.43,North,Low
POL06375,PRG018,TRT072,2025-01-20,2026-11-23,49693.89,West,Medium
POL06376,PRG023,TRT027,2025-01-15,2026-09-05,111954.95,South,High
POL06377,PRG005,TRT070,2025-06-03,2026-09-06,282261.95,West,Critical
POL06378,PRG024,TRT078,2025-03-30,2025-11-06,89989.56,East,Critical
POL06379,PRG016,TRT087,2025-04-22,2026-05-27,241337.16,South,Low
POL06380,PRG006,TRT065,2026-02-25,2026-09-03,231205.34,East,Low
POL06381,PRG020,TRT029,2026-02-24,2028-01-19,464647.4,West,High
POL06382,PRG006,TRT098,2026-03-10,2027-12-10,384800.14,East,High
POL06383,PRG017,TRT029,2025-07-04,2026-02-08,322116.38,East,High
POL06384,PRG020,TRT100,2025-09-18,2026-06-23,211758.97,South,Critical
POL06385,PRG017,TRT060,2025-11-04,2027-02-25,98356.46,East,Critical
POL06386,PRG022,TRT022,2026-04-04,2027-03-18,223965.13,South,Critical
POL06387,PRG009,TRT019,2025-03-31,2026-04-30,160503.24,East,Medium
POL06388,PRG008,TRT084,2026-04-13,2027-10-03,82681.18,South,Medium
POL06389,PRG020,TRT074,2025-05-05,2025-12-01,328246.4,South,Low
POL06390,PRG007,TRT027,2025-09-21,2027-04-09,339477.69,South,Medium
POL06391,PRG014,TRT045,2026-05-01,2027-02-16,271969.39,East,High
POL06392,PRG020,TRT023,2025-09-13,2026-11-19,124365.92,South,Medium
POL06393,PRG021,TRT091,2025-10-20,2027-08-23,438603.41,South,Low
POL06394,PRG009,TRT089,2026-12-09,2028-04-16,111858.15,South,Medium
POL06395,PRG025,TRT032,2025-08-17,2026-10-04,332115.7,North,Critical
POL06396,PRG021,TRT042,2026-09-24,2027-10-14,424331.17,South,High
POL06397,PRG001,TRT017,2026-10-08,2027-04-24,14484.0,South,Critical
POL06398,PRG023,TRT043,2025-04-17,2027-04-05,498068.66,East,High
POL06399,PRG002,TRT088,2026-04-18,2028-01-30,47488.04,South,High
POL06400,PRG020,TRT077,2025-04-10,2026-08-13,164958.09,West,Medium
POL06401,PRG021,TRT090,2026-04-20,2027-09-28,484591.56,West,Critical
POL06402,PRG012,TRT006,2025-06-02,2025-12-13,84336.65,South,Medium
POL06403,PRG023,TRT018,2025-05-05,2025-11-10,79750.02,South,High
POL06404,PRG008,TRT029,2025-11-27,2027-04-28,312491.28,South,Medium
POL06405,PRG024,TRT085,2025-09-10,2027-02-26,235436.08,East,Critical
POL06406,PRG012,TRT097,2026-02-23,2027-02-07,252564.18,West,Low
POL06407,PRG012,TRT051,2026-02-26,2027-01-15,106431.54,North,Low
POL06408,PRG019,TRT069,2025-04-24,2026-05-28,215091.57,South,Medium
POL06409,PRG001,TRT041,2026-06-19,2027-03-12,411157.07,North,Medium
POL06410,PRG008,TRT003,2026-10-23,2028-06-06,364807.66,South,Critical
POL06411,PRG001,TRT012,2026-11-16,2027-05-19,305866.76,West,Critical
POL06412,PRG012,TRT067,2026-03-29,2028-03-23,383142.16,West,Medium
POL06413,PRG002,TRT005,2026-06-02,2028-03-02,479153.17,East,Critical
POL06414,PRG009,TRT046,2025-01-11,2026-08-24,338914.13,South,High
POL06415,PRG007,TRT035,2026-04-23,2028-01-30,287110.15,East,Critical
POL06416,PRG022,TRT078,2025-05-05,2025-11-07,109247.72,East,Medium
POL06417,PRG008,TRT043,2026-07-22,2027-06-12,468861.7,North,High
POL06418,PRG003,TRT100,2025-01-14,2025-07-28,140289.24,West,Medium
POL06419,PRG024,TRT040,2025-09-29,2027-01-28,71965.76,South,Critical
POL06420,PRG017,TRT078,2025-01-27,2025-12-03,394239.25,North,Medium
POL06421,PRG007,TRT094,2026-03-12,2027-01-11,289487.6,West,Medium
POL06422,PRG002,TRT028,2026-06-17,2027-05-11,118057.95,North,Critical
POL06423,PRG007,TRT091,2025-12-18,2026-07-14,344768.83,South,Medium
POL06424,PRG009,TRT060,2026-05-21,2027-06-16,415481.48,East,Medium
POL06425,PRG012,TRT003,2026-09-04,2028-06-04,293183.27,West,Critical
POL06426,PRG012,TRT046,2026-02-27,2027-09-19,53015.73,West,High
POL06427,PRG012,TRT046,2025-11-24,2027-08-13,163291.71,South,High
POL06428,PRG008,TRT011,2026-07-14,2027-02-11,353587.1,East,Critical
POL06429,PRG022,TRT002,2025-07-09,2027-06-01,142244.41,South,Critical
POL06430,PRG012,TRT063,2026-07-26,2027-02-02,350880.18,South,High
POL06431,PRG012,TRT041,2026-07-01,2027-10-13,63994.62,North,Medium
POL06432,PRG024,TRT074,2026-06-19,2028-03-09,34321.12,West,Low
POL06433,PRG007,TRT012,2026-07-06,2028-01-10,231085.96,West,High
POL06434,PRG005,TRT031,2026-01-19,2027-10-19,155096.67,South,Low
POL06435,PRG020,TRT084,2025-01-10,2025-10-20,435018.38,South,Medium
POL06436,PRG019,TRT011,2026-10-12,2027-11-02,170314.35,North,Medium
POL06437,PRG014,TRT048,2026-10-26,2028-04-23,35346.32,East,Medium
POL06438,PRG001,TRT027,2026-09-30,2027-05-18,177629.14,North,High
POL06439,PRG011,TRT090,2025-09-11,2026-08-29,410694.25,North,High
POL06440,PRG018,TRT052,2025-09-14,2027-02-20,415011.05,South,Critical
POL06441,PRG001,TRT093,2025-10-13,2026-06-22,104445.51,South,Medium
POL06442,PRG008,TRT021,2026-01-10,2027-09-02,488224.88,North,Medium
POL06443,PRG002,TRT025,2025-03-24,2026-05-11,243279.46,North,Medium
POL06444,PRG013,TRT087,2026-11-04,2027-08-30,48822.96,North,Critical
POL06445,PRG004,TRT096,2025-04-27,2025-12-27,359324.16,North,Medium
POL06446,PRG003,TRT096,2026-05-08,2028-02-18,213803.42,North,Low
POL06447,PRG022,TRT045,2025-10-13,2027-07-24,175771.96,South,Medium
POL06448,PRG025,TRT096,2025-11-07,2027-02-08,177429.66,South,Low
POL06449,PRG002,TRT028,2025-07-17,2026-09-24,5825.79,South,Medium
POL06450,PRG008,TRT032,2026-07-22,2028-01-22,114189.31,West,Critical
POL06451,PRG010,TRT049,2025-01-12,2026-02-04,400301.18,North,Critical
POL06452,PRG009,TRT089,2026-08-08,2027-06-27,154045.17,South,Medium
POL06453,PRG007,TRT045,2025-08-11,2027-06-17,473615.11,North,High
POL06454,PRG011,TRT007,2025-10-15,2026-04-26,224791.54,North,High
POL06455,PRG005,TRT044,2026-08-11,2028-01-27,417457.16,East,High
POL06456,PRG016,TRT071,2025-01-08,2025-12-05,118187.08,North,Critical
POL06457,PRG022,TRT093,2026-11-17,2028-01-20,179983.13,North,Medium
POL06458,PRG022,TRT012,2026-07-17,2027-10-05,408442.98,South,Critical
POL06459,PRG001,TRT021,2026-03-18,2027-01-27,320642.33,East,Low
POL06460,PRG023,TRT071,2025-02-10,2025-08-27,363622.06,North,Critical
POL06461,PRG007,TRT036,2026-10-12,2027-10-27,273766.64,North,Medium
POL06462,PRG012,TRT009,2026-03-16,2027-05-31,330642.63,North,Medium
POL06463,PRG013,TRT044,2026-06-19,2027-07-25,359836.12,West,Critical
POL06464,PRG002,TRT011,2025-09-03,2027-02-28,408261.67,West,Medium
POL06465,PRG004,TRT050,2026-02-09,2026-12-08,425966.58,South,Critical
POL06466,PRG006,TRT051,2025-08-13,2026-11-04,254318.38,South,Low
POL06467,PRG001,TRT076,2026-01-13,2027-05-11,451353.19,East,Low
POL06468,PRG025,TRT082,2025-04-15,2027-01-22,260999.0,South,Medium
POL06469,PRG007,TRT030,2025-10-23,2027-09-22,232127.76,East,Medium
POL06470,PRG001,TRT023,2026-02-06,2027-01-24,342726.88,West,Critical
POL06471,PRG008,TRT066,2026-12-01,2028-05-16,417865.05,North,Medium
POL06472,PRG013,TRT024,2025-05-06,2026-11-20,290081.2,East,Low
POL06473,PRG010,TRT024,2025-06-14,2026-11-03,392116.95,North,High
POL06474,PRG025,TRT006,2026-05-26,2028-05-11,319002.99,East,Medium
POL06475,PRG006,TRT072,2026-04-08,2027-11-28,139342.59,East,Low
POL06476,PRG010,TRT064,2025-01-15,2027-01-05,424578.79,South,Low
POL06477,PRG018,TRT072,2025-07-23,2027-03-03,456664.1,South,High
POL06478,PRG003,TRT051,2025-07-12,2027-06-28,246144.09,North,Critical
POL06479,PRG001,TRT028,2025-02-23,2026-07-28,400427.99,West,High
POL06480,PRG015,TRT065,2025-05-06,2026-03-17,212883.36,West,Low
POL06481,PRG024,TRT027,2025-11-10,2027-03-27,19948.09,West,High
POL06482,PRG003,TRT080,2025-12-13,2026-09-19,93924.31,East,Critical
POL06483,PRG002,TRT006,2025-02-17,2026-04-18,130190.88,North,High
POL06484,PRG010,TRT090,2026-05-20,2027-03-09,27747.62,North,Low
POL06485,PRG015,TRT087,2026-01-29,2028-01-03,446131.62,South,Critical
POL06486,PRG016,TRT093,2026-06-22,2027-01-24,87594.74,South,Low
POL06487,PRG001,TRT046,2025-03-24,2027-01-27,369283.38,South,Medium
POL06488,PRG022,TRT039,2026-06-30,2027-09-11,68502.24,West,Low
POL06489,PRG024,TRT065,2026-02-08,2027-04-07,93861.84,West,Critical
POL06490,PRG014,TRT064,2026-10-19,2028-05-06,129362.88,North,High
POL06491,PRG011,TRT034,2026-12-27,2027-08-03,254828.5,East,High
POL06492,PRG012,TRT069,2025-07-31,2027-06-07,292355.55,South,High
POL06493,PRG014,TRT055,2026-05-07,2027-03-14,437706.23,West,Low
POL06494,PRG014,TRT063,2026-01-25,2027-07-04,43438.9,West,Low
POL06495,PRG025,TRT013,2025-08-12,2027-03-17,473043.3,West,Critical
POL06496,PRG018,TRT093,2025-07-19,2026-09-24,32726.3,West,Medium
POL06497,PRG015,TRT023,2026-11-14,2027-05-15,148923.9,East,Medium
POL06498,PRG012,TRT054,2026-01-01,2027-12-30,452191.31,East,Critical
POL06499,PRG025,TRT088,2026-06-07,2027-03-18,174202.29,West,Low
POL06500,PRG017,TRT026,2026-08-12,2028-01-03,101090.45,East,Critical
POL06501,PRG022,TRT048,2026-12-18,2028-05-05,324234.52,North,Medium
POL06502,PRG001,TRT095,2025-03-13,2025-10-09,428381.3,East,High
POL06503,PRG017,TRT023,2025-12-19,2027-01-16,309950.1,North,Medium
POL06504,PRG019,TRT006,2025-11-14,2026-07-24,181079.3,East,Medium
POL06505,PRG018,TRT100,2025-01-25,2025-08-03,7531.13,North,High
POL06506,PRG001,TRT021,2026-06-30,2027-03-13,441683.5,South,High
POL06507,PRG009,TRT080,2026-03-19,2027-10-02,321313.0,South,Critical
POL06508,PRG003,TRT055,2026-04-20,2028-01-28,66520.75,South,Critical
POL06509,PRG002,TRT067,2026-10-07,2028-01-06,192931.46,West,Low
POL06510,PRG006,TRT045,2025-08-12,2027-02-10,39581.61,West,Critical
POL06511,PRG024,TRT073,2025-05-09,2026-12-09,303397.12,East,Low
POL06512,PRG019,TRT019,2025-12-30,2027-09-06,103686.56,West,Low
POL06513,PRG013,TRT005,2026-07-12,2027-01-21,267176.5,West,High
POL06514,PRG002,TRT068,2025-11-09,2026-11-03,131811.07,East,Medium
POL06515,PRG014,TRT044,2026-05-09,2027-05-17,258938.61,North,Low
POL06516,PRG008,TRT066,2026-03-24,2027-03-29,423222.11,North,Critical
POL06517,PRG006,TRT082,2026-10-30,2028-09-09,431661.23,East,Low
POL06518,PRG015,TRT096,2025-01-12,2026-01-19,349425.74,East,High
POL06519,PRG007,TRT031,2026-08-30,2028-07-26,165721.05,East,Critical
POL06520,PRG012,TRT047,2026-06-06,2027-03-19,431796.77,South,Medium
POL06521,PRG008,TRT079,2025-11-06,2026-10-27,187523.96,South,Medium
POL06522,PRG001,TRT011,2025-01-06,2026-09-07,445897.43,South,Low
POL06523,PRG015,TRT068,2025-05-02,2026-12-22,101319.3,North,High
POL06524,PRG022,TRT094,2026-02-20,2027-09-02,160283.31,West,Low
POL06525,PRG019,TRT075,2025-07-02,2026-11-22,483249.26,East,High
POL06526,PRG001,TRT009,2025-12-22,2027-01-07,369948.53,East,Critical
POL06527,PRG018,TRT054,2025-06-07,2026-09-07,41886.83,North,Low
POL06528,PRG019,TRT037,2025-03-30,2026-04-12,207682.51,North,Low
POL06529,PRG016,TRT042,2025-06-26,2027-06-01,275725.4,South,High
POL06530,PRG009,TRT058,2026-09-17,2027-09-15,152117.85,West,High
POL06531,PRG014,TRT072,2026-05-21,2027-11-08,321708.79,North,Low
POL06532,PRG017,TRT006,2025-05-18,2026-07-10,370020.72,South,Critical
POL06533,PRG025,TRT097,2026-03-03,2027-08-22,55028.27,West,Low
POL06534,PRG018,TRT098,2026-01-06,2026-09-03,294714.67,West,Medium
POL06535,PRG018,TRT090,2025-05-11,2026-11-17,90674.41,South,Critical
POL06536,PRG015,TRT025,2026-02-16,2027-05-14,359121.4,South,Low
POL06537,PRG025,TRT096,2026-08-14,2027-09-25,409580.04,East,Medium
POL06538,PRG023,TRT077,2026-12-10,2027-07-03,277977.75,North,Medium
POL06539,PRG025,TRT065,2027-01-01,2027-07-08,413931.8,West,Critical
POL06540,PRG012,TRT045,2026-12-07,2028-05-06,492388.27,South,High
POL06541,PRG003,TRT052,2026-01-29,2027-08-03,136524.8,South,Critical
POL06542,PRG010,TRT033,2025-03-20,2026-04-10,131599.32,South,High
POL06543,PRG011,TRT014,2025-05-26,2027-01-13,254777.15,West,Medium
POL06544,PRG009,TRT004,2025-06-13,2027-01-24,427726.59,South,High
POL06545,PRG018,TRT088,2025-11-22,2027-01-07,441292.03,South,Critical
POL06546,PRG011,TRT052,2025-05-31,2026-10-13,133780.42,South,Critical
POL06547,PRG017,TRT098,2026-03-19,2026-12-03,442472.19,East,Low
POL06548,PRG011,TRT061,2026-08-19,2027-11-04,174250.49,South,Medium
POL06549,PRG012,TRT076,2025-07-05,2026-10-29,24184.89,North,Low
POL06550,PRG016,TRT096,2025-08-29,2027-03-11,33445.82,South,Low
POL06551,PRG025,TRT091,2025-12-09,2026-09-25,240230.84,South,High
POL06552,PRG013,TRT080,2026-08-19,2027-03-20,339544.35,North,Low
POL06553,PRG021,TRT069,2026-07-02,2027-06-03,364622.63,North,Critical
POL06554,PRG004,TRT055,2025-11-26,2026-07-19,221099.92,West,Medium
POL06555,PRG012,TRT002,2026-08-22,2027-08-08,108023.31,West,High
POL06556,PRG013,TRT015,2025-12-29,2027-05-14,101990.95,West,High
POL06557,PRG008,TRT033,2025-01-23,2026-09-22,259619.43,North,High
POL06558,PRG023,TRT079,2025-04-24,2026-02-17,200653.13,West,Critical
POL06559,PRG021,TRT047,2026-06-13,2026-12-14,375117.0,North,Low
POL06560,PRG019,TRT028,2025-09-04,2026-05-13,414062.2,North,High
POL06561,PRG003,TRT061,2025-07-18,2026-01-24,124511.86,West,Critical
POL06562,PRG012,TRT068,2026-03-09,2026-10-19,87758.39,East,Critical
POL06563,PRG021,TRT091,2026-03-26,2027-11-06,298469.37,North,Medium
POL06564,PRG019,TRT001,2025-11-08,2027-07-24,44134.68,West,Medium
POL06565,PRG008,TRT072,2025-11-23,2026-09-13,361526.52,North,Critical
POL06566,PRG025,TRT055,2025-01-04,2025-12-03,374302.66,West,Critical
POL06567,PRG001,TRT067,2025-01-03,2026-06-01,257967.96,North,Medium
POL06568,PRG015,TRT030,2026-08-31,2027-06-12,223434.03,East,High
POL06569,PRG011,TRT085,2025-07-10,2026-09-13,419930.0,East,Medium
POL06570,PRG010,TRT081,2025-01-03,2026-10-12,247042.18,East,Low
POL06571,PRG017,TRT049,2026-05-12,2028-01-13,491448.7,North,Critical
POL06572,PRG021,TRT060,2026-01-29,2027-03-13,46781.31,North,Low
POL06573,PRG017,TRT052,2025-06-08,2027-05-23,416002.56,East,Low
POL06574,PRG020,TRT063,2026-10-26,2028-01-10,438511.32,East,Critical
POL06575,PRG002,TRT058,2025-07-30,2026-03-07,75388.02,West,Medium
POL06576,PRG017,TRT043,2025-04-14,2026-11-26,439857.06,West,Medium
POL06577,PRG022,TRT053,2026-04-15,2027-02-19,202974.35,South,Low
POL06578,PRG011,TRT077,2026-09-13,2028-07-09,114849.87,South,High
POL06579,PRG007,TRT064,2026-07-14,2027-10-26,407191.07,East,High
POL06580,PRG002,TRT046,2026-03-28,2026-11-23,182030.41,East,Medium
POL06581,PRG010,TRT100,2025-03-13,2025-10-18,116188.75,South,Critical
POL06582,PRG025,TRT095,2026-02-02,2027-11-27,131397.4,North,Medium
POL06583,PRG015,TRT070,2025-06-07,2026-12-06,103485.98,North,High
POL06584,PRG014,TRT085,2026-10-30,2028-04-04,160899.15,South,High
POL06585,PRG025,TRT062,2026-09-26,2028-09-21,72156.79,East,Critical
POL06586,PRG022,TRT069,2026-10-29,2028-05-01,182457.55,South,Low
POL06587,PRG008,TRT051,2026-03-03,2027-11-21,48958.47,North,Critical
POL06588,PRG020,TRT041,2026-07-02,2028-06-03,405372.95,East,Critical
POL06589,PRG012,TRT098,2026-06-02,2027-02-13,250139.42,East,Critical
POL06590,PRG010,TRT085,2025-09-11,2026-03-17,37431.47,North,Medium
POL06591,PRG019,TRT002,2026-04-21,2027-08-21,270236.63,East,Low
POL06592,PRG022,TRT008,2025-07-06,2026-10-19,200065.77,South,Low
POL06593,PRG011,TRT075,2026-02-15,2027-07-05,197759.73,East,Medium
POL06594,PRG016,TRT093,2026-03-02,2027-08-18,171284.36,West,Medium
POL06595,PRG022,TRT026,2026-01-07,2026-10-29,473040.43,West,High
POL06596,PRG002,TRT038,2026-12-11,2028-04-26,435506.58,East,Medium
POL06597,PRG009,TRT047,2025-04-07,2026-07-16,304869.5,East,Medium
POL06598,PRG003,TRT088,2025-09-01,2027-02-04,201025.77,North,High
POL06599,PRG018,TRT060,2026-11-29,2027-07-11,384450.74,East,Medium
POL06600,PRG013,TRT071,2025-07-13,2027-03-09,414914.56,North,High
POL06601,PRG019,TRT049,2026-11-11,2028-11-04,355934.99,South,High
POL06602,PRG012,TRT099,2025-07-11,2026-10-26,104405.72,South,Critical
POL06603,PRG015,TRT087,2026-12-04,2028-08-09,430018.56,West,Medium
POL06604,PRG021,TRT049,2025-10-08,2027-04-26,305036.45,North,High
POL06605,PRG015,TRT099,2025-03-04,2025-09-11,108213.67,South,Medium
POL06606,PRG004,TRT004,2026-11-05,2028-06-24,396012.24,West,Low
POL06607,PRG017,TRT033,2026-12-13,2028-05-10,360060.11,East,Medium
POL06608,PRG011,TRT052,2026-02-22,2026-12-18,183150.58,North,High
POL06609,PRG007,TRT088,2026-08-09,2027-03-28,312480.82,South,High
POL06610,PRG022,TRT020,2025-07-09,2027-05-02,22413.17,South,High
POL06611,PRG012,TRT065,2026-06-03,2027-09-21,403709.79,East,Medium
POL06612,PRG021,TRT027,2025-09-22,2027-08-26,129306.89,South,High
POL06613,PRG023,TRT058,2025-07-29,2026-07-21,57590.2,North,Medium
POL06614,PRG021,TRT016,2026-05-09,2027-02-18,464437.42,North,Medium
POL06615,PRG012,TRT074,2026-12-24,2027-12-05,439211.34,South,Medium
POL06616,PRG009,TRT046,2025-12-31,2026-10-09,427811.49,West,Critical
POL06617,PRG009,TRT093,2026-03-19,2028-01-25,246795.81,West,Critical
POL06618,PRG016,TRT030,2026-09-11,2027-05-08,255816.26,West,Critical
POL06619,PRG005,TRT007,2026-12-08,2028-06-20,495691.15,West,Critical
POL06620,PRG020,TRT099,2026-09-24,2027-09-08,174175.16,West,Critical
POL06621,PRG003,TRT070,2026-05-16,2026-11-26,164422.91,East,Medium
POL06622,PRG004,TRT091,2025-05-08,2026-06-28,448403.72,East,Low
POL06623,PRG021,TRT004,2025-02-10,2026-03-30,201633.65,North,Critical
POL06624,PRG010,TRT058,2026-02-18,2028-02-14,253466.82,North,High
POL06625,PRG003,TRT024,2026-11-14,2027-10-18,109443.93,North,High
POL06626,PRG018,TRT079,2026-08-23,2028-06-28,463827.3,West,Low
POL06627,PRG016,TRT093,2025-10-28,2027-07-26,491540.91,South,Critical
POL06628,PRG019,TRT082,2026-11-14,2027-05-22,228761.29,East,Medium
POL06629,PRG008,TRT040,2025-12-07,2026-09-03,168057.25,North,Medium
POL06630,PRG013,TRT020,2026-11-03,2027-06-06,43947.09,South,Critical
POL06631,PRG019,TRT080,2026-09-18,2028-04-16,35244.58,East,Low
POL06632,PRG018,TRT058,2025-07-14,2027-01-17,325102.49,South,Low
POL06633,PRG008,TRT001,2025-02-26,2026-09-09,412524.16,South,High
POL06634,PRG001,TRT050,2025-07-10,2027-03-20,180608.58,North,Critical
POL06635,PRG001,TRT059,2026-07-05,2027-02-21,290661.15,West,Medium
POL06636,PRG008,TRT043,2025-05-21,2026-03-17,136724.5,East,Critical
POL06637,PRG019,TRT027,2026-06-23,2027-11-20,232746.83,South,Critical
POL06638,PRG008,TRT047,2026-12-21,2027-07-21,243527.29,North,High
POL06639,PRG001,TRT008,2025-01-12,2025-09-30,299448.87,East,Critical
POL06640,PRG022,TRT078,2025-04-29,2026-11-03,212428.06,West,Medium
POL06641,PRG023,TRT057,2025-07-31,2026-11-16,284484.93,North,High
POL06642,PRG023,TRT025,2026-04-25,2026-11-24,462584.35,West,High
POL06643,PRG002,TRT061,2025-04-07,2025-10-10,152085.54,South,High
POL06644,PRG020,TRT035,2025-04-22,2027-02-22,467657.65,West,Low
POL06645,PRG015,TRT022,2026-04-13,2027-11-19,330794.5,West,Critical
POL06646,PRG004,TRT025,2025-08-30,2026-12-25,446701.21,South,Critical
POL06647,PRG002,TRT096,2025-06-09,2026-11-22,472257.64,East,Low
POL06648,PRG008,TRT061,2025-07-19,2026-11-18,103741.1,West,Low
POL06649,PRG021,TRT096,2025-06-20,2027-02-07,332722.11,West,Low
POL06650,PRG009,TRT072,2026-11-26,2028-01-18,11500.72,North,Medium
POL06651,PRG019,TRT019,2025-09-30,2027-05-13,294670.88,West,Critical
POL06652,PRG001,TRT012,2026-12-28,2028-03-15,328551.4,South,Critical
POL06653,PRG008,TRT014,2025-08-02,2026-09-23,227677.5,South,High
POL06654,PRG009,TRT018,2026-07-08,2027-08-22,36789.05,North,Low
POL06655,PRG006,TRT091,2025-02-19,2026-03-02,85528.39,West,Critical
POL06656,PRG009,TRT017,2025-03-17,2025-10-03,402773.16,East,High
POL06657,PRG017,TRT099,2025-12-03,2027-05-04,295658.49,West,High
POL06658,PRG003,TRT076,2025-10-03,2026-10-01,154595.36,West,High
POL06659,PRG009,TRT009,2026-07-10,2027-11-27,224586.43,West,Medium
POL06660,PRG019,TRT097,2026-03-18,2027-01-05,480620.51,East,Critical
POL06661,PRG012,TRT030,2026-01-03,2027-08-07,155699.76,East,High
POL06662,PRG006,TRT069,2025-04-01,2026-01-18,330803.97,West,Low
POL06663,PRG024,TRT093,2026-04-27,2026-10-24,397394.86,North,Medium
POL06664,PRG020,TRT065,2026-10-18,2027-11-29,381132.81,East,High
POL06665,PRG002,TRT089,2026-04-12,2027-12-17,63866.27,East,Low
POL06666,PRG011,TRT100,2025-08-30,2026-08-29,111978.74,North,Medium
POL06667,PRG015,TRT065,2025-06-16,2026-04-07,78344.31,South,Medium
POL06668,PRG017,TRT032,2025-11-05,2027-06-09,228945.05,West,Medium
POL06669,PRG017,TRT011,2025-07-15,2026-08-10,274904.23,West,Critical
POL06670,PRG013,TRT087,2026-09-06,2028-03-21,209989.24,West,Critical
POL06671,PRG011,TRT060,2025-06-11,2027-03-02,478095.82,West,Critical
POL06672,PRG019,TRT032,2026-07-10,2028-02-24,122085.87,South,Medium
POL06673,PRG025,TRT020,2025-12-21,2027-08-02,207584.44,South,High
POL06674,PRG022,TRT088,2026-08-05,2027-04-13,150506.62,East,Critical
POL06675,PRG002,TRT018,2026-06-18,2027-03-05,289534.46,North,Critical
POL06676,PRG009,TRT033,2026-05-04,2028-02-26,442303.75,East,Medium
POL06677,PRG018,TRT019,2025-09-23,2026-09-28,310849.93,West,Low
POL06678,PRG001,TRT013,2025-09-01,2026-06-15,70891.98,North,Low
POL06679,PRG021,TRT014,2025-01-24,2025-09-10,314756.55,North,Critical
POL06680,PRG016,TRT047,2026-12-09,2027-11-23,367279.64,West,Low
POL06681,PRG020,TRT035,2026-03-30,2027-05-18,141159.84,East,Critical
POL06682,PRG008,TRT004,2025-01-21,2026-11-11,430426.86,South,Low
POL06683,PRG020,TRT068,2025-02-15,2025-10-05,272316.6,West,High
POL06684,PRG022,TRT068,2026-07-12,2028-01-31,167465.34,East,High
POL06685,PRG007,TRT090,2025-01-03,2026-01-15,23986.63,East,Critical
POL06686,PRG011,TRT085,2026-12-12,2028-05-20,132295.9,East,Medium
POL06687,PRG014,TRT090,2026-06-05,2028-04-16,444244.9,West,Medium
POL06688,PRG025,TRT014,2026-11-09,2028-07-30,459227.21,North,High
POL06689,PRG019,TRT070,2025-09-08,2026-06-10,262618.54,East,Critical
POL06690,PRG006,TRT068,2025-01-29,2027-01-09,285314.68,West,High
POL06691,PRG007,TRT038,2025-09-16,2027-09-05,270260.2,West,Medium
POL06692,PRG017,TRT096,2025-04-09,2025-12-11,5215.25,West,Medium
POL06693,PRG020,TRT094,2026-07-02,2027-10-18,252058.55,North,Medium
POL06694,PRG024,TRT030,2026-10-11,2027-12-26,175495.7,South,Medium
POL06695,PRG001,TRT024,2026-10-30,2027-08-02,484812.99,South,Low
POL06696,PRG009,TRT036,2025-01-04,2025-07-11,17014.96,West,Medium
POL06697,PRG022,TRT074,2026-04-02,2026-12-08,47946.06,North,Critical
POL06698,PRG021,TRT060,2026-04-02,2026-12-02,199798.34,South,Medium
POL06699,PRG017,TRT050,2025-10-06,2026-08-28,458763.88,North,Critical
POL06700,PRG016,TRT036,2026-12-19,2027-08-06,336878.16,East,Low
POL06701,PRG021,TRT015,2026-01-02,2027-10-31,396673.54,West,Critical
POL06702,PRG003,TRT002,2025-11-06,2027-08-06,497897.12,North,Medium
POL06703,PRG008,TRT014,2026-05-12,2026-11-11,147778.96,South,Critical
POL06704,PRG010,TRT029,2026-11-23,2027-06-01,30222.63,South,Critical
POL06705,PRG001,TRT004,2026-03-06,2027-07-10,249950.87,East,Critical
POL06706,PRG015,TRT021,2026-08-18,2028-02-04,147956.49,East,Low
POL06707,PRG002,TRT040,2025-02-17,2026-01-26,364751.18,West,Critical
POL06708,PRG002,TRT031,2025-09-26,2027-06-21,349164.61,South,Critical
POL06709,PRG005,TRT034,2026-07-18,2027-05-12,173602.59,West,Critical
POL06710,PRG008,TRT092,2025-10-06,2026-09-29,344211.21,East,Low
POL06711,PRG002,TRT057,2026-11-12,2027-06-26,440030.54,West,Low
POL06712,PRG003,TRT058,2025-08-24,2026-09-26,192454.57,West,High
POL06713,PRG009,TRT044,2025-09-18,2026-04-23,86428.15,South,Critical
POL06714,PRG002,TRT075,2025-03-08,2027-01-14,148322.56,North,Low
POL06715,PRG021,TRT016,2026-07-18,2027-10-24,320724.32,West,High
POL06716,PRG003,TRT015,2026-07-22,2027-03-11,488393.28,South,Medium
POL06717,PRG017,TRT043,2025-04-15,2027-04-09,298214.58,West,Low
POL06718,PRG010,TRT018,2026-12-28,2028-07-13,498467.54,South,Low
POL06719,PRG023,TRT015,2025-09-28,2027-08-20,159358.63,East,High
POL06720,PRG009,TRT069,2026-06-13,2028-03-26,97798.87,North,Low
POL06721,PRG003,TRT037,2026-12-11,2028-03-11,272004.51,North,Medium
POL06722,PRG003,TRT003,2025-03-17,2026-08-31,408626.0,East,Medium
POL06723,PRG018,TRT089,2026-04-16,2027-10-25,306498.41,West,Low
POL06724,PRG001,TRT049,2025-02-19,2026-06-08,164406.16,West,High
POL06725,PRG014,TRT068,2025-03-10,2026-09-12,403491.02,West,Critical
POL06726,PRG019,TRT070,2025-03-17,2025-12-22,32600.16,South,Low
POL06727,PRG009,TRT025,2026-01-11,2027-10-25,139942.36,South,Critical
POL06728,PRG010,TRT091,2025-08-12,2026-11-24,186569.45,North,High
POL06729,PRG016,TRT022,2025-01-23,2026-02-07,96763.58,West,High
POL06730,PRG015,TRT048,2025-10-10,2027-04-05,325649.04,North,Critical
POL06731,PRG010,TRT001,2025-04-17,2026-09-22,92743.75,West,Critical
POL06732,PRG004,TRT064,2026-12-31,2027-08-27,342193.2,North,Medium
POL06733,PRG018,TRT070,2025-10-15,2026-10-24,329372.73,South,Critical
POL06734,PRG023,TRT053,2025-12-18,2027-05-30,470980.59,West,Critical
POL06735,PRG010,TRT066,2026-09-04,2027-06-03,182036.95,East,High
POL06736,PRG020,TRT028,2026-01-14,2026-12-12,266670.9,East,Low
POL06737,PRG009,TRT077,2026-07-30,2027-12-05,384106.79,East,Low
POL06738,PRG011,TRT062,2026-12-14,2028-04-15,57832.69,South,Critical
POL06739,PRG006,TRT031,2025-10-13,2026-06-21,213535.44,East,Medium
POL06740,PRG016,TRT020,2026-06-15,2027-04-17,199115.94,South,Low
POL06741,PRG018,TRT082,2025-03-14,2026-08-11,313499.94,West,Low
POL06742,PRG016,TRT072,2026-06-24,2027-04-05,387468.18,East,Medium
POL06743,PRG019,TRT057,2025-07-14,2026-05-21,130487.48,South,Critical
POL06744,PRG005,TRT011,2026-08-01,2028-02-01,105427.16,North,High
POL06745,PRG016,TRT055,2026-11-04,2027-11-20,30191.77,East,Low
POL06746,PRG010,TRT025,2026-04-29,2027-06-13,392956.94,South,High
POL06747,PRG014,TRT035,2026-02-23,2027-09-04,487872.62,South,High
POL06748,PRG003,TRT026,2025-08-16,2027-02-17,248211.29,East,Low
POL06749,PRG003,TRT052,2026-03-10,2028-03-04,370213.31,East,High
POL06750,PRG023,TRT016,2026-04-30,2026-12-22,273101.48,West,High
POL06751,PRG003,TRT019,2026-10-17,2028-08-01,359500.35,West,Critical
POL06752,PRG024,TRT002,2025-06-14,2026-11-14,157753.94,West,Medium
POL06753,PRG024,TRT039,2025-06-23,2026-11-24,221905.34,East,High
POL06754,PRG022,TRT085,2025-07-31,2027-05-10,328199.87,South,Critical
POL06755,PRG020,TRT083,2026-08-06,2027-11-06,44995.95,East,Critical
POL06756,PRG007,TRT087,2025-10-18,2026-09-15,331765.23,North,Medium
POL06757,PRG020,TRT074,2025-11-08,2026-10-07,365454.25,South,Critical
POL06758,PRG024,TRT070,2026-08-09,2027-10-13,348443.38,West,High
POL06759,PRG017,TRT076,2025-09-23,2026-11-22,309703.78,South,Critical
POL06760,PRG005,TRT055,2026-01-28,2026-09-15,321100.76,South,Low
POL06761,PRG021,TRT060,2025-09-29,2026-04-19,365953.45,North,Low
POL06762,PRG015,TRT024,2026-01-15,2026-10-01,115164.5,North,High
POL06763,PRG020,TRT067,2026-07-15,2028-01-04,262454.32,West,High
POL06764,PRG021,TRT073,2025-11-29,2026-11-22,424224.09,North,Medium
POL06765,PRG004,TRT095,2025-12-18,2027-07-02,239727.94,South,Medium
POL06766,PRG022,TRT032,2026-06-19,2027-10-11,376560.62,West,Low
POL06767,PRG016,TRT048,2026-08-03,2028-03-15,272832.04,North,High
POL06768,PRG011,TRT014,2025-01-22,2026-02-16,380537.64,East,Critical
POL06769,PRG009,TRT036,2025-06-06,2026-04-23,144943.74,East,Low
POL06770,PRG016,TRT012,2026-02-06,2027-10-18,72036.04,West,Medium
POL06771,PRG021,TRT009,2026-10-24,2027-05-31,47245.96,North,Critical
POL06772,PRG008,TRT013,2026-07-05,2027-02-16,463145.33,South,Low
POL06773,PRG021,TRT079,2026-09-14,2028-08-15,425531.56,West,High
POL06774,PRG018,TRT073,2026-06-14,2028-01-10,96608.71,East,Critical
POL06775,PRG023,TRT033,2026-07-27,2027-03-14,438199.04,North,Medium
POL06776,PRG013,TRT037,2025-06-21,2026-05-22,466501.29,West,High
POL06777,PRG003,TRT026,2025-02-15,2026-11-17,29889.64,South,High
POL06778,PRG003,TRT040,2025-02-28,2026-03-06,239587.35,East,Critical
POL06779,PRG023,TRT075,2026-11-07,2027-12-18,383669.98,East,High
POL06780,PRG016,TRT062,2025-01-14,2025-11-01,498406.83,West,Critical
POL06781,PRG001,TRT003,2025-03-22,2026-09-18,32669.83,North,Critical
POL06782,PRG012,TRT028,2025-02-25,2025-09-01,465070.58,North,High
POL06783,PRG022,TRT020,2025-04-01,2025-11-26,462056.09,West,Critical
POL06784,PRG002,TRT038,2025-08-20,2027-03-29,486196.08,South,Critical
POL06785,PRG018,TRT086,2026-07-29,2028-02-29,138370.14,West,Medium
POL06786,PRG015,TRT002,2025-12-07,2027-08-16,68663.52,South,Low
POL06787,PRG011,TRT035,2026-04-13,2027-01-13,107286.75,South,High
POL06788,PRG024,TRT020,2026-12-27,2028-07-11,445888.66,West,Medium
POL06789,PRG005,TRT002,2025-07-05,2026-05-15,256471.19,East,Medium
POL06790,PRG016,TRT015,2026-04-12,2028-03-13,398256.37,East,High
POL06791,PRG022,TRT047,2026-09-12,2028-01-05,166915.1,East,High
POL06792,PRG010,TRT037,2026-01-29,2027-06-27,277771.41,North,Low
POL06793,PRG008,TRT050,2025-02-20,2025-10-26,141132.77,North,Critical
POL06794,PRG014,TRT002,2025-12-23,2027-05-07,158314.67,South,High
POL06795,PRG001,TRT007,2025-09-30,2026-10-20,150452.33,South,Low
POL06796,PRG020,TRT028,2026-11-21,2028-09-25,202375.32,South,High
POL06797,PRG007,TRT066,2026-07-06,2028-01-27,486366.87,North,Critical
POL06798,PRG022,TRT015,2026-09-24,2027-11-24,477418.12,West,High
POL06799,PRG021,TRT046,2026-10-22,2028-02-02,380848.56,West,Low
POL06800,PRG005,TRT078,2025-04-24,2025-12-16,307902.34,West,High
POL06801,PRG024,TRT034,2025-03-28,2026-11-27,303978.58,East,Low
POL06802,PRG013,TRT036,2026-07-03,2027-11-02,369627.79,East,Critical
POL06803,PRG008,TRT002,2025-05-17,2026-10-21,73600.41,South,High
POL06804,PRG018,TRT004,2026-01-03,2027-05-19,86278.76,North,High
POL06805,PRG022,TRT092,2025-06-05,2027-05-07,32191.59,East,Critical
POL06806,PRG003,TRT024,2026-05-22,2027-01-08,306236.61,North,High
POL06807,PRG015,TRT052,2025-09-17,2026-10-12,418972.87,West,Medium
POL06808,PRG023,TRT044,2026-09-19,2028-09-16,348842.09,North,High
POL06809,PRG002,TRT044,2026-02-13,2027-08-27,234102.14,North,Low
POL06810,PRG004,TRT073,2025-12-04,2027-06-05,446701.81,South,Critical
POL06811,PRG021,TRT027,2026-12-06,2027-11-23,276612.66,North,High
POL06812,PRG007,TRT063,2026-01-28,2027-04-05,280458.54,West,Medium
POL06813,PRG013,TRT079,2026-10-04,2027-04-30,242364.81,North,High
POL06814,PRG006,TRT052,2025-10-31,2026-06-09,113841.1,West,Medium
POL06815,PRG008,TRT028,2026-12-09,2027-10-31,315961.31,North,Critical
POL06816,PRG004,TRT002,2026-07-19,2027-06-19,418682.76,South,Critical
POL06817,PRG012,TRT025,2025-08-11,2026-08-26,331869.4,South,Low
POL06818,PRG002,TRT051,2025-06-26,2026-08-22,312477.56,South,Low
POL06819,PRG023,TRT082,2026-10-17,2027-04-15,286175.67,North,Low
POL06820,PRG009,TRT096,2025-04-13,2026-12-22,179680.43,West,Critical
POL06821,PRG024,TRT032,2025-02-12,2026-04-22,176443.62,North,Critical
POL06822,PRG011,TRT042,2026-12-26,2028-08-24,423690.11,North,Medium
POL06823,PRG001,TRT063,2026-05-09,2027-12-03,494022.28,West,High
POL06824,PRG020,TRT068,2026-05-13,2028-03-26,173468.55,North,Low
POL06825,PRG004,TRT098,2025-03-08,2026-10-26,499399.12,East,Critical
POL06826,PRG019,TRT040,2026-10-24,2027-07-14,178811.79,South,Critical
POL06827,PRG024,TRT047,2025-11-16,2027-10-19,251524.72,North,High
POL06828,PRG020,TRT034,2025-11-21,2027-05-16,244037.87,East,Critical
POL06829,PRG008,TRT039,2025-01-09,2026-08-18,79212.45,West,Medium
POL06830,PRG010,TRT012,2025-04-24,2027-01-31,332512.1,North,Medium
POL06831,PRG001,TRT002,2026-07-04,2028-03-15,490665.59,East,Critical
POL06832,PRG020,TRT030,2026-06-19,2027-02-19,285997.18,West,High
POL06833,PRG006,TRT055,2025-05-21,2026-11-28,374924.64,South,Low
POL06834,PRG020,TRT048,2025-03-07,2027-02-02,417878.5,East,High
POL06835,PRG020,TRT040,2025-01-16,2025-08-19,62019.95,South,Critical
POL06836,PRG017,TRT099,2025-09-04,2026-10-12,187479.85,North,Low
POL06837,PRG020,TRT064,2025-01-27,2027-01-25,396101.92,North,High
POL06838,PRG009,TRT021,2026-04-25,2026-11-29,38853.33,East,Critical
POL06839,PRG005,TRT037,2026-09-15,2028-07-08,479490.01,South,Low
POL06840,PRG003,TRT047,2025-06-24,2026-01-14,391406.18,North,Critical
POL06841,PRG013,TRT054,2026-02-06,2026-08-14,397481.02,West,Medium
POL06842,PRG012,TRT029,2025-09-08,2026-11-15,271832.48,North,Low
POL06843,PRG022,TRT074,2025-11-21,2027-11-13,499134.12,West,Medium
POL06844,PRG013,TRT016,2025-06-05,2026-07-29,287707.48,South,High
POL06845,PRG002,TRT031,2026-08-09,2027-08-03,247295.28,North,Critical
POL06846,PRG015,TRT049,2026-10-22,2028-02-16,450711.67,West,High
POL06847,PRG008,TRT055,2026-02-21,2027-07-07,321597.93,South,Medium
POL06848,PRG013,TRT097,2026-04-19,2027-09-02,70960.94,North,Medium
POL06849,PRG022,TRT032,2025-07-25,2027-06-05,204714.4,South,Low
POL06850,PRG020,TRT019,2026-09-02,2028-06-29,456367.34,West,Medium
POL06851,PRG002,TRT080,2025-08-21,2027-07-31,15134.62,North,Critical
POL06852,PRG001,TRT070,2026-04-14,2027-12-31,135647.77,East,Critical
POL06853,PRG016,TRT033,2026-08-02,2028-02-08,16050.91,West,High
POL06854,PRG018,TRT017,2025-11-06,2026-11-12,444533.91,North,Medium
POL06855,PRG020,TRT032,2025-10-21,2027-06-20,32772.42,West,High
POL06856,PRG020,TRT016,2025-07-30,2027-01-09,33364.61,East,Medium
POL06857,PRG025,TRT053,2026-10-31,2027-06-08,494288.29,West,Low
POL06858,PRG010,TRT051,2025-06-11,2026-03-27,330086.71,West,Low
POL06859,PRG016,TRT058,2026-01-27,2026-09-21,120707.43,East,High
POL06860,PRG011,TRT100,2026-10-30,2028-01-14,92804.52,South,Critical
POL06861,PRG008,TRT053,2026-12-06,2028-01-31,198509.48,South,Medium
POL06862,PRG010,TRT014,2026-12-26,2028-07-27,338269.72,East,Medium
POL06863,PRG023,TRT050,2026-05-12,2027-07-11,378193.84,South,Critical
POL06864,PRG005,TRT021,2026-02-09,2027-01-06,283163.81,North,Medium
POL06865,PRG002,TRT045,2026-07-05,2027-01-17,184519.62,North,High
POL06866,PRG015,TRT080,2026-03-28,2026-12-21,163734.44,West,Critical
POL06867,PRG005,TRT012,2026-06-05,2027-08-29,50743.54,West,Medium
POL06868,PRG018,TRT067,2025-03-15,2026-05-16,247525.58,East,Critical
POL06869,PRG020,TRT057,2026-12-08,2027-07-19,362887.23,North,Medium
POL06870,PRG006,TRT046,2025-04-18,2026-03-18,372086.22,North,High
POL06871,PRG012,TRT081,2025-07-31,2026-05-31,9925.87,East,High
POL06872,PRG008,TRT072,2025-07-15,2026-12-27,75791.33,North,Low
POL06873,PRG006,TRT065,2025-01-08,2025-08-20,28808.9,West,Medium
POL06874,PRG014,TRT033,2025-12-01,2026-06-10,194654.64,North,Critical
POL06875,PRG011,TRT091,2026-06-29,2027-10-17,407401.96,South,High
POL06876,PRG013,TRT017,2025-05-10,2026-07-02,25759.48,North,High
POL06877,PRG018,TRT029,2026-03-21,2027-06-22,378248.78,West,Medium
POL06878,PRG022,TRT034,2026-08-28,2027-08-07,157995.64,South,Critical
POL06879,PRG005,TRT001,2025-12-16,2027-09-15,349525.52,South,Low
POL06880,PRG013,TRT067,2026-11-26,2028-02-15,44814.15,East,High
POL06881,PRG007,TRT012,2025-04-21,2026-06-14,312007.92,North,Critical
POL06882,PRG019,TRT018,2025-06-07,2026-01-01,446802.05,East,Critical
POL06883,PRG014,TRT072,2025-06-11,2026-01-13,266908.07,North,Critical
POL06884,PRG005,TRT029,2025-06-19,2027-03-01,21003.89,East,Critical
POL06885,PRG001,TRT054,2025-09-04,2026-12-01,70872.15,East,High
POL06886,PRG022,TRT054,2026-08-31,2027-05-05,83856.37,North,Low
POL06887,PRG007,TRT068,2026-02-09,2027-05-25,465371.35,North,High
POL06888,PRG015,TRT069,2026-09-29,2027-11-04,229211.71,North,Medium
POL06889,PRG010,TRT029,2026-10-22,2028-04-20,229329.2,East,Medium
POL06890,PRG020,TRT012,2026-02-23,2026-10-16,70790.66,North,Medium
POL06891,PRG008,TRT077,2026-07-27,2028-06-02,93343.02,South,Medium
POL06892,PRG023,TRT065,2026-10-08,2027-04-07,29558.32,South,Critical
POL06893,PRG002,TRT002,2026-09-27,2027-05-27,324181.36,West,Critical
POL06894,PRG014,TRT094,2025-10-01,2026-12-23,479957.64,South,Critical
POL06895,PRG005,TRT081,2025-03-10,2026-04-26,130210.78,North,Critical
POL06896,PRG009,TRT022,2025-08-05,2027-01-15,42291.01,North,Medium
POL06897,PRG017,TRT054,2025-12-21,2027-06-04,370067.39,South,Critical
POL06898,PRG007,TRT039,2026-04-05,2027-04-06,149803.08,West,Medium
POL06899,PRG018,TRT034,2025-01-25,2026-02-18,236770.8,West,Medium
POL06900,PRG002,TRT038,2025-07-27,2027-05-02,120102.97,West,Low
POL06901,PRG022,TRT058,2026-12-15,2027-10-29,242124.76,West,Critical
POL06902,PRG017,TRT044,2025-11-29,2027-04-27,216120.96,South,Medium
POL06903,PRG018,TRT063,2025-08-14,2027-04-29,320482.42,East,Low
POL06904,PRG020,TRT038,2026-04-06,2027-09-20,317123.5,East,Medium
POL06905,PRG009,TRT060,2025-11-06,2027-03-26,436914.12,East,High
POL06906,PRG010,TRT099,2025-02-10,2026-12-23,143078.95,North,High
POL06907,PRG015,TRT098,2026-01-10,2027-12-17,136036.14,North,High
POL06908,PRG006,TRT063,2026-05-24,2027-09-02,492140.91,South,Medium
POL06909,PRG014,TRT049,2026-08-11,2028-06-13,63391.74,North,Medium
POL06910,PRG003,TRT043,2026-08-09,2027-10-26,206718.45,East,Low
POL06911,PRG019,TRT034,2025-06-06,2026-06-27,453620.76,South,High
POL06912,PRG024,TRT073,2025-12-15,2026-07-15,376632.43,West,High
POL06913,PRG003,TRT098,2026-10-06,2028-10-01,490153.8,South,Low
POL06914,PRG001,TRT058,2026-03-06,2027-08-06,499441.63,South,Medium
POL06915,PRG015,TRT051,2025-01-10,2025-08-13,261233.97,East,Low
POL06916,PRG013,TRT070,2026-01-06,2027-12-30,127876.96,West,Critical
POL06917,PRG004,TRT034,2026-11-09,2028-07-02,201785.65,North,High
POL06918,PRG018,TRT091,2025-01-14,2026-01-13,446064.9,North,Low
POL06919,PRG006,TRT070,2025-12-19,2027-10-30,337076.0,North,Medium
POL06920,PRG013,TRT091,2025-09-20,2027-01-07,144558.29,North,High
POL06921,PRG021,TRT028,2025-10-18,2026-11-24,372565.48,East,Critical
POL06922,PRG003,TRT004,2025-01-11,2025-09-06,37003.71,South,Low
POL06923,PRG007,TRT030,2025-11-17,2027-01-08,158826.69,West,High
POL06924,PRG024,TRT078,2026-07-03,2027-08-19,198449.77,East,High
POL06925,PRG025,TRT023,2026-12-02,2028-07-18,333954.34,West,Medium
POL06926,PRG007,TRT064,2026-02-28,2027-10-28,62462.29,North,Critical
POL06927,PRG021,TRT019,2025-10-24,2026-10-16,182422.08,North,Medium
POL06928,PRG021,TRT079,2025-09-02,2027-06-28,148605.46,South,High
POL06929,PRG024,TRT083,2026-04-04,2027-02-16,183481.71,West,Medium
POL06930,PRG016,TRT005,2025-11-15,2026-06-14,54196.83,West,Medium
POL06931,PRG023,TRT087,2025-09-08,2026-09-12,288242.64,North,Low
POL06932,PRG018,TRT007,2026-12-03,2028-02-02,197896.72,East,High
POL06933,PRG023,TRT002,2026-10-02,2028-07-03,85441.17,South,Critical
POL06934,PRG022,TRT035,2026-03-16,2026-10-28,397150.32,West,Low
POL06935,PRG023,TRT095,2025-01-02,2026-10-23,269561.21,North,Low
POL06936,PRG005,TRT065,2025-02-25,2026-01-18,325792.21,East,Low
POL06937,PRG005,TRT061,2025-04-21,2026-08-09,181001.53,West,Low
POL06938,PRG002,TRT092,2025-07-12,2026-06-02,231723.22,East,Critical
POL06939,PRG009,TRT020,2025-02-22,2026-03-28,102438.64,West,Critical
POL06940,PRG002,TRT060,2026-08-15,2027-11-15,69383.19,East,Critical
POL06941,PRG007,TRT080,2025-01-07,2025-08-16,201208.03,South,High
POL06942,PRG008,TRT006,2025-12-21,2026-06-19,320248.83,North,Low
POL06943,PRG017,TRT003,2025-11-21,2027-06-08,260956.82,North,Critical
POL06944,PRG019,TRT092,2025-07-25,2027-02-20,97602.98,West,Critical
POL06945,PRG003,TRT006,2025-08-18,2026-04-28,311526.74,East,Medium
POL06946,PRG007,TRT032,2025-06-28,2027-06-28,330199.68,South,Medium
POL06947,PRG002,TRT024,2026-10-06,2028-09-16,323121.25,West,High
POL06948,PRG007,TRT031,2025-04-22,2025-12-04,150986.16,South,Critical
POL06949,PRG025,TRT059,2026-07-29,2027-07-11,269427.18,North,Low
POL06950,PRG022,TRT096,2025-09-24,2026-08-23,195181.37,East,High
POL06951,PRG020,TRT008,2025-05-04,2026-04-21,305048.89,East,High
POL06952,PRG023,TRT036,2025-06-30,2026-08-30,457055.96,South,Medium
POL06953,PRG013,TRT074,2025-04-26,2026-05-12,243615.14,North,Low
POL06954,PRG010,TRT047,2026-11-29,2028-08-18,229914.19,North,Low
POL06955,PRG010,TRT066,2026-04-28,2026-11-28,151060.86,East,Medium
POL06956,PRG004,TRT087,2025-07-07,2026-07-20,303609.46,North,Low
POL06957,PRG015,TRT023,2026-10-11,2027-08-04,343332.36,South,Low
POL06958,PRG006,TRT043,2025-10-20,2027-07-05,191097.53,South,Medium
POL06959,PRG016,TRT029,2025-08-31,2027-02-02,70002.71,East,High
POL06960,PRG017,TRT009,2025-11-15,2026-11-04,158484.59,North,Medium
POL06961,PRG014,TRT064,2026-11-07,2027-08-02,86057.64,West,Critical
POL06962,PRG003,TRT015,2026-01-23,2027-03-03,427711.47,West,Low
POL06963,PRG018,TRT078,2026-09-04,2028-08-14,353923.85,North,Critical
POL06964,PRG020,TRT032,2026-06-26,2028-03-23,237882.08,West,Critical
POL06965,PRG010,TRT019,2025-11-26,2027-11-03,211186.65,South,Medium
POL06966,PRG011,TRT004,2025-03-11,2026-11-29,229670.41,North,Critical
POL06967,PRG025,TRT004,2026-04-08,2027-05-16,142044.23,West,Critical
POL06968,PRG012,TRT006,2026-05-21,2027-11-08,378768.63,West,High
POL06969,PRG020,TRT099,2026-08-15,2028-03-27,341166.65,West,Medium
POL06970,PRG015,TRT064,2026-07-08,2028-02-15,265763.34,West,Critical
POL06971,PRG021,TRT084,2026-01-21,2026-10-28,263345.99,East,High
POL06972,PRG018,TRT075,2025-10-29,2027-08-07,229360.7,North,High
POL06973,PRG016,TRT036,2026-07-20,2028-04-10,224341.07,East,High
POL06974,PRG018,TRT082,2025-12-06,2026-09-17,289377.79,East,High
POL06975,PRG023,TRT036,2025-02-24,2026-09-15,42270.21,West,High
POL06976,PRG019,TRT061,2026-11-03,2027-11-30,175352.9,South,Medium
POL06977,PRG024,TRT032,2026-05-25,2028-01-09,85414.05,West,Medium
POL06978,PRG024,TRT065,2026-06-07,2027-03-02,293202.84,East,Medium
POL06979,PRG005,TRT016,2025-01-31,2026-04-20,138212.4,South,Medium
POL06980,PRG022,TRT048,2025-05-25,2026-09-25,351090.54,West,Medium
POL06981,PRG012,TRT074,2026-04-19,2027-02-09,161121.35,West,Low
POL06982,PRG024,TRT040,2026-06-07,2027-10-05,181845.43,East,Critical
POL06983,PRG007,TRT059,2026-01-10,2027-08-31,332679.33,East,Medium
POL06984,PRG022,TRT092,2026-06-16,2027-09-26,319024.18,East,High
POL06985,PRG003,TRT078,2025-09-19,2027-08-01,381938.64,South,High
POL06986,PRG022,TRT044,2025-12-03,2026-09-21,368881.19,East,High
POL06987,PRG008,TRT084,2026-03-04,2028-02-07,413522.26,North,Critical
POL06988,PRG024,TRT038,2026-02-18,2027-09-24,183874.44,North,Medium
POL06989,PRG002,TRT007,2026-11-20,2028-08-15,399963.65,East,High
POL06990,PRG018,TRT074,2026-03-21,2027-11-11,95885.47,East,High
POL06991,PRG011,TRT074,2026-09-01,2028-06-06,342311.32,South,Low
POL06992,PRG019,TRT100,2025-04-17,2025-12-05,175109.19,North,Low
POL06993,PRG019,TRT016,2025-08-26,2026-10-18,137592.48,South,Critical
POL06994,PRG002,TRT009,2026-02-11,2027-03-03,347875.82,North,Critical
POL06995,PRG012,TRT084,2026-09-16,2028-02-15,146577.6,West,High
POL06996,PRG024,TRT037,2026-04-09,2028-01-01,250762.71,North,Low
POL06997,PRG025,TRT072,2026-02-11,2028-01-27,193505.21,South,Critical
POL06998,PRG024,TRT042,2025-01-08,2026-11-27,96763.72,South,Low
POL06999,PRG020,TRT047,2026-12-13,2028-09-30,178012.79,North,Medium
POL07000,PRG016,TRT042,2025-03-21,2025-10-19,60954.11,West,Medium
POL07001,PRG008,TRT037,2025-09-27,2026-10-16,158252.58,South,Low
POL07002,PRG021,TRT007,2026-12-16,2027-11-24,333028.63,North,Low
POL07003,PRG010,TRT096,2025-08-02,2026-11-23,331452.36,South,Critical
POL07004,PRG018,TRT021,2025-11-21,2026-11-08,472992.04,East,Critical
POL07005,PRG002,TRT044,2026-09-01,2028-02-23,144809.72,North,Medium
POL07006,PRG008,TRT024,2026-12-11,2028-10-30,376536.32,West,Medium
POL07007,PRG001,TRT040,2026-04-13,2027-02-25,326373.77,East,High
POL07008,PRG004,TRT032,2026-08-24,2027-11-22,147330.22,West,Low
POL07009,PRG005,TRT034,2025-11-11,2026-06-17,32874.41,North,Critical
POL07010,PRG003,TRT020,2025-07-02,2027-03-31,363360.95,West,Low
POL07011,PRG020,TRT055,2026-01-25,2027-04-25,41501.35,South,Medium
POL07012,PRG021,TRT085,2025-10-27,2027-02-07,73949.34,South,Low
POL07013,PRG007,TRT086,2026-12-08,2028-02-17,492039.02,West,Medium
POL07014,PRG012,TRT071,2026-10-01,2027-09-25,261838.24,East,High
POL07015,PRG021,TRT029,2026-09-08,2028-03-10,247855.87,South,Medium
POL07016,PRG016,TRT031,2025-05-31,2026-05-19,458265.79,North,Critical
POL07017,PRG006,TRT011,2026-04-04,2027-05-16,414494.28,East,High
POL07018,PRG023,TRT016,2025-01-12,2026-05-12,118681.02,West,Critical
POL07019,PRG012,TRT031,2026-06-23,2027-11-05,280375.35,East,High
POL07020,PRG007,TRT011,2025-05-28,2026-11-28,414234.9,West,Low
POL07021,PRG004,TRT005,2025-05-02,2025-11-08,327141.5,South,High
POL07022,PRG003,TRT004,2025-12-31,2027-02-11,494044.25,South,Low
POL07023,PRG012,TRT046,2025-05-14,2026-11-15,87665.76,West,Critical
POL07024,PRG007,TRT004,2025-06-18,2027-05-07,497942.59,North,Medium
POL07025,PRG001,TRT098,2026-08-28,2027-12-01,495714.0,West,Medium
POL07026,PRG005,TRT052,2026-03-09,2027-02-14,353840.41,East,Critical
POL07027,PRG018,TRT043,2026-03-15,2026-12-17,469626.79,South,Critical
POL07028,PRG020,TRT022,2026-05-08,2026-11-13,331766.16,North,Low
POL07029,PRG020,TRT082,2025-06-17,2026-06-24,440517.8,North,Medium
POL07030,PRG003,TRT022,2026-01-20,2026-09-27,75147.62,North,Critical
POL07031,PRG021,TRT076,2026-06-16,2028-04-20,182846.5,North,Low
POL07032,PRG015,TRT065,2025-03-05,2026-03-13,495127.6,East,High
POL07033,PRG011,TRT079,2025-08-22,2026-12-08,222682.86,West,High
POL07034,PRG009,TRT054,2025-06-26,2027-06-03,421118.2,South,Critical
POL07035,PRG023,TRT039,2026-04-26,2027-02-28,259497.81,North,Critical
POL07036,PRG010,TRT026,2026-08-03,2028-05-21,118201.6,North,Medium
POL07037,PRG015,TRT050,2026-06-23,2027-01-15,48614.42,South,Low
POL07038,PRG020,TRT071,2026-07-05,2027-11-09,464946.53,North,Medium
POL07039,PRG006,TRT086,2026-01-07,2026-08-01,379032.14,East,High
POL07040,PRG025,TRT090,2026-05-07,2027-12-29,314877.95,East,High
POL07041,PRG022,TRT085,2026-09-10,2028-07-25,195096.63,East,Medium
POL07042,PRG011,TRT032,2026-11-20,2027-11-28,444087.18,South,Critical
POL07043,PRG019,TRT099,2026-06-27,2027-02-16,334911.43,South,Low
POL07044,PRG023,TRT090,2026-06-21,2027-02-16,292059.65,West,Medium
POL07045,PRG021,TRT041,2026-12-01,2027-11-16,403384.02,East,Low
POL07046,PRG010,TRT030,2025-03-02,2025-12-03,417000.23,South,Critical
POL07047,PRG017,TRT030,2026-01-11,2027-12-12,245558.63,South,High
POL07048,PRG020,TRT037,2026-02-18,2027-01-09,169840.54,West,Medium
POL07049,PRG024,TRT026,2025-03-22,2025-11-24,30773.74,East,High
POL07050,PRG005,TRT046,2025-12-04,2027-09-03,206222.46,South,Critical
POL07051,PRG021,TRT090,2025-11-12,2027-02-12,171447.26,South,Medium
POL07052,PRG019,TRT052,2025-02-24,2025-12-19,257475.71,East,Medium
POL07053,PRG020,TRT038,2025-09-02,2027-03-22,175649.97,West,Low
POL07054,PRG013,TRT037,2025-03-29,2027-02-11,376345.62,North,Medium
POL07055,PRG020,TRT093,2026-09-21,2027-08-31,147341.81,West,Low
POL07056,PRG008,TRT037,2025-07-02,2026-05-20,208575.05,South,Medium
POL07057,PRG002,TRT069,2026-10-06,2028-08-07,187884.37,North,Critical
POL07058,PRG021,TRT024,2026-03-14,2027-02-05,43678.52,East,Medium
POL07059,PRG007,TRT019,2025-10-03,2027-01-12,208684.62,North,Critical
POL07060,PRG008,TRT073,2025-07-29,2026-10-14,64613.93,North,Low
POL07061,PRG007,TRT089,2026-04-01,2027-07-06,367554.98,East,Medium
POL07062,PRG018,TRT031,2025-12-26,2026-08-28,44240.56,South,Critical
POL07063,PRG005,TRT011,2025-10-06,2026-08-03,479021.02,West,Critical
POL07064,PRG022,TRT008,2026-12-20,2027-08-31,442133.08,South,High
POL07065,PRG022,TRT048,2025-03-24,2027-03-06,451863.08,West,Low
POL07066,PRG019,TRT078,2025-11-25,2027-01-28,184706.7,North,Medium
POL07067,PRG006,TRT072,2026-12-13,2027-12-30,209109.07,East,High
POL07068,PRG009,TRT077,2026-05-19,2028-02-20,233155.17,South,High
POL07069,PRG023,TRT072,2026-04-05,2027-01-09,353902.36,South,Medium
POL07070,PRG020,TRT075,2026-05-10,2027-11-28,392778.87,South,High
POL07071,PRG003,TRT037,2025-09-23,2026-07-05,389627.55,East,Low
POL07072,PRG024,TRT049,2026-05-13,2027-02-16,176129.81,East,High
POL07073,PRG018,TRT089,2026-03-21,2026-10-17,105371.8,North,Low
POL07074,PRG025,TRT058,2026-11-04,2027-06-18,133230.8,North,Medium
POL07075,PRG007,TRT022,2026-02-27,2028-02-20,324329.95,South,Critical
POL07076,PRG015,TRT061,2026-03-06,2027-06-14,87455.55,East,Critical
POL07077,PRG005,TRT086,2026-08-25,2028-08-07,383159.66,South,Critical
POL07078,PRG010,TRT089,2025-06-01,2025-12-12,113178.32,West,Medium
POL07079,PRG009,TRT006,2026-07-16,2027-06-22,23155.6,West,Critical
POL07080,PRG011,TRT004,2025-07-20,2026-11-29,167907.82,East,Low
POL07081,PRG011,TRT031,2026-05-11,2027-10-07,297230.71,West,High
POL07082,PRG022,TRT005,2026-02-08,2026-11-13,352373.15,North,High
POL07083,PRG020,TRT003,2026-09-16,2028-08-10,404351.1,North,Critical
POL07084,PRG023,TRT027,2025-12-10,2026-10-01,147231.25,South,Low
POL07085,PRG012,TRT095,2025-10-19,2026-06-04,199262.11,North,High
POL07086,PRG003,TRT087,2025-02-02,2026-03-13,476376.58,South,High
POL07087,PRG009,TRT022,2026-12-16,2028-05-05,474573.9,South,Critical
POL07088,PRG014,TRT075,2025-11-07,2026-05-28,365990.12,North,High
POL07089,PRG014,TRT073,2026-01-22,2027-12-27,155564.23,South,High
POL07090,PRG009,TRT050,2025-09-24,2027-07-27,483063.85,East,High
POL07091,PRG020,TRT047,2026-05-16,2027-04-27,22929.11,South,Critical
POL07092,PRG007,TRT054,2025-04-22,2027-04-16,374484.34,North,High
POL07093,PRG003,TRT100,2025-01-17,2026-07-04,357127.27,South,Medium
POL07094,PRG021,TRT056,2026-07-11,2027-11-09,498136.63,East,High
POL07095,PRG012,TRT090,2025-05-22,2027-03-24,312430.89,South,Medium
POL07096,PRG023,TRT010,2025-01-05,2026-08-24,393122.83,North,Critical
POL07097,PRG016,TRT001,2025-11-12,2026-07-15,177802.72,North,Medium
POL07098,PRG008,TRT100,2026-01-26,2027-06-26,470341.44,North,Medium
POL07099,PRG022,TRT055,2026-10-06,2027-08-10,222314.09,South,Low
POL07100,PRG005,TRT093,2026-09-15,2027-05-09,407533.52,West,High
POL07101,PRG025,TRT016,2025-11-01,2027-01-31,46453.76,West,Medium
POL07102,PRG015,TRT094,2026-05-05,2027-07-16,209818.44,North,High
POL07103,PRG001,TRT039,2025-06-17,2027-03-02,74724.21,South,High
POL07104,PRG002,TRT005,2025-07-24,2027-02-21,315440.28,West,Low
POL07105,PRG022,TRT028,2026-03-08,2027-05-07,490221.15,North,Low
POL07106,PRG005,TRT019,2026-01-22,2027-07-31,146647.7,East,Critical
POL07107,PRG002,TRT095,2026-02-14,2027-04-30,151858.49,West,High
POL07108,PRG016,TRT034,2026-11-10,2027-06-27,475727.86,South,Critical
POL07109,PRG025,TRT085,2026-07-25,2027-07-14,399393.01,North,Medium
POL07110,PRG025,TRT082,2025-02-25,2026-02-18,493894.3,North,Low
POL07111,PRG006,TRT032,2026-04-23,2027-09-25,37695.14,North,Medium
POL07112,PRG024,TRT003,2026-08-21,2027-09-13,91878.75,East,High
POL07113,PRG007,TRT018,2026-10-16,2027-09-04,310999.31,East,Critical
POL07114,PRG002,TRT034,2025-05-20,2026-10-02,318358.09,South,Critical
POL07115,PRG012,TRT026,2025-12-18,2026-12-10,273970.05,East,Medium
POL07116,PRG003,TRT075,2025-05-16,2026-05-07,461339.98,East,Low
POL07117,PRG023,TRT053,2025-08-13,2027-06-03,390430.53,South,Critical
POL07118,PRG011,TRT075,2026-11-26,2028-07-05,483660.79,East,High
POL07119,PRG017,TRT099,2025-06-21,2025-12-31,124797.33,East,Medium
POL07120,PRG011,TRT021,2025-02-06,2026-04-03,417337.19,West,Low
POL07121,PRG015,TRT096,2025-11-29,2027-06-03,165138.74,South,Medium
POL07122,PRG021,TRT049,2025-09-12,2027-06-18,332626.75,West,Medium
POL07123,PRG004,TRT091,2026-03-03,2026-09-28,187589.5,South,Low
POL07124,PRG014,TRT086,2026-11-17,2027-08-21,225049.3,South,High
POL07125,PRG005,TRT046,2026-01-29,2027-03-12,439532.52,East,Critical
POL07126,PRG024,TRT028,2025-02-15,2026-06-19,55113.63,North,Low
POL07127,PRG021,TRT034,2025-06-19,2025-12-27,86593.74,West,Low
POL07128,PRG001,TRT063,2026-03-05,2027-06-25,70123.21,West,Critical
POL07129,PRG017,TRT047,2026-11-19,2027-09-25,359689.26,North,Medium
POL07130,PRG004,TRT018,2026-02-09,2027-06-25,490368.5,North,Medium
POL07131,PRG025,TRT092,2025-06-21,2026-04-15,174042.89,East,Low
POL07132,PRG012,TRT003,2026-05-08,2027-08-20,462156.29,North,High
POL07133,PRG006,TRT021,2026-09-07,2027-06-15,83350.1,West,High
POL07134,PRG016,TRT069,2026-02-09,2027-11-17,250643.09,West,Low
POL07135,PRG006,TRT079,2025-02-22,2026-10-03,383467.48,South,Critical
POL07136,PRG015,TRT082,2025-02-06,2026-05-21,10867.93,West,Medium
POL07137,PRG001,TRT028,2026-08-08,2028-01-22,60552.6,East,Low
POL07138,PRG017,TRT097,2026-10-10,2028-04-25,322187.23,West,Critical
POL07139,PRG022,TRT006,2026-11-11,2028-03-16,332874.79,West,Critical
POL07140,PRG003,TRT077,2025-07-04,2026-02-28,302421.56,West,Critical
POL07141,PRG001,TRT030,2026-10-28,2028-06-04,245125.8,North,High
POL07142,PRG005,TRT088,2026-12-30,2028-10-21,429005.41,East,Low
POL07143,PRG015,TRT022,2026-04-06,2027-11-25,315521.34,East,Low
POL07144,PRG008,TRT027,2025-01-11,2025-08-17,332424.99,West,High
POL07145,PRG018,TRT008,2026-03-24,2027-03-18,383880.41,North,Low
POL07146,PRG006,TRT003,2026-08-16,2027-08-02,372810.16,South,Critical
POL07147,PRG023,TRT047,2026-10-03,2027-07-13,476469.78,West,High
POL07148,PRG002,TRT059,2026-06-05,2027-08-11,282213.55,West,Low
POL07149,PRG012,TRT022,2025-03-05,2026-08-28,238246.02,South,Critical
POL07150,PRG001,TRT094,2026-04-04,2027-02-07,329359.65,East,Critical
POL07151,PRG005,TRT027,2025-06-30,2026-06-06,396782.72,West,Medium
POL07152,PRG020,TRT023,2026-04-30,2027-08-20,338243.12,North,High
POL07153,PRG012,TRT072,2026-03-26,2027-02-26,248447.98,East,Critical
POL07154,PRG024,TRT065,2025-08-12,2026-06-19,33712.94,West,Low
POL07155,PRG015,TRT011,2025-03-12,2025-11-23,421161.34,East,Medium
POL07156,PRG007,TRT044,2026-06-23,2028-01-16,300927.91,West,Medium
POL07157,PRG025,TRT094,2026-10-01,2028-07-07,75130.03,East,Medium
POL07158,PRG024,TRT064,2025-06-12,2026-10-28,367837.76,North,Critical
POL07159,PRG006,TRT038,2026-04-04,2027-01-10,126866.27,South,Critical
POL07160,PRG006,TRT061,2025-10-02,2027-03-26,455382.86,North,High
POL07161,PRG006,TRT026,2026-06-27,2027-01-30,13340.59,East,Critical
POL07162,PRG025,TRT099,2025-07-02,2026-02-11,163673.06,South,Low
POL07163,PRG009,TRT058,2025-03-12,2026-12-18,198371.67,West,Low
POL07164,PRG013,TRT033,2025-10-26,2027-08-25,81392.33,South,Medium
POL07165,PRG023,TRT016,2026-08-22,2028-08-03,351009.22,North,High
POL07166,PRG003,TRT004,2025-12-03,2026-07-27,376427.89,South,High
POL07167,PRG001,TRT056,2026-01-20,2027-12-10,444221.12,West,Medium
POL07168,PRG016,TRT044,2026-05-10,2028-02-11,465476.42,North,Medium
POL07169,PRG024,TRT039,2025-12-17,2026-07-16,336541.04,East,High
POL07170,PRG016,TRT074,2025-04-07,2026-02-28,52549.97,East,High
POL07171,PRG008,TRT032,2026-08-20,2028-05-16,147851.67,East,Low
POL07172,PRG016,TRT005,2026-09-09,2027-12-23,233473.33,North,Low
POL07173,PRG021,TRT019,2026-05-27,2027-05-05,296996.05,West,Critical
POL07174,PRG001,TRT080,2026-03-07,2027-11-20,308161.16,East,Low
POL07175,PRG016,TRT015,2025-01-06,2026-06-10,53169.46,South,Critical
POL07176,PRG023,TRT068,2025-07-22,2027-03-26,10002.4,South,Low
POL07177,PRG021,TRT001,2026-02-01,2026-09-01,164648.65,South,High
POL07178,PRG005,TRT014,2026-12-28,2027-08-27,329747.83,West,High
POL07179,PRG018,TRT069,2026-07-12,2028-03-10,342679.45,West,Low
POL07180,PRG014,TRT014,2025-03-31,2026-08-09,473921.24,East,Critical
POL07181,PRG020,TRT039,2026-09-15,2028-04-13,410380.82,West,High
POL07182,PRG023,TRT087,2025-06-29,2026-01-13,47437.23,East,Low
POL07183,PRG022,TRT026,2026-09-05,2027-04-21,174184.06,East,High
POL07184,PRG009,TRT081,2025-01-20,2026-07-23,437310.66,North,High
POL07185,PRG021,TRT060,2026-11-17,2028-02-03,230098.75,North,Low
POL07186,PRG017,TRT087,2026-06-27,2027-07-28,251509.16,West,Medium
POL07187,PRG020,TRT079,2025-04-26,2025-10-25,201187.97,South,High
POL07188,PRG017,TRT062,2025-09-05,2027-03-31,138629.73,West,Low
POL07189,PRG020,TRT033,2026-04-19,2028-03-27,295208.22,South,Critical
POL07190,PRG005,TRT047,2025-10-05,2026-07-07,397806.89,East,Medium
POL07191,PRG013,TRT074,2025-10-16,2026-11-28,377708.43,South,Critical
POL07192,PRG013,TRT070,2025-10-14,2026-07-04,303621.84,South,Medium
POL07193,PRG020,TRT041,2025-07-23,2027-06-18,324426.38,South,Critical
POL07194,PRG018,TRT035,2025-11-14,2027-06-24,134190.14,West,Medium
POL07195,PRG004,TRT014,2025-09-20,2026-09-22,99107.57,South,Low
POL07196,PRG013,TRT030,2025-09-07,2026-09-16,351889.38,South,Medium
POL07197,PRG014,TRT060,2026-11-23,2028-08-10,124120.84,West,Critical
POL07198,PRG007,TRT014,2025-03-21,2025-10-26,448657.46,South,High
POL07199,PRG011,TRT085,2026-12-26,2027-12-24,292128.65,West,Critical
POL07200,PRG008,TRT018,2026-08-13,2028-07-26,151118.61,East,Low
POL07201,PRG009,TRT075,2025-06-05,2026-10-22,139780.42,South,Low
POL07202,PRG008,TRT012,2026-01-14,2027-02-10,127094.04,West,Medium
POL07203,PRG014,TRT076,2025-12-23,2027-05-16,220909.32,West,Critical
POL07204,PRG007,TRT062,2025-02-20,2026-02-26,345726.58,South,High
POL07205,PRG004,TRT064,2025-04-28,2026-09-16,390695.16,West,High
POL07206,PRG016,TRT001,2025-02-17,2026-08-02,328090.66,South,Low
POL07207,PRG014,TRT097,2026-05-29,2027-09-19,108408.71,North,Medium
POL07208,PRG005,TRT031,2026-01-19,2027-07-04,108904.1,East,Low
POL07209,PRG021,TRT049,2025-03-19,2027-02-26,57949.12,West,Medium
POL07210,PRG007,TRT003,2026-12-18,2028-02-25,407146.02,West,High
POL07211,PRG022,TRT002,2025-10-27,2026-11-08,217609.73,East,High
POL07212,PRG013,TRT096,2025-01-12,2026-05-16,139249.62,West,Low
POL07213,PRG009,TRT087,2025-02-14,2026-11-27,359486.07,North,Low
POL07214,PRG015,TRT083,2025-04-18,2026-10-12,129040.55,West,Low
POL07215,PRG016,TRT032,2025-10-10,2027-05-18,240884.02,North,Critical
POL07216,PRG010,TRT006,2025-09-08,2026-08-31,189983.61,South,Medium
POL07217,PRG003,TRT091,2025-09-30,2026-09-12,26281.99,West,Low
POL07218,PRG009,TRT080,2026-05-05,2027-11-22,169718.55,West,Critical
POL07219,PRG019,TRT031,2025-04-07,2027-03-25,241140.84,West,High
POL07220,PRG025,TRT019,2026-12-02,2028-08-19,416635.26,North,Critical
POL07221,PRG001,TRT077,2025-08-29,2026-03-15,412958.64,South,Critical
POL07222,PRG024,TRT062,2025-12-13,2027-09-20,64654.43,North,Medium
POL07223,PRG011,TRT077,2025-07-24,2026-10-15,124086.63,West,Critical
POL07224,PRG001,TRT086,2026-04-30,2027-05-30,56821.39,West,Critical
POL07225,PRG013,TRT040,2026-11-12,2027-11-08,372445.12,North,Critical
POL07226,PRG016,TRT068,2026-06-07,2027-10-19,230982.34,North,Critical
POL07227,PRG005,TRT052,2026-12-04,2027-12-05,188273.29,North,Critical
POL07228,PRG021,TRT058,2026-08-03,2027-03-03,288841.09,South,High
POL07229,PRG005,TRT035,2026-06-23,2027-10-20,57348.48,North,Medium
POL07230,PRG004,TRT028,2026-05-18,2027-11-04,433020.12,South,Medium
POL07231,PRG002,TRT015,2026-10-11,2028-03-19,491569.11,North,High
POL07232,PRG019,TRT008,2026-06-06,2028-05-30,195151.24,South,Medium
POL07233,PRG015,TRT086,2026-12-10,2028-02-05,109582.97,South,High
POL07234,PRG017,TRT044,2025-08-12,2027-01-18,341538.64,East,Critical
POL07235,PRG007,TRT088,2025-01-13,2026-03-14,111817.57,West,Low
POL07236,PRG007,TRT012,2025-08-13,2026-10-30,334173.67,North,High
POL07237,PRG014,TRT004,2026-05-04,2027-03-21,74918.65,West,Low
POL07238,PRG010,TRT058,2025-03-17,2027-02-03,20344.49,North,Medium
POL07239,PRG024,TRT081,2025-10-28,2027-10-18,48796.12,South,Low
POL07240,PRG014,TRT076,2026-02-07,2027-12-27,334932.45,West,Critical
POL07241,PRG019,TRT018,2025-09-14,2027-03-15,265076.58,South,Low
POL07242,PRG011,TRT009,2025-01-26,2026-11-04,23955.41,West,Critical
POL07243,PRG010,TRT008,2026-07-12,2027-12-18,26888.42,North,Low
POL07244,PRG001,TRT052,2025-08-31,2026-08-27,331464.87,North,Medium
POL07245,PRG016,TRT078,2026-12-14,2027-10-22,28203.04,South,Critical
POL07246,PRG014,TRT029,2026-08-24,2028-05-25,282804.25,South,High
POL07247,PRG008,TRT041,2026-08-11,2028-07-11,369335.55,South,Low
POL07248,PRG020,TRT088,2026-02-02,2027-03-06,498934.35,West,Low
POL07249,PRG005,TRT072,2026-02-23,2027-05-27,19357.99,East,Medium
POL07250,PRG013,TRT039,2025-07-09,2026-06-14,77996.49,West,Critical
POL07251,PRG022,TRT039,2025-03-14,2026-05-26,289135.42,East,High
POL07252,PRG022,TRT088,2026-04-17,2026-11-26,209744.17,North,High
POL07253,PRG016,TRT083,2025-10-02,2026-07-10,111888.72,North,Medium
POL07254,PRG011,TRT068,2026-09-28,2027-09-15,69482.45,North,Medium
POL07255,PRG019,TRT038,2026-03-07,2027-09-25,189397.62,North,Critical
POL07256,PRG018,TRT010,2025-08-06,2026-10-26,430279.25,West,Medium
POL07257,PRG011,TRT043,2025-06-25,2026-07-23,265025.99,North,High
POL07258,PRG025,TRT060,2025-02-01,2026-03-28,83787.66,South,Medium
POL07259,PRG022,TRT029,2026-07-20,2028-02-19,246090.4,North,Medium
POL07260,PRG022,TRT045,2025-04-07,2027-02-10,321481.5,South,Medium
POL07261,PRG003,TRT063,2025-10-27,2026-06-24,139708.46,West,High
POL07262,PRG020,TRT088,2026-10-06,2027-12-24,274770.11,West,High
POL07263,PRG005,TRT076,2025-02-11,2026-09-30,213385.85,East,Medium
POL07264,PRG013,TRT082,2026-07-13,2028-01-19,381239.43,South,Critical
POL07265,PRG021,TRT036,2025-09-26,2026-09-25,324495.69,East,Low
POL07266,PRG024,TRT009,2025-01-19,2027-01-05,8791.02,West,Critical
POL07267,PRG009,TRT013,2025-02-02,2026-12-23,77300.75,East,Critical
POL07268,PRG011,TRT030,2025-07-14,2026-06-19,288904.45,East,High
POL07269,PRG015,TRT090,2026-11-19,2027-06-17,224783.46,West,Low
POL07270,PRG021,TRT014,2026-10-20,2028-07-05,267867.98,South,Medium
POL07271,PRG024,TRT068,2025-07-21,2026-04-11,122898.35,West,Medium
POL07272,PRG006,TRT021,2026-04-13,2027-02-25,302195.74,East,High
POL07273,PRG005,TRT073,2025-04-24,2025-12-15,184424.31,West,Low
POL07274,PRG015,TRT099,2026-03-26,2027-07-04,384096.32,North,Low
POL07275,PRG001,TRT030,2025-08-12,2027-01-26,96088.8,East,Low
POL07276,PRG014,TRT080,2026-06-19,2027-07-19,371384.65,East,High
POL07277,PRG012,TRT089,2025-02-01,2026-05-28,413604.14,East,Medium
POL07278,PRG004,TRT014,2026-09-28,2028-08-19,428843.64,North,High
POL07279,PRG019,TRT097,2026-10-15,2027-07-03,487348.39,North,Critical
POL07280,PRG010,TRT020,2026-01-31,2027-06-22,296813.55,East,High
POL07281,PRG021,TRT044,2025-10-04,2027-09-20,251370.21,North,Medium
POL07282,PRG005,TRT020,2025-12-29,2026-09-24,340859.81,East,High
POL07283,PRG010,TRT088,2025-08-29,2026-10-07,475405.34,North,Critical
POL07284,PRG017,TRT068,2026-06-21,2027-07-19,58002.11,East,Low
POL07285,PRG018,TRT098,2025-06-03,2026-12-13,253516.52,East,Critical
POL07286,PRG022,TRT082,2026-04-22,2027-08-19,393234.38,South,High
POL07287,PRG019,TRT083,2025-07-04,2026-01-20,111902.14,East,High
POL07288,PRG007,TRT074,2025-01-29,2026-08-18,403806.93,West,Critical
POL07289,PRG008,TRT055,2026-07-29,2027-12-06,486828.94,West,Low
POL07290,PRG004,TRT049,2025-08-02,2026-12-31,428750.36,North,Medium
POL07291,PRG019,TRT016,2025-11-13,2027-04-09,173105.22,South,Critical
POL07292,PRG014,TRT013,2025-10-30,2026-07-23,6254.05,South,High
POL07293,PRG022,TRT011,2025-12-20,2026-11-15,199377.29,West,Low
POL07294,PRG001,TRT030,2025-02-24,2026-05-19,167710.9,West,Medium
POL07295,PRG008,TRT016,2025-02-15,2025-10-27,62070.19,East,Medium
POL07296,PRG021,TRT026,2025-10-06,2026-04-25,34039.68,West,Critical
POL07297,PRG014,TRT048,2025-05-01,2027-01-30,413364.58,North,Critical
POL07298,PRG024,TRT095,2025-11-12,2026-12-30,5848.22,East,Medium
POL07299,PRG023,TRT024,2026-03-08,2028-01-01,44890.82,East,Critical
POL07300,PRG009,TRT089,2026-10-02,2028-03-30,247691.86,North,Critical
POL07301,PRG023,TRT036,2025-08-10,2026-10-10,344282.23,West,High
POL07302,PRG004,TRT045,2026-05-05,2028-01-21,30948.75,East,Medium
POL07303,PRG011,TRT011,2025-08-30,2026-07-29,97085.08,North,Critical
POL07304,PRG020,TRT035,2025-05-03,2025-11-23,263788.54,West,Medium
POL07305,PRG011,TRT025,2025-11-11,2027-06-08,13587.92,West,Critical
POL07306,PRG025,TRT020,2026-12-29,2028-03-03,482137.16,West,Medium
POL07307,PRG008,TRT018,2025-12-19,2027-03-27,27807.8,North,Medium
POL07308,PRG008,TRT006,2026-12-25,2028-10-08,231165.64,North,Critical
POL07309,PRG005,TRT088,2025-02-21,2026-12-17,68569.75,North,Critical
POL07310,PRG002,TRT027,2025-09-07,2026-06-15,303512.86,South,Low
POL07311,PRG024,TRT096,2026-10-01,2028-04-29,9255.46,East,Medium
POL07312,PRG004,TRT093,2025-04-06,2025-12-12,364367.04,North,High
POL07313,PRG003,TRT056,2026-10-04,2027-12-09,175038.3,East,High
POL07314,PRG012,TRT051,2025-06-14,2027-03-07,128327.75,North,Low
POL07315,PRG006,TRT023,2025-08-05,2027-03-24,185358.76,West,High
POL07316,PRG009,TRT086,2026-06-26,2027-09-07,15110.1,North,Critical
POL07317,PRG016,TRT076,2025-04-04,2026-02-08,292898.53,East,Low
POL07318,PRG001,TRT098,2025-03-02,2026-10-01,154388.32,South,Low
POL07319,PRG015,TRT011,2026-09-04,2027-12-08,50237.01,West,High
POL07320,PRG002,TRT072,2025-05-18,2026-09-26,123610.81,North,Critical
POL07321,PRG006,TRT093,2026-08-30,2027-09-24,28014.34,West,Medium
POL07322,PRG015,TRT077,2026-08-18,2027-12-14,224438.48,East,Critical
POL07323,PRG001,TRT063,2026-10-26,2027-12-16,394850.98,East,Medium
POL07324,PRG012,TRT080,2025-09-02,2027-06-15,323494.67,North,Low
POL07325,PRG012,TRT083,2025-02-12,2026-12-06,244802.32,South,Medium
POL07326,PRG009,TRT048,2025-12-31,2027-04-29,280223.19,West,Critical
POL07327,PRG019,TRT049,2026-07-01,2028-01-16,370070.1,East,Low
POL07328,PRG002,TRT078,2026-10-23,2028-07-22,161612.55,North,High
POL07329,PRG014,TRT029,2026-07-06,2027-03-24,408394.94,South,Low
POL07330,PRG025,TRT094,2026-09-01,2027-04-22,430504.42,West,Critical
POL07331,PRG009,TRT084,2025-02-06,2026-12-16,58193.26,East,Low
POL07332,PRG012,TRT100,2026-10-02,2027-08-25,315400.76,East,High
POL07333,PRG004,TRT074,2025-05-22,2027-02-20,384733.02,North,Low
POL07334,PRG006,TRT092,2025-01-20,2026-07-04,171673.88,East,Critical
POL07335,PRG001,TRT068,2025-08-23,2026-07-28,39170.16,South,Critical
POL07336,PRG004,TRT073,2025-03-20,2026-10-10,344181.62,East,High
POL07337,PRG004,TRT004,2025-05-15,2025-11-20,483055.33,North,Low
POL07338,PRG008,TRT073,2026-10-07,2027-08-21,76339.69,North,Critical
POL07339,PRG024,TRT051,2026-01-08,2027-07-30,288270.09,North,Critical
POL07340,PRG016,TRT036,2026-09-11,2027-08-05,13843.75,South,High
POL07341,PRG011,TRT043,2025-03-09,2025-11-27,322353.33,South,Low
POL07342,PRG020,TRT089,2026-09-17,2027-07-06,425900.76,West,Low
POL07343,PRG016,TRT097,2026-09-05,2027-03-26,457001.59,West,Critical
POL07344,PRG004,TRT039,2025-04-02,2026-12-31,267397.22,South,Low
POL07345,PRG010,TRT015,2025-08-13,2027-07-30,18599.65,East,Low
POL07346,PRG006,TRT027,2025-05-09,2026-08-29,48760.33,North,Low
POL07347,PRG005,TRT074,2025-11-15,2026-08-18,208046.87,South,Medium
POL07348,PRG011,TRT046,2026-01-31,2027-04-15,331336.73,East,Low
POL07349,PRG017,TRT014,2025-01-03,2026-08-23,374499.33,West,Medium
POL07350,PRG020,TRT052,2026-01-13,2027-11-30,309842.73,East,Medium
POL07351,PRG019,TRT050,2026-01-30,2026-08-18,493537.9,North,Low
POL07352,PRG011,TRT033,2026-03-11,2027-05-15,255376.58,West,Medium
POL07353,PRG012,TRT038,2025-01-09,2025-08-14,388050.31,East,Critical
POL07354,PRG002,TRT029,2025-09-06,2027-06-21,67342.7,North,High
POL07355,PRG004,TRT080,2025-01-01,2026-01-22,90450.44,South,Low
POL07356,PRG025,TRT033,2025-01-30,2026-11-30,271449.28,East,Medium
POL07357,PRG024,TRT037,2026-10-24,2028-03-09,65462.39,North,High
POL07358,PRG004,TRT064,2026-09-20,2028-01-27,374040.65,East,Medium
POL07359,PRG002,TRT076,2026-05-24,2027-01-15,487248.97,North,Critical
POL07360,PRG022,TRT078,2025-07-30,2027-07-10,487237.81,East,High
POL07361,PRG003,TRT080,2026-03-15,2027-01-08,92873.19,North,High
POL07362,PRG016,TRT004,2026-05-26,2028-05-16,307968.93,East,Medium
POL07363,PRG004,TRT005,2026-07-28,2027-11-22,381763.6,East,Critical
POL07364,PRG016,TRT069,2026-09-13,2028-04-01,200282.64,North,Low
POL07365,PRG020,TRT099,2025-05-25,2026-02-16,257825.79,West,Medium
POL07366,PRG001,TRT090,2025-04-23,2025-12-02,33207.32,East,Low
POL07367,PRG011,TRT036,2026-11-27,2028-01-16,246221.21,North,Critical
POL07368,PRG009,TRT046,2025-07-16,2026-07-07,213956.78,East,High
POL07369,PRG001,TRT095,2026-05-14,2027-09-09,283379.66,North,Low
POL07370,PRG001,TRT080,2025-03-19,2027-01-29,156013.01,North,Medium
POL07371,PRG014,TRT029,2025-10-21,2027-08-23,476125.24,North,Medium
POL07372,PRG009,TRT030,2026-07-17,2028-07-11,72932.47,North,Low
POL07373,PRG005,TRT100,2025-04-02,2026-05-19,392521.77,East,High
POL07374,PRG010,TRT098,2025-11-03,2026-10-07,79430.4,West,Critical
POL07375,PRG020,TRT036,2025-07-26,2026-05-12,265211.5,South,High
POL07376,PRG002,TRT014,2026-08-20,2027-07-21,489364.65,West,Medium
POL07377,PRG012,TRT006,2025-08-19,2027-06-20,53962.49,East,Medium
POL07378,PRG013,TRT088,2025-02-11,2025-11-10,272131.5,East,Low
POL07379,PRG011,TRT010,2025-04-11,2026-09-19,103279.99,West,Critical
POL07380,PRG002,TRT030,2026-03-09,2027-10-16,267989.09,East,High
POL07381,PRG008,TRT032,2026-04-12,2027-09-02,336501.83,East,High
POL07382,PRG019,TRT038,2026-01-18,2027-09-28,485331.06,West,Low
POL07383,PRG018,TRT017,2026-09-16,2027-06-18,255021.69,South,Low
POL07384,PRG011,TRT040,2026-05-26,2027-06-01,485164.63,West,Critical
POL07385,PRG014,TRT081,2026-10-07,2028-05-22,409548.38,South,Medium
POL07386,PRG015,TRT089,2025-04-25,2026-07-06,135466.94,East,Low
POL07387,PRG023,TRT087,2026-08-17,2027-04-22,390075.88,South,High
POL07388,PRG004,TRT066,2025-01-31,2026-02-18,426570.95,West,Critical
POL07389,PRG009,TRT033,2025-03-21,2026-05-05,450360.85,North,Critical
POL07390,PRG016,TRT038,2025-12-04,2027-08-07,137882.38,South,High
POL07391,PRG007,TRT002,2025-06-14,2026-01-28,434499.63,South,High
POL07392,PRG015,TRT085,2025-07-17,2026-08-09,458284.38,East,Medium
POL07393,PRG017,TRT042,2026-05-27,2027-09-17,475780.81,West,High
POL07394,PRG023,TRT021,2026-12-08,2027-07-26,66285.74,South,Low
POL07395,PRG010,TRT034,2025-04-02,2026-06-06,291122.61,North,High
POL07396,PRG004,TRT027,2025-08-31,2026-03-10,356730.31,North,Low
POL07397,PRG019,TRT002,2025-05-22,2027-01-30,334612.31,West,High
POL07398,PRG022,TRT002,2025-02-24,2026-09-18,175184.37,East,Medium
POL07399,PRG018,TRT067,2026-01-22,2026-10-19,340708.93,West,Low
POL07400,PRG018,TRT074,2025-07-25,2026-03-05,278277.07,East,Medium
POL07401,PRG009,TRT069,2026-03-21,2027-09-16,109107.39,West,High
POL07402,PRG015,TRT099,2026-09-18,2027-05-24,228758.02,East,Critical
POL07403,PRG015,TRT054,2025-06-07,2026-05-02,271798.78,East,High
POL07404,PRG004,TRT093,2026-07-03,2028-03-20,289271.23,East,Low
POL07405,PRG002,TRT084,2026-08-12,2027-10-25,99401.56,East,High
POL07406,PRG017,TRT076,2026-06-16,2027-01-24,382031.49,West,Medium
POL07407,PRG017,TRT062,2025-04-26,2026-11-10,142497.2,South,Low
POL07408,PRG021,TRT013,2025-11-08,2026-10-26,265576.03,South,Medium
POL07409,PRG001,TRT004,2025-10-30,2027-01-23,273540.01,North,Critical
POL07410,PRG015,TRT003,2026-05-18,2027-12-05,256814.87,West,High
POL07411,PRG023,TRT034,2026-11-17,2027-05-27,39741.76,North,Critical
POL07412,PRG024,TRT039,2026-05-13,2028-02-02,162640.85,East,High
POL07413,PRG001,TRT046,2026-05-30,2027-04-17,80139.52,West,Medium
POL07414,PRG014,TRT095,2026-06-02,2027-09-09,413560.01,South,High
POL07415,PRG011,TRT026,2026-04-11,2027-04-27,427128.54,South,Critical
POL07416,PRG004,TRT058,2026-10-30,2027-12-31,195602.35,West,Low
POL07417,PRG011,TRT017,2025-04-04,2025-12-22,23412.17,South,Medium
POL07418,PRG005,TRT058,2025-05-23,2026-07-15,13236.84,South,Low
POL07419,PRG018,TRT033,2025-09-13,2026-12-30,46555.28,East,Critical
POL07420,PRG012,TRT033,2026-04-02,2027-01-06,453047.98,East,Low
POL07421,PRG019,TRT054,2025-07-16,2026-12-17,310900.2,East,Critical
POL07422,PRG008,TRT065,2026-04-06,2027-03-05,150824.32,North,Medium
POL07423,PRG020,TRT051,2025-11-27,2027-09-24,258174.92,West,Medium
POL07424,PRG016,TRT014,2026-06-20,2027-04-27,419295.92,East,High
POL07425,PRG007,TRT024,2026-01-28,2027-06-13,317848.97,East,Critical
POL07426,PRG006,TRT012,2025-09-12,2027-07-27,483464.76,West,High
POL07427,PRG020,TRT048,2025-11-22,2026-08-28,71524.94,North,Medium
POL07428,PRG007,TRT071,2026-11-06,2028-01-23,375366.95,West,Medium
POL07429,PRG021,TRT018,2026-05-06,2028-02-09,290792.84,South,Medium
POL07430,PRG022,TRT005,2026-12-03,2028-11-25,445391.45,North,Low
POL07431,PRG012,TRT074,2026-01-07,2027-07-17,381803.59,West,Low
POL07432,PRG007,TRT005,2026-08-10,2027-12-29,268720.74,North,High
POL07433,PRG012,TRT059,2025-12-22,2027-06-24,119001.59,West,High
POL07434,PRG002,TRT083,2026-01-28,2026-08-06,395472.52,West,Low
POL07435,PRG024,TRT005,2026-05-22,2027-02-20,292384.47,North,High
POL07436,PRG013,TRT090,2025-07-05,2026-05-13,475233.16,East,Medium
POL07437,PRG001,TRT052,2026-03-12,2027-04-03,361353.5,West,Critical
POL07438,PRG013,TRT042,2026-02-03,2027-05-11,472461.14,East,Critical
POL07439,PRG007,TRT078,2026-02-02,2026-11-20,230816.27,East,Critical
POL07440,PRG025,TRT014,2026-10-25,2027-12-31,183853.44,South,Critical
POL07441,PRG005,TRT053,2025-09-15,2026-06-10,389380.23,North,Critical
POL07442,PRG010,TRT094,2026-01-01,2027-01-16,436938.39,West,High
POL07443,PRG015,TRT071,2026-07-11,2027-12-19,223025.09,North,High
POL07444,PRG019,TRT067,2025-04-22,2025-12-15,171719.13,East,Low
POL07445,PRG022,TRT008,2025-03-26,2026-06-27,396377.54,East,Critical
POL07446,PRG020,TRT060,2025-03-17,2026-11-18,159830.82,East,High
POL07447,PRG016,TRT090,2026-05-16,2026-12-16,61787.01,South,Medium
POL07448,PRG009,TRT087,2025-06-24,2027-01-31,417141.47,North,Low
POL07449,PRG005,TRT019,2025-09-01,2027-03-06,111239.19,West,Low
POL07450,PRG011,TRT090,2026-07-31,2027-07-21,14349.62,North,Medium
POL07451,PRG016,TRT023,2025-02-19,2026-02-08,414747.2,West,Critical
POL07452,PRG008,TRT079,2025-12-31,2026-08-14,479560.37,South,High
POL07453,PRG001,TRT054,2026-04-19,2027-09-28,143401.17,North,Critical
POL07454,PRG005,TRT064,2025-03-06,2026-08-07,418444.69,North,Medium
POL07455,PRG022,TRT084,2025-05-29,2027-04-26,304742.74,South,High
POL07456,PRG013,TRT084,2025-05-27,2026-05-25,488210.86,West,High
POL07457,PRG007,TRT088,2026-03-09,2028-01-04,318848.02,East,Low
POL07458,PRG015,TRT024,2025-04-03,2026-11-19,93645.48,South,Low
POL07459,PRG015,TRT052,2026-07-22,2027-02-28,16797.74,West,Medium
POL07460,PRG003,TRT030,2025-09-28,2027-07-04,133295.57,West,Low
POL07461,PRG019,TRT051,2025-11-21,2027-08-31,467040.0,North,Critical
POL07462,PRG003,TRT019,2026-09-21,2027-04-15,492776.73,South,High
POL07463,PRG007,TRT048,2025-07-20,2026-02-22,61036.27,East,High
POL07464,PRG001,TRT011,2025-02-11,2026-12-10,337665.14,South,Medium
POL07465,PRG013,TRT052,2025-06-09,2026-03-10,487628.98,South,Low
POL07466,PRG022,TRT092,2025-12-08,2026-08-10,102938.98,South,Low
POL07467,PRG004,TRT092,2026-11-22,2027-06-01,57306.94,West,Medium
POL07468,PRG010,TRT006,2026-09-06,2027-12-04,241617.34,North,Low
POL07469,PRG024,TRT007,2025-07-04,2026-12-04,344900.08,South,High
POL07470,PRG018,TRT089,2025-06-29,2027-02-27,475128.66,South,Medium
POL07471,PRG021,TRT065,2026-08-06,2027-06-04,282128.77,West,High
POL07472,PRG015,TRT065,2026-01-19,2028-01-15,349128.71,South,High
POL07473,PRG008,TRT024,2026-03-19,2026-11-06,457107.27,West,High
POL07474,PRG023,TRT047,2026-11-20,2028-06-25,213520.23,North,Medium
POL07475,PRG003,TRT069,2026-09-24,2027-12-02,189124.02,West,High
POL07476,PRG010,TRT054,2025-12-12,2027-01-06,71678.59,South,Critical
POL07477,PRG003,TRT023,2025-08-04,2027-01-27,64138.65,West,Low
POL07478,PRG007,TRT074,2026-10-28,2027-10-17,241756.7,North,Low
POL07479,PRG018,TRT082,2026-02-04,2026-08-03,201199.4,East,High
POL07480,PRG006,TRT055,2026-01-27,2027-09-27,77726.17,South,Critical
POL07481,PRG020,TRT070,2026-12-13,2028-02-03,215222.1,East,High
POL07482,PRG003,TRT022,2025-03-15,2026-11-06,426412.57,East,Low
POL07483,PRG021,TRT047,2026-03-22,2026-09-22,279956.4,East,Medium
POL07484,PRG006,TRT059,2025-07-13,2026-09-03,297139.59,South,Critical
POL07485,PRG020,TRT068,2025-12-22,2027-10-19,265020.85,East,Critical
POL07486,PRG020,TRT086,2025-07-02,2027-04-20,90180.7,East,Medium
POL07487,PRG003,TRT091,2026-02-28,2027-11-30,145142.59,South,Medium
POL07488,PRG001,TRT035,2026-03-08,2028-02-01,182131.81,North,Critical
POL07489,PRG024,TRT007,2026-11-22,2028-10-29,71458.77,North,Low
POL07490,PRG018,TRT022,2026-08-08,2027-10-06,301357.92,East,Critical
POL07491,PRG011,TRT073,2025-11-20,2027-10-20,50403.31,South,Critical
POL07492,PRG002,TRT029,2026-03-24,2028-02-23,235965.94,East,High
POL07493,PRG019,TRT091,2026-03-14,2027-11-05,96141.96,East,Low
POL07494,PRG008,TRT032,2026-10-31,2028-08-24,239048.96,South,High
POL07495,PRG009,TRT038,2025-04-15,2026-04-08,436499.33,South,Low
POL07496,PRG003,TRT015,2025-11-24,2027-02-23,308791.35,West,Critical
POL07497,PRG009,TRT052,2026-02-13,2027-06-09,155347.87,South,Low
POL07498,PRG003,TRT029,2025-12-27,2026-08-18,148892.44,North,Medium
POL07499,PRG024,TRT067,2026-06-16,2027-05-29,453070.6,West,Low
POL07500,PRG012,TRT095,2026-04-29,2027-01-09,452461.09,North,High
POL07501,PRG006,TRT079,2026-03-30,2026-12-05,493633.34,North,High
POL07502,PRG025,TRT034,2025-05-06,2025-11-28,438150.72,North,High
POL07503,PRG024,TRT016,2025-05-30,2027-05-09,64775.81,North,Medium
POL07504,PRG013,TRT010,2026-03-31,2026-12-03,416613.02,North,Medium
POL07505,PRG011,TRT003,2025-01-13,2026-06-22,17986.44,East,High
POL07506,PRG015,TRT024,2026-03-23,2027-10-11,140885.98,South,Medium
POL07507,PRG024,TRT011,2026-05-11,2027-06-23,419848.55,East,Low
POL07508,PRG007,TRT090,2026-08-23,2028-06-20,74658.06,East,Medium
POL07509,PRG008,TRT076,2025-10-12,2027-05-02,371057.84,South,Critical
POL07510,PRG005,TRT075,2025-08-26,2026-03-25,136893.85,West,Critical
POL07511,PRG007,TRT051,2025-01-29,2025-10-23,174569.98,West,High
POL07512,PRG015,TRT072,2025-07-28,2027-02-05,90870.4,West,Medium
POL07513,PRG018,TRT077,2026-09-16,2028-04-30,236508.2,East,Medium
POL07514,PRG008,TRT062,2026-12-18,2028-08-05,190230.84,South,Low
POL07515,PRG019,TRT083,2025-02-23,2026-11-08,153176.55,South,Medium
POL07516,PRG023,TRT004,2025-03-03,2025-12-26,115648.8,West,Critical
POL07517,PRG008,TRT020,2026-01-22,2027-08-08,135118.56,West,High
POL07518,PRG006,TRT044,2026-02-12,2028-02-09,47714.99,East,Critical
POL07519,PRG005,TRT040,2026-10-26,2027-07-11,231957.49,East,Critical
POL07520,PRG022,TRT011,2026-11-22,2027-08-24,148047.34,West,Medium
POL07521,PRG015,TRT041,2026-03-24,2027-06-23,235575.33,South,Medium
POL07522,PRG023,TRT070,2026-01-11,2027-10-21,261845.36,West,Low
POL07523,PRG012,TRT026,2025-04-13,2026-07-23,190176.86,North,High
POL07524,PRG005,TRT046,2026-02-12,2026-11-15,70874.11,East,High
POL07525,PRG013,TRT039,2026-08-06,2028-05-01,216879.57,North,High
POL07526,PRG001,TRT027,2025-10-24,2026-12-13,431309.44,East,Medium
POL07527,PRG005,TRT092,2026-06-25,2028-06-06,171359.97,West,Low
POL07528,PRG007,TRT007,2025-05-31,2026-12-31,394783.9,West,High
POL07529,PRG005,TRT081,2026-02-05,2026-10-23,115578.35,East,Critical
POL07530,PRG025,TRT038,2026-07-27,2027-08-11,88474.95,South,High
POL07531,PRG012,TRT057,2025-10-23,2027-05-23,79590.74,West,Critical
POL07532,PRG006,TRT014,2025-06-08,2026-02-27,160807.73,East,High
POL07533,PRG016,TRT032,2025-01-14,2026-07-13,443753.37,West,Low
POL07534,PRG009,TRT059,2025-10-07,2026-07-05,260548.44,East,Critical
POL07535,PRG022,TRT069,2025-07-03,2027-04-11,34646.96,North,Medium
POL07536,PRG015,TRT028,2026-09-10,2028-07-28,84903.77,North,Low
POL07537,PRG022,TRT045,2025-10-10,2027-01-13,339428.0,East,Critical
POL07538,PRG006,TRT075,2026-08-12,2028-04-04,360889.8,South,Critical
POL07539,PRG001,TRT097,2026-03-07,2027-02-17,474264.89,South,High
POL07540,PRG007,TRT065,2026-02-17,2027-10-29,230944.46,South,High
POL07541,PRG018,TRT066,2025-08-20,2026-05-11,17379.41,East,Critical
POL07542,PRG020,TRT069,2025-03-15,2026-03-23,483116.02,North,High
POL07543,PRG018,TRT097,2026-09-01,2027-03-28,445498.35,North,Medium
POL07544,PRG006,TRT014,2026-01-21,2027-05-30,129967.57,West,Low
POL07545,PRG019,TRT094,2025-07-03,2027-06-10,135401.6,West,High
POL07546,PRG021,TRT085,2026-04-13,2026-12-09,196161.86,East,Low
POL07547,PRG011,TRT017,2025-04-29,2025-11-08,9386.25,North,Medium
POL07548,PRG009,TRT098,2025-10-11,2026-04-24,423346.66,South,Low
POL07549,PRG008,TRT048,2026-10-10,2027-11-02,449251.54,East,High
POL07550,PRG019,TRT060,2026-08-05,2027-09-05,53561.12,North,High
POL07551,PRG011,TRT071,2025-12-22,2026-12-26,92262.79,North,Low
POL07552,PRG010,TRT038,2025-02-06,2025-12-03,31776.57,West,Low
POL07553,PRG002,TRT004,2025-02-19,2026-04-02,287672.97,East,High
POL07554,PRG019,TRT035,2026-01-24,2027-06-26,65716.26,West,Critical
POL07555,PRG005,TRT003,2025-09-18,2026-11-25,164483.72,East,Medium
POL07556,PRG009,TRT039,2025-11-13,2026-11-13,240842.55,West,Medium
POL07557,PRG010,TRT003,2026-08-09,2027-11-26,63041.37,West,Medium
POL07558,PRG016,TRT067,2026-03-01,2028-02-22,170638.73,South,Low
POL07559,PRG009,TRT064,2025-07-09,2026-12-01,166303.21,South,Medium
POL07560,PRG015,TRT088,2026-05-26,2028-02-07,373352.22,South,Critical
POL07561,PRG015,TRT078,2026-10-10,2028-10-06,269981.14,North,High
POL07562,PRG021,TRT070,2025-10-03,2027-07-13,158141.49,East,Medium
POL07563,PRG013,TRT028,2026-10-30,2028-02-03,357034.79,East,Low
POL07564,PRG008,TRT080,2025-03-30,2026-05-15,451325.06,North,High
POL07565,PRG009,TRT020,2025-05-01,2026-08-25,314222.26,West,Medium
POL07566,PRG022,TRT034,2026-08-20,2028-03-28,299123.74,West,Low
POL07567,PRG020,TRT007,2025-05-29,2026-04-08,368557.37,South,Critical
POL07568,PRG024,TRT079,2026-02-11,2027-11-19,45087.24,North,Medium
POL07569,PRG013,TRT033,2025-07-23,2027-06-07,405043.07,South,Critical
POL07570,PRG002,TRT060,2025-02-24,2026-12-12,159397.81,East,Low
POL07571,PRG011,TRT074,2025-04-23,2026-11-20,480114.31,West,Medium
POL07572,PRG001,TRT093,2026-03-31,2027-05-30,329998.46,South,High
POL07573,PRG005,TRT079,2025-05-02,2026-07-09,371354.03,North,Medium
POL07574,PRG009,TRT018,2026-04-18,2027-11-08,463738.2,West,Medium
POL07575,PRG010,TRT095,2025-10-23,2027-01-26,96306.04,West,Critical
POL07576,PRG007,TRT061,2025-01-24,2025-10-30,279021.54,South,Low
POL07577,PRG024,TRT096,2025-03-07,2026-08-03,165032.55,East,Medium
POL07578,PRG022,TRT030,2025-09-28,2026-09-29,6256.45,North,High
POL07579,PRG007,TRT023,2025-11-16,2027-02-28,214729.77,East,High
POL07580,PRG003,TRT022,2026-06-21,2027-11-16,396139.4,East,Critical
POL07581,PRG024,TRT032,2025-12-11,2027-07-15,56358.75,North,High
POL07582,PRG014,TRT075,2025-11-07,2026-06-01,90725.72,North,Medium
POL07583,PRG003,TRT074,2025-05-01,2025-11-30,328167.43,South,Critical
POL07584,PRG009,TRT002,2026-05-09,2027-07-17,492597.54,South,Critical
POL07585,PRG022,TRT024,2025-03-01,2026-11-11,473885.51,East,Medium
POL07586,PRG009,TRT037,2026-01-29,2026-08-15,7111.71,North,Medium
POL07587,PRG008,TRT035,2026-12-02,2028-06-28,122921.25,West,Medium
POL07588,PRG012,TRT041,2025-11-07,2027-01-08,229024.67,West,Medium
POL07589,PRG005,TRT075,2026-12-02,2028-09-08,378257.28,North,Low
POL07590,PRG021,TRT040,2025-05-18,2026-08-31,411125.01,West,Medium
POL07591,PRG008,TRT028,2025-09-12,2027-02-13,116440.94,West,Critical
POL07592,PRG015,TRT010,2025-06-24,2026-02-28,461696.3,West,Low
POL07593,PRG002,TRT023,2026-03-30,2027-09-06,129646.89,South,Low
POL07594,PRG013,TRT064,2026-08-26,2027-12-24,96473.38,South,Low
POL07595,PRG009,TRT046,2025-03-03,2025-11-20,283158.07,West,Low
POL07596,PRG018,TRT007,2025-11-17,2026-06-15,281346.81,North,High
POL07597,PRG016,TRT045,2026-05-23,2026-12-12,161433.06,South,Medium
POL07598,PRG003,TRT035,2026-07-22,2028-01-21,11894.12,East,Critical
POL07599,PRG007,TRT004,2026-02-16,2028-01-27,233621.84,North,Critical
POL07600,PRG016,TRT062,2026-08-29,2028-05-19,56700.1,East,High
POL07601,PRG014,TRT094,2026-04-19,2027-07-30,6940.48,North,High
POL07602,PRG004,TRT033,2025-04-26,2025-12-26,196387.23,East,High
POL07603,PRG002,TRT050,2025-12-19,2026-07-02,135844.03,West,Low
POL07604,PRG003,TRT041,2025-10-05,2026-11-14,51392.24,West,High
POL07605,PRG003,TRT070,2026-10-20,2027-05-24,385868.5,North,High
POL07606,PRG022,TRT059,2025-01-10,2026-10-10,32640.0,West,High
POL07607,PRG011,TRT016,2025-05-15,2025-12-02,186080.07,West,Critical
POL07608,PRG009,TRT082,2025-10-19,2027-08-07,364800.32,North,Low
POL07609,PRG007,TRT020,2026-11-04,2028-10-10,353660.46,South,Low
POL07610,PRG012,TRT032,2025-04-22,2026-03-12,138819.26,East,Medium
POL07611,PRG010,TRT012,2025-06-13,2027-02-28,451959.59,West,Low
POL07612,PRG024,TRT054,2025-01-24,2026-08-12,189326.94,North,Low
POL07613,PRG006,TRT027,2025-03-29,2026-09-03,207231.39,North,Low
POL07614,PRG013,TRT037,2026-04-11,2027-06-18,277970.1,North,Low
POL07615,PRG016,TRT088,2026-11-16,2028-01-11,327916.26,West,High
POL07616,PRG007,TRT002,2026-02-17,2027-11-02,242175.63,East,Medium
POL07617,PRG009,TRT086,2026-07-15,2027-07-19,466848.98,South,Low
POL07618,PRG022,TRT084,2026-10-07,2027-11-11,158417.26,North,High
POL07619,PRG013,TRT043,2026-03-13,2027-03-25,188935.86,North,Low
POL07620,PRG017,TRT029,2026-03-04,2027-06-30,358184.58,West,Medium
POL07621,PRG025,TRT039,2025-10-29,2026-07-12,289475.37,South,Critical
POL07622,PRG020,TRT087,2025-04-23,2027-02-20,54029.22,East,High
POL07623,PRG011,TRT072,2026-02-06,2027-10-01,122624.85,South,Critical
POL07624,PRG016,TRT050,2026-04-07,2027-12-01,395218.11,West,Medium
POL07625,PRG015,TRT054,2026-02-03,2027-01-28,95638.12,West,High
POL07626,PRG008,TRT041,2025-10-15,2026-08-10,343266.58,East,Critical
POL07627,PRG014,TRT039,2025-12-30,2027-08-16,164375.09,East,High
POL07628,PRG015,TRT005,2025-05-06,2027-02-22,339160.64,East,Critical
POL07629,PRG007,TRT066,2025-03-15,2026-08-17,110464.83,South,High
POL07630,PRG014,TRT037,2026-11-05,2027-10-15,191561.95,North,High
POL07631,PRG007,TRT053,2025-04-29,2026-03-30,352144.08,West,Low
POL07632,PRG020,TRT019,2025-02-18,2026-04-28,117670.6,East,High
POL07633,PRG010,TRT095,2025-04-28,2027-01-17,38104.69,East,Low
POL07634,PRG015,TRT055,2025-02-20,2026-10-30,40859.49,South,Low
POL07635,PRG008,TRT028,2026-12-04,2027-06-07,446385.45,South,Critical
POL07636,PRG015,TRT069,2025-10-15,2027-01-13,400195.44,North,Critical
POL07637,PRG014,TRT082,2026-06-06,2027-07-08,48159.91,West,Medium
POL07638,PRG004,TRT049,2026-05-24,2027-10-01,24974.22,South,High
POL07639,PRG023,TRT075,2025-11-30,2026-09-22,279201.8,West,Low
POL07640,PRG013,TRT095,2025-11-08,2026-12-09,207596.5,South,Critical
POL07641,PRG016,TRT038,2026-04-16,2028-01-24,120678.44,South,Critical
POL07642,PRG015,TRT032,2026-10-16,2027-09-20,159532.59,South,Medium
POL07643,PRG009,TRT038,2026-11-15,2028-01-10,145348.71,South,Critical
POL07644,PRG009,TRT022,2025-08-03,2026-07-16,216321.14,East,Low
POL07645,PRG003,TRT034,2025-09-04,2026-04-16,357226.34,South,Critical
POL07646,PRG009,TRT039,2026-11-24,2028-02-05,319134.21,West,Medium
POL07647,PRG021,TRT011,2025-10-27,2026-11-06,28807.67,East,Low
POL07648,PRG012,TRT085,2026-05-21,2027-07-20,369452.94,South,Medium
POL07649,PRG011,TRT083,2025-12-27,2027-01-14,222712.71,West,Medium
POL07650,PRG002,TRT071,2025-03-07,2027-02-08,116640.42,West,Low
POL07651,PRG015,TRT074,2025-11-28,2027-03-06,275873.22,West,Low
POL07652,PRG003,TRT021,2025-10-19,2027-04-27,254764.56,West,Medium
POL07653,PRG011,TRT080,2026-05-17,2028-04-07,32045.55,North,Low
POL07654,PRG017,TRT008,2025-07-14,2027-02-17,393619.88,East,Medium
POL07655,PRG024,TRT070,2025-03-26,2026-11-24,476128.75,East,Low
POL07656,PRG021,TRT055,2025-07-12,2026-04-03,256147.82,North,High
POL07657,PRG022,TRT036,2025-12-22,2026-07-02,19448.54,West,High
POL07658,PRG023,TRT098,2025-10-19,2027-04-07,107646.35,West,Low
POL07659,PRG014,TRT028,2026-05-26,2028-02-17,66397.34,West,Medium
POL07660,PRG002,TRT004,2025-03-21,2026-01-26,179366.1,East,Low
POL07661,PRG015,TRT017,2026-12-14,2028-07-07,22497.11,West,High
POL07662,PRG003,TRT091,2025-10-02,2027-07-30,95241.53,West,Medium
POL07663,PRG004,TRT031,2025-10-27,2027-03-14,441749.87,North,Low
POL07664,PRG002,TRT032,2025-04-11,2026-02-24,451602.08,North,Low
POL07665,PRG025,TRT012,2025-01-12,2026-07-21,255112.59,East,Medium
POL07666,PRG025,TRT014,2026-04-20,2027-12-27,204689.93,South,Medium
POL07667,PRG023,TRT009,2026-04-13,2027-01-27,444991.35,North,Medium
POL07668,PRG019,TRT073,2025-01-28,2026-11-19,318717.38,East,High
POL07669,PRG018,TRT086,2025-06-09,2026-07-16,262930.91,South,Medium
POL07670,PRG017,TRT014,2026-11-22,2028-01-04,389855.46,West,Critical
POL07671,PRG009,TRT084,2025-06-05,2026-08-12,187984.77,East,Critical
POL07672,PRG006,TRT012,2025-05-15,2026-05-19,23152.43,East,High
POL07673,PRG001,TRT055,2025-10-28,2027-05-28,94494.97,West,High
POL07674,PRG004,TRT054,2025-09-24,2027-03-31,161138.57,North,Low
POL07675,PRG002,TRT058,2026-10-26,2028-04-23,37721.04,West,Critical
POL07676,PRG007,TRT031,2025-07-25,2026-04-08,116691.42,West,High
POL07677,PRG015,TRT084,2026-05-16,2027-08-20,362213.78,South,Medium
POL07678,PRG002,TRT088,2026-09-22,2027-06-28,124595.48,East,Low
POL07679,PRG014,TRT023,2025-11-12,2027-08-29,476092.94,West,Medium
POL07680,PRG022,TRT018,2026-07-28,2027-03-08,344011.42,South,Medium
POL07681,PRG019,TRT090,2025-10-12,2026-07-05,497769.59,East,High
POL07682,PRG024,TRT093,2026-07-18,2028-03-28,129556.21,North,High
POL07683,PRG006,TRT046,2026-01-15,2027-09-10,221956.74,North,Low
POL07684,PRG023,TRT035,2026-04-22,2027-06-12,383684.66,South,Medium
POL07685,PRG020,TRT046,2026-02-20,2027-01-23,429498.69,South,Medium
POL07686,PRG013,TRT071,2025-08-18,2027-01-27,140236.91,North,Medium
POL07687,PRG012,TRT080,2026-06-16,2027-06-12,198542.81,North,Low
POL07688,PRG018,TRT016,2025-03-27,2027-02-17,434638.13,East,Critical
POL07689,PRG003,TRT094,2025-01-01,2026-05-31,423719.86,East,Medium
POL07690,PRG020,TRT060,2026-03-02,2026-12-16,33899.19,East,Medium
POL07691,PRG021,TRT032,2025-10-14,2026-05-06,49996.88,East,Medium
POL07692,PRG016,TRT083,2025-10-07,2027-01-10,411811.32,East,Medium
POL07693,PRG012,TRT030,2025-02-17,2026-09-19,350242.56,East,High
POL07694,PRG017,TRT001,2025-01-26,2025-12-28,343742.84,South,Medium
POL07695,PRG005,TRT007,2026-04-24,2026-12-30,325377.0,East,Critical
POL07696,PRG017,TRT060,2026-08-27,2027-07-18,499790.38,West,Critical
POL07697,PRG001,TRT018,2025-10-23,2027-03-28,174701.8,North,High
POL07698,PRG016,TRT004,2026-02-01,2027-06-20,140077.9,South,Medium
POL07699,PRG001,TRT033,2025-07-09,2027-03-23,170241.81,South,Medium
POL07700,PRG024,TRT057,2025-04-08,2025-10-28,479663.35,North,Low
POL07701,PRG011,TRT047,2026-12-18,2028-02-13,38092.64,West,Low
POL07702,PRG001,TRT092,2025-09-18,2026-09-11,159556.95,West,Critical
POL07703,PRG015,TRT011,2026-10-09,2028-05-06,385725.68,South,Low
POL07704,PRG004,TRT004,2025-09-20,2026-04-03,55489.81,South,High
POL07705,PRG011,TRT063,2025-09-19,2027-03-01,84221.64,North,High
POL07706,PRG004,TRT071,2026-04-18,2026-11-18,420136.24,East,Low
POL07707,PRG012,TRT090,2026-12-22,2028-07-28,458682.27,South,High
POL07708,PRG018,TRT098,2025-02-12,2026-08-13,430168.53,South,Medium
POL07709,PRG007,TRT073,2025-09-14,2026-04-27,454706.79,South,Low
POL07710,PRG006,TRT085,2025-03-26,2025-10-01,184481.6,East,Critical
POL07711,PRG003,TRT059,2026-10-31,2028-03-15,355387.99,South,High
POL07712,PRG007,TRT089,2025-06-26,2027-01-12,478877.16,South,Low
POL07713,PRG008,TRT076,2026-11-01,2027-11-05,224570.1,North,High
POL07714,PRG020,TRT089,2025-10-10,2027-03-09,58324.2,West,Medium
POL07715,PRG022,TRT031,2025-08-12,2027-02-15,463669.78,North,Low
POL07716,PRG024,TRT075,2026-10-12,2027-12-20,214199.63,West,Low
POL07717,PRG019,TRT080,2026-08-23,2028-01-13,431747.33,South,Low
POL07718,PRG011,TRT061,2025-07-07,2026-09-13,306578.67,West,Medium
POL07719,PRG021,TRT035,2025-01-12,2025-11-23,26896.67,West,Low
POL07720,PRG005,TRT038,2026-03-09,2027-11-12,321324.36,East,High
POL07721,PRG022,TRT087,2025-05-05,2026-09-16,36683.15,North,High
POL07722,PRG010,TRT004,2026-09-06,2028-02-14,258358.12,South,Low
POL07723,PRG001,TRT075,2025-09-27,2027-06-07,82698.99,West,Low
POL07724,PRG021,TRT006,2025-04-25,2026-05-16,243017.08,North,Critical
POL07725,PRG019,TRT098,2026-10-03,2027-05-26,241005.71,West,Medium
POL07726,PRG012,TRT098,2026-12-03,2028-06-26,275853.5,East,High
POL07727,PRG008,TRT067,2025-06-08,2026-02-25,196669.24,North,High
POL07728,PRG017,TRT030,2026-11-30,2028-06-12,248886.54,East,High
POL07729,PRG022,TRT050,2025-09-04,2026-06-09,439697.0,South,High
POL07730,PRG025,TRT034,2025-04-28,2026-01-13,215135.6,South,Critical
POL07731,PRG022,TRT078,2025-09-17,2027-04-23,345815.53,South,Medium
POL07732,PRG018,TRT089,2025-04-27,2025-11-23,201997.34,East,Critical
POL07733,PRG018,TRT039,2026-08-30,2028-07-02,278201.94,North,Critical
POL07734,PRG015,TRT023,2025-12-31,2026-12-13,9150.71,West,Critical
POL07735,PRG012,TRT038,2026-08-29,2028-06-17,118886.35,North,Low
POL07736,PRG002,TRT093,2025-05-26,2027-04-30,378033.82,East,Low
POL07737,PRG007,TRT087,2025-05-31,2026-07-24,290422.76,East,Critical
POL07738,PRG012,TRT072,2025-01-01,2026-01-06,25328.72,West,High
POL07739,PRG005,TRT046,2025-10-22,2027-09-02,488919.64,West,Medium
POL07740,PRG021,TRT020,2026-01-20,2026-10-13,206990.35,North,High
POL07741,PRG021,TRT097,2025-07-20,2026-05-05,406923.62,North,High
POL07742,PRG005,TRT020,2027-01-01,2027-07-17,304909.28,North,Low
POL07743,PRG008,TRT062,2025-10-30,2027-03-08,441369.24,East,Low
POL07744,PRG009,TRT098,2025-08-15,2026-10-30,374219.23,East,High
POL07745,PRG004,TRT046,2025-03-27,2026-07-04,31699.39,West,Critical
POL07746,PRG013,TRT075,2026-03-18,2027-03-12,319106.65,North,Low
POL07747,PRG020,TRT068,2026-04-19,2028-01-05,197684.15,South,Medium
POL07748,PRG004,TRT069,2025-03-22,2027-02-11,23525.45,West,Medium
POL07749,PRG021,TRT013,2026-09-22,2027-10-18,298970.06,West,Medium
POL07750,PRG004,TRT061,2026-05-30,2028-04-10,14922.53,North,High
POL07751,PRG023,TRT002,2026-02-25,2026-11-06,78741.4,West,Critical
POL07752,PRG001,TRT087,2026-01-26,2027-05-09,387192.18,North,High
POL07753,PRG010,TRT081,2025-10-06,2027-03-01,48435.21,West,High
POL07754,PRG015,TRT013,2025-03-23,2026-08-11,391030.23,South,High
POL07755,PRG020,TRT072,2025-08-11,2027-04-09,379257.1,East,Medium
POL07756,PRG008,TRT060,2025-11-28,2026-12-02,235182.9,West,Critical
POL07757,PRG004,TRT063,2026-09-18,2028-06-07,115039.33,East,Critical
POL07758,PRG002,TRT041,2025-05-22,2027-02-13,411874.38,West,High
POL07759,PRG019,TRT064,2025-02-19,2025-10-13,317488.16,North,High
POL07760,PRG004,TRT067,2025-07-18,2026-05-21,299024.65,South,Low
POL07761,PRG016,TRT081,2026-10-30,2028-09-07,470830.1,West,Low
POL07762,PRG019,TRT002,2025-12-05,2026-09-14,468554.13,West,Medium
POL07763,PRG023,TRT078,2025-11-10,2026-09-12,491360.73,South,Low
POL07764,PRG010,TRT094,2026-03-17,2027-12-11,480956.68,North,Low
POL07765,PRG005,TRT012,2025-11-23,2027-03-01,275907.81,East,High
POL07766,PRG002,TRT065,2026-06-09,2027-03-20,256861.4,South,Low
POL07767,PRG005,TRT067,2025-06-20,2026-12-09,183758.47,South,Low
POL07768,PRG010,TRT052,2026-01-09,2027-08-14,168888.1,West,Medium
POL07769,PRG010,TRT094,2025-01-03,2026-09-16,341853.31,South,Low
POL07770,PRG008,TRT030,2026-06-12,2027-09-19,465885.0,West,Low
POL07771,PRG004,TRT008,2026-05-26,2028-02-23,159031.6,West,High
POL07772,PRG024,TRT007,2025-06-27,2027-05-16,136430.59,South,Medium
POL07773,PRG020,TRT002,2026-09-17,2027-08-21,253940.09,South,Critical
POL07774,PRG002,TRT041,2026-05-14,2027-10-25,268497.03,West,High
POL07775,PRG017,TRT050,2025-10-03,2027-03-30,75505.47,East,Medium
POL07776,PRG019,TRT085,2026-04-29,2027-08-14,33723.28,South,Low
POL07777,PRG017,TRT043,2026-11-21,2028-10-30,38290.18,South,Medium
POL07778,PRG008,TRT050,2026-04-27,2027-11-03,249425.36,North,High
POL07779,PRG010,TRT078,2025-04-10,2026-12-02,201152.72,East,High
POL07780,PRG012,TRT093,2025-01-02,2025-11-02,269761.22,West,High
POL07781,PRG012,TRT083,2026-01-30,2027-01-27,426925.36,West,High
POL07782,PRG018,TRT077,2025-06-18,2026-09-15,371240.04,South,Medium
POL07783,PRG020,TRT026,2026-01-24,2028-01-04,136032.18,West,High
POL07784,PRG015,TRT030,2026-02-26,2028-01-24,354848.38,North,Low
POL07785,PRG025,TRT014,2026-10-06,2028-08-21,410686.74,North,Medium
POL07786,PRG018,TRT054,2026-02-16,2028-01-14,221882.7,West,High
POL07787,PRG007,TRT074,2025-07-09,2027-03-22,161840.85,East,High
POL07788,PRG010,TRT051,2025-06-08,2027-02-25,84623.79,South,High
POL07789,PRG007,TRT074,2026-09-05,2027-03-27,192360.02,West,High
POL07790,PRG020,TRT073,2025-12-27,2027-02-18,183257.09,South,Low
POL07791,PRG011,TRT100,2025-07-07,2027-02-16,85037.17,South,High
POL07792,PRG025,TRT027,2026-07-05,2027-12-18,449216.08,South,Critical
POL07793,PRG014,TRT002,2025-10-21,2026-04-30,350582.7,West,Medium
POL07794,PRG015,TRT026,2026-02-11,2027-11-23,60024.52,East,Medium
POL07795,PRG011,TRT009,2025-01-29,2026-04-15,140963.64,South,Medium
POL07796,PRG009,TRT074,2025-02-25,2026-08-02,446767.9,South,Medium
POL07797,PRG014,TRT056,2025-11-21,2026-10-18,189313.61,South,High
POL07798,PRG019,TRT044,2026-11-02,2028-02-14,326672.23,East,Medium
POL07799,PRG022,TRT004,2025-07-05,2026-10-12,482602.47,West,Medium
POL07800,PRG018,TRT025,2026-05-17,2027-02-16,335959.68,North,High
POL07801,PRG023,TRT019,2025-12-05,2027-03-29,266877.44,North,Low
POL07802,PRG014,TRT022,2026-04-02,2028-01-27,313316.25,West,Medium
POL07803,PRG004,TRT096,2025-08-03,2026-02-11,254461.4,North,High
POL07804,PRG023,TRT004,2026-10-29,2028-08-13,400890.18,South,Medium
POL07805,PRG019,TRT079,2025-04-14,2025-10-13,328174.74,North,Critical
POL07806,PRG007,TRT064,2025-01-16,2026-04-20,412055.81,West,Low
POL07807,PRG009,TRT094,2025-08-30,2026-11-13,351407.34,West,Critical
POL07808,PRG007,TRT086,2026-10-21,2028-07-01,77548.13,East,Medium
POL07809,PRG004,TRT022,2026-06-23,2028-03-04,257728.58,North,Critical
POL07810,PRG008,TRT083,2025-09-01,2027-05-09,25034.44,East,Low
POL07811,PRG018,TRT060,2025-01-12,2026-04-04,103142.83,East,Medium
POL07812,PRG017,TRT090,2026-03-14,2027-07-28,84941.1,South,Low
POL07813,PRG017,TRT011,2026-11-28,2027-08-27,417400.19,North,Medium
POL07814,PRG001,TRT060,2025-06-25,2026-10-19,339380.06,North,Critical
POL07815,PRG020,TRT062,2026-12-30,2028-08-11,231973.99,North,Low
POL07816,PRG001,TRT012,2025-03-30,2025-11-04,388472.4,South,High
POL07817,PRG023,TRT018,2025-07-12,2026-08-24,75157.22,South,High
POL07818,PRG017,TRT071,2025-04-18,2026-08-18,34256.43,North,High
POL07819,PRG012,TRT051,2025-11-15,2027-10-16,347964.15,South,Low
POL07820,PRG020,TRT018,2025-01-14,2026-07-22,94126.32,West,Low
POL07821,PRG016,TRT081,2025-12-28,2026-06-26,93352.1,South,Critical
POL07822,PRG010,TRT038,2025-12-19,2027-05-29,440725.7,South,Medium
POL07823,PRG007,TRT025,2025-11-16,2027-01-09,249399.43,North,Low
POL07824,PRG002,TRT053,2025-01-07,2026-05-14,173511.66,South,Critical
POL07825,PRG012,TRT001,2026-09-23,2027-06-05,33321.59,East,Critical
POL07826,PRG016,TRT094,2025-03-30,2026-12-08,111011.73,North,High
POL07827,PRG013,TRT071,2025-08-09,2026-05-08,80970.47,South,Medium
POL07828,PRG002,TRT088,2026-12-24,2028-10-20,381414.65,West,High
POL07829,PRG010,TRT067,2025-09-22,2026-04-20,65805.85,North,Critical
POL07830,PRG016,TRT095,2025-01-06,2025-10-03,229765.87,East,High
POL07831,PRG012,TRT012,2026-12-27,2028-04-27,221942.2,North,Medium
POL07832,PRG009,TRT099,2026-09-29,2027-10-16,305090.94,West,Critical
POL07833,PRG018,TRT043,2026-11-07,2027-10-20,174510.29,South,Critical
POL07834,PRG014,TRT027,2025-01-26,2026-01-31,497570.89,South,Critical
POL07835,PRG017,TRT009,2025-02-17,2025-10-28,424711.15,West,High
POL07836,PRG002,TRT032,2025-11-22,2027-04-12,487625.82,West,High
POL07837,PRG023,TRT034,2026-12-11,2028-12-06,451402.18,North,High
POL07838,PRG003,TRT076,2025-11-19,2026-05-29,316378.14,North,Critical
POL07839,PRG006,TRT023,2026-05-09,2026-11-21,9155.79,North,Critical
POL07840,PRG010,TRT065,2025-03-25,2026-01-20,81220.27,West,High
POL07841,PRG012,TRT010,2026-11-23,2027-09-08,361930.7,East,High
POL07842,PRG013,TRT068,2025-04-17,2026-02-05,467589.64,North,Medium
POL07843,PRG022,TRT047,2025-02-08,2026-05-05,169839.66,North,Medium
POL07844,PRG020,TRT016,2026-01-04,2026-11-15,27385.34,North,Low
POL07845,PRG001,TRT070,2025-03-20,2026-12-24,77787.4,East,Low
POL07846,PRG009,TRT054,2026-01-23,2027-09-25,69030.88,East,Critical
POL07847,PRG025,TRT005,2026-05-09,2027-05-28,73480.54,South,Critical
POL07848,PRG018,TRT081,2026-03-04,2026-11-01,60695.19,South,Medium
POL07849,PRG014,TRT085,2025-01-02,2025-08-13,90364.67,South,Low
POL07850,PRG022,TRT083,2025-01-25,2026-09-22,153626.06,North,Low
POL07851,PRG002,TRT013,2026-07-07,2028-04-29,402622.62,West,Medium
POL07852,PRG020,TRT022,2025-04-05,2026-08-10,163638.67,East,Low
POL07853,PRG023,TRT095,2026-06-24,2028-04-26,30956.4,East,Low
POL07854,PRG016,TRT075,2026-03-18,2027-10-05,160309.96,South,Low
POL07855,PRG007,TRT074,2025-04-28,2026-07-26,81810.93,South,Medium
POL07856,PRG006,TRT028,2026-05-16,2027-11-16,428795.05,West,Critical
POL07857,PRG019,TRT058,2025-06-28,2027-01-05,286975.8,South,Critical
POL07858,PRG004,TRT004,2025-12-03,2027-03-04,209924.27,East,High
POL07859,PRG019,TRT054,2025-11-06,2026-07-07,60262.82,East,High
POL07860,PRG002,TRT009,2026-10-25,2027-07-05,155205.7,North,High
POL07861,PRG012,TRT081,2026-07-18,2027-10-08,364006.55,West,Low
POL07862,PRG007,TRT072,2026-02-04,2027-06-28,497359.73,North,Medium
POL07863,PRG009,TRT091,2025-12-17,2027-03-15,111716.51,East,Medium
POL07864,PRG004,TRT008,2026-06-08,2028-01-31,145757.64,South,Critical
POL07865,PRG011,TRT087,2025-04-13,2026-11-19,481811.5,North,High
POL07866,PRG023,TRT048,2025-07-02,2027-01-17,464056.28,West,High
POL07867,PRG019,TRT034,2025-06-29,2027-04-18,458586.32,North,Critical
POL07868,PRG003,TRT085,2025-05-06,2026-02-04,484866.14,West,Critical
POL07869,PRG013,TRT019,2026-09-19,2028-01-07,113824.34,West,Critical
POL07870,PRG025,TRT025,2025-12-09,2026-07-17,171502.15,East,Medium
POL07871,PRG016,TRT083,2025-10-06,2026-05-26,251291.54,South,Critical
POL07872,PRG005,TRT044,2025-05-06,2025-12-13,463078.23,North,Low
POL07873,PRG009,TRT040,2026-02-13,2027-11-27,146167.09,South,Critical
POL07874,PRG019,TRT049,2025-05-19,2027-01-03,296642.96,North,Low
POL07875,PRG005,TRT014,2025-04-08,2027-03-24,478769.8,East,Critical
POL07876,PRG019,TRT046,2025-10-18,2026-10-25,12471.83,East,High
POL07877,PRG007,TRT038,2025-12-13,2027-10-04,299224.52,East,Medium
POL07878,PRG011,TRT092,2025-02-16,2026-11-15,444429.75,West,Critical
POL07879,PRG016,TRT090,2025-10-02,2026-08-05,330508.02,North,Low
POL07880,PRG019,TRT031,2026-11-13,2027-11-16,248470.9,South,Low
POL07881,PRG011,TRT079,2026-01-21,2027-07-03,425590.12,North,High
POL07882,PRG024,TRT043,2026-11-15,2028-09-29,401012.31,North,Low
POL07883,PRG011,TRT022,2025-08-08,2026-12-17,337934.34,North,Critical
POL07884,PRG013,TRT081,2026-04-22,2027-05-08,417464.41,North,Critical
POL07885,PRG007,TRT095,2026-09-29,2028-03-21,344485.25,East,High
POL07886,PRG002,TRT087,2026-10-26,2028-06-15,104515.29,East,Low
POL07887,PRG007,TRT083,2026-01-06,2027-08-02,470022.72,East,Critical
POL07888,PRG021,TRT073,2026-06-01,2027-12-09,29871.85,West,Low
POL07889,PRG005,TRT032,2026-07-03,2027-02-18,232153.84,West,Low
POL07890,PRG011,TRT049,2026-01-14,2026-09-15,414920.17,South,Medium
POL07891,PRG020,TRT038,2025-06-28,2026-01-26,491994.99,North,Low
POL07892,PRG008,TRT060,2026-12-04,2028-05-21,279449.82,North,Low
POL07893,PRG023,TRT010,2025-07-06,2026-06-14,41724.36,East,Critical
POL07894,PRG010,TRT082,2026-07-19,2027-08-04,165088.3,South,Medium
POL07895,PRG002,TRT035,2025-04-17,2027-03-13,126374.83,South,Critical
POL07896,PRG017,TRT054,2025-08-06,2026-07-07,429456.17,West,Medium
POL07897,PRG002,TRT039,2025-03-21,2026-10-23,375727.07,West,High
POL07898,PRG003,TRT086,2026-05-20,2027-01-30,293599.83,North,Medium
POL07899,PRG016,TRT051,2026-11-17,2028-07-19,13963.27,East,High
POL07900,PRG005,TRT083,2025-10-07,2027-07-06,495337.59,South,Low
POL07901,PRG013,TRT056,2025-07-22,2026-06-07,373725.09,East,Low
POL07902,PRG011,TRT001,2025-03-20,2026-01-10,239135.03,East,High
POL07903,PRG022,TRT045,2026-04-15,2027-12-27,155656.89,West,Medium
POL07904,PRG017,TRT004,2026-02-26,2026-11-16,307491.84,West,Low
POL07905,PRG010,TRT094,2025-12-31,2027-04-01,148782.95,East,Medium
POL07906,PRG016,TRT088,2026-10-15,2028-06-08,304834.64,South,Medium
POL07907,PRG017,TRT098,2025-08-31,2027-02-03,363469.91,North,Critical
POL07908,PRG010,TRT065,2026-01-19,2026-08-27,451558.19,West,Critical
POL07909,PRG002,TRT041,2026-09-10,2028-02-18,140513.72,East,Medium
POL07910,PRG017,TRT034,2026-01-13,2026-12-25,262013.57,North,Low
POL07911,PRG014,TRT096,2026-12-08,2028-07-11,484757.29,East,Low
POL07912,PRG006,TRT067,2025-11-23,2027-02-12,397938.6,East,Critical
POL07913,PRG013,TRT055,2026-01-15,2026-10-16,328437.43,South,Critical
POL07914,PRG016,TRT096,2026-11-06,2027-10-04,204692.97,South,Critical
POL07915,PRG008,TRT060,2025-07-18,2027-03-29,230657.91,East,Medium
POL07916,PRG010,TRT001,2025-12-13,2027-03-23,286939.56,South,High
POL07917,PRG024,TRT008,2025-07-15,2026-04-24,26620.56,East,Low
POL07918,PRG002,TRT017,2025-07-31,2026-10-19,130084.54,South,High
POL07919,PRG014,TRT035,2025-09-05,2026-09-13,422769.22,North,Critical
POL07920,PRG004,TRT093,2025-06-28,2026-03-07,376728.73,West,High
POL07921,PRG025,TRT054,2025-05-21,2026-01-13,96772.25,West,Medium
POL07922,PRG012,TRT073,2026-05-19,2028-01-09,95901.49,West,Low
POL07923,PRG016,TRT094,2026-09-22,2028-02-02,446461.72,North,Critical
POL07924,PRG008,TRT079,2025-10-22,2026-05-01,401204.44,East,Critical
POL07925,PRG003,TRT004,2025-02-04,2026-07-08,165049.23,East,High
POL07926,PRG016,TRT055,2026-02-19,2027-12-05,153785.4,North,Low
POL07927,PRG022,TRT066,2026-02-28,2027-05-20,121008.72,East,Low
POL07928,PRG008,TRT019,2025-10-13,2026-05-26,109042.01,North,Medium
POL07929,PRG021,TRT049,2025-12-09,2027-11-13,377138.57,North,Critical
POL07930,PRG012,TRT016,2025-03-24,2026-10-04,345680.74,East,High
POL07931,PRG023,TRT050,2025-03-19,2026-12-15,447821.52,North,Medium
POL07932,PRG014,TRT016,2025-02-05,2026-02-25,42109.5,West,High
POL07933,PRG003,TRT046,2025-07-31,2027-05-30,249654.69,South,High
POL07934,PRG008,TRT076,2025-07-25,2027-07-14,483939.22,East,Low
POL07935,PRG004,TRT029,2025-06-10,2027-01-07,52243.85,East,Low
POL07936,PRG009,TRT074,2025-12-10,2027-07-18,302965.19,North,Low
POL07937,PRG016,TRT036,2026-12-08,2028-05-11,120934.07,East,Medium
POL07938,PRG001,TRT089,2025-06-28,2027-01-15,79096.47,South,Medium
POL07939,PRG022,TRT073,2026-09-25,2028-04-08,202810.28,East,Medium
POL07940,PRG013,TRT091,2026-10-07,2027-11-07,335429.33,South,Medium
POL07941,PRG016,TRT077,2025-08-31,2027-08-29,138336.37,East,Critical
POL07942,PRG023,TRT037,2026-03-09,2026-11-15,140226.75,South,Medium
POL07943,PRG002,TRT035,2026-02-16,2027-03-17,266816.72,North,Critical
POL07944,PRG023,TRT074,2026-09-25,2027-12-20,363750.95,East,Low
POL07945,PRG015,TRT068,2025-02-16,2027-01-01,54556.61,North,Medium
POL07946,PRG011,TRT021,2025-07-30,2026-04-16,195585.67,West,Low
POL07947,PRG023,TRT078,2026-03-04,2027-01-03,247783.95,West,Low
POL07948,PRG003,TRT099,2026-10-30,2027-10-26,412694.58,East,Low
POL07949,PRG001,TRT068,2025-01-24,2027-01-04,426049.84,West,High
POL07950,PRG011,TRT024,2026-02-19,2027-03-30,475505.93,West,Medium
POL07951,PRG005,TRT038,2026-09-21,2028-05-16,36038.39,West,Low
POL07952,PRG008,TRT060,2025-09-29,2027-04-26,458889.8,South,High
POL07953,PRG022,TRT056,2026-05-28,2027-12-21,268890.56,East,Low
POL07954,PRG016,TRT096,2025-04-10,2026-02-03,29229.77,South,Low
POL07955,PRG016,TRT031,2026-04-13,2027-03-04,301068.26,West,Medium
POL07956,PRG006,TRT003,2026-12-13,2028-11-25,227321.46,South,High
POL07957,PRG001,TRT064,2026-04-09,2027-02-23,94753.4,South,Critical
POL07958,PRG002,TRT100,2025-12-30,2027-10-22,146986.3,North,Medium
POL07959,PRG006,TRT016,2026-03-18,2027-12-10,21756.36,South,Critical
POL07960,PRG019,TRT090,2025-10-09,2027-09-21,186999.65,North,Low
POL07961,PRG009,TRT046,2026-12-25,2028-01-28,304111.8,East,Low
POL07962,PRG005,TRT076,2025-01-02,2026-06-20,52022.2,North,Low
POL07963,PRG021,TRT029,2026-04-20,2027-10-13,324153.99,North,Critical
POL07964,PRG008,TRT093,2026-01-18,2027-01-02,187952.7,North,High
POL07965,PRG025,TRT085,2025-11-28,2027-05-14,228983.0,South,Low
POL07966,PRG020,TRT045,2026-08-19,2027-10-02,480612.23,South,Critical
POL07967,PRG025,TRT037,2026-12-25,2028-01-03,111521.87,West,Medium
POL07968,PRG011,TRT030,2025-11-21,2026-09-26,486774.04,East,Medium
POL07969,PRG012,TRT096,2026-08-19,2028-05-10,187109.67,East,Medium
POL07970,PRG005,TRT010,2026-04-16,2028-02-19,138128.56,South,Medium
POL07971,PRG006,TRT082,2025-07-11,2026-06-15,42003.34,West,High
POL07972,PRG019,TRT044,2025-05-23,2026-12-31,32259.64,East,Critical
POL07973,PRG001,TRT099,2025-09-16,2027-01-06,109416.93,South,High
POL07974,PRG010,TRT073,2025-01-02,2025-12-10,443384.25,North,Low
POL07975,PRG022,TRT075,2026-07-16,2027-06-17,115983.57,West,Medium
POL07976,PRG020,TRT057,2025-05-15,2026-11-02,76505.89,East,Low
POL07977,PRG020,TRT088,2025-07-16,2026-03-27,8379.04,South,Low
POL07978,PRG006,TRT086,2026-02-08,2027-04-21,17794.05,South,High
POL07979,PRG007,TRT067,2025-10-21,2026-10-08,334986.24,South,Low
POL07980,PRG011,TRT033,2025-01-29,2026-06-27,197210.66,North,Critical
POL07981,PRG023,TRT041,2026-07-30,2027-08-04,339777.52,South,Low
POL07982,PRG013,TRT061,2025-11-15,2027-04-01,190546.74,South,Medium
POL07983,PRG016,TRT023,2025-04-12,2026-05-18,120882.08,East,Critical
POL07984,PRG007,TRT088,2025-06-23,2027-05-28,474328.54,West,Medium
POL07985,PRG025,TRT085,2026-03-10,2027-04-30,392609.23,East,Medium
POL07986,PRG007,TRT056,2025-11-27,2026-08-29,215893.44,South,Low
POL07987,PRG022,TRT020,2025-06-21,2025-12-28,232936.78,East,Critical
POL07988,PRG002,TRT005,2025-09-10,2027-06-09,463743.37,North,Low
POL07989,PRG002,TRT021,2025-12-24,2026-12-07,128989.13,South,Critical
POL07990,PRG008,TRT086,2025-04-04,2026-09-21,21270.84,North,Critical
POL07991,PRG006,TRT038,2025-11-25,2026-08-29,492585.02,West,High
POL07992,PRG009,TRT057,2026-08-04,2028-05-15,44589.5,East,High
POL07993,PRG001,TRT096,2025-10-06,2027-06-03,207965.29,North,Low
POL07994,PRG002,TRT017,2026-06-21,2028-06-06,466428.07,North,Low
POL07995,PRG010,TRT043,2026-05-09,2027-07-08,179844.87,South,Low
POL07996,PRG005,TRT012,2025-03-26,2025-11-21,143398.93,East,Medium
POL07997,PRG006,TRT085,2026-10-04,2027-05-18,425639.01,North,Medium
POL07998,PRG013,TRT043,2025-11-17,2026-08-03,243214.21,South,Critical
POL07999,PRG011,TRT041,2025-11-11,2026-06-22,498907.03,North,Critical
POL08000,PRG015,TRT002,2026-03-15,2027-01-05,234385.86,West,Critical
POL08001,PRG007,TRT023,2025-10-10,2026-10-30,173601.91,South,Critical
POL08002,PRG013,TRT009,2025-06-21,2026-07-06,270432.67,South,Low
POL08003,PRG016,TRT050,2026-03-24,2027-07-08,220011.77,East,Low
POL08004,PRG022,TRT007,2026-05-31,2028-05-11,133369.52,East,Medium
POL08005,PRG006,TRT065,2026-01-31,2028-01-12,60726.92,East,Low
POL08006,PRG022,TRT035,2025-05-27,2026-06-11,34985.66,East,Medium
POL08007,PRG008,TRT003,2025-05-10,2027-01-11,464187.16,South,Low
POL08008,PRG017,TRT062,2026-10-20,2028-06-12,296655.94,West,Critical
POL08009,PRG018,TRT087,2026-05-04,2027-10-10,407030.48,South,High
POL08010,PRG020,TRT055,2026-05-02,2027-03-13,369024.87,North,Critical
POL08011,PRG012,TRT087,2025-11-27,2026-10-11,146829.02,South,Critical
POL08012,PRG010,TRT091,2026-04-14,2027-01-17,483046.73,South,Medium
POL08013,PRG025,TRT016,2025-04-13,2026-02-14,474101.16,East,Critical
POL08014,PRG013,TRT081,2025-01-20,2025-08-20,97287.54,North,Critical
POL08015,PRG004,TRT091,2025-09-18,2027-03-13,110284.37,West,Low
POL08016,PRG018,TRT088,2025-12-13,2027-04-09,163659.01,West,Low
POL08017,PRG025,TRT075,2025-01-07,2026-09-07,95962.99,West,Low
POL08018,PRG012,TRT006,2025-02-16,2027-01-25,444728.17,South,High
POL08019,PRG016,TRT095,2026-06-08,2027-02-17,136278.47,West,High
POL08020,PRG025,TRT087,2026-12-19,2027-09-10,416341.17,North,High
POL08021,PRG001,TRT087,2026-09-02,2027-08-13,439341.88,North,Medium
POL08022,PRG006,TRT014,2025-02-24,2026-04-24,30974.52,West,Critical
POL08023,PRG013,TRT083,2026-05-01,2026-12-23,477693.75,North,Medium
POL08024,PRG014,TRT080,2025-04-01,2025-11-26,476606.3,East,Low
POL08025,PRG013,TRT025,2026-10-04,2027-07-21,243439.49,East,High
POL08026,PRG021,TRT071,2025-03-10,2027-01-23,393334.78,West,High
POL08027,PRG005,TRT042,2025-10-13,2026-08-21,456075.43,South,High
POL08028,PRG003,TRT092,2026-10-31,2027-08-05,470483.46,North,High
POL08029,PRG005,TRT084,2025-03-24,2025-11-03,157882.69,West,Medium
POL08030,PRG001,TRT056,2025-08-18,2027-03-04,145624.43,East,Low
POL08031,PRG015,TRT047,2026-12-02,2028-10-26,321633.82,North,Critical
POL08032,PRG012,TRT005,2026-09-10,2027-10-27,328453.09,East,Low
POL08033,PRG001,TRT053,2026-07-28,2027-07-16,372427.6,West,Medium
POL08034,PRG004,TRT006,2026-01-04,2027-12-01,252019.6,South,Critical
POL08035,PRG007,TRT038,2026-10-04,2028-07-14,244283.55,North,Critical
POL08036,PRG011,TRT032,2025-10-17,2027-02-04,246972.84,South,High
POL08037,PRG010,TRT042,2025-07-20,2026-01-31,448161.77,North,Low
POL08038,PRG003,TRT098,2025-05-10,2026-12-28,233435.52,East,Low
POL08039,PRG001,TRT032,2025-05-17,2027-01-15,461490.0,South,Low
POL08040,PRG008,TRT045,2026-11-17,2028-09-01,339413.19,North,Medium
POL08041,PRG020,TRT035,2026-11-02,2028-01-25,435500.06,West,Medium
POL08042,PRG002,TRT061,2026-08-31,2027-04-30,197870.59,West,Medium
POL08043,PRG025,TRT079,2025-09-07,2026-10-13,352346.01,North,High
POL08044,PRG011,TRT053,2025-01-31,2026-08-25,377728.79,North,Medium
POL08045,PRG004,TRT083,2025-06-24,2026-05-29,17897.24,West,Medium
POL08046,PRG013,TRT074,2026-09-17,2028-08-26,256147.24,North,Medium
POL08047,PRG001,TRT049,2026-10-13,2028-06-15,84397.01,West,Medium
POL08048,PRG004,TRT058,2025-02-12,2025-12-12,427097.41,North,High
POL08049,PRG012,TRT092,2025-11-18,2026-06-29,332407.56,East,Critical
POL08050,PRG012,TRT040,2026-05-20,2027-10-30,61108.77,East,High
POL08051,PRG008,TRT088,2025-01-04,2026-06-10,365878.56,North,Low
POL08052,PRG024,TRT014,2025-06-28,2026-11-13,359623.43,East,Low
POL08053,PRG003,TRT076,2025-02-13,2026-06-14,365814.74,West,Low
POL08054,PRG010,TRT005,2026-08-25,2027-10-24,379559.95,North,Medium
POL08055,PRG014,TRT072,2025-08-26,2027-06-09,374200.45,East,High
POL08056,PRG020,TRT018,2026-08-01,2027-12-20,458710.73,South,Medium
POL08057,PRG008,TRT071,2025-05-27,2026-10-07,468792.78,North,High
POL08058,PRG012,TRT091,2026-12-06,2028-04-15,385546.74,North,Medium
POL08059,PRG005,TRT076,2025-12-06,2027-02-26,83480.43,East,Low
POL08060,PRG013,TRT019,2025-07-26,2027-05-28,24645.85,West,Critical
POL08061,PRG021,TRT072,2026-05-23,2027-11-15,427842.93,East,High
POL08062,PRG022,TRT045,2025-05-10,2025-12-29,123429.63,West,Critical
POL08063,PRG016,TRT027,2026-09-29,2028-04-25,203121.13,West,Low
POL08064,PRG011,TRT072,2025-12-07,2027-11-01,490991.55,West,Low
POL08065,PRG023,TRT070,2026-02-24,2027-09-24,148898.84,North,Low
POL08066,PRG004,TRT023,2026-07-17,2027-02-04,393145.05,West,Medium
POL08067,PRG019,TRT073,2026-09-29,2027-10-10,105118.52,North,High
POL08068,PRG009,TRT050,2025-07-10,2026-09-09,302377.75,East,Medium
POL08069,PRG001,TRT080,2025-11-06,2027-01-08,74758.28,West,High
POL08070,PRG025,TRT085,2025-10-23,2027-09-12,432471.35,East,Critical
POL08071,PRG007,TRT015,2026-07-04,2027-05-20,18013.24,North,Critical
POL08072,PRG021,TRT080,2025-01-30,2026-04-14,497005.73,South,High
POL08073,PRG023,TRT024,2026-12-30,2027-11-12,360439.23,South,Medium
POL08074,PRG018,TRT010,2025-04-30,2027-03-14,479529.04,East,Medium
POL08075,PRG007,TRT081,2026-10-07,2028-06-08,69570.67,North,Medium
POL08076,PRG022,TRT097,2025-10-23,2026-12-04,499924.1,East,High
POL08077,PRG001,TRT009,2025-11-10,2026-10-21,273230.1,East,Medium
POL08078,PRG020,TRT058,2025-11-10,2027-08-13,108939.55,South,Critical
POL08079,PRG022,TRT030,2026-09-02,2027-06-03,134432.59,East,Medium
POL08080,PRG013,TRT017,2026-03-27,2027-03-20,429973.75,West,Low
POL08081,PRG012,TRT088,2026-06-10,2027-10-12,173985.99,North,Critical
POL08082,PRG012,TRT015,2026-01-25,2027-11-24,124927.59,North,Medium
POL08083,PRG015,TRT056,2025-01-04,2025-12-01,81288.15,East,Medium
POL08084,PRG008,TRT073,2026-07-05,2027-07-21,288789.44,North,High
POL08085,PRG014,TRT099,2026-01-15,2027-06-22,153351.29,West,High
POL08086,PRG023,TRT011,2025-02-19,2026-01-13,332265.56,North,Critical
POL08087,PRG022,TRT094,2026-09-21,2028-01-04,104838.42,South,Low
POL08088,PRG008,TRT017,2025-01-17,2026-05-19,331685.16,South,Medium
POL08089,PRG025,TRT009,2025-06-21,2026-10-15,333080.71,North,Medium
POL08090,PRG001,TRT016,2026-12-01,2027-09-04,450292.46,South,Critical
POL08091,PRG020,TRT047,2025-04-24,2027-03-09,479260.04,South,High
POL08092,PRG007,TRT048,2026-04-04,2028-03-12,143358.25,North,Medium
POL08093,PRG014,TRT081,2026-09-04,2028-07-25,451227.74,South,Low
POL08094,PRG020,TRT073,2026-04-21,2027-11-09,270829.51,West,Critical
POL08095,PRG013,TRT015,2025-02-24,2026-08-02,489071.87,North,Critical
POL08096,PRG025,TRT045,2025-07-08,2027-05-17,110430.33,East,Critical
POL08097,PRG006,TRT057,2026-11-12,2027-06-01,14181.6,West,Medium
POL08098,PRG009,TRT008,2026-03-11,2027-02-04,334967.24,East,Critical
POL08099,PRG006,TRT058,2026-01-05,2027-05-28,208836.84,South,High
POL08100,PRG001,TRT020,2025-10-17,2027-03-08,85954.91,West,Medium
POL08101,PRG017,TRT003,2025-11-16,2027-06-17,226732.25,North,Medium
POL08102,PRG017,TRT058,2026-04-27,2028-04-11,92607.03,North,Critical
POL08103,PRG018,TRT078,2026-04-26,2027-10-28,155067.74,West,Low
POL08104,PRG008,TRT050,2025-02-21,2026-03-01,495342.03,West,High
POL08105,PRG001,TRT096,2025-09-20,2027-05-01,233797.48,South,High
POL08106,PRG004,TRT073,2026-05-18,2028-02-23,338050.67,East,Medium
POL08107,PRG018,TRT021,2026-04-02,2027-05-06,35643.02,West,High
POL08108,PRG009,TRT078,2025-12-16,2027-10-02,145150.58,East,Medium
POL08109,PRG014,TRT065,2025-11-19,2026-07-17,354134.08,East,High
POL08110,PRG021,TRT077,2025-02-20,2025-10-10,14626.83,North,Medium
POL08111,PRG006,TRT083,2026-12-22,2028-11-24,140201.88,West,Low
POL08112,PRG010,TRT090,2026-01-31,2026-07-30,123054.2,North,Medium
POL08113,PRG003,TRT033,2026-06-30,2027-02-23,497544.12,West,High
POL08114,PRG008,TRT010,2025-07-03,2027-01-02,381654.63,East,Critical
POL08115,PRG025,TRT006,2025-12-15,2026-06-18,463307.38,North,Medium
POL08116,PRG003,TRT095,2025-06-07,2026-09-14,23270.8,East,Low
POL08117,PRG012,TRT033,2025-08-28,2026-11-27,274436.19,North,Low
POL08118,PRG001,TRT041,2025-08-21,2027-05-29,230001.58,South,Low
POL08119,PRG001,TRT071,2026-07-02,2028-04-14,348488.11,West,Medium
POL08120,PRG010,TRT041,2025-07-13,2026-01-17,347516.98,South,High
POL08121,PRG005,TRT029,2026-03-22,2028-03-21,137879.72,South,Medium
POL08122,PRG002,TRT098,2025-05-14,2027-01-24,449488.05,South,Medium
POL08123,PRG024,TRT072,2026-12-05,2028-08-25,318451.91,North,Medium
POL08124,PRG020,TRT043,2026-04-08,2027-02-11,475332.88,East,High
POL08125,PRG017,TRT034,2025-05-30,2026-08-27,266486.78,South,Medium
POL08126,PRG024,TRT043,2026-03-25,2026-10-04,352112.81,South,Critical
POL08127,PRG017,TRT039,2025-09-18,2027-02-11,163993.25,West,Critical
POL08128,PRG014,TRT036,2026-11-11,2027-06-15,35859.01,South,High
POL08129,PRG001,TRT008,2025-05-20,2027-04-28,66014.04,North,Critical
POL08130,PRG023,TRT076,2025-04-03,2027-03-29,397721.29,West,Low
POL08131,PRG007,TRT099,2025-12-07,2026-07-09,449772.68,East,Low
POL08132,PRG014,TRT003,2026-06-16,2027-06-19,29180.76,North,Critical
POL08133,PRG024,TRT021,2026-11-28,2028-01-18,495024.38,North,Low
POL08134,PRG021,TRT088,2026-01-28,2027-09-17,89225.67,East,Medium
POL08135,PRG008,TRT060,2026-03-12,2028-02-06,355443.58,West,Low
POL08136,PRG022,TRT041,2025-06-21,2027-02-14,256231.98,North,High
POL08137,PRG010,TRT053,2025-08-26,2026-09-11,414036.59,East,Medium
POL08138,PRG010,TRT021,2026-05-25,2028-05-24,474190.25,South,High
POL08139,PRG024,TRT090,2026-02-18,2027-06-17,428908.55,East,Medium
POL08140,PRG007,TRT040,2025-08-03,2027-05-07,284511.02,East,High
POL08141,PRG021,TRT083,2026-10-26,2027-07-13,364314.85,North,Critical
POL08142,PRG019,TRT088,2026-07-06,2027-10-23,381951.04,South,Critical
POL08143,PRG008,TRT011,2025-04-29,2025-12-23,359667.49,East,High
POL08144,PRG008,TRT043,2026-04-28,2027-03-04,256310.55,North,Low
POL08145,PRG012,TRT061,2025-12-29,2027-08-21,472525.37,South,Low
POL08146,PRG015,TRT093,2026-05-09,2026-11-24,295494.69,East,Critical
POL08147,PRG014,TRT040,2025-12-30,2027-07-20,231382.4,West,High
POL08148,PRG014,TRT079,2025-09-13,2026-08-17,416453.22,West,Critical
POL08149,PRG024,TRT088,2025-02-10,2025-11-16,306573.77,East,Low
POL08150,PRG022,TRT087,2025-05-09,2027-02-14,161797.33,West,Low
POL08151,PRG025,TRT023,2026-08-22,2027-05-08,307487.86,East,Low
POL08152,PRG009,TRT041,2025-03-09,2026-12-21,417576.02,West,High
POL08153,PRG010,TRT008,2026-04-09,2027-10-01,273484.79,South,High
POL08154,PRG016,TRT092,2025-08-20,2026-03-03,224228.77,East,Medium
POL08155,PRG007,TRT083,2025-04-24,2027-01-18,402017.61,West,Critical
POL08156,PRG009,TRT004,2025-07-31,2027-05-18,379045.53,North,Medium
POL08157,PRG015,TRT032,2025-10-13,2026-08-23,386756.03,South,Medium
POL08158,PRG007,TRT100,2026-02-03,2027-01-28,434135.5,West,High
POL08159,PRG010,TRT087,2026-09-23,2027-11-02,249580.56,East,Medium
POL08160,PRG015,TRT092,2026-11-26,2028-01-18,44433.72,South,Low
POL08161,PRG023,TRT093,2026-09-28,2028-09-07,25206.34,North,Medium
POL08162,PRG001,TRT042,2025-02-23,2026-11-13,290060.5,East,Critical
POL08163,PRG014,TRT081,2026-02-16,2027-03-19,340794.53,North,Low
POL08164,PRG023,TRT083,2025-02-02,2026-08-11,281033.11,North,Low
POL08165,PRG010,TRT070,2025-10-12,2027-08-06,179487.41,South,Low
POL08166,PRG006,TRT053,2025-05-01,2027-02-22,384739.93,North,Low
POL08167,PRG021,TRT060,2026-01-28,2028-01-27,461486.86,East,Critical
POL08168,PRG022,TRT064,2025-11-15,2026-11-22,442127.56,South,High
POL08169,PRG010,TRT067,2025-11-25,2027-06-28,26103.21,South,Low
POL08170,PRG006,TRT076,2026-05-21,2027-02-27,338444.93,North,Critical
POL08171,PRG013,TRT051,2025-12-20,2027-11-16,386491.32,West,High
POL08172,PRG008,TRT076,2026-09-11,2027-10-17,333882.28,West,Critical
POL08173,PRG008,TRT026,2026-03-10,2027-09-05,467487.11,North,Medium
POL08174,PRG011,TRT063,2025-12-28,2026-10-23,469659.8,North,Medium
POL08175,PRG001,TRT044,2026-12-13,2027-06-23,158623.66,East,Medium
POL08176,PRG017,TRT076,2026-01-24,2026-10-17,491726.32,South,Critical
POL08177,PRG002,TRT045,2026-03-11,2027-10-19,26801.24,East,High
POL08178,PRG016,TRT044,2025-02-10,2025-10-03,107073.39,East,Low
POL08179,PRG010,TRT002,2025-06-22,2026-11-28,104275.55,North,High
POL08180,PRG008,TRT023,2025-03-03,2027-01-06,15136.46,East,Low
POL08181,PRG005,TRT062,2025-08-01,2026-11-10,485459.04,South,Medium
POL08182,PRG004,TRT043,2025-07-14,2026-12-13,389358.98,South,Critical
POL08183,PRG021,TRT074,2026-10-02,2028-05-14,135108.54,East,High
POL08184,PRG014,TRT033,2026-01-07,2027-07-27,395398.76,South,Medium
POL08185,PRG007,TRT036,2026-05-06,2026-12-24,488801.56,West,Low
POL08186,PRG014,TRT012,2026-09-25,2027-12-14,166422.41,East,High
POL08187,PRG004,TRT054,2026-01-27,2027-07-12,129728.23,West,High
POL08188,PRG021,TRT054,2025-03-14,2026-08-20,60985.94,North,Critical
POL08189,PRG013,TRT054,2026-03-24,2027-09-07,384289.06,South,Low
POL08190,PRG013,TRT055,2026-10-09,2027-07-26,119050.21,West,Critical
POL08191,PRG014,TRT042,2026-01-05,2027-04-20,177792.33,South,Low
POL08192,PRG009,TRT041,2026-07-10,2027-04-02,32561.97,North,Low
POL08193,PRG004,TRT083,2025-02-16,2026-09-12,404783.91,North,Medium
POL08194,PRG002,TRT016,2025-01-04,2026-02-16,11571.77,West,Medium
POL08195,PRG022,TRT061,2026-04-16,2027-02-19,247352.48,West,Low
POL08196,PRG024,TRT001,2026-04-07,2027-11-24,492136.68,West,Critical
POL08197,PRG011,TRT071,2026-04-02,2027-04-09,157156.66,South,Low
POL08198,PRG008,TRT049,2025-01-14,2026-11-19,116500.12,North,Medium
POL08199,PRG014,TRT022,2025-05-16,2026-10-25,350056.4,West,Medium
POL08200,PRG013,TRT027,2025-02-14,2026-10-02,302499.48,East,Low
POL08201,PRG012,TRT100,2025-01-23,2026-10-06,157179.03,South,Medium
POL08202,PRG016,TRT078,2025-04-17,2025-10-26,38015.41,South,Critical
POL08203,PRG009,TRT036,2025-03-17,2025-10-21,413712.46,North,Medium
POL08204,PRG015,TRT042,2026-11-17,2027-09-30,354418.46,East,Medium
POL08205,PRG010,TRT017,2025-10-20,2027-08-13,8494.15,North,Critical
POL08206,PRG010,TRT025,2026-06-21,2028-01-29,445496.14,East,Critical
POL08207,PRG001,TRT039,2026-01-30,2027-12-13,341548.11,North,Medium
POL08208,PRG021,TRT023,2025-08-28,2027-03-17,90429.97,West,Critical
POL08209,PRG014,TRT012,2025-02-15,2027-02-03,331472.29,West,Critical
POL08210,PRG006,TRT049,2025-06-26,2027-02-16,327598.46,South,Medium
POL08211,PRG015,TRT046,2025-03-22,2025-11-03,362771.51,East,High
POL08212,PRG005,TRT053,2026-11-30,2028-05-12,487369.21,West,Low
POL08213,PRG005,TRT050,2026-10-18,2027-12-22,272426.99,North,Low
POL08214,PRG003,TRT075,2025-10-13,2027-01-18,357700.83,North,Medium
POL08215,PRG017,TRT095,2025-08-19,2027-04-24,211877.69,North,High
POL08216,PRG007,TRT078,2026-11-19,2028-08-27,357065.93,North,High
POL08217,PRG009,TRT068,2026-08-06,2028-05-25,491575.71,North,Medium
POL08218,PRG010,TRT049,2025-07-16,2026-12-10,155285.5,East,Low
POL08219,PRG014,TRT086,2025-12-03,2027-06-07,411901.94,West,Critical
POL08220,PRG005,TRT058,2025-12-26,2027-09-28,57062.06,East,Low
POL08221,PRG009,TRT049,2026-07-14,2028-06-10,338875.78,South,Medium
POL08222,PRG010,TRT015,2026-03-23,2026-10-18,233536.93,North,Medium
POL08223,PRG002,TRT023,2025-03-19,2026-03-24,203546.03,East,Medium
POL08224,PRG019,TRT086,2025-01-20,2026-06-28,135905.52,North,Low
POL08225,PRG006,TRT013,2025-11-15,2027-04-19,446207.01,North,Medium
POL08226,PRG024,TRT074,2025-08-20,2026-09-03,251068.92,South,High
POL08227,PRG008,TRT055,2026-03-01,2028-01-06,165886.87,North,Low
POL08228,PRG002,TRT092,2026-12-05,2027-06-27,161955.41,West,Medium
POL08229,PRG005,TRT034,2026-06-16,2027-04-27,18379.38,West,Medium
POL08230,PRG009,TRT025,2026-09-14,2028-08-26,115160.42,South,Medium
POL08231,PRG001,TRT077,2026-03-10,2027-08-17,76622.12,East,Medium
POL08232,PRG009,TRT011,2026-01-18,2026-08-13,138785.38,West,Low
POL08233,PRG012,TRT006,2026-07-17,2027-08-19,242239.94,South,Critical
POL08234,PRG003,TRT048,2026-02-03,2026-12-20,55299.16,North,Medium
POL08235,PRG005,TRT090,2025-12-22,2026-11-13,469215.79,North,High
POL08236,PRG021,TRT030,2026-10-29,2028-01-02,461730.33,North,Critical
POL08237,PRG019,TRT090,2026-05-11,2027-02-15,478468.46,East,Critical
POL08238,PRG022,TRT073,2025-08-05,2026-06-07,204087.96,East,High
POL08239,PRG010,TRT088,2026-08-01,2027-11-11,486192.37,South,High
POL08240,PRG021,TRT004,2026-03-10,2027-06-05,407534.46,East,Critical
POL08241,PRG021,TRT094,2025-03-23,2026-11-09,268766.01,West,Critical
POL08242,PRG010,TRT052,2026-11-06,2028-10-23,318319.71,East,Low
POL08243,PRG019,TRT094,2025-12-25,2027-04-03,18801.53,West,Critical
POL08244,PRG013,TRT029,2026-01-24,2027-07-14,306155.96,East,High
POL08245,PRG001,TRT099,2026-10-30,2028-10-25,94795.5,East,High
POL08246,PRG012,TRT098,2026-04-29,2027-11-12,399857.92,East,High
POL08247,PRG024,TRT046,2025-10-04,2026-11-18,313538.65,North,Low
POL08248,PRG024,TRT001,2026-10-18,2028-09-04,226943.45,West,High
POL08249,PRG006,TRT071,2026-01-01,2027-01-04,302248.3,East,Critical
POL08250,PRG001,TRT062,2026-10-04,2028-08-07,217879.96,South,Medium
POL08251,PRG024,TRT010,2026-08-09,2028-04-08,267017.78,West,High
POL08252,PRG008,TRT025,2025-02-15,2025-09-23,208625.5,South,Critical
POL08253,PRG018,TRT007,2026-08-19,2028-05-04,91194.91,West,Critical
POL08254,PRG005,TRT077,2026-05-31,2027-09-02,20391.57,West,Critical
POL08255,PRG020,TRT022,2026-06-01,2028-01-24,499949.73,South,Medium
POL08256,PRG007,TRT059,2025-12-09,2027-10-15,457603.82,East,Low
POL08257,PRG023,TRT054,2025-04-11,2026-09-02,165729.99,West,High
POL08258,PRG006,TRT070,2026-04-06,2027-08-18,185581.2,East,Critical
POL08259,PRG020,TRT009,2026-10-19,2027-11-12,304007.45,East,Medium
POL08260,PRG005,TRT045,2026-08-05,2027-08-08,133700.84,North,High
POL08261,PRG002,TRT020,2025-10-03,2027-09-30,472935.63,East,Medium
POL08262,PRG022,TRT098,2026-04-28,2028-04-12,143409.79,North,Critical
POL08263,PRG002,TRT062,2026-11-04,2028-05-25,147510.68,North,High
POL08264,PRG022,TRT043,2025-11-12,2026-10-13,207452.21,South,Medium
POL08265,PRG001,TRT007,2025-10-05,2027-01-23,414945.98,North,Low
POL08266,PRG021,TRT025,2026-07-04,2027-04-16,413780.14,North,High
POL08267,PRG006,TRT100,2025-09-26,2027-08-17,337497.82,West,High
POL08268,PRG024,TRT038,2026-05-16,2027-07-08,66288.93,West,Low
POL08269,PRG014,TRT056,2025-11-28,2026-09-18,138111.14,West,Critical
POL08270,PRG010,TRT030,2026-02-22,2027-11-16,200204.62,North,Low
POL08271,PRG012,TRT100,2026-05-11,2027-04-26,295901.45,West,Low
POL08272,PRG004,TRT026,2025-04-06,2025-10-11,73397.57,South,Medium
POL08273,PRG022,TRT003,2025-10-01,2027-02-26,355170.53,North,Medium
POL08274,PRG022,TRT087,2025-08-16,2026-11-18,217859.82,North,Medium
POL08275,PRG015,TRT076,2026-07-11,2027-05-05,75472.67,East,High
POL08276,PRG018,TRT047,2026-04-19,2027-04-29,276479.6,East,High
POL08277,PRG012,TRT006,2026-05-17,2028-04-21,329946.92,West,Critical
POL08278,PRG006,TRT015,2026-03-03,2026-10-14,289675.83,North,High
POL08279,PRG021,TRT034,2026-10-29,2028-07-07,361991.52,West,Medium
POL08280,PRG019,TRT060,2026-07-22,2028-06-07,93579.56,South,High
POL08281,PRG024,TRT053,2025-05-26,2027-01-19,161199.4,South,Medium
POL08282,PRG016,TRT005,2025-05-18,2026-04-02,201896.87,South,Low
POL08283,PRG019,TRT067,2025-09-12,2027-03-10,174976.68,West,Low
POL08284,PRG015,TRT038,2025-01-11,2026-06-09,424058.75,South,High
POL08285,PRG003,TRT048,2025-03-11,2027-01-01,82176.7,North,Critical
POL08286,PRG024,TRT004,2025-08-13,2027-07-01,39150.68,East,High
POL08287,PRG009,TRT048,2026-05-28,2027-10-08,6368.25,South,Low
POL08288,PRG014,TRT009,2026-01-07,2027-11-16,497742.71,East,Critical
POL08289,PRG010,TRT036,2025-01-06,2026-06-25,175139.3,East,High
POL08290,PRG021,TRT035,2025-11-13,2027-04-17,237459.98,South,Low
POL08291,PRG003,TRT064,2026-09-06,2027-07-20,209050.23,East,High
POL08292,PRG015,TRT033,2025-09-27,2027-02-08,260443.16,North,High
POL08293,PRG015,TRT061,2025-01-26,2026-02-11,420923.13,South,Low
POL08294,PRG002,TRT058,2025-02-03,2025-12-17,328669.11,North,Critical
POL08295,PRG001,TRT036,2025-11-02,2027-07-15,430033.05,East,High
POL08296,PRG021,TRT054,2025-10-23,2027-09-07,42357.36,East,Critical
POL08297,PRG006,TRT001,2026-03-16,2027-12-02,371120.57,South,Medium
POL08298,PRG021,TRT002,2026-01-29,2027-11-24,303403.7,East,Medium
POL08299,PRG001,TRT014,2026-07-25,2027-05-23,152456.26,North,Medium
POL08300,PRG013,TRT019,2025-03-11,2026-06-20,379120.28,North,Medium
POL08301,PRG025,TRT009,2025-04-05,2027-03-29,462979.04,West,Low
POL08302,PRG021,TRT096,2026-10-08,2027-12-04,337931.66,East,Critical
POL08303,PRG010,TRT047,2026-03-29,2027-02-27,295779.41,North,Low
POL08304,PRG020,TRT058,2026-03-10,2026-10-18,435986.96,East,Low
POL08305,PRG017,TRT034,2026-04-28,2028-02-18,69800.11,West,Critical
POL08306,PRG024,TRT064,2025-11-16,2026-10-28,114310.6,North,Critical
POL08307,PRG022,TRT073,2026-03-12,2028-01-06,370377.51,South,Critical
POL08308,PRG013,TRT004,2025-12-31,2027-09-30,477001.39,North,High
POL08309,PRG009,TRT094,2025-07-03,2026-01-28,474741.8,East,Critical
POL08310,PRG006,TRT057,2025-07-28,2027-04-22,473495.48,South,Low
POL08311,PRG008,TRT014,2025-04-07,2027-01-10,260068.85,East,Low
POL08312,PRG007,TRT091,2026-03-31,2027-11-14,333243.47,West,Low
POL08313,PRG007,TRT012,2025-05-09,2027-02-01,473945.35,North,Low
POL08314,PRG025,TRT088,2026-02-12,2026-09-08,111278.76,North,High
POL08315,PRG003,TRT029,2026-09-23,2028-08-08,432708.08,North,Medium
POL08316,PRG005,TRT091,2025-05-21,2026-04-17,139484.96,West,Critical
POL08317,PRG003,TRT043,2026-12-31,2028-11-05,339214.61,South,High
POL08318,PRG010,TRT071,2025-03-08,2025-12-08,218312.67,South,Medium
POL08319,PRG013,TRT072,2026-12-30,2028-05-19,431706.78,South,Critical
POL08320,PRG020,TRT013,2026-08-30,2027-07-31,434885.26,East,Low
POL08321,PRG007,TRT019,2025-01-12,2026-12-14,144987.29,North,Critical
POL08322,PRG010,TRT043,2025-02-10,2026-12-12,105642.14,North,High
POL08323,PRG006,TRT057,2025-09-14,2026-10-26,344259.7,North,Medium
POL08324,PRG009,TRT058,2025-05-10,2026-01-20,296123.64,North,High
POL08325,PRG021,TRT055,2026-07-27,2027-06-27,468710.62,East,High
POL08326,PRG025,TRT072,2026-01-12,2026-10-13,479268.89,North,High
POL08327,PRG005,TRT056,2025-05-11,2026-02-10,42674.91,East,Low
POL08328,PRG016,TRT060,2025-05-26,2027-05-04,440514.41,North,Low
POL08329,PRG024,TRT068,2025-05-10,2026-08-04,452764.77,North,Medium
POL08330,PRG020,TRT035,2026-11-24,2028-08-11,429558.95,North,High
POL08331,PRG017,TRT057,2026-10-06,2028-02-04,143207.76,South,Medium
POL08332,PRG017,TRT086,2026-03-14,2027-04-27,416106.57,South,Critical
POL08333,PRG002,TRT004,2026-08-10,2028-07-28,85080.45,South,Low
POL08334,PRG011,TRT009,2025-02-09,2026-12-23,16256.28,South,Medium
POL08335,PRG001,TRT080,2025-07-27,2027-01-12,126115.76,South,High
POL08336,PRG014,TRT025,2026-06-01,2028-02-15,431365.87,West,Medium
POL08337,PRG020,TRT063,2025-04-06,2026-03-04,53693.51,North,High
POL08338,PRG008,TRT076,2025-07-25,2026-03-03,136547.16,South,High
POL08339,PRG021,TRT043,2025-04-07,2026-11-27,159658.58,West,Low
POL08340,PRG010,TRT047,2025-08-23,2026-12-18,20666.64,East,High
POL08341,PRG017,TRT004,2026-12-31,2027-07-30,443689.52,East,High
POL08342,PRG020,TRT077,2025-05-16,2026-04-28,198319.09,West,High
POL08343,PRG001,TRT029,2026-05-09,2027-09-09,473682.93,South,Low
POL08344,PRG009,TRT014,2025-08-05,2026-03-24,172603.06,West,Medium
POL08345,PRG002,TRT016,2025-11-30,2026-08-21,38229.85,North,Medium
POL08346,PRG004,TRT009,2025-08-06,2026-03-12,437249.55,East,Medium
POL08347,PRG020,TRT071,2025-08-05,2026-02-16,344412.09,East,High
POL08348,PRG023,TRT100,2025-12-19,2027-09-07,320710.47,West,Critical
POL08349,PRG022,TRT016,2026-12-15,2028-07-04,331022.71,East,Critical
POL08350,PRG012,TRT044,2025-04-26,2026-04-01,188267.75,North,Medium
POL08351,PRG013,TRT075,2026-06-25,2027-10-25,40558.27,North,Critical
POL08352,PRG022,TRT011,2026-07-07,2028-06-15,203049.92,West,Medium
POL08353,PRG004,TRT089,2026-11-18,2028-03-27,395520.74,East,Medium
POL08354,PRG016,TRT056,2025-05-13,2026-02-07,27028.6,South,High
POL08355,PRG025,TRT087,2026-04-15,2027-12-21,194853.84,North,Low
POL08356,PRG019,TRT005,2025-10-16,2027-03-03,78331.89,East,Critical
POL08357,PRG006,TRT029,2026-06-24,2028-02-10,64621.3,West,Critical
POL08358,PRG018,TRT049,2026-05-23,2028-02-12,470900.57,North,Critical
POL08359,PRG014,TRT041,2026-03-01,2026-10-05,44034.25,North,Critical
POL08360,PRG020,TRT093,2026-10-26,2027-09-26,348635.99,North,Low
POL08361,PRG017,TRT017,2026-03-12,2026-12-28,318750.58,East,Low
POL08362,PRG019,TRT062,2025-04-22,2026-05-15,79584.65,North,Critical
POL08363,PRG020,TRT067,2025-09-08,2026-07-11,213240.1,East,Medium
POL08364,PRG002,TRT081,2025-12-28,2026-12-28,207541.41,West,Low
POL08365,PRG006,TRT033,2025-06-21,2026-02-09,248187.34,West,Low
POL08366,PRG007,TRT010,2025-01-26,2026-09-27,382821.65,East,Medium
POL08367,PRG006,TRT004,2026-11-13,2027-11-29,64518.37,South,Medium
POL08368,PRG025,TRT070,2025-02-12,2026-05-11,356447.18,West,Medium
POL08369,PRG012,TRT033,2026-12-08,2028-02-11,94992.47,North,Medium
POL08370,PRG001,TRT076,2025-05-24,2027-05-19,380868.93,East,High
POL08371,PRG004,TRT002,2025-12-23,2026-07-25,381884.23,West,High
POL08372,PRG012,TRT011,2026-07-20,2028-03-21,250624.21,East,High
POL08373,PRG008,TRT082,2026-12-02,2027-08-28,186984.72,East,Critical
POL08374,PRG007,TRT006,2025-11-15,2026-09-11,228724.21,South,High
POL08375,PRG013,TRT071,2026-10-07,2028-06-15,143364.19,West,Medium
POL08376,PRG024,TRT066,2025-08-29,2026-09-12,376412.9,North,High
POL08377,PRG011,TRT062,2025-11-23,2027-01-08,46320.37,South,Medium
POL08378,PRG006,TRT045,2025-03-10,2026-02-05,273381.58,North,High
POL08379,PRG003,TRT077,2025-03-17,2026-11-04,113933.05,South,Medium
POL08380,PRG019,TRT068,2026-11-20,2028-06-05,264807.48,West,Low
POL08381,PRG019,TRT096,2026-08-25,2027-10-10,216505.53,South,Medium
POL08382,PRG002,TRT070,2026-12-17,2027-12-05,423932.56,West,Medium
POL08383,PRG022,TRT031,2026-04-23,2027-05-20,237510.84,East,High
POL08384,PRG017,TRT041,2026-07-08,2028-03-22,367147.3,North,Low
POL08385,PRG007,TRT098,2025-01-06,2025-09-16,398913.81,West,Low
POL08386,PRG019,TRT019,2026-05-01,2027-11-14,466883.05,West,Critical
POL08387,PRG023,TRT077,2026-11-17,2027-09-15,85795.65,South,Medium
POL08388,PRG007,TRT002,2026-10-17,2027-06-08,382693.96,North,Critical
POL08389,PRG004,TRT064,2025-01-08,2026-02-17,400125.02,West,High
POL08390,PRG022,TRT057,2026-01-12,2027-07-29,90457.65,South,Low
POL08391,PRG007,TRT073,2025-02-17,2026-03-16,293600.14,South,Medium
POL08392,PRG006,TRT047,2026-03-18,2028-01-19,53643.92,East,Low
POL08393,PRG004,TRT043,2026-06-18,2027-01-07,211488.55,North,Critical
POL08394,PRG024,TRT071,2025-09-25,2026-05-02,431784.46,South,Critical
POL08395,PRG016,TRT031,2026-01-24,2027-03-05,128325.39,North,Medium
POL08396,PRG009,TRT095,2026-07-13,2027-06-28,292238.88,West,Critical
POL08397,PRG022,TRT008,2025-01-25,2025-10-24,70520.19,East,High
POL08398,PRG008,TRT019,2026-02-09,2027-04-23,158066.98,East,High
POL08399,PRG020,TRT093,2026-03-04,2027-07-08,125449.25,West,Critical
POL08400,PRG019,TRT073,2026-08-03,2027-10-20,96263.2,North,High
POL08401,PRG001,TRT003,2025-05-12,2026-04-07,136199.03,South,High
POL08402,PRG010,TRT052,2025-05-31,2026-02-22,60868.86,East,Low
POL08403,PRG021,TRT080,2026-10-03,2028-01-20,427808.34,West,Medium
POL08404,PRG018,TRT080,2025-04-27,2026-10-02,484934.06,East,Critical
POL08405,PRG014,TRT014,2026-05-25,2028-03-08,210432.16,West,Medium
POL08406,PRG021,TRT079,2025-01-29,2026-07-21,25632.44,West,Low
POL08407,PRG005,TRT073,2026-01-13,2026-10-07,129064.13,East,Critical
POL08408,PRG013,TRT006,2025-08-15,2026-06-06,279293.87,East,Medium
POL08409,PRG009,TRT087,2026-12-15,2028-09-27,404551.62,South,High
POL08410,PRG006,TRT020,2026-07-10,2027-05-18,307459.41,West,Low
POL08411,PRG017,TRT004,2025-01-29,2026-11-15,291426.02,West,Critical
POL08412,PRG011,TRT088,2025-12-24,2026-08-14,358591.9,West,High
POL08413,PRG012,TRT026,2026-12-16,2028-06-13,484020.84,South,High
POL08414,PRG022,TRT014,2026-10-05,2027-05-04,118540.26,South,Critical
POL08415,PRG022,TRT067,2025-02-25,2025-10-16,439518.76,South,High
POL08416,PRG002,TRT069,2025-11-06,2026-05-26,485554.71,West,Medium
POL08417,PRG001,TRT021,2025-06-22,2026-09-16,144719.99,West,Low
POL08418,PRG015,TRT058,2025-01-05,2026-04-19,276023.19,North,Medium
POL08419,PRG017,TRT067,2025-09-20,2026-12-17,200892.54,North,Medium
POL08420,PRG005,TRT008,2025-04-14,2026-09-30,39652.2,North,Medium
POL08421,PRG014,TRT099,2026-07-06,2028-06-05,236230.19,West,Critical
POL08422,PRG021,TRT081,2025-05-29,2027-05-07,346587.84,North,Medium
POL08423,PRG003,TRT022,2025-07-18,2026-10-26,342632.56,South,High
POL08424,PRG014,TRT068,2026-01-06,2027-06-23,479567.76,South,Low
POL08425,PRG013,TRT029,2026-02-28,2026-12-26,482702.92,South,Medium
POL08426,PRG004,TRT041,2026-12-24,2028-05-16,58417.23,East,Low
POL08427,PRG022,TRT039,2025-08-28,2026-05-08,335443.74,South,Critical
POL08428,PRG004,TRT033,2026-06-25,2028-02-24,393439.34,West,High
POL08429,PRG012,TRT076,2026-11-01,2028-01-12,381048.05,East,High
POL08430,PRG018,TRT018,2025-08-24,2027-03-06,179365.2,South,Low
POL08431,PRG016,TRT004,2025-03-26,2026-07-28,296213.57,East,Medium
POL08432,PRG017,TRT014,2026-01-21,2027-08-05,495850.46,West,Critical
POL08433,PRG017,TRT085,2026-02-09,2027-06-29,176107.05,North,Medium
POL08434,PRG010,TRT088,2026-12-03,2028-12-02,349751.3,North,Low
POL08435,PRG011,TRT076,2026-06-16,2027-12-25,248902.65,West,Critical
POL08436,PRG004,TRT039,2026-03-22,2026-11-27,180119.76,East,High
POL08437,PRG020,TRT020,2025-08-27,2026-08-28,201825.7,East,Low
POL08438,PRG022,TRT075,2025-10-21,2026-08-18,49427.14,West,Medium
POL08439,PRG011,TRT035,2025-05-16,2026-01-02,310615.77,North,Low
POL08440,PRG001,TRT045,2025-07-24,2026-08-28,242785.28,East,Critical
POL08441,PRG022,TRT007,2026-08-26,2028-08-03,175055.09,East,Critical
POL08442,PRG020,TRT056,2025-01-07,2025-12-07,106605.96,East,Critical
POL08443,PRG011,TRT042,2026-12-10,2028-09-01,17335.86,West,Critical
POL08444,PRG024,TRT042,2025-10-29,2027-06-10,262523.22,South,Low
POL08445,PRG010,TRT002,2026-06-19,2027-03-07,334993.17,West,Medium
POL08446,PRG024,TRT097,2025-02-22,2026-09-05,24766.03,West,High
POL08447,PRG006,TRT026,2026-10-19,2028-02-13,392343.77,South,Low
POL08448,PRG003,TRT036,2026-06-01,2028-03-27,442941.11,West,Medium
POL08449,PRG014,TRT094,2025-04-29,2027-01-23,199728.1,South,Critical
POL08450,PRG004,TRT096,2026-05-18,2028-01-21,225333.09,South,High
POL08451,PRG013,TRT056,2026-07-29,2027-06-19,62101.88,West,Critical
POL08452,PRG024,TRT043,2025-07-25,2027-05-23,258428.53,West,Low
POL08453,PRG012,TRT001,2025-09-05,2026-11-21,347798.66,South,High
POL08454,PRG020,TRT074,2025-08-02,2026-04-25,41131.38,East,High
POL08455,PRG010,TRT070,2026-09-26,2028-04-12,402275.19,East,Low
POL08456,PRG007,TRT014,2026-03-21,2027-04-11,97464.13,North,High
POL08457,PRG022,TRT058,2026-06-19,2028-06-07,451026.73,North,High
POL08458,PRG021,TRT052,2025-01-26,2026-12-01,354531.87,North,Low
POL08459,PRG015,TRT060,2026-08-21,2028-03-15,364299.82,South,Critical
POL08460,PRG006,TRT071,2025-05-13,2026-11-17,182614.15,West,Critical
POL08461,PRG019,TRT019,2026-11-19,2027-10-15,346510.39,South,Medium
POL08462,PRG007,TRT027,2026-09-21,2028-03-23,358025.28,West,Critical
POL08463,PRG013,TRT076,2026-11-26,2027-07-11,132801.37,North,Low
POL08464,PRG003,TRT040,2026-05-28,2027-08-22,435059.1,East,Medium
POL08465,PRG001,TRT016,2025-04-23,2026-04-11,128650.59,East,Low
POL08466,PRG024,TRT054,2026-12-13,2028-01-02,124046.8,South,Medium
POL08467,PRG004,TRT024,2026-09-27,2027-04-05,28883.74,South,Critical
POL08468,PRG021,TRT065,2026-12-09,2028-10-20,94023.38,East,Medium
POL08469,PRG003,TRT031,2026-08-23,2027-03-01,88859.7,South,Critical
POL08470,PRG002,TRT091,2026-09-19,2027-06-18,281394.9,East,High
POL08471,PRG019,TRT083,2025-12-09,2027-04-09,118843.59,East,Critical
POL08472,PRG015,TRT017,2025-07-07,2026-12-12,459867.51,North,Low
POL08473,PRG017,TRT009,2025-09-05,2026-12-05,474546.79,North,Critical
POL08474,PRG017,TRT066,2025-02-16,2026-02-22,30161.24,North,Low
POL08475,PRG016,TRT029,2025-09-24,2027-02-24,350019.19,North,High
POL08476,PRG001,TRT033,2026-03-13,2026-12-05,255003.57,East,High
POL08477,PRG020,TRT014,2026-06-19,2027-03-08,163175.99,West,Low
POL08478,PRG017,TRT003,2025-12-17,2027-04-27,137386.03,South,Critical
POL08479,PRG024,TRT051,2025-05-13,2027-01-02,250486.73,North,High
POL08480,PRG019,TRT042,2026-03-31,2028-03-16,212405.79,East,Critical
POL08481,PRG013,TRT092,2025-11-29,2027-11-06,42926.26,West,Low
POL08482,PRG025,TRT052,2025-10-05,2026-05-22,161616.79,West,Low
POL08483,PRG017,TRT052,2026-12-25,2028-06-17,297222.96,South,Critical
POL08484,PRG019,TRT022,2025-11-06,2026-10-25,60923.38,South,Medium
POL08485,PRG004,TRT068,2026-11-04,2027-12-01,292318.27,East,Low
POL08486,PRG008,TRT001,2026-12-28,2027-11-01,213312.91,East,High
POL08487,PRG013,TRT086,2025-02-13,2026-06-16,355721.9,North,High
POL08488,PRG012,TRT032,2025-05-05,2026-03-03,244661.82,South,Medium
POL08489,PRG017,TRT046,2025-06-27,2027-05-20,340640.05,South,Critical
POL08490,PRG021,TRT090,2026-11-02,2027-10-10,399896.43,East,Low
POL08491,PRG012,TRT057,2026-09-24,2027-06-21,271657.77,North,Low
POL08492,PRG007,TRT083,2026-01-16,2027-02-05,416958.14,East,Medium
POL08493,PRG014,TRT056,2025-07-25,2027-04-07,216890.79,West,High
POL08494,PRG025,TRT051,2026-04-21,2028-02-27,175438.11,South,Critical
POL08495,PRG021,TRT066,2026-10-17,2027-08-20,362312.07,South,Low
POL08496,PRG001,TRT027,2025-07-28,2026-04-24,426565.62,West,Low
POL08497,PRG013,TRT045,2025-01-07,2026-09-20,279063.61,West,Low
POL08498,PRG013,TRT004,2026-10-01,2027-05-18,280237.24,North,High
POL08499,PRG020,TRT006,2026-03-01,2027-02-28,33904.02,East,Medium
POL08500,PRG022,TRT027,2025-10-21,2026-05-14,252315.3,North,Critical
POL08501,PRG004,TRT035,2025-04-28,2026-10-21,214030.44,North,Low
POL08502,PRG008,TRT061,2025-04-17,2025-11-21,434500.18,West,Critical
POL08503,PRG005,TRT056,2026-09-13,2028-03-22,212800.0,North,High
POL08504,PRG005,TRT002,2026-12-12,2028-04-04,447892.22,West,High
POL08505,PRG020,TRT084,2026-10-12,2027-06-23,380772.91,West,Medium
POL08506,PRG010,TRT078,2026-05-31,2027-01-08,333081.52,West,Medium
POL08507,PRG019,TRT071,2025-11-14,2027-01-02,408217.38,South,High
POL08508,PRG017,TRT002,2026-08-10,2027-12-13,200199.06,North,Low
POL08509,PRG009,TRT072,2025-02-01,2025-11-24,307718.78,West,Low
POL08510,PRG025,TRT030,2025-05-11,2026-12-05,134658.67,West,High
POL08511,PRG010,TRT088,2025-01-05,2026-03-23,295496.32,East,Critical
POL08512,PRG015,TRT083,2026-02-21,2026-12-12,252987.81,West,Critical
POL08513,PRG020,TRT073,2026-06-01,2027-03-05,407914.81,West,Low
POL08514,PRG012,TRT058,2026-05-18,2027-08-20,30403.55,North,Low
POL08515,PRG002,TRT072,2026-08-14,2028-04-09,335784.21,West,Medium
POL08516,PRG006,TRT079,2025-10-31,2026-10-03,235217.49,South,Low
POL08517,PRG017,TRT082,2025-03-17,2026-09-27,103816.18,East,High
POL08518,PRG023,TRT088,2026-07-23,2028-01-08,477193.24,South,High
POL08519,PRG009,TRT083,2025-06-16,2026-05-27,440446.18,North,Medium
POL08520,PRG010,TRT015,2025-03-22,2026-08-29,38264.3,South,Low
POL08521,PRG013,TRT002,2025-08-11,2027-04-17,290436.35,North,High
POL08522,PRG002,TRT059,2025-09-30,2027-02-13,289962.72,South,Low
POL08523,PRG018,TRT033,2026-10-06,2028-08-06,488808.65,South,High
POL08524,PRG002,TRT022,2025-09-15,2027-06-16,57715.08,South,Low
POL08525,PRG001,TRT052,2025-05-21,2026-05-29,261806.32,West,Medium
POL08526,PRG011,TRT007,2026-01-25,2027-02-10,56779.91,West,Low
POL08527,PRG020,TRT011,2025-08-25,2026-10-17,98257.93,West,High
POL08528,PRG022,TRT014,2026-09-14,2028-09-11,213839.68,East,High
POL08529,PRG018,TRT040,2025-12-06,2026-12-17,372159.95,West,Critical
POL08530,PRG018,TRT012,2026-12-27,2028-08-13,296663.25,East,Low
POL08531,PRG019,TRT003,2025-03-19,2026-07-26,384714.06,South,Critical
POL08532,PRG021,TRT085,2026-01-19,2027-08-25,132047.49,South,High
POL08533,PRG001,TRT064,2026-06-08,2028-03-25,289999.51,West,Low
POL08534,PRG025,TRT061,2026-03-20,2027-05-26,129525.76,West,Low
POL08535,PRG018,TRT081,2026-08-31,2027-03-26,469822.48,West,Low
POL08536,PRG025,TRT039,2025-12-23,2026-10-10,102241.02,West,Medium
POL08537,PRG007,TRT050,2025-02-16,2025-12-30,78052.45,North,Low
POL08538,PRG010,TRT028,2025-02-25,2026-12-23,299848.16,South,Medium
POL08539,PRG012,TRT035,2025-03-19,2025-11-22,437865.02,West,High
POL08540,PRG017,TRT019,2026-01-19,2026-08-30,353051.18,South,Medium
POL08541,PRG005,TRT007,2026-04-29,2027-05-21,109556.65,West,Critical
POL08542,PRG024,TRT094,2025-04-03,2025-11-02,399787.07,North,High
POL08543,PRG015,TRT084,2025-11-14,2027-01-22,156811.58,East,High
POL08544,PRG017,TRT092,2025-05-11,2026-08-29,37734.99,North,Low
POL08545,PRG012,TRT074,2026-11-22,2028-04-18,400118.72,South,High
POL08546,PRG023,TRT054,2026-09-29,2027-04-19,256472.86,South,Critical
POL08547,PRG025,TRT034,2026-11-21,2028-08-06,270766.04,East,High
POL08548,PRG020,TRT085,2026-01-15,2026-09-23,308394.38,North,Medium
POL08549,PRG022,TRT041,2026-01-29,2026-08-16,64430.29,South,Low
POL08550,PRG010,TRT054,2025-01-07,2025-09-20,325225.69,West,Critical
POL08551,PRG007,TRT023,2025-09-11,2026-12-20,380537.0,South,Low
POL08552,PRG019,TRT077,2025-12-12,2026-07-18,494812.85,South,Medium
POL08553,PRG002,TRT040,2025-12-13,2027-05-11,156676.55,South,Low
POL08554,PRG004,TRT015,2026-09-03,2028-07-31,326871.68,South,Low
POL08555,PRG019,TRT024,2025-05-07,2027-02-15,390885.47,East,High
POL08556,PRG023,TRT015,2025-07-20,2026-09-08,411668.96,West,Medium
POL08557,PRG018,TRT010,2026-08-31,2027-11-30,60303.17,South,Critical
POL08558,PRG019,TRT081,2026-03-01,2027-12-21,39450.88,South,Low
POL08559,PRG011,TRT044,2026-10-20,2028-01-25,177986.77,South,Medium
POL08560,PRG022,TRT012,2026-08-26,2027-07-17,272822.88,West,Low
POL08561,PRG024,TRT079,2025-10-12,2026-07-22,367122.49,North,Medium
POL08562,PRG003,TRT032,2025-07-10,2026-11-02,334065.79,West,High
POL08563,PRG024,TRT005,2025-07-21,2027-01-31,62298.78,West,Low
POL08564,PRG012,TRT047,2025-07-21,2027-06-07,300993.83,North,Medium
POL08565,PRG024,TRT021,2025-01-24,2026-12-15,10806.26,East,Low
POL08566,PRG017,TRT059,2026-03-23,2027-08-19,153764.29,South,High
POL08567,PRG016,TRT004,2026-03-29,2026-11-13,455959.98,East,Low
POL08568,PRG003,TRT029,2025-10-31,2027-09-20,370561.62,North,Critical
POL08569,PRG016,TRT015,2026-05-22,2026-12-08,181506.42,West,High
POL08570,PRG003,TRT056,2025-10-20,2027-07-10,247575.95,North,Critical
POL08571,PRG014,TRT061,2025-06-13,2027-03-14,296021.71,North,Medium
POL08572,PRG017,TRT047,2026-07-10,2028-03-05,375817.5,South,High
POL08573,PRG023,TRT084,2026-08-24,2028-08-20,256643.87,East,High
POL08574,PRG025,TRT012,2025-05-20,2026-02-27,100380.47,North,Low
POL08575,PRG003,TRT087,2026-11-25,2027-07-26,440631.19,North,Critical
POL08576,PRG013,TRT076,2026-08-05,2027-09-21,246670.95,West,Medium
POL08577,PRG017,TRT013,2025-10-06,2026-11-24,276865.93,West,Low
POL08578,PRG014,TRT060,2026-10-07,2027-06-17,335362.23,West,High
POL08579,PRG004,TRT017,2026-05-26,2028-01-26,347823.07,East,Low
POL08580,PRG006,TRT044,2026-06-04,2027-10-11,497968.12,East,Low
POL08581,PRG021,TRT034,2026-01-02,2026-07-19,229470.7,South,Critical
POL08582,PRG008,TRT075,2026-01-04,2027-02-23,115101.67,West,Medium
POL08583,PRG003,TRT096,2025-12-26,2027-03-30,317500.84,South,Medium
POL08584,PRG008,TRT054,2026-08-23,2028-06-06,406369.42,West,Medium
POL08585,PRG005,TRT074,2025-04-27,2026-02-03,90956.79,North,Critical
POL08586,PRG005,TRT067,2025-04-27,2026-09-27,260454.73,North,Medium
POL08587,PRG017,TRT069,2026-08-31,2028-06-12,392178.03,East,Critical
POL08588,PRG004,TRT016,2026-08-09,2027-02-25,81320.74,East,High
POL08589,PRG003,TRT069,2025-03-01,2025-10-28,434870.06,South,Critical
POL08590,PRG002,TRT094,2026-11-23,2027-10-10,80724.81,South,Medium
POL08591,PRG014,TRT065,2026-08-18,2027-07-28,43948.38,South,Medium
POL08592,PRG013,TRT045,2026-02-16,2027-01-28,458497.91,North,Low
POL08593,PRG008,TRT037,2025-01-27,2026-03-20,183057.81,South,Low
POL08594,PRG021,TRT015,2026-07-01,2027-12-06,481708.25,South,High
POL08595,PRG015,TRT066,2025-09-05,2027-01-19,421503.76,West,Medium
POL08596,PRG019,TRT076,2025-03-06,2026-03-04,423080.17,East,Medium
POL08597,PRG017,TRT078,2026-03-07,2027-10-09,343914.2,East,Critical
POL08598,PRG024,TRT085,2025-05-17,2026-11-26,175809.25,West,Critical
POL08599,PRG002,TRT063,2025-09-10,2026-03-17,390315.11,West,Medium
POL08600,PRG001,TRT038,2025-06-24,2026-04-23,398383.95,East,High
POL08601,PRG025,TRT083,2026-03-06,2027-07-10,252021.01,North,Critical
POL08602,PRG021,TRT002,2025-05-05,2027-04-19,345834.31,West,High
POL08603,PRG012,TRT097,2026-03-18,2028-01-21,470952.14,South,High
POL08604,PRG006,TRT002,2025-03-24,2025-11-20,431002.37,West,Medium
POL08605,PRG015,TRT067,2026-03-11,2027-03-22,410036.45,East,High
POL08606,PRG019,TRT011,2026-07-29,2028-06-23,360357.62,South,High
POL08607,PRG021,TRT052,2025-01-24,2026-08-25,168440.32,North,Critical
POL08608,PRG018,TRT059,2026-02-18,2026-10-05,467551.8,South,Medium
POL08609,PRG011,TRT065,2025-03-11,2027-01-01,75157.99,West,Medium
POL08610,PRG012,TRT004,2026-02-18,2026-12-03,362630.75,South,Medium
POL08611,PRG009,TRT093,2026-10-25,2027-11-15,193638.64,West,Low
POL08612,PRG005,TRT071,2025-09-12,2027-01-16,380134.31,South,Critical
POL08613,PRG002,TRT001,2025-09-24,2027-01-23,85142.91,East,Medium
POL08614,PRG009,TRT008,2025-04-19,2026-07-21,88870.42,North,High
POL08615,PRG024,TRT007,2025-12-19,2027-07-27,196247.65,East,Critical
POL08616,PRG021,TRT094,2026-07-03,2027-09-26,147433.42,North,Medium
POL08617,PRG015,TRT032,2026-08-09,2028-04-08,22302.11,North,Medium
POL08618,PRG018,TRT039,2025-04-25,2026-02-07,210453.52,North,Low
POL08619,PRG002,TRT041,2026-08-20,2028-05-15,42671.79,West,Medium
POL08620,PRG010,TRT073,2026-05-01,2026-12-29,87908.19,East,Medium
POL08621,PRG016,TRT085,2026-04-13,2027-06-04,429536.6,South,Medium
POL08622,PRG024,TRT020,2026-11-15,2027-05-17,107203.0,South,Medium
POL08623,PRG001,TRT059,2025-07-05,2026-08-26,374216.46,West,Medium
POL08624,PRG020,TRT045,2025-12-27,2027-03-13,33267.66,West,Medium
POL08625,PRG025,TRT034,2025-02-05,2026-01-27,137205.64,West,Medium
POL08626,PRG011,TRT033,2025-11-23,2027-09-29,154210.01,East,Medium
POL08627,PRG009,TRT005,2026-07-14,2027-08-07,283436.59,South,Medium
POL08628,PRG005,TRT084,2025-12-08,2026-07-17,223770.29,East,Medium
POL08629,PRG003,TRT050,2025-02-06,2026-08-31,379038.53,East,Medium
POL08630,PRG014,TRT068,2025-03-14,2026-05-14,41109.61,North,Critical
POL08631,PRG013,TRT050,2025-07-08,2026-03-26,347456.39,West,High
POL08632,PRG010,TRT071,2026-06-26,2028-03-16,244346.55,East,Low
POL08633,PRG021,TRT072,2025-08-12,2026-10-12,401561.81,West,Medium
POL08634,PRG013,TRT011,2025-01-15,2025-09-22,241711.22,South,Critical
POL08635,PRG006,TRT014,2026-03-02,2027-06-11,100705.66,South,Medium
POL08636,PRG003,TRT006,2026-08-15,2027-10-12,377605.27,West,Low
POL08637,PRG004,TRT089,2025-04-24,2026-01-20,427141.5,East,Critical
POL08638,PRG014,TRT004,2026-07-09,2027-04-10,339331.32,East,Critical
POL08639,PRG021,TRT052,2026-11-06,2028-02-19,66376.09,South,Medium
POL08640,PRG023,TRT060,2026-08-28,2028-04-08,306919.57,West,Low
POL08641,PRG015,TRT014,2025-03-20,2027-01-27,124463.06,West,Medium
POL08642,PRG021,TRT026,2026-04-18,2028-03-08,78193.17,North,Critical
POL08643,PRG020,TRT081,2026-04-01,2027-07-06,129353.13,East,Medium
POL08644,PRG018,TRT070,2025-05-13,2026-04-16,451849.61,South,Low
POL08645,PRG021,TRT021,2025-09-08,2026-09-04,268090.04,West,Critical
POL08646,PRG008,TRT044,2025-09-08,2027-01-04,79283.39,East,High
POL08647,PRG022,TRT087,2025-10-29,2026-10-12,185655.62,East,High
POL08648,PRG015,TRT005,2026-12-09,2028-02-01,487362.9,South,High
POL08649,PRG007,TRT064,2026-08-22,2027-09-18,477724.71,West,Medium
POL08650,PRG017,TRT016,2026-06-18,2028-01-16,176972.35,East,Medium
POL08651,PRG009,TRT002,2025-11-23,2027-04-17,214924.48,West,Low
POL08652,PRG011,TRT035,2026-03-03,2026-12-03,441906.9,East,Medium
POL08653,PRG023,TRT090,2026-10-16,2028-06-08,16135.2,North,Medium
POL08654,PRG012,TRT095,2025-06-06,2026-10-19,278690.19,North,Low
POL08655,PRG025,TRT021,2026-03-02,2026-12-12,257254.66,East,Medium
POL08656,PRG015,TRT053,2025-03-05,2026-10-20,353307.76,North,Critical
POL08657,PRG008,TRT068,2026-04-19,2027-04-17,444004.31,South,Medium
POL08658,PRG010,TRT024,2025-12-22,2026-07-07,436439.83,West,Low
POL08659,PRG023,TRT055,2025-11-07,2027-05-24,43171.34,West,Low
POL08660,PRG014,TRT039,2026-07-25,2027-10-03,197260.14,West,Critical
POL08661,PRG021,TRT003,2026-10-08,2027-12-21,285225.95,West,Critical
POL08662,PRG007,TRT028,2025-09-02,2027-03-25,345053.03,West,Low
POL08663,PRG025,TRT066,2026-09-04,2027-08-23,387824.0,South,Medium
POL08664,PRG025,TRT077,2025-06-13,2026-12-11,97745.0,West,Low
POL08665,PRG001,TRT057,2026-03-14,2027-01-01,177672.51,South,Medium
POL08666,PRG003,TRT050,2025-04-07,2026-07-18,144299.18,South,Critical
POL08667,PRG001,TRT032,2025-07-07,2027-02-14,29815.4,West,Low
POL08668,PRG002,TRT096,2026-11-29,2027-07-22,58601.9,East,Low
POL08669,PRG012,TRT023,2026-02-14,2027-07-25,45825.71,West,Medium
POL08670,PRG016,TRT082,2025-03-11,2025-10-21,409705.75,South,Critical
POL08671,PRG002,TRT098,2026-05-27,2027-03-03,264398.8,East,Critical
POL08672,PRG020,TRT030,2025-01-19,2025-12-29,66006.83,North,Low
POL08673,PRG023,TRT085,2026-05-02,2027-06-22,144750.02,East,Critical
POL08674,PRG023,TRT017,2026-03-04,2027-10-19,444601.65,South,Low
POL08675,PRG002,TRT019,2025-02-22,2026-04-17,207630.11,North,High
POL08676,PRG007,TRT022,2026-06-21,2027-12-07,319771.69,North,Low
POL08677,PRG021,TRT040,2026-09-21,2027-10-18,23150.43,North,Critical
POL08678,PRG001,TRT039,2026-08-02,2027-03-10,222059.61,South,Medium
POL08679,PRG023,TRT073,2026-05-22,2027-02-08,360712.58,East,Medium
POL08680,PRG010,TRT074,2026-12-22,2028-09-27,420385.23,South,Critical
POL08681,PRG014,TRT078,2025-02-25,2027-01-13,329037.98,East,Low
POL08682,PRG002,TRT006,2026-04-01,2027-09-19,290636.34,East,Critical
POL08683,PRG018,TRT068,2025-02-27,2025-10-15,174287.41,North,High
POL08684,PRG018,TRT033,2026-06-01,2028-05-04,321900.95,North,High
POL08685,PRG008,TRT017,2025-11-05,2026-10-19,63841.4,South,Critical
POL08686,PRG008,TRT081,2025-02-03,2026-03-14,6554.48,North,Low
POL08687,PRG009,TRT093,2025-09-09,2027-06-09,258438.4,North,High
POL08688,PRG002,TRT096,2026-06-27,2027-10-09,243529.9,North,Low
POL08689,PRG020,TRT069,2025-02-19,2026-03-23,85201.66,West,High
POL08690,PRG016,TRT062,2026-10-28,2027-09-15,256088.56,South,Critical
POL08691,PRG018,TRT024,2026-06-27,2027-08-28,406116.83,East,Critical
POL08692,PRG005,TRT018,2025-07-16,2026-07-16,394880.91,East,High
POL08693,PRG025,TRT043,2026-05-09,2028-02-18,406433.26,North,High
POL08694,PRG007,TRT036,2025-10-04,2027-10-04,215963.71,East,Critical
POL08695,PRG007,TRT050,2025-04-28,2025-12-31,452819.24,West,Low
POL08696,PRG012,TRT063,2025-03-13,2026-10-22,402321.88,West,Low
POL08697,PRG024,TRT020,2026-06-04,2027-07-13,98506.41,North,Medium
POL08698,PRG022,TRT031,2026-11-02,2028-05-20,51913.71,South,Low
POL08699,PRG021,TRT082,2026-04-22,2027-01-05,304333.87,West,Medium
POL08700,PRG020,TRT048,2025-05-20,2025-11-28,166609.01,West,Low
POL08701,PRG001,TRT004,2026-02-25,2026-10-11,201669.42,West,High
POL08702,PRG022,TRT016,2026-04-30,2027-03-14,350708.33,South,Critical
POL08703,PRG006,TRT039,2026-07-27,2028-05-25,108604.93,West,High
POL08704,PRG019,TRT088,2025-11-21,2026-08-25,278608.43,East,Critical
POL08705,PRG003,TRT024,2025-03-19,2025-12-21,456593.11,West,Critical
POL08706,PRG001,TRT007,2025-10-28,2026-12-08,69617.28,South,Low
POL08707,PRG011,TRT015,2026-04-06,2028-01-12,312835.27,West,Medium
POL08708,PRG015,TRT002,2025-05-19,2026-11-16,197223.29,South,Critical
POL08709,PRG008,TRT021,2025-01-31,2026-12-30,207450.44,North,High
POL08710,PRG008,TRT052,2026-12-03,2028-10-11,341607.22,West,High
POL08711,PRG024,TRT014,2025-02-07,2027-01-12,242564.95,North,Medium
POL08712,PRG016,TRT055,2025-01-25,2025-08-02,277487.91,East,High
POL08713,PRG014,TRT081,2026-06-22,2028-02-09,464634.76,East,High
POL08714,PRG022,TRT073,2025-03-25,2025-12-01,183550.85,South,Medium
POL08715,PRG002,TRT074,2025-12-17,2027-11-28,8051.75,East,Medium
POL08716,PRG023,TRT088,2025-06-25,2027-03-13,305160.55,East,Low
POL08717,PRG007,TRT073,2025-01-21,2026-08-29,483256.31,West,Medium
POL08718,PRG003,TRT003,2025-02-13,2026-08-17,218758.83,West,Low
POL08719,PRG015,TRT077,2026-08-24,2027-11-21,49673.0,West,High
POL08720,PRG004,TRT069,2026-05-14,2027-02-06,26951.48,North,High
POL08721,PRG016,TRT005,2025-06-25,2026-06-01,126685.3,North,Medium
POL08722,PRG007,TRT056,2025-01-02,2026-09-15,451277.06,South,Medium
POL08723,PRG004,TRT012,2026-07-02,2027-06-10,141886.12,West,Medium
POL08724,PRG022,TRT095,2025-05-13,2026-01-04,492719.86,South,Medium
POL08725,PRG005,TRT095,2026-03-30,2027-10-23,424139.49,East,High
POL08726,PRG002,TRT053,2025-05-20,2026-05-27,193556.25,East,Medium
POL08727,PRG002,TRT071,2025-11-29,2027-01-05,247129.61,South,High
POL08728,PRG014,TRT050,2025-01-18,2026-05-22,305065.24,West,Critical
POL08729,PRG003,TRT009,2026-10-25,2028-04-01,384967.13,North,Critical
POL08730,PRG005,TRT002,2026-04-01,2027-07-08,369070.16,West,Low
POL08731,PRG021,TRT026,2025-01-05,2026-03-19,187612.94,North,Critical
POL08732,PRG005,TRT011,2025-06-09,2026-04-16,245541.77,South,Critical
POL08733,PRG019,TRT019,2025-11-07,2026-12-17,378785.64,South,Critical
POL08734,PRG016,TRT055,2025-03-02,2025-12-05,222646.71,East,Low
POL08735,PRG011,TRT015,2025-05-18,2027-01-06,130701.26,North,Critical
POL08736,PRG019,TRT063,2026-09-10,2028-07-17,328716.13,South,Low
POL08737,PRG007,TRT079,2026-07-25,2027-04-07,305608.8,West,High
POL08738,PRG002,TRT009,2026-09-21,2028-05-12,418351.88,North,High
POL08739,PRG005,TRT059,2025-05-22,2026-09-28,362548.87,West,Medium
POL08740,PRG015,TRT089,2026-03-06,2027-09-03,315103.64,North,High
POL08741,PRG025,TRT023,2025-11-21,2026-06-14,273862.02,North,Low
POL08742,PRG022,TRT028,2025-01-03,2026-01-19,100246.25,North,Low
POL08743,PRG005,TRT016,2025-12-31,2026-08-07,169506.35,West,Medium
POL08744,PRG007,TRT020,2026-03-19,2027-07-13,283086.62,South,Critical
POL08745,PRG021,TRT063,2026-03-15,2027-01-21,237552.27,East,Low
POL08746,PRG024,TRT034,2025-03-15,2026-03-08,419077.59,East,High
POL08747,PRG020,TRT054,2026-01-04,2027-11-17,182985.72,South,Low
POL08748,PRG009,TRT047,2025-12-05,2026-09-09,53932.44,East,Critical
POL08749,PRG025,TRT074,2025-11-12,2027-01-26,85890.58,West,Critical
POL08750,PRG018,TRT014,2026-11-20,2027-09-11,468592.35,South,Medium
POL08751,PRG024,TRT001,2025-03-14,2026-02-10,473651.66,East,High
POL08752,PRG021,TRT068,2025-11-08,2026-12-08,467207.47,South,Critical
POL08753,PRG014,TRT019,2025-04-11,2027-03-01,256891.08,South,Medium
POL08754,PRG006,TRT072,2026-11-24,2027-06-21,417382.62,West,Low
POL08755,PRG005,TRT056,2026-07-25,2027-08-09,230275.75,South,Critical
POL08756,PRG006,TRT011,2025-09-08,2026-06-14,435146.01,East,Low
POL08757,PRG017,TRT049,2025-07-12,2026-03-21,451590.75,West,Medium
POL08758,PRG015,TRT020,2025-08-25,2027-03-30,227650.68,West,Low
POL08759,PRG016,TRT082,2025-06-11,2026-12-04,320970.49,North,Medium
POL08760,PRG015,TRT069,2026-10-02,2028-01-16,208259.1,North,Critical
POL08761,PRG015,TRT092,2026-10-09,2027-07-01,435431.83,North,Low
POL08762,PRG012,TRT006,2026-02-09,2026-09-30,280462.95,West,Critical
POL08763,PRG007,TRT097,2026-01-08,2027-02-24,386257.85,North,Medium
POL08764,PRG022,TRT028,2026-12-04,2028-12-01,200801.41,South,Low
POL08765,PRG002,TRT070,2025-04-01,2026-02-24,230326.96,West,High
POL08766,PRG024,TRT087,2025-03-14,2026-11-27,199947.85,South,Critical
POL08767,PRG023,TRT042,2025-09-10,2026-03-14,119576.02,East,High
POL08768,PRG022,TRT081,2025-06-05,2026-07-02,405525.01,North,High
POL08769,PRG021,TRT008,2026-12-12,2028-02-20,285765.01,West,Low
POL08770,PRG005,TRT013,2025-05-14,2026-04-25,357935.97,South,Medium
POL08771,PRG006,TRT076,2025-06-01,2026-08-23,81578.23,East,High
POL08772,PRG021,TRT016,2026-04-08,2027-12-19,138699.84,South,Low
POL08773,PRG024,TRT047,2025-09-10,2026-05-18,385069.07,North,Medium
POL08774,PRG001,TRT054,2025-04-14,2026-05-27,407684.43,North,High
POL08775,PRG007,TRT065,2025-04-25,2027-04-11,150887.0,East,High
POL08776,PRG005,TRT045,2026-07-31,2027-02-13,239690.72,South,Critical
POL08777,PRG002,TRT059,2026-12-01,2028-08-03,57586.8,North,Low
POL08778,PRG018,TRT090,2025-07-05,2026-12-15,139215.91,West,Medium
POL08779,PRG016,TRT066,2026-08-03,2028-03-19,21287.47,South,Low
POL08780,PRG014,TRT023,2026-06-20,2028-02-09,9517.98,West,Medium
POL08781,PRG021,TRT032,2025-01-14,2026-06-25,452814.51,South,Medium
POL08782,PRG001,TRT030,2025-01-01,2025-09-29,58459.42,South,Medium
POL08783,PRG012,TRT055,2025-02-20,2026-03-25,273189.25,East,Medium
POL08784,PRG011,TRT004,2025-07-13,2027-03-27,81386.63,West,Low
POL08785,PRG016,TRT073,2026-12-07,2027-09-08,493366.45,North,Critical
POL08786,PRG023,TRT098,2026-08-20,2027-04-01,68531.6,North,Medium
POL08787,PRG005,TRT033,2025-07-13,2026-01-15,440064.67,South,Medium
POL08788,PRG005,TRT003,2025-02-03,2026-07-18,65924.61,North,Critical
POL08789,PRG008,TRT029,2026-08-19,2027-12-22,225116.83,South,Medium
POL08790,PRG024,TRT020,2026-03-09,2027-05-16,322340.8,West,Low
POL08791,PRG013,TRT082,2025-10-24,2027-03-10,492484.98,North,High
POL08792,PRG013,TRT078,2026-12-02,2028-01-22,491239.17,South,High
POL08793,PRG014,TRT086,2026-09-19,2028-04-27,332119.98,East,Low
POL08794,PRG004,TRT064,2026-11-14,2028-06-12,237098.85,West,Low
POL08795,PRG008,TRT055,2025-12-28,2027-10-25,384400.42,South,Critical
POL08796,PRG022,TRT076,2025-01-29,2025-11-27,86235.11,South,Critical
POL08797,PRG017,TRT006,2025-03-06,2026-06-04,279739.82,West,Low
POL08798,PRG025,TRT081,2026-03-11,2027-11-24,108469.83,East,Medium
POL08799,PRG005,TRT021,2026-10-16,2027-10-02,446562.9,West,Medium
POL08800,PRG018,TRT004,2025-04-22,2026-05-23,250577.49,North,Low
POL08801,PRG001,TRT017,2026-09-10,2027-09-28,101206.94,North,Critical
POL08802,PRG008,TRT014,2026-03-20,2027-05-11,256148.62,West,High
POL08803,PRG006,TRT012,2026-06-25,2027-06-13,293743.45,North,High
POL08804,PRG012,TRT019,2025-12-26,2026-07-09,449527.79,North,Critical
POL08805,PRG007,TRT076,2025-06-30,2027-06-18,5525.89,West,High
POL08806,PRG016,TRT071,2025-06-25,2026-06-16,173204.76,West,High
POL08807,PRG022,TRT070,2026-08-29,2027-08-24,276222.77,North,Critical
POL08808,PRG025,TRT012,2026-10-09,2028-08-16,21283.19,South,Critical
POL08809,PRG020,TRT094,2026-10-12,2028-10-02,446732.71,East,Low
POL08810,PRG014,TRT071,2026-05-15,2028-03-02,280474.15,West,Critical
POL08811,PRG002,TRT007,2026-05-05,2027-09-15,64679.41,South,Low
POL08812,PRG008,TRT049,2026-05-01,2027-05-31,412789.2,West,Critical
POL08813,PRG015,TRT008,2026-08-15,2028-05-26,442805.92,South,High
POL08814,PRG014,TRT027,2025-06-24,2027-03-11,144733.12,West,Critical
POL08815,PRG012,TRT058,2025-01-07,2025-09-15,363859.14,West,Low
POL08816,PRG017,TRT069,2026-02-16,2027-12-03,286568.59,West,Medium
POL08817,PRG017,TRT067,2025-03-06,2026-04-17,26274.77,West,High
POL08818,PRG003,TRT063,2025-02-08,2026-12-18,152459.14,North,Medium
POL08819,PRG019,TRT090,2025-12-03,2026-07-29,214174.18,East,High
POL08820,PRG024,TRT095,2025-03-13,2026-03-15,112921.15,North,Low
POL08821,PRG003,TRT001,2026-07-23,2028-02-27,453163.7,West,Medium
POL08822,PRG020,TRT044,2026-05-18,2027-02-02,5928.51,West,Critical
POL08823,PRG004,TRT035,2026-07-01,2028-02-19,475267.41,East,Critical
POL08824,PRG003,TRT072,2026-08-14,2027-06-03,349403.65,East,Low
POL08825,PRG015,TRT092,2025-09-17,2026-05-19,53910.81,North,Medium
POL08826,PRG013,TRT023,2025-04-18,2026-07-26,492939.69,West,Medium
POL08827,PRG005,TRT093,2025-12-26,2026-11-16,406856.47,West,Low
POL08828,PRG006,TRT017,2025-10-04,2026-12-07,211768.11,East,High
POL08829,PRG023,TRT012,2026-02-16,2027-11-04,207143.46,South,High
POL08830,PRG011,TRT073,2025-04-26,2026-08-17,326567.27,South,Critical
POL08831,PRG005,TRT052,2025-12-03,2027-01-29,401460.73,North,Critical
POL08832,PRG018,TRT094,2026-01-25,2027-05-10,204745.18,South,Medium
POL08833,PRG008,TRT051,2026-02-03,2027-08-09,455986.66,South,High
POL08834,PRG014,TRT066,2025-05-12,2027-03-17,76489.98,South,Critical
POL08835,PRG004,TRT012,2025-09-30,2027-04-23,148851.0,East,High
POL08836,PRG011,TRT015,2025-01-30,2027-01-21,373725.62,North,High
POL08837,PRG016,TRT090,2026-01-03,2026-08-16,287659.42,South,Low
POL08838,PRG021,TRT064,2025-10-13,2026-11-28,336186.18,South,High
POL08839,PRG025,TRT047,2025-11-21,2026-09-03,238319.0,South,Critical
POL08840,PRG008,TRT034,2026-12-02,2028-04-23,338970.95,West,Medium
POL08841,PRG015,TRT044,2026-03-06,2027-03-16,47622.45,South,Low
POL08842,PRG019,TRT066,2025-11-10,2027-04-29,199075.59,East,High
POL08843,PRG013,TRT005,2025-06-19,2026-12-21,6146.72,West,High
POL08844,PRG021,TRT061,2026-10-19,2027-12-10,27664.62,North,Critical
POL08845,PRG012,TRT025,2026-06-13,2027-05-23,362760.59,West,Low
POL08846,PRG016,TRT004,2026-06-04,2028-01-09,349393.77,South,Critical
POL08847,PRG016,TRT014,2025-06-21,2026-12-11,417441.2,North,Medium
POL08848,PRG006,TRT087,2026-11-03,2027-11-23,425453.92,West,High
POL08849,PRG009,TRT084,2026-12-29,2028-10-27,245658.94,West,High
POL08850,PRG003,TRT059,2025-05-15,2026-01-20,173487.81,East,Medium
POL08851,PRG003,TRT028,2025-09-06,2027-02-14,264263.58,West,Medium
POL08852,PRG008,TRT009,2026-04-13,2027-06-23,349686.07,West,Critical
POL08853,PRG003,TRT080,2025-10-07,2027-02-19,51004.68,North,Medium
POL08854,PRG011,TRT052,2026-01-08,2026-09-30,336884.71,North,High
POL08855,PRG017,TRT066,2026-08-19,2027-03-15,409550.38,West,Low
POL08856,PRG018,TRT037,2025-01-14,2026-02-07,256170.69,West,High
POL08857,PRG018,TRT001,2025-05-17,2026-08-23,399359.49,North,High
POL08858,PRG004,TRT007,2025-05-12,2026-07-19,318118.74,North,Low
POL08859,PRG014,TRT079,2026-05-02,2027-06-02,355587.63,East,High
POL08860,PRG004,TRT082,2026-06-24,2026-12-26,449698.76,East,High
POL08861,PRG012,TRT045,2025-07-29,2026-03-09,241278.98,East,Critical
POL08862,PRG021,TRT072,2025-01-27,2026-08-11,204779.59,North,Medium
POL08863,PRG005,TRT066,2026-09-26,2028-06-24,478964.5,East,High
POL08864,PRG012,TRT055,2026-10-10,2027-04-29,434351.87,East,Critical
POL08865,PRG005,TRT080,2025-03-26,2027-02-28,473711.93,West,Critical
POL08866,PRG002,TRT053,2026-08-29,2028-08-01,241374.38,South,Low
POL08867,PRG003,TRT038,2025-08-23,2026-03-04,282882.66,East,High
POL08868,PRG006,TRT067,2026-07-04,2027-01-23,90894.51,South,Low
POL08869,PRG018,TRT017,2026-09-19,2027-07-08,122901.24,North,Low
POL08870,PRG006,TRT095,2026-08-08,2027-06-08,75036.28,South,Critical
POL08871,PRG004,TRT017,2026-01-10,2027-10-03,422364.06,South,Critical
POL08872,PRG022,TRT078,2026-12-10,2028-10-21,236962.09,East,High
POL08873,PRG017,TRT037,2025-08-29,2026-10-15,90905.42,South,Low
POL08874,PRG024,TRT033,2025-12-28,2027-04-26,491959.77,West,Medium
POL08875,PRG016,TRT076,2026-06-04,2028-01-11,295917.25,West,High
POL08876,PRG024,TRT073,2026-04-22,2028-03-25,453487.44,East,Critical
POL08877,PRG021,TRT014,2025-02-28,2026-08-18,378747.09,West,High
POL08878,PRG022,TRT072,2026-08-28,2027-03-23,370571.65,East,Low
POL08879,PRG018,TRT019,2025-12-10,2027-04-14,386964.35,West,Low
POL08880,PRG006,TRT058,2026-09-01,2028-05-18,259541.15,South,Low
POL08881,PRG012,TRT021,2026-01-23,2027-09-20,46839.63,South,Critical
POL08882,PRG012,TRT056,2026-12-04,2027-06-09,427056.6,South,Low
POL08883,PRG010,TRT081,2025-11-15,2026-08-12,284147.04,North,Low
POL08884,PRG007,TRT084,2025-03-31,2026-12-16,252554.14,West,Medium
POL08885,PRG014,TRT074,2026-05-12,2026-12-23,137987.53,East,High
POL08886,PRG015,TRT079,2025-02-15,2026-11-05,332291.51,North,Critical
POL08887,PRG001,TRT012,2025-03-17,2026-04-28,121888.66,West,Low
POL08888,PRG011,TRT020,2026-08-27,2027-06-17,443982.71,West,High
POL08889,PRG014,TRT089,2026-03-30,2027-09-10,256253.63,West,Low
POL08890,PRG009,TRT047,2025-07-12,2027-06-06,372436.44,South,High
POL08891,PRG001,TRT011,2026-02-01,2027-12-31,9909.27,West,Medium
POL08892,PRG017,TRT066,2025-12-03,2026-06-12,267583.44,South,Low
POL08893,PRG013,TRT095,2025-02-19,2026-03-24,405351.01,West,Medium
POL08894,PRG001,TRT098,2026-03-08,2027-11-10,129507.57,South,High
POL08895,PRG025,TRT083,2025-04-06,2026-03-21,240821.09,East,Medium
POL08896,PRG022,TRT012,2026-09-24,2027-05-02,124615.99,North,High
POL08897,PRG004,TRT045,2026-11-05,2028-07-12,284004.72,West,Low
POL08898,PRG009,TRT042,2026-08-08,2028-06-20,256762.31,North,High
POL08899,PRG002,TRT001,2026-10-04,2028-04-30,320489.29,East,Low
POL08900,PRG011,TRT001,2025-03-30,2026-11-27,286283.76,East,Medium
POL08901,PRG007,TRT008,2026-06-10,2027-01-19,268686.65,North,Low
POL08902,PRG014,TRT008,2026-12-21,2028-08-27,251173.95,West,Low
POL08903,PRG016,TRT021,2025-09-22,2027-05-03,147122.09,East,High
POL08904,PRG007,TRT038,2026-07-17,2027-08-14,149241.76,South,Medium
POL08905,PRG011,TRT038,2026-04-03,2028-02-05,409842.51,East,High
POL08906,PRG004,TRT021,2025-11-01,2027-01-07,158817.21,East,Medium
POL08907,PRG025,TRT085,2026-12-09,2028-11-28,355219.3,South,Medium
POL08908,PRG022,TRT077,2025-03-28,2026-10-20,293599.09,West,Medium
POL08909,PRG021,TRT061,2025-09-08,2026-10-08,279816.28,East,Low
POL08910,PRG018,TRT094,2026-02-25,2028-01-03,274384.02,South,Low
POL08911,PRG023,TRT076,2025-12-19,2027-03-21,124174.69,East,Critical
POL08912,PRG018,TRT008,2026-12-26,2028-07-13,481613.97,South,Low
POL08913,PRG021,TRT095,2025-06-29,2026-10-23,58860.57,North,Medium
POL08914,PRG011,TRT038,2026-12-22,2027-10-09,233618.54,South,Critical
POL08915,PRG007,TRT014,2025-02-20,2026-06-11,459719.37,North,Medium
POL08916,PRG003,TRT012,2025-06-08,2026-12-03,471752.32,North,Critical
POL08917,PRG023,TRT046,2025-10-11,2026-05-26,364209.03,West,Medium
POL08918,PRG017,TRT013,2026-06-13,2026-12-21,427742.49,East,Low
POL08919,PRG024,TRT055,2026-05-22,2027-06-26,249622.05,South,High
POL08920,PRG013,TRT021,2025-03-14,2025-11-03,184390.97,North,Medium
POL08921,PRG018,TRT091,2026-05-27,2027-04-05,498691.04,West,Low
POL08922,PRG009,TRT007,2026-03-13,2028-02-01,217910.76,South,Critical
POL08923,PRG007,TRT045,2026-08-08,2027-02-16,484128.75,West,Critical
POL08924,PRG003,TRT068,2025-01-18,2025-12-19,280465.14,South,Medium
POL08925,PRG014,TRT091,2025-05-30,2026-01-22,28510.36,North,Medium
POL08926,PRG021,TRT079,2025-10-14,2027-01-24,118436.8,West,High
POL08927,PRG016,TRT001,2026-11-12,2028-10-22,231598.64,South,Critical
POL08928,PRG015,TRT009,2026-12-11,2028-08-10,144271.51,East,Medium
POL08929,PRG003,TRT012,2025-04-26,2027-02-06,270784.66,West,Medium
POL08930,PRG009,TRT064,2025-02-24,2026-03-01,206454.46,North,Low
POL08931,PRG013,TRT047,2026-12-30,2027-10-01,344506.72,South,High
POL08932,PRG004,TRT037,2025-04-11,2026-03-05,45682.05,East,Low
POL08933,PRG020,TRT079,2025-02-07,2026-03-22,229379.11,West,Medium
POL08934,PRG005,TRT092,2025-12-03,2026-06-21,297180.44,East,Critical
POL08935,PRG012,TRT019,2026-11-29,2027-09-28,252927.65,South,Critical
POL08936,PRG015,TRT084,2025-11-12,2027-07-09,109764.77,North,Low
POL08937,PRG015,TRT083,2025-10-27,2027-10-26,210425.46,North,High
POL08938,PRG019,TRT032,2026-03-12,2026-09-16,67228.38,East,Medium
POL08939,PRG006,TRT051,2025-08-05,2027-02-03,302784.38,East,Medium
POL08940,PRG023,TRT050,2026-04-07,2027-12-29,369330.14,South,High
POL08941,PRG006,TRT090,2025-09-24,2026-09-14,340168.38,West,Low
POL08942,PRG008,TRT045,2026-10-29,2028-05-03,91375.73,West,Critical
POL08943,PRG011,TRT031,2026-12-04,2027-07-20,406750.1,West,Critical
POL08944,PRG010,TRT042,2026-05-18,2027-11-26,117660.74,North,High
POL08945,PRG011,TRT031,2026-07-18,2027-10-29,381038.68,North,High
POL08946,PRG024,TRT038,2026-12-01,2028-02-04,344093.02,West,Medium
POL08947,PRG002,TRT004,2025-04-06,2027-01-27,242864.9,West,Critical
POL08948,PRG006,TRT064,2026-05-09,2027-12-07,264686.76,East,High
POL08949,PRG011,TRT073,2025-12-22,2027-12-08,197607.27,South,Low
POL08950,PRG022,TRT014,2025-12-17,2027-01-29,296419.75,West,High
POL08951,PRG022,TRT009,2026-07-28,2028-03-18,432127.63,West,Medium
POL08952,PRG014,TRT027,2025-08-01,2027-01-31,463946.0,West,Low
POL08953,PRG006,TRT080,2026-02-24,2026-12-16,441316.6,East,Low
POL08954,PRG017,TRT066,2025-03-18,2026-10-26,211415.31,South,Critical
POL08955,PRG024,TRT010,2025-02-15,2026-02-22,451841.57,East,Low
POL08956,PRG007,TRT064,2025-10-03,2027-03-29,448569.9,North,High
POL08957,PRG015,TRT026,2025-01-29,2026-07-29,359532.03,South,Critical
POL08958,PRG016,TRT005,2026-01-03,2027-05-30,253536.15,South,Low
POL08959,PRG007,TRT051,2026-04-01,2027-01-19,310039.66,North,Critical
POL08960,PRG004,TRT085,2025-05-08,2026-03-27,229310.28,North,Low
POL08961,PRG011,TRT057,2026-12-17,2028-11-29,474686.4,East,Low
POL08962,PRG002,TRT012,2026-07-27,2027-10-13,233773.0,South,High
POL08963,PRG019,TRT066,2026-06-22,2028-01-22,118941.03,North,Medium
POL08964,PRG003,TRT012,2025-09-11,2027-02-09,136913.17,North,Critical
POL08965,PRG012,TRT074,2025-04-29,2027-04-04,61815.91,West,High
POL08966,PRG005,TRT084,2026-06-14,2027-06-20,269515.15,West,Medium
POL08967,PRG004,TRT058,2025-08-01,2027-03-02,117166.01,East,Critical
POL08968,PRG022,TRT019,2026-04-29,2027-01-07,315094.88,South,Medium
POL08969,PRG014,TRT002,2026-08-05,2027-09-16,212635.06,South,High
POL08970,PRG001,TRT041,2026-09-21,2027-05-10,202467.85,South,Critical
POL08971,PRG020,TRT007,2026-07-11,2028-03-10,106195.39,East,Critical
POL08972,PRG003,TRT096,2026-07-27,2027-06-29,226430.22,West,Low
POL08973,PRG001,TRT017,2026-05-11,2027-11-20,463387.48,North,High
POL08974,PRG004,TRT035,2026-02-19,2027-05-26,334476.27,North,Medium
POL08975,PRG010,TRT091,2026-12-09,2028-02-10,350006.34,South,Low
POL08976,PRG010,TRT028,2025-03-06,2026-12-21,69017.53,West,Critical
POL08977,PRG023,TRT055,2025-10-05,2027-09-29,43855.38,South,Critical
POL08978,PRG004,TRT067,2026-12-03,2028-11-21,35021.06,West,Medium
POL08979,PRG021,TRT039,2025-09-21,2026-03-25,79564.42,North,High
POL08980,PRG022,TRT015,2025-06-04,2026-06-26,146474.98,West,Medium
POL08981,PRG012,TRT001,2025-06-15,2026-07-25,63985.05,South,Medium
POL08982,PRG018,TRT085,2025-07-27,2027-06-28,275216.09,North,High
POL08983,PRG015,TRT010,2025-10-27,2027-10-16,264323.83,East,High
POL08984,PRG006,TRT053,2025-01-21,2025-09-12,400106.94,West,Medium
POL08985,PRG024,TRT100,2025-04-08,2027-01-17,422413.77,East,Medium
POL08986,PRG018,TRT032,2026-12-02,2028-04-25,263583.48,North,High
POL08987,PRG013,TRT082,2026-01-31,2027-05-24,298058.95,North,Critical
POL08988,PRG001,TRT095,2026-10-13,2027-06-18,492942.83,East,High
POL08989,PRG023,TRT079,2025-12-05,2026-10-22,170273.58,West,High
POL08990,PRG013,TRT044,2025-04-09,2026-02-12,176074.74,West,High
POL08991,PRG014,TRT040,2026-07-31,2027-12-21,399666.08,North,Low
POL08992,PRG021,TRT002,2025-04-19,2026-08-15,78236.68,South,Medium
POL08993,PRG018,TRT050,2025-05-28,2026-09-02,417027.13,West,Critical
POL08994,PRG014,TRT066,2025-01-21,2026-06-23,199258.27,South,Critical
POL08995,PRG016,TRT076,2026-10-24,2028-09-02,431858.08,North,Critical
POL08996,PRG007,TRT095,2025-10-04,2026-06-01,347793.15,East,Low
POL08997,PRG009,TRT052,2026-12-22,2028-06-17,11021.77,North,Low
POL08998,PRG016,TRT037,2025-09-08,2027-03-13,11114.79,West,Critical
POL08999,PRG016,TRT071,2026-05-04,2027-08-28,349613.62,South,Critical
POL09000,PRG020,TRT010,2025-07-04,2027-02-04,122618.17,South,Medium
POL09001,PRG007,TRT010,2025-10-08,2026-04-06,61209.28,East,High
POL09002,PRG015,TRT066,2025-07-01,2026-11-16,169788.36,North,Critical
POL09003,PRG006,TRT023,2025-12-25,2027-08-22,366698.33,East,Low
POL09004,PRG017,TRT013,2025-07-04,2026-02-22,221978.56,North,Critical
POL09005,PRG020,TRT006,2026-12-27,2028-07-13,95888.96,North,Medium
POL09006,PRG004,TRT028,2026-01-11,2027-09-22,326991.76,North,Critical
POL09007,PRG004,TRT012,2025-11-06,2026-11-08,410581.57,South,Critical
POL09008,PRG011,TRT020,2025-09-11,2027-07-10,231523.24,South,High
POL09009,PRG017,TRT015,2026-08-27,2027-06-05,281610.16,East,High
POL09010,PRG006,TRT080,2026-07-28,2028-06-18,63519.74,North,Critical
POL09011,PRG004,TRT077,2025-05-16,2026-02-04,445278.76,West,Critical
POL09012,PRG001,TRT009,2026-08-09,2027-05-08,383569.51,South,Critical
POL09013,PRG023,TRT022,2025-05-26,2027-04-17,322697.97,North,High
POL09014,PRG004,TRT049,2025-05-01,2026-07-06,411338.21,East,Medium
POL09015,PRG011,TRT019,2025-08-16,2026-10-17,233586.48,South,Medium
POL09016,PRG018,TRT001,2025-02-16,2025-12-26,435418.9,East,Low
POL09017,PRG017,TRT030,2025-02-16,2026-04-23,446489.45,North,Low
POL09018,PRG014,TRT077,2026-06-18,2028-01-25,490451.16,North,Critical
POL09019,PRG021,TRT067,2025-07-10,2026-04-28,26023.74,North,Critical
POL09020,PRG019,TRT034,2026-03-29,2027-12-27,388329.84,North,Low
POL09021,PRG007,TRT048,2025-03-03,2027-01-01,128824.57,West,Low
POL09022,PRG024,TRT036,2025-04-27,2026-04-21,73692.79,North,High
POL09023,PRG004,TRT081,2026-04-06,2028-03-13,175113.68,North,Critical
POL09024,PRG024,TRT044,2026-12-07,2027-09-04,117153.04,East,High
POL09025,PRG024,TRT082,2025-08-20,2026-09-29,229641.49,East,High
POL09026,PRG024,TRT033,2025-05-30,2027-02-16,333305.11,East,Critical
POL09027,PRG019,TRT018,2026-06-15,2027-03-20,41219.55,South,Medium
POL09028,PRG006,TRT092,2026-12-23,2027-08-31,473729.19,East,Critical
POL09029,PRG010,TRT075,2025-08-19,2027-03-25,319963.95,West,High
POL09030,PRG024,TRT047,2025-10-07,2026-04-17,157326.61,South,Low
POL09031,PRG013,TRT065,2026-12-21,2028-01-11,174135.4,North,Medium
POL09032,PRG009,TRT100,2025-01-09,2026-02-28,243127.89,North,High
POL09033,PRG007,TRT018,2025-12-29,2026-09-20,98380.91,North,Medium
POL09034,PRG018,TRT034,2026-08-26,2027-04-10,489664.4,South,Low
POL09035,PRG002,TRT057,2026-04-08,2027-03-18,329904.69,South,Critical
POL09036,PRG023,TRT020,2026-04-05,2027-06-05,51980.37,South,Low
POL09037,PRG005,TRT071,2026-09-11,2028-03-31,463451.93,East,Low
POL09038,PRG022,TRT091,2026-12-14,2027-08-13,400057.88,South,Medium
POL09039,PRG025,TRT014,2026-10-12,2028-09-29,471331.41,North,Medium
POL09040,PRG008,TRT032,2026-03-09,2027-02-24,213048.59,West,Medium
POL09041,PRG004,TRT028,2026-01-11,2027-10-07,422507.01,East,Critical
POL09042,PRG021,TRT025,2025-04-15,2026-05-25,227580.42,North,Medium
POL09043,PRG010,TRT073,2026-11-26,2028-01-04,328557.24,East,Critical
POL09044,PRG003,TRT089,2025-06-14,2026-12-18,8272.39,West,Low
POL09045,PRG018,TRT065,2025-08-28,2026-07-28,471713.94,East,Critical
POL09046,PRG022,TRT093,2025-02-20,2027-01-19,421846.77,East,High
POL09047,PRG015,TRT062,2025-08-05,2026-09-16,356073.13,East,Medium
POL09048,PRG021,TRT063,2025-01-24,2026-08-10,450362.35,South,Low
POL09049,PRG022,TRT058,2025-12-12,2027-03-26,198674.71,East,Low
POL09050,PRG018,TRT078,2025-12-08,2027-09-10,342853.3,West,Critical
POL09051,PRG002,TRT002,2026-02-26,2027-01-19,438189.82,North,High
POL09052,PRG007,TRT043,2025-03-12,2026-08-15,61442.37,North,Critical
POL09053,PRG004,TRT073,2026-10-17,2027-08-06,166232.56,North,Low
POL09054,PRG007,TRT051,2026-02-04,2027-07-07,145071.61,North,High
POL09055,PRG009,TRT021,2025-06-08,2026-11-13,130752.58,West,Medium
POL09056,PRG008,TRT079,2025-03-11,2026-02-06,447126.02,West,High
POL09057,PRG018,TRT087,2025-11-03,2026-12-12,61598.64,North,Medium
POL09058,PRG018,TRT014,2025-06-30,2026-10-11,101720.76,North,Medium
POL09059,PRG005,TRT060,2026-07-14,2027-02-11,316570.86,East,High
POL09060,PRG002,TRT029,2025-11-29,2027-11-08,156723.98,East,Medium
POL09061,PRG007,TRT032,2026-06-21,2028-06-17,135250.27,North,Medium
POL09062,PRG012,TRT072,2026-01-01,2027-07-25,140938.74,East,High
POL09063,PRG025,TRT071,2025-07-31,2026-02-15,48721.16,North,Medium
POL09064,PRG010,TRT042,2026-11-27,2027-07-04,252050.68,East,Low
POL09065,PRG024,TRT042,2025-02-18,2026-12-24,453651.34,East,High
POL09066,PRG013,TRT076,2025-04-09,2027-03-19,418707.03,South,High
POL09067,PRG004,TRT007,2025-02-24,2026-11-09,316514.03,West,Low
POL09068,PRG018,TRT061,2025-02-09,2026-12-12,368490.89,North,High
POL09069,PRG019,TRT014,2026-08-31,2028-05-04,166488.24,East,Low
POL09070,PRG022,TRT094,2025-04-23,2025-11-24,254504.4,West,High
POL09071,PRG022,TRT011,2026-07-14,2028-04-25,31066.07,South,Medium
POL09072,PRG007,TRT047,2026-11-08,2027-07-20,312087.63,North,Critical
POL09073,PRG021,TRT035,2025-03-01,2026-07-07,93046.59,North,Critical
POL09074,PRG017,TRT049,2026-10-09,2028-01-08,362374.76,West,Critical
POL09075,PRG002,TRT009,2026-12-18,2028-01-27,228613.53,South,Critical
POL09076,PRG020,TRT048,2026-05-18,2027-09-16,389344.65,South,Medium
POL09077,PRG005,TRT006,2025-08-20,2026-09-11,395401.72,West,Medium
POL09078,PRG011,TRT003,2025-08-22,2027-07-15,144583.19,East,Medium
POL09079,PRG012,TRT068,2025-07-19,2027-02-03,28542.07,South,Critical
POL09080,PRG025,TRT091,2026-04-01,2027-07-01,222695.88,East,High
POL09081,PRG023,TRT094,2025-12-25,2026-09-17,119813.9,South,Critical
POL09082,PRG023,TRT020,2025-04-02,2026-05-17,303633.4,South,Medium
POL09083,PRG017,TRT099,2025-04-05,2026-04-16,322408.88,South,Medium
POL09084,PRG020,TRT008,2025-03-07,2025-09-23,416757.6,South,High
POL09085,PRG006,TRT022,2025-03-20,2027-02-05,376525.1,West,Medium
POL09086,PRG010,TRT097,2025-08-21,2026-12-07,339813.86,West,Critical
POL09087,PRG018,TRT058,2026-01-10,2027-04-16,81587.15,South,Critical
POL09088,PRG020,TRT099,2026-07-25,2027-02-24,68256.88,North,Medium
POL09089,PRG016,TRT088,2026-02-23,2027-06-27,324273.28,East,Critical
POL09090,PRG022,TRT021,2025-10-10,2027-03-15,87593.14,East,High
POL09091,PRG013,TRT033,2026-11-16,2028-09-16,163620.19,North,Medium
POL09092,PRG020,TRT077,2026-07-16,2027-12-28,344442.4,South,Low
POL09093,PRG016,TRT005,2026-12-17,2027-09-01,63687.19,West,Medium
POL09094,PRG025,TRT081,2026-07-28,2028-05-12,498601.1,East,Critical
POL09095,PRG023,TRT095,2026-01-12,2026-12-11,286606.41,South,High
POL09096,PRG016,TRT038,2026-05-13,2028-03-29,400697.3,South,Medium
POL09097,PRG025,TRT075,2026-05-06,2028-04-29,84575.94,North,Medium
POL09098,PRG017,TRT037,2025-02-12,2026-07-16,182438.74,West,Low
POL09099,PRG004,TRT016,2026-05-04,2027-11-22,280566.39,East,Critical
POL09100,PRG011,TRT004,2026-11-26,2028-10-15,127917.68,East,Medium
POL09101,PRG001,TRT028,2025-03-11,2026-09-27,186646.13,South,High
POL09102,PRG012,TRT038,2025-07-10,2026-12-14,179204.59,North,Critical
POL09103,PRG019,TRT037,2025-06-20,2027-04-30,312643.94,South,Low
POL09104,PRG001,TRT080,2026-03-16,2026-11-09,185928.96,South,Low
POL09105,PRG007,TRT026,2025-07-16,2027-06-08,293439.27,North,Critical
POL09106,PRG021,TRT023,2025-08-06,2027-04-25,303670.31,South,High
POL09107,PRG019,TRT008,2026-04-07,2027-02-10,461080.28,North,High
POL09108,PRG014,TRT032,2025-09-01,2026-03-06,484677.58,East,Critical
POL09109,PRG013,TRT002,2026-01-28,2026-11-25,318540.09,West,High
POL09110,PRG019,TRT086,2026-10-08,2027-06-21,270017.29,South,High
POL09111,PRG009,TRT097,2026-12-09,2027-12-30,320093.08,North,High
POL09112,PRG001,TRT044,2026-07-05,2028-06-10,377214.34,South,High
POL09113,PRG019,TRT044,2025-07-16,2026-08-15,446310.91,South,Low
POL09114,PRG025,TRT007,2025-07-17,2026-04-01,43249.57,West,High
POL09115,PRG013,TRT042,2026-02-12,2028-02-01,422939.6,West,Critical
POL09116,PRG025,TRT030,2026-07-09,2027-07-11,212415.19,North,Critical
POL09117,PRG010,TRT037,2025-09-13,2026-04-08,29503.95,East,Low
POL09118,PRG004,TRT032,2026-01-18,2027-10-16,110640.69,East,Medium
POL09119,PRG017,TRT050,2025-11-18,2027-10-19,145742.08,North,Critical
POL09120,PRG012,TRT060,2026-08-16,2027-11-13,214024.62,North,High
POL09121,PRG020,TRT078,2025-01-27,2027-01-01,161102.41,West,Low
POL09122,PRG007,TRT100,2025-01-26,2026-05-04,420420.96,East,High
POL09123,PRG013,TRT004,2025-07-19,2027-05-21,182183.84,South,Low
POL09124,PRG009,TRT059,2026-10-05,2028-06-23,25437.49,East,High
POL09125,PRG019,TRT080,2026-08-10,2028-08-09,287523.61,East,High
POL09126,PRG005,TRT064,2026-02-14,2028-01-31,128460.77,North,Low
POL09127,PRG012,TRT088,2025-04-15,2026-11-04,202572.11,West,Low
POL09128,PRG022,TRT093,2026-06-24,2028-05-13,327523.24,South,Low
POL09129,PRG002,TRT026,2025-05-14,2026-04-26,151906.16,West,Medium
POL09130,PRG013,TRT006,2025-07-21,2027-01-30,494904.24,West,Low
POL09131,PRG001,TRT076,2026-11-25,2027-08-18,199969.45,South,Medium
POL09132,PRG011,TRT082,2026-11-12,2028-05-06,499886.89,North,Critical
POL09133,PRG016,TRT049,2025-10-12,2027-03-16,163029.59,West,Critical
POL09134,PRG007,TRT023,2025-11-23,2027-05-28,419129.48,West,Critical
POL09135,PRG012,TRT086,2026-08-26,2027-05-21,164692.17,North,Low
POL09136,PRG007,TRT048,2025-05-05,2026-08-21,187052.25,West,Critical
POL09137,PRG017,TRT078,2026-01-30,2027-02-19,305499.43,East,Critical
POL09138,PRG004,TRT008,2026-02-07,2027-09-05,354196.86,North,High
POL09139,PRG014,TRT026,2026-03-24,2027-11-04,83203.96,North,High
POL09140,PRG007,TRT006,2025-01-28,2026-09-24,183524.54,West,Low
POL09141,PRG003,TRT053,2026-01-24,2027-02-17,383917.99,West,Low
POL09142,PRG008,TRT096,2025-08-11,2026-07-02,95730.02,North,Medium
POL09143,PRG015,TRT024,2025-12-17,2026-09-27,262143.91,North,Medium
POL09144,PRG024,TRT057,2026-12-16,2028-11-04,141693.72,West,Medium
POL09145,PRG023,TRT039,2026-08-29,2027-06-24,412172.69,West,Low
POL09146,PRG023,TRT023,2026-07-07,2027-04-30,101452.41,East,Low
POL09147,PRG005,TRT064,2025-05-09,2026-05-16,38457.68,North,Medium
POL09148,PRG010,TRT076,2025-08-04,2027-06-24,56862.88,South,High
POL09149,PRG025,TRT007,2026-09-12,2027-10-18,150685.38,South,Critical
POL09150,PRG009,TRT094,2026-01-27,2027-02-23,370033.49,West,Medium
POL09151,PRG017,TRT051,2025-02-08,2025-09-05,5691.82,North,Medium
POL09152,PRG007,TRT017,2026-01-24,2027-09-25,431012.31,West,Critical
POL09153,PRG012,TRT093,2025-07-28,2026-08-15,70812.06,West,Critical
POL09154,PRG024,TRT073,2025-03-16,2026-08-28,469099.26,West,Low
POL09155,PRG017,TRT017,2025-05-18,2026-03-12,108860.58,South,Critical
POL09156,PRG022,TRT094,2026-06-10,2028-01-09,350334.85,South,High
POL09157,PRG024,TRT056,2025-02-21,2025-11-13,142977.4,East,Medium
POL09158,PRG004,TRT074,2025-12-05,2026-07-13,425074.08,North,Critical
POL09159,PRG007,TRT071,2026-09-09,2028-04-29,69646.99,West,Critical
POL09160,PRG015,TRT014,2026-02-02,2026-08-20,371900.99,West,High
POL09161,PRG025,TRT016,2026-07-19,2028-05-03,387339.72,West,Low
POL09162,PRG011,TRT073,2026-04-30,2027-11-21,342122.13,North,High
POL09163,PRG002,TRT070,2026-06-09,2027-11-08,263974.65,South,Medium
POL09164,PRG019,TRT037,2026-03-15,2026-09-20,67668.75,South,High
POL09165,PRG016,TRT065,2026-12-30,2028-08-22,53066.68,South,Critical
POL09166,PRG011,TRT023,2026-03-30,2028-01-27,113218.17,South,High
POL09167,PRG025,TRT081,2025-08-21,2026-10-15,141027.44,South,Low
POL09168,PRG014,TRT032,2026-07-18,2027-10-27,320069.79,South,High
POL09169,PRG012,TRT038,2026-05-29,2027-07-14,321817.55,East,Medium
POL09170,PRG025,TRT049,2025-06-18,2026-05-19,338453.83,West,Critical
POL09171,PRG018,TRT071,2025-05-07,2027-01-09,364146.35,South,High
POL09172,PRG001,TRT010,2025-11-22,2026-12-24,106049.23,West,Medium
POL09173,PRG015,TRT065,2026-03-25,2027-04-25,67619.11,South,Low
POL09174,PRG023,TRT048,2025-09-05,2027-07-12,450685.13,East,Critical
POL09175,PRG021,TRT028,2026-10-13,2027-06-13,444450.89,North,Critical
POL09176,PRG007,TRT014,2025-03-21,2026-07-08,59767.35,West,High
POL09177,PRG001,TRT057,2025-09-03,2026-09-13,455647.11,North,Low
POL09178,PRG007,TRT008,2025-05-25,2027-03-22,224397.44,South,High
POL09179,PRG019,TRT063,2026-10-20,2028-05-21,488722.14,North,Low
POL09180,PRG018,TRT085,2026-01-14,2027-02-11,448275.77,West,Medium
POL09181,PRG007,TRT100,2026-07-26,2027-07-12,394056.63,East,Medium
POL09182,PRG011,TRT083,2026-01-20,2027-08-23,496611.75,North,High
POL09183,PRG016,TRT015,2025-09-28,2027-01-31,441913.07,North,High
POL09184,PRG020,TRT037,2026-08-18,2028-05-12,252870.26,North,Medium
POL09185,PRG004,TRT066,2026-06-26,2027-12-19,133012.62,West,Critical
POL09186,PRG021,TRT078,2025-11-16,2026-06-02,169336.8,West,High
POL09187,PRG021,TRT082,2026-04-22,2026-12-03,282603.09,South,Critical
POL09188,PRG012,TRT089,2026-04-05,2028-01-06,23651.23,West,Medium
POL09189,PRG023,TRT026,2026-08-15,2027-09-10,85254.73,East,High
POL09190,PRG003,TRT074,2025-04-07,2027-01-06,261245.87,West,Medium
POL09191,PRG020,TRT030,2026-03-16,2027-04-02,43215.81,West,Critical
POL09192,PRG012,TRT050,2025-10-30,2026-06-17,307468.21,South,Low
POL09193,PRG016,TRT015,2025-05-25,2027-02-09,327559.71,North,Critical
POL09194,PRG016,TRT084,2026-07-18,2027-03-29,212211.43,West,Critical
POL09195,PRG005,TRT025,2026-03-01,2027-06-24,258971.94,East,High
POL09196,PRG022,TRT038,2025-07-29,2027-02-22,197243.66,South,Medium
POL09197,PRG014,TRT044,2026-05-27,2027-03-08,457351.09,South,High
POL09198,PRG004,TRT023,2025-04-16,2026-08-05,24040.46,South,Low
POL09199,PRG010,TRT076,2026-01-13,2026-11-17,487349.29,East,Low
POL09200,PRG009,TRT030,2026-01-16,2027-01-11,290979.82,West,Medium
POL09201,PRG002,TRT072,2026-08-16,2027-05-12,465293.89,East,Medium
POL09202,PRG005,TRT003,2026-10-06,2028-09-16,10901.16,East,High
POL09203,PRG004,TRT091,2026-07-27,2028-03-15,313920.81,South,Medium
POL09204,PRG023,TRT085,2025-04-02,2025-12-23,177880.4,North,Low
POL09205,PRG001,TRT066,2026-05-01,2026-11-10,353885.27,South,Critical
POL09206,PRG013,TRT016,2025-04-06,2026-06-20,195958.59,South,Medium
POL09207,PRG004,TRT078,2025-12-04,2026-06-19,73450.05,North,Low
POL09208,PRG024,TRT035,2026-06-20,2028-02-11,406677.45,West,Critical
POL09209,PRG019,TRT032,2026-03-02,2026-09-13,194789.33,North,High
POL09210,PRG023,TRT063,2025-04-20,2026-10-29,422297.35,North,Medium
POL09211,PRG011,TRT062,2025-07-28,2026-07-29,460396.31,South,Low
POL09212,PRG004,TRT009,2026-02-12,2027-05-11,226698.28,East,Critical
POL09213,PRG025,TRT049,2026-10-16,2027-10-27,271881.89,North,High
POL09214,PRG015,TRT060,2025-06-28,2026-07-03,350014.87,East,Critical
POL09215,PRG016,TRT065,2026-04-13,2027-03-18,171511.28,West,Low
POL09216,PRG001,TRT089,2025-12-21,2026-06-22,168378.19,East,Medium
POL09217,PRG015,TRT048,2025-06-20,2026-04-16,63381.9,East,Medium
POL09218,PRG018,TRT024,2026-08-16,2027-11-14,274471.43,North,Low
POL09219,PRG014,TRT022,2025-09-01,2027-08-24,410101.42,West,High
POL09220,PRG025,TRT037,2025-12-17,2027-07-30,360630.36,South,Low
POL09221,PRG019,TRT042,2026-07-01,2028-03-04,6951.4,East,High
POL09222,PRG023,TRT017,2026-09-18,2028-04-30,172898.45,East,Medium
POL09223,PRG013,TRT021,2026-10-18,2027-09-05,426675.6,South,Medium
POL09224,PRG001,TRT080,2026-02-06,2027-01-04,19648.14,North,Low
POL09225,PRG001,TRT062,2026-01-06,2027-02-15,258909.29,West,Critical
POL09226,PRG017,TRT003,2025-11-01,2026-08-31,132130.79,North,Critical
POL09227,PRG017,TRT094,2026-02-05,2026-09-18,251188.91,North,High
POL09228,PRG008,TRT048,2026-10-22,2027-04-29,29216.7,East,Medium
POL09229,PRG002,TRT082,2026-03-22,2026-12-14,461402.6,West,High
POL09230,PRG022,TRT076,2025-10-22,2026-12-18,257007.12,North,High
POL09231,PRG014,TRT047,2026-07-27,2027-02-26,432056.79,East,Critical
POL09232,PRG002,TRT030,2025-07-09,2026-08-27,193363.17,West,Critical
POL09233,PRG009,TRT023,2026-10-23,2028-06-10,114552.94,East,Critical
POL09234,PRG012,TRT085,2025-02-27,2025-12-04,78156.0,West,Low
POL09235,PRG001,TRT056,2025-07-11,2027-04-16,9699.59,East,Critical
POL09236,PRG022,TRT033,2025-12-22,2027-01-15,328905.04,South,Critical
POL09237,PRG018,TRT065,2025-10-18,2027-07-26,78202.37,West,Low
POL09238,PRG006,TRT035,2026-08-31,2028-07-09,232107.09,West,Critical
POL09239,PRG025,TRT072,2025-12-10,2027-05-04,311833.8,West,Medium
POL09240,PRG006,TRT060,2025-05-21,2027-01-26,429257.45,South,High
POL09241,PRG012,TRT040,2025-05-09,2026-09-16,44019.02,East,High
POL09242,PRG022,TRT060,2026-08-09,2028-04-28,187833.07,East,Low
POL09243,PRG003,TRT016,2026-11-01,2027-07-22,67340.92,West,Medium
POL09244,PRG003,TRT066,2025-07-16,2026-10-01,100466.12,North,High
POL09245,PRG016,TRT012,2025-12-14,2026-10-07,423777.74,East,Low
POL09246,PRG007,TRT078,2026-05-07,2027-09-13,336806.9,South,High
POL09247,PRG011,TRT023,2026-08-11,2028-03-04,164512.88,South,Low
POL09248,PRG008,TRT095,2025-04-07,2026-05-25,399770.34,East,High
POL09249,PRG007,TRT079,2026-08-17,2028-02-15,268721.94,North,Low
POL09250,PRG006,TRT030,2026-04-23,2027-11-11,192556.75,West,Critical
POL09251,PRG009,TRT043,2026-05-03,2027-04-30,408565.82,North,High
POL09252,PRG018,TRT027,2026-07-21,2028-06-04,345890.58,South,Low
POL09253,PRG019,TRT007,2026-05-22,2026-12-24,200413.49,North,Medium
POL09254,PRG018,TRT035,2026-10-19,2027-05-26,254654.35,West,Low
POL09255,PRG025,TRT063,2025-10-06,2027-05-06,416037.23,West,High
POL09256,PRG005,TRT017,2026-10-04,2028-04-03,465501.33,North,High
POL09257,PRG004,TRT023,2026-10-10,2027-05-19,168750.36,West,Medium
POL09258,PRG019,TRT098,2026-12-04,2028-03-11,382820.03,North,High
POL09259,PRG003,TRT024,2025-04-05,2026-05-28,266143.85,North,Medium
POL09260,PRG003,TRT021,2026-08-18,2027-10-11,59840.83,North,High
POL09261,PRG025,TRT089,2025-01-15,2025-11-18,405080.49,South,High
POL09262,PRG014,TRT064,2025-02-22,2026-05-14,293275.03,East,Low
POL09263,PRG002,TRT088,2025-11-21,2027-03-11,45015.01,South,Medium
POL09264,PRG023,TRT084,2025-03-12,2027-02-22,103916.28,North,High
POL09265,PRG020,TRT036,2025-07-17,2026-11-05,91089.31,North,Low
POL09266,PRG005,TRT061,2025-12-02,2027-01-14,389104.72,West,Medium
POL09267,PRG005,TRT079,2025-12-21,2027-03-07,211177.5,West,Medium
POL09268,PRG009,TRT087,2026-03-13,2027-08-20,388973.56,East,Critical
POL09269,PRG003,TRT023,2026-08-11,2027-04-03,293132.21,North,Low
POL09270,PRG014,TRT088,2025-01-04,2026-07-18,215345.16,East,High
POL09271,PRG010,TRT078,2025-10-28,2027-05-25,398807.21,East,High
POL09272,PRG009,TRT021,2025-12-26,2027-12-04,267439.58,West,High
POL09273,PRG009,TRT066,2025-11-07,2027-05-13,343772.05,West,Low
POL09274,PRG014,TRT051,2025-01-15,2025-12-20,250675.08,South,High
POL09275,PRG024,TRT033,2025-12-08,2027-06-01,235029.49,West,Low
POL09276,PRG006,TRT084,2025-12-09,2027-02-01,245380.39,West,Low
POL09277,PRG006,TRT074,2026-02-12,2027-07-22,208738.22,West,Low
POL09278,PRG002,TRT078,2026-07-03,2028-02-07,472129.21,North,Medium
POL09279,PRG019,TRT006,2025-01-10,2026-12-10,480842.3,West,Medium
POL09280,PRG008,TRT057,2025-02-04,2025-12-01,395987.36,North,Critical
POL09281,PRG018,TRT052,2025-02-16,2026-11-20,382606.16,North,Medium
POL09282,PRG024,TRT007,2025-02-28,2026-10-25,384165.01,West,Low
POL09283,PRG005,TRT007,2025-03-06,2026-01-12,156078.7,North,Low
POL09284,PRG021,TRT028,2025-05-29,2026-02-22,499150.67,East,High
POL09285,PRG016,TRT036,2025-09-17,2027-03-10,258546.49,South,High
POL09286,PRG018,TRT019,2025-11-28,2027-01-02,389824.26,South,Medium
POL09287,PRG025,TRT002,2026-12-17,2027-08-01,283660.19,North,Critical
POL09288,PRG004,TRT015,2025-08-15,2027-06-17,311729.91,West,Critical
POL09289,PRG021,TRT012,2026-06-08,2028-03-20,87747.9,North,Low
POL09290,PRG023,TRT036,2026-07-18,2028-07-06,28129.23,West,High
POL09291,PRG002,TRT009,2026-04-11,2028-03-17,438158.3,North,Low
POL09292,PRG021,TRT085,2026-03-20,2027-02-15,371906.32,East,Low
POL09293,PRG022,TRT042,2025-06-24,2027-06-08,459447.18,North,High
POL09294,PRG019,TRT078,2025-07-20,2027-03-01,105941.61,East,Medium
POL09295,PRG006,TRT035,2026-01-01,2026-08-13,427839.84,North,Medium
POL09296,PRG021,TRT067,2025-11-01,2027-10-01,165346.85,East,Medium
POL09297,PRG005,TRT085,2026-12-02,2028-04-15,307584.16,East,Low
POL09298,PRG003,TRT015,2025-03-31,2027-03-15,11232.62,West,High
POL09299,PRG014,TRT052,2026-03-01,2027-01-07,154598.2,West,Low
POL09300,PRG002,TRT022,2025-12-12,2027-02-22,91273.03,North,Low
POL09301,PRG019,TRT012,2025-05-26,2026-03-06,441659.53,North,Critical
POL09302,PRG005,TRT004,2025-10-28,2027-05-26,184516.37,North,Low
POL09303,PRG014,TRT058,2025-12-08,2026-09-14,270245.69,East,Low
POL09304,PRG004,TRT061,2026-07-23,2027-10-01,63710.69,East,High
POL09305,PRG020,TRT067,2025-02-25,2026-04-12,312846.36,East,Medium
POL09306,PRG010,TRT036,2025-02-25,2026-07-11,162445.22,West,Medium
POL09307,PRG013,TRT014,2025-05-26,2026-03-07,392278.24,East,Medium
POL09308,PRG023,TRT012,2026-08-25,2028-07-11,215184.12,North,Critical
POL09309,PRG004,TRT083,2026-07-27,2028-05-06,367407.3,North,Low
POL09310,PRG011,TRT009,2026-06-15,2027-02-15,153944.25,North,Medium
POL09311,PRG001,TRT042,2026-08-02,2027-12-01,432175.3,South,Critical
POL09312,PRG002,TRT054,2026-10-24,2028-06-29,376769.77,North,Medium
POL09313,PRG003,TRT036,2025-05-04,2026-04-19,308154.26,South,Medium
POL09314,PRG007,TRT079,2025-07-24,2027-06-19,423301.96,East,Critical
POL09315,PRG018,TRT067,2026-02-12,2027-04-10,153906.06,West,Critical
POL09316,PRG022,TRT010,2026-07-08,2028-05-21,428857.2,North,Medium
POL09317,PRG005,TRT058,2025-10-04,2027-09-25,437116.27,South,Low
POL09318,PRG005,TRT084,2025-03-06,2026-12-01,421371.7,West,Low
POL09319,PRG024,TRT072,2025-07-10,2026-06-29,133251.45,South,Medium
POL09320,PRG008,TRT047,2026-09-18,2027-07-29,204631.76,North,Low
POL09321,PRG016,TRT074,2025-12-13,2026-10-24,214239.5,East,High
POL09322,PRG023,TRT087,2026-08-25,2028-01-17,30799.35,North,High
POL09323,PRG020,TRT099,2025-12-13,2027-03-07,385447.91,South,High
POL09324,PRG018,TRT087,2026-11-22,2028-02-10,417567.54,East,Medium
POL09325,PRG010,TRT067,2026-01-06,2027-10-05,430323.63,West,Critical
POL09326,PRG014,TRT030,2025-04-18,2026-06-08,441869.35,North,Critical
POL09327,PRG013,TRT093,2025-05-17,2026-02-12,464540.62,South,High
POL09328,PRG015,TRT088,2026-10-25,2027-07-25,426172.79,East,Low
POL09329,PRG001,TRT012,2026-02-20,2027-11-27,75274.62,South,Low
POL09330,PRG023,TRT080,2026-10-31,2027-07-19,317281.54,East,High
POL09331,PRG006,TRT061,2025-12-18,2026-11-05,165579.4,North,Medium
POL09332,PRG007,TRT090,2026-12-05,2027-08-25,310519.68,South,Critical
POL09333,PRG021,TRT035,2025-01-30,2026-03-09,200429.74,South,Medium
POL09334,PRG015,TRT083,2026-10-02,2027-05-28,427415.37,South,Critical
POL09335,PRG005,TRT031,2026-08-23,2028-01-18,467408.53,South,Medium
POL09336,PRG015,TRT004,2025-06-03,2027-05-19,196036.97,West,High
POL09337,PRG012,TRT005,2025-09-29,2026-08-26,321735.12,East,Low
POL09338,PRG020,TRT009,2026-02-25,2027-09-28,373218.24,East,Medium
POL09339,PRG002,TRT075,2026-09-10,2028-05-30,321926.15,West,Low
POL09340,PRG016,TRT008,2025-09-04,2027-01-03,291372.03,West,Low
POL09341,PRG024,TRT061,2025-07-18,2026-10-03,225685.36,North,Medium
POL09342,PRG003,TRT077,2025-09-13,2026-07-03,499948.9,North,High
POL09343,PRG025,TRT031,2026-09-11,2028-08-10,392288.34,East,Critical
POL09344,PRG007,TRT086,2025-07-27,2026-12-02,139912.39,East,High
POL09345,PRG019,TRT025,2025-12-12,2027-02-05,152696.12,North,Critical
POL09346,PRG013,TRT068,2026-05-01,2026-12-31,406284.33,West,Critical
POL09347,PRG007,TRT055,2026-06-08,2027-07-15,263240.36,South,High
POL09348,PRG011,TRT083,2025-08-19,2026-11-03,256628.99,North,Critical
POL09349,PRG006,TRT070,2026-10-18,2027-09-17,62285.56,North,Low
POL09350,PRG004,TRT043,2026-04-14,2027-03-01,272764.29,West,Medium
POL09351,PRG023,TRT086,2025-10-02,2027-03-22,377747.79,South,Critical
POL09352,PRG010,TRT070,2025-09-07,2027-03-07,340705.0,North,High
POL09353,PRG005,TRT013,2026-10-07,2028-01-29,497942.03,South,High
POL09354,PRG023,TRT004,2026-05-01,2027-02-16,116913.13,South,Critical
POL09355,PRG009,TRT081,2026-10-17,2028-01-11,34888.94,East,Critical
POL09356,PRG001,TRT005,2025-11-28,2026-06-16,384808.71,North,Low
POL09357,PRG022,TRT014,2026-09-19,2027-04-02,492542.98,South,Low
POL09358,PRG012,TRT073,2025-11-11,2027-03-07,43374.75,South,Medium
POL09359,PRG013,TRT052,2025-11-02,2027-01-26,489455.29,North,Critical
POL09360,PRG013,TRT098,2026-10-12,2028-01-09,142721.72,East,High
POL09361,PRG008,TRT080,2026-02-05,2027-05-05,108474.61,North,Low
POL09362,PRG019,TRT086,2026-01-11,2026-07-12,386039.69,West,High
POL09363,PRG012,TRT096,2026-11-15,2027-11-09,175382.78,South,Low
POL09364,PRG006,TRT082,2025-12-12,2027-07-14,484187.71,West,Medium
POL09365,PRG024,TRT015,2026-11-29,2028-06-08,314447.89,South,Low
POL09366,PRG001,TRT082,2026-10-28,2027-10-10,414317.34,East,Low
POL09367,PRG015,TRT047,2026-10-02,2028-09-17,349379.31,East,Low
POL09368,PRG002,TRT091,2026-11-21,2027-07-26,134898.77,North,Critical
POL09369,PRG008,TRT084,2025-10-16,2026-07-03,361746.89,East,Low
POL09370,PRG014,TRT069,2026-11-08,2027-06-24,150886.09,North,Critical
POL09371,PRG005,TRT088,2025-11-18,2026-08-20,429903.32,West,Low
POL09372,PRG018,TRT085,2026-11-15,2028-03-08,119826.23,West,Critical
POL09373,PRG012,TRT082,2026-12-08,2028-12-06,378548.21,West,Medium
POL09374,PRG018,TRT012,2025-12-09,2027-08-25,480777.11,West,Low
POL09375,PRG013,TRT056,2025-05-06,2026-10-23,190040.01,East,High
POL09376,PRG025,TRT008,2025-03-14,2027-03-11,339941.95,North,Low
POL09377,PRG013,TRT100,2025-11-24,2026-11-04,21085.82,North,Low
POL09378,PRG012,TRT014,2026-03-31,2026-10-11,325902.27,South,Critical
POL09379,PRG001,TRT069,2025-01-17,2026-04-29,385164.7,East,Critical
POL09380,PRG015,TRT047,2026-12-10,2028-02-23,477243.1,South,Medium
POL09381,PRG019,TRT086,2025-11-02,2026-11-04,386010.48,North,Low
POL09382,PRG005,TRT085,2025-02-15,2026-07-12,268798.8,East,Low
POL09383,PRG019,TRT066,2025-03-11,2026-04-07,17766.23,West,Low
POL09384,PRG012,TRT020,2026-09-05,2028-06-19,12655.62,East,High
POL09385,PRG022,TRT078,2025-08-20,2027-05-12,33946.44,West,Low
POL09386,PRG011,TRT001,2026-09-07,2027-04-09,365022.59,West,Low
POL09387,PRG006,TRT091,2026-04-26,2028-04-19,84119.07,East,Low
POL09388,PRG019,TRT030,2025-03-21,2026-03-12,259472.49,North,High
POL09389,PRG010,TRT010,2025-11-16,2027-07-16,130064.08,North,Low
POL09390,PRG007,TRT077,2025-06-10,2026-05-17,363744.73,East,Medium
POL09391,PRG021,TRT086,2025-08-15,2027-02-20,313980.98,North,High
POL09392,PRG023,TRT099,2025-12-28,2027-04-24,138139.25,East,Critical
POL09393,PRG012,TRT084,2026-10-10,2028-04-26,284782.68,South,Medium
POL09394,PRG007,TRT034,2026-03-05,2027-01-03,65743.89,West,Critical
POL09395,PRG007,TRT035,2025-01-25,2026-01-21,93404.43,East,Medium
POL09396,PRG010,TRT003,2026-04-13,2026-11-26,280242.45,East,High
POL09397,PRG004,TRT043,2026-12-18,2028-02-12,275497.07,West,High
POL09398,PRG001,TRT003,2025-12-04,2026-06-18,78637.4,East,Critical
POL09399,PRG004,TRT065,2025-04-10,2026-03-23,140080.53,South,Low
POL09400,PRG005,TRT071,2026-06-18,2027-01-27,73165.79,North,Low
POL09401,PRG006,TRT080,2026-11-16,2027-11-19,55022.93,East,Critical
POL09402,PRG005,TRT068,2025-12-14,2027-10-23,131878.98,East,High
POL09403,PRG013,TRT009,2025-01-14,2026-08-20,196091.07,West,Medium
POL09404,PRG020,TRT029,2026-05-30,2027-11-13,427668.25,North,High
POL09405,PRG019,TRT032,2026-05-09,2028-01-12,128183.61,East,High
POL09406,PRG012,TRT061,2025-02-01,2026-09-25,252719.28,South,Medium
POL09407,PRG025,TRT053,2026-10-21,2028-08-24,459981.34,South,Medium
POL09408,PRG010,TRT022,2026-01-13,2028-01-07,7580.08,South,High
POL09409,PRG018,TRT030,2025-11-09,2027-09-06,358954.94,South,Low
POL09410,PRG009,TRT080,2026-05-22,2028-04-05,159305.23,East,Critical
POL09411,PRG025,TRT036,2025-01-17,2026-03-13,137359.44,South,High
POL09412,PRG012,TRT067,2025-01-06,2026-06-15,36114.08,North,Critical
POL09413,PRG018,TRT093,2025-05-28,2026-02-07,409160.68,North,Medium
POL09414,PRG012,TRT041,2025-03-18,2026-02-19,12830.58,South,High
POL09415,PRG009,TRT096,2025-04-21,2027-04-13,151971.77,North,Low
POL09416,PRG021,TRT003,2025-10-31,2026-12-24,146571.24,East,Low
POL09417,PRG015,TRT021,2026-11-10,2028-04-22,185942.29,West,High
POL09418,PRG025,TRT031,2025-01-29,2025-10-18,449495.02,West,Low
POL09419,PRG002,TRT100,2025-01-22,2026-07-02,331799.38,South,Low
POL09420,PRG020,TRT024,2025-11-16,2027-11-12,232851.44,South,Medium
POL09421,PRG014,TRT093,2025-02-24,2026-11-05,406262.98,West,High
POL09422,PRG023,TRT048,2025-05-10,2026-09-11,435248.59,East,Medium
POL09423,PRG015,TRT035,2025-10-03,2026-04-03,185685.45,North,Low
POL09424,PRG016,TRT097,2026-08-23,2028-06-11,14343.73,East,Low
POL09425,PRG004,TRT089,2025-11-25,2026-11-25,375159.37,East,Critical
POL09426,PRG023,TRT058,2025-12-03,2026-09-28,125836.74,South,Low
POL09427,PRG003,TRT054,2026-05-11,2027-05-27,70912.78,West,High
POL09428,PRG017,TRT093,2026-07-10,2027-08-04,346098.0,South,High
POL09429,PRG007,TRT003,2026-01-29,2028-01-25,204706.09,North,High
POL09430,PRG024,TRT034,2025-03-17,2026-06-12,495389.59,South,Critical
POL09431,PRG017,TRT049,2026-03-25,2027-10-16,129837.63,East,High
POL09432,PRG009,TRT088,2025-02-14,2025-12-20,152919.85,North,Medium
POL09433,PRG016,TRT066,2025-09-29,2026-11-26,363158.87,West,High
POL09434,PRG023,TRT094,2025-08-07,2027-04-24,84723.1,South,Medium
POL09435,PRG019,TRT038,2026-06-29,2027-11-23,37220.03,West,Low
POL09436,PRG025,TRT098,2025-12-22,2026-12-04,201588.56,West,High
POL09437,PRG015,TRT072,2025-06-14,2026-05-10,225028.96,North,Low
POL09438,PRG022,TRT060,2025-07-19,2027-01-21,366763.9,West,Low
POL09439,PRG020,TRT074,2026-05-21,2026-12-28,17802.89,South,Medium
POL09440,PRG016,TRT058,2025-04-30,2025-12-09,232257.35,West,Critical
POL09441,PRG004,TRT072,2026-05-16,2027-03-06,416046.17,South,High
POL09442,PRG014,TRT062,2025-12-16,2027-09-06,458237.73,North,High
POL09443,PRG012,TRT015,2026-02-16,2026-10-20,257783.08,West,Low
POL09444,PRG012,TRT082,2026-12-10,2028-04-17,172081.67,East,High
POL09445,PRG018,TRT093,2026-04-17,2027-10-27,45481.1,West,Critical
POL09446,PRG010,TRT021,2026-06-06,2026-12-14,242606.23,West,High
POL09447,PRG024,TRT043,2025-09-23,2026-04-11,469098.53,East,High
POL09448,PRG020,TRT084,2026-11-10,2027-05-10,30864.72,East,Low
POL09449,PRG023,TRT085,2025-05-11,2026-04-11,160984.26,South,Medium
POL09450,PRG018,TRT017,2026-02-22,2027-04-28,29044.95,West,Critical
POL09451,PRG001,TRT011,2026-01-18,2027-03-10,429074.27,East,High
POL09452,PRG021,TRT098,2026-09-23,2028-09-06,149780.31,North,High
POL09453,PRG018,TRT015,2025-11-16,2027-07-15,120410.38,North,High
POL09454,PRG016,TRT010,2026-05-19,2027-02-12,86593.78,South,Low
POL09455,PRG006,TRT061,2025-05-21,2027-04-07,287529.38,South,Medium
POL09456,PRG007,TRT025,2026-07-16,2028-06-16,170415.17,East,Low
POL09457,PRG011,TRT069,2025-11-25,2026-06-23,217500.56,South,Low
POL09458,PRG011,TRT003,2026-05-06,2027-12-29,402239.14,East,Low
POL09459,PRG025,TRT047,2026-11-14,2027-08-29,339950.48,East,Low
POL09460,PRG004,TRT026,2025-01-02,2026-01-27,433882.14,East,High
POL09461,PRG017,TRT090,2025-10-24,2027-07-10,228318.16,West,Medium
POL09462,PRG010,TRT004,2026-10-26,2028-09-05,270617.31,North,Low
POL09463,PRG021,TRT064,2026-05-26,2027-09-07,363368.55,East,Critical
POL09464,PRG001,TRT094,2026-11-17,2028-08-16,76416.34,South,Critical
POL09465,PRG004,TRT044,2025-09-19,2026-04-07,55896.53,North,Critical
POL09466,PRG004,TRT072,2025-01-14,2026-12-19,257798.31,North,High
POL09467,PRG010,TRT016,2025-11-12,2026-06-01,164357.04,East,Medium
POL09468,PRG001,TRT065,2026-06-12,2028-04-01,235571.74,South,Critical
POL09469,PRG008,TRT080,2025-07-16,2027-02-15,131202.04,North,Low
POL09470,PRG025,TRT086,2025-04-24,2026-05-08,265577.99,South,Critical
POL09471,PRG012,TRT023,2026-07-05,2027-09-21,309929.79,North,Medium
POL09472,PRG020,TRT039,2026-07-31,2027-12-15,165289.81,South,Critical
POL09473,PRG018,TRT031,2025-06-23,2026-03-07,51099.68,West,High
POL09474,PRG023,TRT096,2025-06-17,2025-12-26,98367.77,West,High
POL09475,PRG001,TRT014,2026-11-19,2028-02-19,145981.2,West,Critical
POL09476,PRG005,TRT062,2026-10-12,2028-01-26,393436.76,South,High
POL09477,PRG005,TRT017,2026-05-07,2027-05-12,253873.03,West,Low
POL09478,PRG019,TRT082,2026-01-06,2026-11-06,23717.78,North,High
POL09479,PRG007,TRT016,2026-11-06,2028-10-17,150936.56,South,Medium
POL09480,PRG022,TRT098,2026-11-02,2027-12-08,268536.3,West,Low
POL09481,PRG024,TRT087,2025-12-24,2027-04-11,111595.64,West,Critical
POL09482,PRG009,TRT073,2025-04-30,2025-11-27,6237.62,North,Critical
POL09483,PRG008,TRT084,2026-09-24,2028-08-30,411845.06,North,Critical
POL09484,PRG023,TRT011,2026-07-30,2027-08-12,223477.83,West,High
POL09485,PRG008,TRT022,2025-07-16,2026-06-30,399544.43,South,Medium
POL09486,PRG004,TRT009,2025-11-24,2027-08-18,61306.75,East,Critical
POL09487,PRG020,TRT063,2025-05-31,2026-07-15,218199.02,North,Low
POL09488,PRG012,TRT061,2026-12-07,2028-05-14,25105.97,South,Low
POL09489,PRG010,TRT061,2026-02-27,2027-07-09,372529.99,South,Low
POL09490,PRG022,TRT074,2025-11-24,2027-03-16,267062.85,East,Low
POL09491,PRG022,TRT051,2025-01-25,2025-09-14,375047.56,South,Low
POL09492,PRG024,TRT075,2025-10-26,2026-10-01,475364.85,North,Medium
POL09493,PRG003,TRT040,2026-07-24,2028-04-13,103317.0,North,Medium
POL09494,PRG025,TRT020,2026-08-15,2028-07-28,240228.14,West,Medium
POL09495,PRG020,TRT063,2026-06-07,2028-05-24,250639.89,West,High
POL09496,PRG003,TRT024,2026-02-11,2028-02-11,483365.18,North,Medium
POL09497,PRG012,TRT035,2025-08-24,2027-04-05,478821.67,East,High
POL09498,PRG023,TRT030,2025-11-07,2026-08-14,477450.75,North,Low
POL09499,PRG011,TRT032,2026-12-05,2028-06-24,415112.44,South,Critical
POL09500,PRG021,TRT040,2026-12-14,2028-02-10,207556.92,South,Low
POL09501,PRG011,TRT072,2025-07-17,2026-11-08,103118.56,South,High
POL09502,PRG011,TRT079,2026-04-15,2027-04-25,170743.24,West,High
POL09503,PRG012,TRT044,2025-06-04,2026-03-30,117246.11,East,Medium
POL09504,PRG004,TRT075,2025-02-25,2025-09-24,65533.18,South,Low
POL09505,PRG004,TRT041,2026-03-30,2027-02-27,312443.29,East,High
POL09506,PRG006,TRT044,2026-12-08,2027-09-29,426969.0,South,Low
POL09507,PRG020,TRT077,2026-10-03,2027-10-03,209969.48,South,Critical
POL09508,PRG006,TRT003,2025-05-11,2027-03-14,236695.41,East,High
POL09509,PRG011,TRT014,2025-11-15,2027-10-26,26043.73,South,High
POL09510,PRG004,TRT038,2025-10-20,2026-07-25,115531.74,North,High
POL09511,PRG021,TRT080,2026-09-19,2027-09-17,295539.54,East,Critical
POL09512,PRG022,TRT059,2026-06-28,2028-02-02,254436.88,South,Critical
POL09513,PRG001,TRT061,2026-04-14,2027-08-03,86000.73,West,Medium
POL09514,PRG016,TRT018,2026-12-25,2027-12-25,480110.01,South,Medium
POL09515,PRG023,TRT045,2026-06-05,2027-06-08,176035.91,East,Medium
POL09516,PRG013,TRT043,2025-11-05,2027-05-18,23192.37,North,High
POL09517,PRG018,TRT062,2025-08-28,2026-05-26,35162.47,North,Low
POL09518,PRG019,TRT069,2026-10-25,2027-09-22,298530.34,East,Low
POL09519,PRG005,TRT060,2026-07-10,2027-11-08,271032.71,East,Low
POL09520,PRG025,TRT020,2025-02-08,2026-08-12,403376.22,North,Medium
POL09521,PRG018,TRT001,2025-04-05,2026-11-20,406500.53,North,Critical
POL09522,PRG022,TRT090,2025-09-14,2027-02-13,409445.32,North,Low
POL09523,PRG004,TRT030,2026-12-21,2028-11-02,77973.48,South,Medium
POL09524,PRG023,TRT076,2025-01-30,2026-05-22,482633.29,North,Critical
POL09525,PRG011,TRT005,2025-04-26,2026-11-04,352776.7,East,Low
POL09526,PRG019,TRT053,2025-06-04,2026-06-16,299108.98,North,Medium
POL09527,PRG013,TRT031,2025-05-30,2026-12-26,470970.83,East,Low
POL09528,PRG004,TRT095,2026-06-28,2028-05-19,114559.8,South,Low
POL09529,PRG022,TRT092,2026-03-21,2027-05-23,8274.31,West,Low
POL09530,PRG022,TRT066,2026-07-26,2027-06-19,344617.74,North,Critical
POL09531,PRG012,TRT042,2026-08-28,2028-05-11,149094.84,West,Critical
POL09532,PRG001,TRT091,2025-11-28,2026-10-30,386463.9,East,Low
POL09533,PRG003,TRT070,2026-11-04,2028-08-17,263365.71,North,Medium
POL09534,PRG005,TRT079,2026-10-16,2028-08-31,359081.84,East,High
POL09535,PRG017,TRT042,2026-12-27,2028-08-30,167545.99,North,High
POL09536,PRG021,TRT070,2025-06-26,2026-03-09,491975.86,South,Critical
POL09537,PRG020,TRT040,2025-12-12,2027-05-18,486955.46,East,Medium
POL09538,PRG019,TRT093,2025-01-30,2026-10-02,335355.04,West,High
POL09539,PRG020,TRT043,2025-07-09,2026-06-02,176580.86,South,Critical
POL09540,PRG011,TRT057,2026-07-24,2027-11-21,206828.56,West,Low
POL09541,PRG011,TRT015,2025-10-26,2027-03-24,368029.86,East,Low
POL09542,PRG012,TRT088,2025-12-30,2027-06-11,481123.75,West,High
POL09543,PRG022,TRT023,2026-08-25,2028-02-20,137854.59,East,Critical
POL09544,PRG010,TRT015,2026-03-08,2027-10-23,455359.15,West,Low
POL09545,PRG024,TRT037,2026-10-19,2028-09-02,424308.16,West,High
POL09546,PRG016,TRT008,2025-12-06,2027-06-05,214306.1,West,Low
POL09547,PRG003,TRT013,2026-02-23,2027-02-28,144852.0,South,Medium
POL09548,PRG025,TRT067,2026-09-06,2028-06-30,370089.33,West,Critical
POL09549,PRG002,TRT098,2025-02-27,2026-01-12,159714.28,West,Medium
POL09550,PRG023,TRT082,2026-11-25,2028-05-26,382319.26,North,Low
POL09551,PRG005,TRT074,2026-08-15,2027-12-06,188764.03,South,Critical
POL09552,PRG012,TRT022,2025-02-04,2025-08-24,31055.71,South,Critical
POL09553,PRG002,TRT060,2026-04-21,2027-05-01,274018.42,West,High
POL09554,PRG010,TRT085,2025-01-19,2025-07-24,287897.34,North,Critical
POL09555,PRG005,TRT007,2025-01-04,2026-12-23,112341.87,East,High
POL09556,PRG005,TRT003,2026-09-16,2028-02-28,15999.3,West,Medium
POL09557,PRG023,TRT033,2025-01-10,2025-07-21,33267.28,South,High
POL09558,PRG013,TRT061,2026-01-09,2027-11-24,86568.95,South,Medium
POL09559,PRG009,TRT060,2025-01-04,2026-11-24,389494.02,South,Low
POL09560,PRG024,TRT068,2026-08-15,2027-10-12,296544.54,West,High
POL09561,PRG015,TRT016,2025-08-05,2026-12-12,304531.67,East,Medium
POL09562,PRG007,TRT007,2026-05-16,2027-11-19,209622.34,West,Low
POL09563,PRG023,TRT059,2026-08-27,2028-04-18,113530.65,West,Low
POL09564,PRG002,TRT074,2025-09-29,2027-05-07,218842.15,East,Low
POL09565,PRG010,TRT022,2025-03-26,2026-08-23,380766.84,North,Critical
POL09566,PRG002,TRT052,2025-02-24,2026-12-09,298377.31,East,Critical
POL09567,PRG012,TRT028,2025-02-03,2025-09-10,30981.0,North,Critical
POL09568,PRG005,TRT085,2026-06-03,2028-04-04,376699.41,East,High
POL09569,PRG022,TRT047,2026-12-18,2028-06-25,316057.87,East,Low
POL09570,PRG005,TRT022,2026-01-03,2027-07-20,294093.04,North,Medium
POL09571,PRG021,TRT076,2026-09-21,2028-08-08,48333.59,South,Medium
POL09572,PRG021,TRT027,2026-10-26,2028-03-18,82833.67,North,Low
POL09573,PRG015,TRT061,2026-01-18,2027-09-01,445915.25,West,Low
POL09574,PRG011,TRT088,2026-10-27,2028-07-05,323125.87,North,Medium
POL09575,PRG009,TRT076,2025-07-08,2027-04-16,344224.99,East,Medium
POL09576,PRG017,TRT008,2025-04-23,2026-01-27,97471.04,East,Low
POL09577,PRG019,TRT095,2026-11-09,2028-01-23,261267.39,East,Medium
POL09578,PRG023,TRT001,2026-03-26,2027-01-06,51477.15,South,Critical
POL09579,PRG013,TRT048,2026-08-18,2027-04-19,237358.37,North,Critical
POL09580,PRG022,TRT081,2026-06-23,2028-05-25,312546.25,East,Critical
POL09581,PRG016,TRT011,2025-09-01,2026-07-12,427653.4,West,Medium
POL09582,PRG016,TRT097,2026-09-20,2028-05-04,44825.79,South,Critical
POL09583,PRG005,TRT001,2025-12-16,2027-09-17,327508.13,South,Low
POL09584,PRG006,TRT040,2026-05-14,2027-11-07,242224.86,North,Critical
POL09585,PRG010,TRT039,2026-03-08,2027-04-10,438183.38,North,High
POL09586,PRG012,TRT057,2026-11-16,2028-06-19,16071.43,West,Medium
POL09587,PRG010,TRT043,2026-06-11,2027-10-01,57994.18,West,Critical
POL09588,PRG022,TRT100,2025-05-07,2026-04-26,414731.66,East,High
POL09589,PRG014,TRT033,2025-08-26,2026-07-07,245485.43,West,Low
POL09590,PRG002,TRT096,2025-10-11,2027-01-05,194538.67,North,High
POL09591,PRG010,TRT071,2026-02-12,2027-02-19,18585.69,South,Critical
POL09592,PRG016,TRT059,2025-01-26,2026-05-25,102146.17,East,Low
POL09593,PRG001,TRT096,2025-04-06,2026-03-08,52844.42,East,Medium
POL09594,PRG019,TRT037,2025-05-03,2027-01-25,42244.35,West,Medium
POL09595,PRG025,TRT062,2025-11-02,2027-05-14,274902.73,East,High
POL09596,PRG005,TRT077,2026-06-20,2027-04-15,313853.36,East,Critical
POL09597,PRG019,TRT060,2025-05-06,2027-01-03,398672.42,North,Critical
POL09598,PRG017,TRT087,2025-05-24,2027-04-06,248536.21,East,Critical
POL09599,PRG006,TRT054,2025-11-16,2027-07-09,424393.38,North,Critical
POL09600,PRG022,TRT096,2025-06-28,2026-08-22,142769.17,East,Critical
POL09601,PRG025,TRT054,2026-07-24,2028-02-04,90611.82,West,Low
POL09602,PRG023,TRT014,2026-05-06,2028-03-06,364893.69,South,Critical
POL09603,PRG006,TRT005,2025-08-14,2027-02-01,87825.27,South,Critical
POL09604,PRG004,TRT016,2025-08-23,2026-06-15,293397.83,East,Critical
POL09605,PRG017,TRT015,2025-03-29,2026-12-28,77032.14,North,Critical
POL09606,PRG015,TRT021,2026-06-24,2027-06-07,134282.67,South,High
POL09607,PRG019,TRT047,2025-10-01,2026-09-14,454573.6,East,High
POL09608,PRG010,TRT030,2026-11-27,2028-07-07,479653.47,South,Low
POL09609,PRG016,TRT059,2025-10-16,2026-10-17,136887.59,North,Medium
POL09610,PRG009,TRT030,2026-03-17,2027-01-19,78338.39,West,Critical
POL09611,PRG006,TRT065,2026-09-29,2027-04-09,103114.23,East,High
POL09612,PRG002,TRT076,2026-11-24,2027-12-30,469615.37,South,High
POL09613,PRG017,TRT061,2026-07-21,2027-08-06,170866.86,East,Low
POL09614,PRG020,TRT091,2025-05-13,2026-09-17,67217.27,West,High
POL09615,PRG008,TRT064,2025-09-14,2027-03-14,186784.42,South,Critical
POL09616,PRG009,TRT028,2026-08-31,2028-02-29,111015.97,West,Low
POL09617,PRG018,TRT034,2025-06-16,2026-06-05,184829.63,East,High
POL09618,PRG020,TRT056,2026-09-11,2028-08-09,227736.21,East,High
POL09619,PRG023,TRT059,2025-07-17,2027-06-23,457672.69,East,Critical
POL09620,PRG024,TRT095,2026-01-20,2027-10-09,460259.04,North,Medium
POL09621,PRG007,TRT032,2025-02-09,2026-10-26,153117.98,West,Low
POL09622,PRG002,TRT023,2026-08-06,2027-10-06,56275.24,West,Medium
POL09623,PRG012,TRT090,2026-04-02,2026-11-09,468959.53,East,Medium
POL09624,PRG023,TRT044,2026-06-03,2027-01-17,381154.88,East,Critical
POL09625,PRG017,TRT036,2026-03-24,2026-12-10,80408.64,South,Critical
POL09626,PRG010,TRT031,2025-05-02,2027-04-16,33218.19,West,High
POL09627,PRG012,TRT079,2026-11-09,2028-01-03,128480.08,South,Low
POL09628,PRG009,TRT041,2026-07-02,2028-06-30,15103.37,West,Low
POL09629,PRG004,TRT097,2026-07-26,2028-04-21,77406.35,South,High
POL09630,PRG025,TRT048,2026-02-17,2027-07-07,464323.34,East,Low
POL09631,PRG007,TRT090,2026-09-28,2028-05-19,173155.59,East,High
POL09632,PRG011,TRT062,2025-10-23,2027-01-18,246250.05,East,Medium
POL09633,PRG009,TRT090,2025-04-05,2026-08-02,189648.9,South,Critical
POL09634,PRG001,TRT077,2026-05-29,2027-10-31,219117.98,North,High
POL09635,PRG005,TRT021,2025-10-23,2027-10-14,180146.13,North,Critical
POL09636,PRG022,TRT083,2025-11-09,2027-09-15,269743.68,South,Medium
POL09637,PRG023,TRT010,2025-11-02,2027-07-20,90381.07,East,Low
POL09638,PRG024,TRT087,2025-10-16,2027-05-26,16182.16,East,Critical
POL09639,PRG022,TRT025,2025-10-28,2026-05-30,353021.18,West,Critical
POL09640,PRG009,TRT042,2026-07-10,2028-04-07,216065.13,North,Low
POL09641,PRG024,TRT083,2025-10-24,2027-03-07,165966.53,North,Low
POL09642,PRG017,TRT017,2025-03-03,2027-01-15,44242.69,West,High
POL09643,PRG015,TRT049,2026-08-08,2028-03-24,26776.11,South,Low
POL09644,PRG020,TRT091,2026-04-27,2027-04-06,163063.27,West,Low
POL09645,PRG025,TRT038,2025-04-17,2026-10-24,391386.42,West,Low
POL09646,PRG025,TRT091,2025-03-03,2026-10-26,432986.91,East,Low
POL09647,PRG002,TRT058,2025-07-28,2026-10-24,305245.11,South,Low
POL09648,PRG017,TRT018,2025-08-17,2026-05-19,50176.61,North,High
POL09649,PRG009,TRT001,2025-07-14,2026-11-22,48440.98,West,High
POL09650,PRG002,TRT006,2026-08-31,2027-06-22,352745.33,East,Critical
POL09651,PRG012,TRT024,2026-09-06,2028-05-23,430148.48,South,Critical
POL09652,PRG017,TRT033,2025-02-03,2026-03-12,287405.09,North,Low
POL09653,PRG017,TRT061,2026-06-12,2027-09-21,31995.23,West,High
POL09654,PRG009,TRT036,2025-08-18,2026-05-23,304279.85,South,Low
POL09655,PRG001,TRT055,2025-07-20,2027-06-23,396336.87,South,High
POL09656,PRG025,TRT098,2026-11-28,2028-01-18,448587.53,North,Medium
POL09657,PRG014,TRT010,2025-06-20,2027-06-13,347709.66,North,High
POL09658,PRG007,TRT086,2025-10-11,2026-07-27,23574.81,West,Medium
POL09659,PRG003,TRT058,2025-12-24,2026-09-14,190486.82,East,Low
POL09660,PRG025,TRT055,2025-08-19,2026-11-25,396634.07,North,High
POL09661,PRG024,TRT009,2025-03-04,2026-05-31,360464.72,East,High
POL09662,PRG022,TRT057,2025-06-05,2026-10-29,9573.7,West,High
POL09663,PRG021,TRT092,2026-07-22,2027-10-30,29393.52,East,High
POL09664,PRG015,TRT008,2026-12-14,2027-07-05,313618.91,West,Medium
POL09665,PRG012,TRT059,2025-08-29,2027-02-04,250760.47,South,Critical
POL09666,PRG001,TRT046,2026-08-04,2028-04-30,276932.77,West,Critical
POL09667,PRG007,TRT081,2026-10-07,2027-09-02,239412.1,North,Low
POL09668,PRG005,TRT024,2025-12-08,2027-05-16,347087.64,North,Medium
POL09669,PRG002,TRT021,2025-11-23,2027-01-13,332336.92,North,Critical
POL09670,PRG020,TRT080,2026-02-21,2027-06-20,364987.69,North,Critical
POL09671,PRG012,TRT095,2025-06-20,2026-04-11,219202.9,North,Medium
POL09672,PRG004,TRT056,2025-11-17,2027-04-21,11735.01,East,High
POL09673,PRG001,TRT083,2026-07-20,2028-05-21,134810.15,South,High
POL09674,PRG007,TRT020,2025-04-08,2026-11-01,71026.03,North,Medium
POL09675,PRG010,TRT061,2026-04-25,2027-12-09,208290.59,South,Critical
POL09676,PRG015,TRT033,2026-12-23,2027-12-20,216775.62,South,Medium
POL09677,PRG006,TRT031,2026-06-28,2027-10-02,87731.22,East,Medium
POL09678,PRG008,TRT038,2026-11-03,2028-02-02,253677.0,South,Critical
POL09679,PRG001,TRT013,2025-07-29,2027-03-09,106354.02,West,High
POL09680,PRG011,TRT077,2025-12-02,2027-03-26,143394.28,East,Medium
POL09681,PRG013,TRT073,2026-08-16,2027-07-06,120023.84,West,High
POL09682,PRG007,TRT046,2026-12-22,2028-01-26,420415.14,South,Medium
POL09683,PRG002,TRT028,2025-03-18,2025-10-08,144492.36,South,Medium
POL09684,PRG011,TRT071,2026-02-24,2026-12-14,245674.77,West,Critical
POL09685,PRG020,TRT055,2026-10-12,2028-03-12,39829.53,East,High
POL09686,PRG008,TRT042,2026-07-10,2027-09-15,44276.76,East,Medium
POL09687,PRG012,TRT058,2026-08-07,2027-02-13,361639.65,North,Low
POL09688,PRG017,TRT059,2026-04-15,2028-03-28,426320.32,South,Critical
POL09689,PRG003,TRT077,2026-11-20,2028-06-28,151186.79,South,Critical
POL09690,PRG015,TRT053,2026-09-28,2027-08-20,454880.1,East,Medium
POL09691,PRG001,TRT056,2025-05-18,2026-11-26,316692.33,South,High
POL09692,PRG005,TRT008,2025-11-16,2027-05-23,131366.58,West,Low
POL09693,PRG025,TRT007,2025-11-09,2026-12-10,485902.44,North,High
POL09694,PRG001,TRT025,2026-06-16,2027-09-28,398468.0,East,Low
POL09695,PRG014,TRT092,2025-09-09,2026-08-30,65601.4,North,High
POL09696,PRG015,TRT057,2026-10-13,2027-07-18,280811.14,North,Critical
POL09697,PRG005,TRT058,2025-05-18,2027-02-25,264703.59,West,Low
POL09698,PRG007,TRT089,2025-09-05,2026-06-04,187172.42,East,Critical
POL09699,PRG006,TRT033,2026-06-30,2027-11-16,493730.77,South,Medium
POL09700,PRG008,TRT025,2026-03-13,2026-11-14,204328.68,East,Low
POL09701,PRG007,TRT034,2026-07-27,2028-03-03,86548.33,East,Critical
POL09702,PRG001,TRT008,2025-02-07,2027-01-22,107483.06,North,Medium
POL09703,PRG014,TRT009,2025-09-11,2027-01-25,167220.13,North,High
POL09704,PRG012,TRT067,2026-09-28,2027-11-14,286500.69,South,Critical
POL09705,PRG005,TRT064,2025-02-17,2026-05-07,116578.83,East,High
POL09706,PRG024,TRT049,2026-07-20,2027-03-15,499747.47,South,High
POL09707,PRG008,TRT035,2025-06-05,2027-04-29,237159.59,West,Critical
POL09708,PRG003,TRT089,2025-03-31,2026-04-29,40391.16,East,Low
POL09709,PRG019,TRT006,2026-11-27,2028-04-26,12963.08,North,Critical
POL09710,PRG013,TRT017,2025-06-21,2026-12-28,431205.46,West,Critical
POL09711,PRG001,TRT038,2026-10-26,2028-01-30,373243.14,East,Low
POL09712,PRG015,TRT001,2025-09-21,2027-05-30,251422.43,East,Low
POL09713,PRG013,TRT096,2025-09-26,2026-11-04,262887.67,North,Critical
POL09714,PRG013,TRT081,2026-07-01,2027-08-11,206469.11,West,Low
POL09715,PRG024,TRT035,2025-10-10,2027-01-03,186058.26,West,Low
POL09716,PRG002,TRT011,2025-08-23,2027-05-08,441531.5,North,Medium
POL09717,PRG022,TRT005,2025-11-11,2027-09-26,380687.62,South,Critical
POL09718,PRG018,TRT064,2026-09-14,2028-01-12,305016.27,West,Medium
POL09719,PRG015,TRT058,2026-12-06,2027-07-16,425360.98,East,High
POL09720,PRG007,TRT050,2025-02-19,2026-09-09,21339.58,South,High
POL09721,PRG008,TRT022,2026-06-06,2027-04-23,378687.0,West,Low
POL09722,PRG002,TRT004,2025-03-27,2027-01-19,340482.41,West,Medium
POL09723,PRG007,TRT099,2026-03-22,2027-08-26,244449.17,West,Low
POL09724,PRG023,TRT094,2025-04-15,2026-04-08,138027.27,North,High
POL09725,PRG012,TRT082,2026-03-28,2027-06-24,110310.73,South,Critical
POL09726,PRG009,TRT056,2026-09-27,2027-08-07,496683.57,West,High
POL09727,PRG002,TRT032,2026-10-24,2027-10-05,353747.42,South,Low
POL09728,PRG005,TRT017,2025-10-13,2026-05-08,461060.48,West,High
POL09729,PRG009,TRT054,2026-08-05,2028-04-15,129753.74,East,High
POL09730,PRG014,TRT064,2025-11-15,2027-07-18,76230.36,East,Medium
POL09731,PRG023,TRT062,2025-04-08,2026-02-10,351429.07,East,High
POL09732,PRG011,TRT084,2026-01-20,2027-02-11,427410.61,South,Low
POL09733,PRG006,TRT001,2025-09-30,2027-05-06,86534.29,North,Medium
POL09734,PRG023,TRT082,2026-04-15,2027-04-21,17374.79,West,Low
POL09735,PRG013,TRT073,2025-04-03,2026-10-19,183845.36,West,Medium
POL09736,PRG014,TRT056,2025-07-18,2026-11-02,98313.0,North,Medium
POL09737,PRG003,TRT023,2026-10-27,2028-08-24,401476.8,North,Low
POL09738,PRG025,TRT026,2026-06-17,2028-02-04,356472.54,North,Medium
POL09739,PRG013,TRT032,2025-04-26,2026-09-08,301775.43,West,Low
POL09740,PRG010,TRT087,2025-12-23,2027-06-15,432507.26,East,Medium
POL09741,PRG015,TRT022,2026-07-13,2027-05-23,244689.46,West,Medium
POL09742,PRG012,TRT046,2025-04-07,2025-10-19,414106.93,North,Medium
POL09743,PRG005,TRT059,2025-06-21,2026-11-02,104761.01,West,Medium
POL09744,PRG023,TRT002,2025-02-19,2026-06-03,311916.01,South,Low
POL09745,PRG006,TRT071,2026-12-26,2027-11-14,433369.66,East,Critical
POL09746,PRG006,TRT059,2025-10-15,2027-05-12,18746.69,North,Critical
POL09747,PRG008,TRT074,2026-10-09,2027-10-22,424909.88,East,Low
POL09748,PRG016,TRT067,2026-03-07,2027-04-08,36153.6,West,Medium
POL09749,PRG014,TRT006,2025-11-17,2027-06-06,107699.16,West,Medium
POL09750,PRG021,TRT091,2025-04-21,2026-05-22,105523.3,East,Low
POL09751,PRG013,TRT044,2025-04-24,2027-03-02,322146.6,West,Medium
POL09752,PRG019,TRT039,2026-12-14,2028-11-25,207807.92,North,Medium
POL09753,PRG010,TRT043,2026-12-24,2028-12-23,270538.57,North,High
POL09754,PRG001,TRT097,2025-12-17,2027-06-19,199453.03,North,Low
POL09755,PRG015,TRT023,2026-04-30,2027-02-07,251716.58,North,Medium
POL09756,PRG013,TRT095,2025-03-07,2026-03-25,235431.66,North,Critical
POL09757,PRG004,TRT041,2026-04-24,2028-04-04,69755.8,North,Critical
POL09758,PRG025,TRT025,2026-11-07,2028-06-15,108356.8,East,Low
POL09759,PRG006,TRT030,2025-08-21,2026-11-11,420244.3,West,Critical
POL09760,PRG012,TRT082,2026-11-03,2027-06-30,427336.16,South,Low
POL09761,PRG019,TRT041,2025-02-16,2026-06-01,232325.04,East,High
POL09762,PRG016,TRT033,2026-08-19,2027-11-19,372951.43,South,Low
POL09763,PRG013,TRT055,2025-11-24,2026-08-10,180262.36,West,Critical
POL09764,PRG018,TRT089,2026-11-26,2028-07-31,435442.05,South,Low
POL09765,PRG021,TRT079,2025-11-20,2026-06-29,111695.18,North,High
POL09766,PRG015,TRT084,2026-08-22,2028-03-15,455115.14,North,Medium
POL09767,PRG022,TRT027,2025-02-23,2026-10-18,194740.11,North,High
POL09768,PRG018,TRT013,2026-12-19,2027-09-02,213641.67,West,Critical
POL09769,PRG010,TRT045,2026-06-23,2028-05-10,321570.44,North,High
POL09770,PRG007,TRT013,2026-08-19,2027-10-17,73150.92,South,Medium
POL09771,PRG013,TRT006,2025-01-26,2026-04-28,175418.77,East,Low
POL09772,PRG008,TRT026,2025-01-13,2025-11-17,294390.46,North,High
POL09773,PRG006,TRT054,2026-01-28,2027-07-15,319215.0,South,Low
POL09774,PRG007,TRT022,2026-04-28,2028-01-01,255171.33,North,Low
POL09775,PRG021,TRT097,2026-04-19,2027-10-02,366004.22,South,Low
POL09776,PRG022,TRT040,2025-11-18,2026-11-14,240218.02,South,Low
POL09777,PRG006,TRT055,2026-11-02,2028-02-25,63237.27,East,Critical
POL09778,PRG011,TRT012,2026-04-01,2026-12-23,384175.79,North,Low
POL09779,PRG013,TRT083,2025-09-16,2026-09-26,354253.25,North,Low
POL09780,PRG013,TRT016,2026-10-05,2027-11-30,434419.86,East,Critical
POL09781,PRG023,TRT068,2025-10-25,2026-05-20,451590.52,South,Medium
POL09782,PRG008,TRT036,2025-03-01,2026-06-01,496986.55,West,Critical
POL09783,PRG022,TRT056,2026-08-11,2028-06-07,303341.98,East,Medium
POL09784,PRG003,TRT099,2025-04-18,2026-04-30,377045.94,West,Low
POL09785,PRG010,TRT016,2026-05-31,2028-05-04,24609.89,East,High
POL09786,PRG025,TRT031,2025-03-31,2026-04-28,418539.19,West,Low
POL09787,PRG022,TRT012,2026-10-03,2027-10-03,34246.11,South,Medium
POL09788,PRG005,TRT013,2026-12-26,2028-08-30,394758.78,East,High
POL09789,PRG013,TRT047,2026-03-08,2027-04-16,296820.05,West,Critical
POL09790,PRG025,TRT051,2026-01-04,2026-08-16,281041.1,South,Critical
POL09791,PRG020,TRT050,2025-08-05,2026-11-11,134936.15,South,Low
POL09792,PRG025,TRT032,2026-10-08,2028-08-05,397623.22,North,Medium
POL09793,PRG014,TRT017,2025-04-12,2026-12-01,243812.45,South,Critical
POL09794,PRG021,TRT053,2025-06-21,2027-04-23,206262.14,North,Low
POL09795,PRG017,TRT011,2026-09-24,2027-09-20,10186.26,North,Critical
POL09796,PRG009,TRT025,2025-04-01,2026-11-06,246406.21,North,Medium
POL09797,PRG018,TRT099,2025-09-04,2027-07-25,368033.35,East,Medium
POL09798,PRG010,TRT073,2025-11-07,2026-06-09,236593.93,West,Medium
POL09799,PRG019,TRT056,2026-11-15,2027-10-08,132161.96,East,High
POL09800,PRG019,TRT009,2025-10-11,2027-07-21,392118.07,North,Low
POL09801,PRG013,TRT037,2026-05-11,2028-05-08,89621.66,West,Critical
POL09802,PRG009,TRT097,2025-08-14,2026-07-03,195117.41,North,Critical
POL09803,PRG005,TRT061,2025-01-01,2025-10-23,305966.27,East,Low
POL09804,PRG015,TRT085,2026-06-01,2027-07-15,161322.94,South,Low
POL09805,PRG006,TRT088,2025-03-27,2026-09-24,174147.27,East,Medium
POL09806,PRG011,TRT040,2025-08-12,2027-04-18,409081.43,West,Low
POL09807,PRG015,TRT084,2026-08-18,2027-06-25,384262.46,South,High
POL09808,PRG002,TRT082,2025-06-01,2026-02-03,301759.78,North,High
POL09809,PRG020,TRT094,2025-02-11,2026-10-29,184485.79,West,Critical
POL09810,PRG020,TRT057,2026-11-02,2028-05-10,75623.19,West,Low
POL09811,PRG014,TRT049,2025-01-26,2025-10-10,347282.52,South,Critical
POL09812,PRG014,TRT056,2026-09-22,2028-04-19,291037.83,South,Medium
POL09813,PRG015,TRT094,2025-11-07,2027-07-12,110747.01,North,High
POL09814,PRG017,TRT083,2025-06-24,2027-04-17,432336.75,North,Low
POL09815,PRG012,TRT082,2025-01-18,2026-06-27,224336.43,East,Medium
POL09816,PRG021,TRT026,2026-06-14,2027-11-12,408001.19,South,Low
POL09817,PRG016,TRT004,2026-03-29,2027-07-09,376785.33,East,Low
POL09818,PRG018,TRT029,2026-10-21,2028-08-30,330553.2,North,Low
POL09819,PRG009,TRT007,2025-07-17,2027-05-23,197253.41,North,High
POL09820,PRG010,TRT017,2026-03-17,2026-10-19,423398.04,West,Critical
POL09821,PRG023,TRT099,2025-12-28,2026-11-02,13607.42,North,Low
POL09822,PRG014,TRT094,2026-05-31,2027-09-13,17348.7,West,Low
POL09823,PRG016,TRT060,2025-05-10,2025-12-03,199287.12,North,High
POL09824,PRG014,TRT083,2025-11-11,2026-08-19,299327.48,East,High
POL09825,PRG010,TRT052,2025-02-04,2027-01-10,70862.1,West,High
POL09826,PRG005,TRT031,2026-07-08,2027-05-17,76891.65,West,High
POL09827,PRG012,TRT096,2025-05-29,2026-04-18,386294.79,North,Critical
POL09828,PRG004,TRT091,2026-03-24,2027-09-02,12976.96,West,Critical
POL09829,PRG013,TRT074,2025-04-10,2026-02-16,414164.42,West,High
POL09830,PRG020,TRT007,2026-01-14,2027-12-17,265819.67,West,Low
POL09831,PRG022,TRT081,2025-05-06,2026-04-27,48713.23,East,Critical
POL09832,PRG016,TRT024,2026-12-17,2027-08-24,404688.79,West,High
POL09833,PRG011,TRT033,2026-11-10,2028-05-30,244463.24,South,High
POL09834,PRG003,TRT086,2025-11-08,2026-07-15,253650.82,North,Critical
POL09835,PRG015,TRT051,2025-01-10,2025-11-03,420428.29,East,Medium
POL09836,PRG010,TRT074,2025-02-13,2026-03-20,82286.62,East,High
POL09837,PRG014,TRT033,2025-01-25,2026-08-23,229061.55,West,Critical
POL09838,PRG004,TRT044,2026-09-13,2028-05-23,196794.0,North,Medium
POL09839,PRG014,TRT002,2026-08-01,2028-05-05,278409.43,South,Critical
POL09840,PRG002,TRT059,2025-09-30,2027-03-02,66354.22,East,High
POL09841,PRG022,TRT017,2025-10-01,2027-02-23,136842.6,East,Low
POL09842,PRG011,TRT030,2026-06-26,2027-05-09,113505.4,North,Critical
POL09843,PRG003,TRT014,2025-05-06,2027-01-24,360910.23,North,High
POL09844,PRG016,TRT028,2026-12-05,2028-07-07,94130.72,West,High
POL09845,PRG007,TRT025,2026-04-03,2028-01-26,211413.89,West,Medium
POL09846,PRG024,TRT075,2026-08-08,2027-08-06,71155.04,North,Medium
POL09847,PRG006,TRT068,2025-03-22,2026-03-18,246638.59,South,Medium
POL09848,PRG008,TRT081,2026-09-21,2027-10-04,31889.34,East,Low
POL09849,PRG007,TRT034,2026-03-26,2028-03-15,197737.36,North,High
POL09850,PRG022,TRT095,2026-08-07,2027-07-19,252039.34,West,Medium
POL09851,PRG021,TRT091,2025-09-07,2026-07-02,122687.3,North,Medium
POL09852,PRG007,TRT065,2025-04-08,2027-02-25,223425.94,West,High
POL09853,PRG017,TRT009,2025-03-24,2026-04-10,487163.59,East,Low
POL09854,PRG012,TRT086,2026-03-06,2027-11-14,102167.86,West,Critical
POL09855,PRG015,TRT088,2026-04-26,2028-04-02,191475.71,North,Low
POL09856,PRG017,TRT016,2025-08-06,2027-03-17,118493.65,South,Medium
POL09857,PRG008,TRT066,2026-07-03,2027-07-28,140978.38,South,Medium
POL09858,PRG012,TRT017,2025-10-29,2026-12-01,235579.45,South,Low
POL09859,PRG005,TRT024,2026-02-25,2027-10-17,382770.55,West,Critical
POL09860,PRG009,TRT044,2026-01-02,2027-09-16,22935.66,North,Low
POL09861,PRG022,TRT018,2025-04-03,2026-01-14,226186.8,North,High
POL09862,PRG011,TRT091,2026-05-22,2026-12-05,151881.97,South,Medium
POL09863,PRG007,TRT049,2026-04-12,2026-11-27,308945.06,West,Critical
POL09864,PRG008,TRT087,2025-05-24,2026-05-28,277353.98,East,Medium
POL09865,PRG008,TRT004,2025-12-25,2027-10-17,335161.1,North,Medium
POL09866,PRG021,TRT037,2026-09-08,2027-06-11,94268.28,North,Medium
POL09867,PRG011,TRT063,2025-03-10,2026-03-12,390036.87,South,Low
POL09868,PRG022,TRT078,2026-10-07,2028-07-20,491912.2,South,Low
POL09869,PRG020,TRT025,2026-10-20,2028-01-06,123437.7,East,Low
POL09870,PRG018,TRT072,2026-10-26,2028-03-17,441982.03,East,High
POL09871,PRG020,TRT059,2025-06-06,2027-04-15,390704.06,West,High
POL09872,PRG004,TRT047,2025-12-17,2026-09-14,392169.83,North,High
POL09873,PRG010,TRT079,2025-12-17,2026-12-31,247610.28,East,Low
POL09874,PRG010,TRT008,2026-07-02,2028-01-29,440860.23,West,Critical
POL09875,PRG001,TRT024,2026-05-10,2027-06-24,50761.17,West,Critical
POL09876,PRG001,TRT024,2026-01-01,2027-12-01,318998.31,North,Critical
POL09877,PRG003,TRT058,2025-12-08,2027-11-05,113806.14,North,High
POL09878,PRG018,TRT021,2025-04-23,2026-03-19,302130.74,East,Critical
POL09879,PRG013,TRT012,2025-12-03,2026-10-16,79044.26,West,Critical
POL09880,PRG002,TRT039,2026-07-19,2027-04-17,397458.01,South,Medium
POL09881,PRG016,TRT026,2026-12-15,2027-11-13,208977.53,East,Medium
POL09882,PRG022,TRT010,2025-09-05,2026-05-30,299554.07,East,Critical
POL09883,PRG014,TRT029,2026-05-02,2027-12-11,112496.98,West,Low
POL09884,PRG020,TRT090,2027-01-01,2028-01-02,258830.55,North,Low
POL09885,PRG008,TRT038,2026-07-11,2028-02-15,396011.98,North,Low
POL09886,PRG020,TRT024,2026-02-05,2027-04-25,470454.97,West,Critical
POL09887,PRG019,TRT041,2026-02-24,2027-02-13,223288.32,North,Medium
POL09888,PRG019,TRT082,2026-06-05,2027-04-02,355800.53,North,Critical
POL09889,PRG001,TRT037,2026-03-28,2027-08-22,475083.1,South,Medium
POL09890,PRG011,TRT080,2025-09-01,2026-12-28,73485.56,North,Medium
POL09891,PRG004,TRT074,2025-02-17,2026-09-24,464280.5,South,Critical
POL09892,PRG017,TRT075,2025-09-08,2026-05-15,355512.14,North,Low
POL09893,PRG025,TRT041,2025-08-01,2027-04-18,276338.12,West,Low
POL09894,PRG006,TRT077,2026-07-18,2027-08-03,383290.79,East,Low
POL09895,PRG014,TRT032,2026-03-18,2027-01-21,139726.06,South,High
POL09896,PRG007,TRT034,2025-01-18,2026-05-27,169984.41,East,Critical
POL09897,PRG014,TRT075,2025-04-06,2025-11-08,268148.24,West,Low
POL09898,PRG007,TRT016,2025-02-04,2026-01-10,49282.63,East,Low
POL09899,PRG006,TRT098,2026-03-04,2026-11-22,424480.02,East,Medium
POL09900,PRG017,TRT056,2025-03-16,2026-09-22,55297.28,North,Critical
POL09901,PRG016,TRT097,2025-11-21,2026-08-22,175526.04,West,Low
POL09902,PRG008,TRT013,2025-07-24,2027-05-27,492739.38,South,Low
POL09903,PRG012,TRT047,2026-01-20,2026-09-02,99940.07,West,High
POL09904,PRG025,TRT080,2025-02-12,2026-01-14,214809.99,North,High
POL09905,PRG017,TRT041,2025-04-07,2026-11-02,442005.25,East,Low
POL09906,PRG005,TRT019,2026-10-02,2027-11-09,329751.56,North,Critical
POL09907,PRG006,TRT074,2026-08-29,2028-06-29,29855.91,South,Medium
POL09908,PRG016,TRT006,2026-06-04,2027-06-18,84866.02,West,Low
POL09909,PRG005,TRT062,2025-07-13,2026-04-11,112396.5,East,Critical
POL09910,PRG023,TRT047,2025-10-23,2027-10-06,428387.76,West,High
POL09911,PRG001,TRT050,2026-10-23,2027-11-16,244997.08,West,Critical
POL09912,PRG014,TRT027,2025-03-21,2025-10-03,394656.89,South,Low
POL09913,PRG001,TRT065,2026-09-24,2028-01-19,13945.3,North,Medium
POL09914,PRG025,TRT024,2025-04-24,2026-08-08,300092.5,East,Critical
POL09915,PRG003,TRT084,2026-03-10,2027-09-12,477230.54,South,High
POL09916,PRG010,TRT092,2026-03-30,2026-12-17,88993.07,North,Low
POL09917,PRG016,TRT075,2025-04-09,2026-10-07,232486.03,East,High
POL09918,PRG025,TRT059,2025-01-04,2026-11-05,341923.24,South,Medium
POL09919,PRG012,TRT050,2026-11-07,2028-03-15,496705.88,East,Medium
POL09920,PRG014,TRT058,2026-02-26,2026-09-02,422612.05,West,Medium
POL09921,PRG017,TRT078,2025-12-02,2027-02-06,83567.75,North,Low
POL09922,PRG015,TRT063,2026-11-24,2027-10-31,447343.73,South,Low
POL09923,PRG003,TRT008,2025-12-16,2027-10-01,373700.33,West,Medium
POL09924,PRG004,TRT092,2025-07-04,2027-05-28,142809.46,West,Medium
POL09925,PRG016,TRT025,2026-05-26,2027-10-13,240833.75,West,Critical
POL09926,PRG003,TRT088,2026-05-13,2027-02-16,69462.47,West,High
POL09927,PRG019,TRT062,2026-03-22,2027-03-19,267513.85,North,Medium
POL09928,PRG004,TRT018,2025-02-12,2025-08-20,179704.41,West,High
POL09929,PRG018,TRT043,2026-07-09,2027-06-15,373627.12,East,Low
POL09930,PRG021,TRT013,2026-10-23,2027-06-23,298029.87,East,Medium
POL09931,PRG024,TRT041,2026-04-09,2027-11-23,129431.25,West,High
POL09932,PRG008,TRT059,2026-08-14,2027-03-30,190153.26,East,Low
POL09933,PRG012,TRT078,2025-12-24,2027-01-17,108969.33,North,Critical
POL09934,PRG009,TRT025,2025-08-25,2027-05-27,156536.73,North,Medium
POL09935,PRG012,TRT049,2025-02-07,2026-02-21,250334.31,East,Low
POL09936,PRG015,TRT066,2025-08-17,2027-04-04,300886.88,North,Critical
POL09937,PRG015,TRT094,2025-03-06,2026-09-06,123953.53,North,Low
POL09938,PRG013,TRT066,2025-05-13,2026-12-29,8620.53,East,Critical
POL09939,PRG013,TRT013,2026-09-17,2027-10-23,300538.45,North,Critical
POL09940,PRG008,TRT060,2025-06-03,2026-11-18,396402.47,South,High
POL09941,PRG001,TRT048,2025-05-16,2026-11-10,468474.68,North,Low
POL09942,PRG024,TRT052,2025-06-25,2026-11-14,64898.93,South,Low
POL09943,PRG013,TRT041,2026-03-03,2026-12-11,309875.3,South,Medium
POL09944,PRG014,TRT037,2025-01-23,2026-10-19,223882.0,South,Low
POL09945,PRG001,TRT011,2026-07-16,2028-05-17,62539.22,North,Medium
POL09946,PRG002,TRT097,2026-09-06,2028-05-21,397412.64,East,Critical
POL09947,PRG020,TRT041,2026-12-07,2028-06-23,181694.89,North,High
POL09948,PRG020,TRT081,2026-01-23,2026-09-12,488824.15,West,Critical
POL09949,PRG017,TRT056,2025-01-30,2026-02-28,451230.92,West,Low
POL09950,PRG007,TRT055,2025-03-18,2025-11-22,490001.36,East,High
POL09951,PRG019,TRT004,2026-06-06,2027-05-03,30075.55,North,Medium
POL09952,PRG019,TRT001,2025-08-30,2027-04-05,456598.2,South,Medium
POL09953,PRG023,TRT064,2026-02-04,2027-05-10,276508.18,North,High
POL09954,PRG009,TRT039,2026-02-19,2027-07-11,425207.08,South,Medium
POL09955,PRG021,TRT042,2025-07-31,2026-10-29,176748.81,East,Critical
POL09956,PRG016,TRT095,2025-05-03,2026-03-24,356753.33,West,Low
POL09957,PRG011,TRT040,2025-11-04,2027-02-28,193763.28,North,Critical
POL09958,PRG006,TRT100,2025-11-24,2027-05-04,63870.37,North,Critical
POL09959,PRG010,TRT006,2025-02-19,2027-01-24,398093.23,West,High
POL09960,PRG001,TRT034,2026-02-04,2026-10-05,190142.63,East,Medium
POL09961,PRG018,TRT099,2025-10-17,2026-12-02,443455.39,North,Medium
POL09962,PRG010,TRT056,2025-05-25,2027-03-28,37594.12,North,Low
POL09963,PRG007,TRT083,2026-10-07,2028-07-19,319112.97,East,Critical
POL09964,PRG019,TRT036,2025-11-14,2027-02-18,339140.7,South,Medium
POL09965,PRG006,TRT063,2025-04-15,2026-03-07,41726.59,East,Critical
POL09966,PRG013,TRT016,2026-10-16,2027-06-11,232215.5,West,High
POL09967,PRG012,TRT057,2026-10-03,2027-07-04,266925.93,South,Low
POL09968,PRG019,TRT010,2025-01-13,2026-09-17,451776.9,South,Critical
POL09969,PRG013,TRT093,2026-10-17,2028-09-03,253852.39,West,Critical
POL09970,PRG001,TRT052,2026-08-08,2028-07-05,409838.9,West,Low
POL09971,PRG023,TRT013,2025-03-25,2025-12-09,210757.72,North,Critical
POL09972,PRG018,TRT014,2026-08-23,2027-09-25,356596.96,West,High
POL09973,PRG015,TRT084,2025-11-23,2027-05-13,148713.16,South,Critical
POL09974,PRG002,TRT088,2026-04-09,2027-11-18,207586.01,North,Medium
POL09975,PRG007,TRT049,2025-06-01,2027-05-10,261697.42,West,Low
POL09976,PRG009,TRT028,2025-12-10,2027-02-17,110794.48,West,Low
POL09977,PRG010,TRT090,2025-12-03,2026-11-29,54386.92,East,High
POL09978,PRG016,TRT083,2026-01-22,2026-11-16,207188.39,East,High
POL09979,PRG005,TRT100,2026-12-13,2028-07-25,442377.85,East,Critical
POL09980,PRG020,TRT052,2025-02-18,2026-01-15,219016.27,North,Low
POL09981,PRG012,TRT005,2025-02-09,2026-11-22,116100.33,North,Critical
POL09982,PRG019,TRT022,2025-05-16,2027-01-19,15800.81,South,High
POL09983,PRG006,TRT036,2026-07-06,2027-02-12,461332.68,North,Low
POL09984,PRG018,TRT015,2025-07-05,2026-08-14,108733.32,North,High
POL09985,PRG015,TRT023,2025-06-23,2026-09-18,137788.25,North,Medium
POL09986,PRG008,TRT053,2026-12-23,2027-09-16,71812.67,West,Critical
POL09987,PRG022,TRT013,2026-05-01,2028-04-26,9357.66,West,Critical
POL09988,PRG017,TRT041,2026-05-29,2027-12-13,40937.98,West,Critical
POL09989,PRG016,TRT073,2025-08-16,2026-04-17,151728.4,West,Low
POL09990,PRG020,TRT023,2026-05-26,2026-11-27,380932.18,North,Low
POL09991,PRG006,TRT057,2026-07-17,2028-04-18,244484.6,North,Medium
POL09992,PRG002,TRT046,2025-12-19,2026-10-26,178361.32,East,Critical
POL09993,PRG016,TRT002,2026-01-02,2027-12-15,202840.62,East,Low
POL09994,PRG021,TRT058,2025-07-23,2026-04-20,134155.72,West,Medium
POL09995,PRG017,TRT006,2026-08-13,2027-08-07,320994.71,East,High
POL09996,PRG016,TRT087,2026-04-14,2027-11-27,102995.36,West,Critical
POL09997,PRG020,TRT050,2026-04-03,2027-12-03,477952.27,South,Critical
POL09998,PRG025,TRT061,2026-03-19,2027-06-15,304075.97,North,Low
POL09999,PRG022,TRT070,2026-10-03,2028-09-10,171439.53,West,High
POL10000,PRG019,TRT046,2026-01-02,2027-12-25,369842.99,North,Low
